Keyword,产品系列/类型,原类型,备注
spirax sarco steam traps,疏水阀,category,
spirax sarco steam trap,疏水阀,category,
spirax sarco steam check valve,止回阀,category,
spirax sarco condensate pump,冷凝水泵,category,
spirax sarco pressure reducing valve,减压阀,category,
spirax sarco steam separator,汽水分离器,category,斯派莎克 蒸汽分离器
spirax sarco pressure regulator,减压阀,category,
spirax sarco pressure regulator,调节阀,category,
spirax sarco prv,减压阀,category,
spirax sarco regulator,调节阀,category,
spirax sarco steam regulator,调节阀,category,
ball float steam trap spirax sarco,疏水阀,category,
separador de vapor spirax sarco,汽水分离器,,
spirax sarco air vent,排空气阀,category,
spirax sarco control valve,控制阀,category,
spirax sarco float and thermostatic steam traps,疏水阀,category,
spirax sarco inverted bucket steam trap,疏水阀,category,
spirax sarco thermodynamic steam trap,疏水阀,category,
spirax sarco thermostatic steam trap,疏水阀,category,
steam traps spirax sarco,疏水阀,category,
filtro spirax sarco,过滤器,,
filtro y spirax sarco,过滤器,,
inverted bucket steam trap spirax sarco,疏水阀,category,
separador de gotas spirax sarco,汽水分离器,category,汽水分离器 斯派莎克
separador de humedad spirax sarco,汽水分离器,category,汽水分离器 斯派莎克
spirax sarco check valve,止回阀,category,
spirax sarco condensate pump manual,冷凝水泵,docs,
spirax sarco control valve pdf,控制阀,docs,
spirax sarco csf16 steam filter,过滤器,product,
spirax sarco filtro,过滤器,,
spirax sarco ft 15 steam trap,疏水阀,product,
spirax sarco heat exchanger,换热器,category,斯派莎克 换热器
spirax sarco pump trap,冷凝水泵,category,
spirax sarco safety valve,安全阀,category,
spirax sarco separator,汽水分离器,category,斯派莎克 分离器
spirax sarco steam control valve,控制阀,category,斯派莎克 蒸汽控制阀
spirax sarco steam filter,过滤器,product,斯派莎克 蒸汽过滤器
spirax sarco steam powered condensate pump,冷凝水泵,category,
spirax sarco steam trap catalog pdf,疏水阀,docs,
spirax sarco steam trap distributors,疏水阀,contact,斯派莎克 蒸汽疏水阀经销商
spirax sarco steam trap rebuild kits,疏水阀,category,斯派莎克 蒸汽疏水阀翻修套件
spirax sarco strainer,过滤器,category,
spirax sarco temperature control valve,温控阀,category,
spirax sarco temperature control valve,控制阀,category,
spirax sarco thermostatic air vent,疏水阀,category,
spirax sarco thermostatic air vent,排空气阀,category,
steam condensate pump spirax sarco,冷凝水泵,category,
steam silencer spirax sarco,消音器,category,蒸汽消音器 斯派莎克
ball valve spirax sarco,球阀,category,
condensate pump spirax sarco,冷凝水泵,,
eliminador de aire spirax sarco,排空气阀,category,排气阀 斯派莎克
ep5 positioner spirax sarco,阀门定位器,product,
filtro canasta spirax sarco,过滤器,,
filtro culinario para vapor spirax sarco,过滤器,,
filtro culinario spirax sarco,过滤器,,
filtro de vapor spirax sarco,过滤器,category,蒸汽过滤器 斯派莎克
filtro spirax sarco tipo y,过滤器,,
filtro tipo y spirax sarco,过滤器,,
filtro y spirax sarco pdf,过滤器,,
posicionador spirax sarco,阀门定位器,category,定位器 斯派莎克
posicionador spirax sarco ep5,阀门定位器,,
pressure reducing valve for steam spirax sarco,减压阀,category,
prv spirax sarco,减压阀,category,
pump trap spirax sarco,冷凝水泵,category,
sample cooler spirax sarco,取样冷却器,category,
self acting temperature control valve spirax sarco,温控阀,,
self acting temperature control valve spirax sarco,控制阀,,
separador de umidade spirax sarco,汽水分离器,,
spirax sarco 1 2 steam trap,疏水阀,category,
spirax sarco 1/2 steam trap,疏水阀,category,
spirax sarco 25 series pressure reducing valve,减压阀,category,
spirax sarco 25 series regulator,调节阀,category,
spirax sarco 3 4 steam trap,疏水阀,category,
spirax sarco 3/4 steam trap,疏水阀,category,
spirax sarco actuator,执行器,category,
spirax sarco air separator,汽水分离器,category,
spirax sarco air trap,疏水阀,category,
spirax sarco automatic air vent,自动排空气阀,category,
spirax sarco automatic pump trap,冷凝水泵,category,
spirax sarco ball float steam trap,疏水阀,category,
spirax sarco ball valve,球阀,category,
spirax sarco basket strainer,过滤器,category,
spirax sarco bimetallic steam trap,疏水阀,category,
spirax sarco blowdown valve,排污阀,category,
spirax sarco bucket steam trap,疏水阀,category,
spirax sarco bucket trap,疏水阀,category,
spirax sarco condensate pumps,冷凝水泵,,
spirax sarco condensate trap,疏水阀,category,
spirax sarco control valve manual,控制阀,category,
spirax sarco control valves,控制阀,category,斯派莎克 控制阀
spirax sarco csf26 steam filter,过滤器,product,斯派莎克 CSF26 蒸汽过滤器
spirax sarco ct strainer,过滤器,category,斯派莎克 CT 过滤器
spirax sarco culinary steam filter,过滤器,category,斯派莎克 食品级蒸汽过滤器
spirax sarco desuperheater,减温器,category,斯派莎克 减温器
spirax sarco disc check valve,止回阀,category,斯派莎克 圆盘止回阀
spirax sarco electric actuator,执行器,category,斯派莎克 电动执行器
spirax sarco electric condensate pump,冷凝水泵,category,斯派莎克 电动冷凝水泵
spirax sarco ep5 positioner,阀门定位器,product,
spirax sarco ep5 positioner manual,阀门定位器,product,
spirax sarco f&t steam trap,疏水阀,product,
spirax sarco f&t steam traps,疏水阀,product,
spirax sarco f&t trap,疏水阀,product,
spirax sarco filter,过滤器,category,斯派莎克 过滤器
spirax sarco flash tank,闪蒸罐,category,斯派莎克 闪蒸罐
spirax sarco flash vessel,闪蒸罐,category,斯派莎克 闪蒸罐
spirax sarco float & thermostatic steam traps,疏水阀,category,斯派莎克 浮球式和恒温式蒸汽疏水阀
spirax sarco float trap,疏水阀,category,斯派莎克 浮球式疏水阀
spirax sarco flow meter,流量计,category,斯派莎克 流量计
spirax sarco g series condensate pump,冷凝水泵,category,斯派莎克 G 系列冷凝水泵
spirax sarco globe valve,截止阀,category,斯派莎克 截止阀
spirax sarco lift check valve,止回阀,category,斯派莎克 升降式止回阀
spirax sarco liquid drain trap,疏水阀,category,斯派莎克 液体排放疏水阀
spirax sarco m10s ball valve,球阀,product,
spirax sarco moisture separator,汽水分离器,category,斯派莎克 汽水分离器
spirax sarco non return valve,止回阀,category,斯派莎克 止回阀
spirax sarco pilot operated pressure regulator,减压阀,category,斯派莎克 先导式压力调节阀
spirax sarco pilot operated pressure regulator,调节阀,category,斯派莎克 先导式压力调节阀
spirax sarco plate heat exchanger,换热器,category,斯派莎克 板式换热器
spirax sarco pn16 steam trap,疏水阀,category,斯派莎克 PN16 蒸汽疏水阀
spirax sarco pneumatic actuator,执行器,category,斯派莎克 气动执行器
spirax sarco positioner,阀门定位器,category,斯派莎克 定位器
spirax sarco pressure reducing station,减压阀,category,斯派莎克 减压站
spirax sarco pressure reducing valve manual,减压阀,docs,斯派莎克 减压阀手册
spirax sarco reducing valve,减压阀,category,斯派莎克 减压阀
spirax sarco sample cooler,取样冷却器,category,斯派莎克 取样冷却器
spirax sarco self acting temperature control valve,温控阀,category,斯派莎克 自力式温控阀
spirax sarco self acting temperature control valve,控制阀,category,斯派莎克 自力式温控阀
spirax sarco self-acting temperature control valve,温控阀,category,斯派莎克 自力式温控阀
spirax sarco self-acting temperature control valve,控制阀,category,斯派莎克 自力式温控阀
spirax sarco sight glass,观视镜,category,斯派莎克 视镜
spirax sarco steam air vent,排空气阀,category,斯派莎克 蒸汽排气阀
spirax sarco steam control valves,控制阀,category,斯派莎克 蒸汽控制阀
spirax sarco steam flow meter,流量计,category,斯派莎克 蒸汽流量计
spirax sarco steam meter,流量计,category,斯派莎克 蒸汽流量计
spirax sarco steam moisture separator,汽水分离器,category,斯派莎克 蒸汽汽水分离器
spirax sarco steam pressure reducing station,减压阀,category,斯派莎克 蒸汽减压站
spirax sarco steam pressure reducing valve,减压阀,category,斯派莎克 蒸汽减压阀
spirax sarco steam regulating valve,调节阀,category,斯派莎克 蒸汽调节阀
spirax sarco steam regulator adjustment,调节阀,category,斯派莎克 蒸汽调压阀调节
spirax sarco steam trap assembly,疏水阀,category,斯派莎克 蒸汽疏水阀总成
spirax sarco steam trap catalog,疏水阀,category,斯派莎克 蒸汽疏水阀目录
spirax sarco steam trap ft 15,疏水阀,product,
spirax sarco steam trap installation,疏水阀,docs,斯派莎克 蒸汽疏水阀安装
spirax sarco steam trap installation guide,疏水阀,docs,斯派莎克 蒸汽疏水阀安装指南
spirax sarco steam trap manual,疏水阀,docs,斯派莎克 蒸汽疏水阀手册
spirax sarco steam trap price list,疏水阀,category,斯派莎克 蒸汽疏水阀价格表
spirax sarco steam trap selection guide,疏水阀,docs,斯派莎克 蒸汽疏水阀选型指南
spirax sarco steam trap set,疏水阀,,
spirax sarco steam trap sizing,疏水阀,docs,斯派莎克 蒸汽疏水阀选型
spirax sarco steam trap td52,疏水阀,product,
spirax sarco steam trap tester,疏水阀,category,斯派莎克 蒸汽疏水阀测试仪
spirax sarco steam trap thermodynamic,疏水阀,category,斯派莎克 热动力式蒸汽疏水阀
spirax sarco steam trap utd52l,疏水阀,product,
spirax sarco steam traps pdf,疏水阀,docs,斯派莎克 蒸汽疏水阀 PDF
spirax sarco strainer catalog,过滤器,category,斯派莎克 过滤器目录
spirax sarco td52 steam trap,疏水阀,product,
spirax sarco trap,疏水阀,category,斯派莎克 疏水阀
spirax sarco utd52l steam trap,疏水阀,product,
spirax sarco vortex flow meter,流量计,category,斯派莎克 涡街流量计
spirax sarco y strainer,过滤器,category,斯派莎克 Y 型过滤器
spirax sarco y strainer catalog,过滤器,category,斯派莎克 Y 型过滤器目录
spirax sarco y strainer stainless,过滤器,category,斯派莎克 不锈钢 Y 型过滤器
spirax sarco y type strainer,过滤器,category,斯派莎克 Y 型过滤器
steam pressure reducing valve spirax sarco,减压阀,category,蒸汽减压阀 斯派莎克
steam regulator spirax sarco,调节阀,category,蒸汽调压阀 斯派莎克
steam trap selection guide spirax sarco,疏水阀,docs,蒸汽疏水阀选型指南 斯派莎克
steam trap sizing spirax sarco,疏水阀,docs,蒸汽疏水阀选型 斯派莎克
steam trap spirax sarco,疏水阀,product,
air vent spirax sarco,排空气阀,,
automatic pump trap spirax sarco,冷凝水泵,category,自动泵疏水阀 斯派莎克
check valve spirax sarco,止回阀,,
control valve spirax sarco,控制阀,,
filtro autolimpante spirax sarco,过滤器,,
filtro yee spirax sarco,过滤器,,
flash vessel spirax sarco,闪蒸罐,category,闪蒸罐 斯派莎克
pressure reducing valve spirax sarco,减压阀,category,减压阀 斯派莎克
safety valve spirax sarco,安全阀,,
sarco spirax steam traps,疏水阀,,
self-acting temperature control valve spirax sarco,温控阀,category,自力式温控阀 斯派莎克
self-acting temperature control valve spirax sarco,控制阀,category,自力式温控阀 斯派莎克
separator spirax sarco,汽水分离器,category,分离器 斯派莎克
spirax sarco 13w air vent,排空气阀,product,
spirax sarco 3 way control valve,控制阀,category,斯派莎克 三通控制阀
spirax sarco auto air vent,自动排空气阀,category,斯派莎克 自动排气阀
spirax sarco ball float,疏水阀,,
spirax sarco bellow seal globe valve,截止阀,category,斯派莎克 波纹管密封 截止阀
spirax sarco check valves,止回阀,,
spirax sarco condensate pump skid,冷凝水泵,category,斯派莎克 冷凝水泵撬装
spirax sarco control valve sizing,控制阀,docs,斯派莎克 控制阀选型
spirax sarco en-js1025,截止阀,product,斯派莎克 EN-JS1025 截止阀
spirax sarco filtro y,过滤器,,
spirax sarco float and thermostatic steam trap,疏水阀,category,斯派莎克 浮球式和恒温式蒸汽疏水阀
spirax sarco float trap capacity,疏水阀,docs,斯派莎克 浮球式疏水阀容量
spirax sarco ft-15 steam trap,疏水阀,product,
spirax sarco g-series condensate pump,冷凝水泵,category,斯派莎克 G 系列冷凝水泵
spirax sarco globe valve pdf,截止阀,docs,斯派莎克 截止阀 PDF
spirax sarco high pressure sample cooler,取样冷却器,category,斯派莎克 高压取样冷却器
spirax sarco pp5 positioner,阀门定位器,product,
spirax sarco pp5 positioner manual,阀门定位器,product,
spirax sarco pressure reducing valve catalogue,减压阀,category,斯派莎克 减压阀目录
spirax sarco safety valve catalogue,安全阀,category,斯派莎克 安全阀目录
spirax sarco safety valve sizing,安全阀,docs,斯派莎克 安全阀选型
spirax sarco safety valves,安全阀,,
spirax sarco sample coolers,取样冷却器,category,斯派莎克 取样冷却器
spirax sarco steam condensate pump,冷凝水泵,category,斯派莎克 蒸汽冷凝水泵
spirax sarco steam regulator troubleshooting,调节阀,docs,斯派莎克 蒸汽调压阀故障排查
spirax sarco steam trap 1 2,疏水阀,category,斯派莎克 1/2 英寸蒸汽疏水阀
spirax sarco steam trap 1/2,疏水阀,category,斯派莎克 1/2 英寸蒸汽疏水阀
spirax sarco steam trap maintenance,疏水阀,docs,斯派莎克 蒸汽疏水阀维护
spirax sarco steam trap monitoring,疏水阀,docs,斯派莎克 蒸汽疏水阀监测
spirax sarco steam traps ft-15,疏水阀,product,
spirax sarco steam traps parts,疏水阀,category,斯派莎克 蒸汽疏水阀零件
spirax sarco steam traps td52,疏水阀,product,斯派莎克 TD52 蒸汽疏水阀
spirax sarco strainer y type,过滤器,,
spirax sarco strainers,过滤器,category,斯派莎克 过滤器
spirax sarco sv615as safety valve,安全阀,,
spirax sarco thermodynamic steam traps,疏水阀,,
steam control valve spirax sarco,控制阀,category,蒸汽控制阀 斯派莎克
steam flow meter spirax sarco,流量计,category,蒸汽流量计 斯派莎克
steam separator spirax sarco,汽水分离器,category,蒸汽分离器 斯派莎克
steam trap spirax sarco pdf,疏水阀,docs,蒸汽疏水阀 PDF 斯派莎克
thermodynamic steam trap spirax sarco,疏水阀,,
thermostatic steam trap spirax sarco,疏水阀,,
y strainer spirax sarco,过滤器,,
1 1 2 strainer spirax sarco,过滤器,,
2 inch spirax sarco steam traps,疏水阀,,
2 spirax sarco steam trap,疏水阀,,
3 4 spirax sarco prv valve,减压阀,,
55224 spirax sarco regulator,减压阀,,修正：55224 官网命中 25P Pilot Operated Pressure Regulators，归入减压阀 (batch-38)
a full port ball valve types pdf from spirax sarco,球阀,,
actuador 7213a spirax sarco,执行器,,
actuador 9320 spirax sarco,执行器,,
actuador anm 107 r spirax sarco,执行器,,
actuador bva300 spirax sarco,执行器,,
actuador lectrico spirax sarco,执行器,,
actuador pn9000 spirax sarco,执行器,,
actuador pn9000 spirax sarco diametro,执行器,,
actuador pn9000 spirax sarco en ingles,执行器,,
actuador rotativo spirax sarco 320d,执行器,,
actuador rotativos spirax sarco,执行器,,
actuador spirax sarco,执行器,,
actuador spirax sarco 325,执行器,,
actuador spirax sarco converter 4 a20 ma 3 a15 psi,执行器,,
actuador spirax sarco posiconador,执行器,,
actuadores electricos spirax sarco,执行器,,
actuadores neumaticos spirax sarco,执行器,,
actuadores neumaticos spirax sarco autocad,执行器,,
actuadores spirax sarco,执行器,,
armstrong steam traps spirax sarco,疏水阀,,
balanced pressure thermostatic steam trap spirax sarco,疏水阀,,
ball float steam trap spirax sarco pdf,疏水阀,,
ball float termostatic trap spirax sarco,疏水阀,,
ball valve 3d model spirax sarco,球阀,,
ball valve globe butterfly spirax sarco filetype pdf,球阀,,
ball valve sizing software spirax sarco,球阀,,
ball valves dimensions spirax sarco,球阀,,
bimetallic steam trap spirax sarco,疏水阀,,
blowdown valve spirax sarco,排污阀,,
bobina posicionador pneumatico spirax sarco,阀门定位器,,
bpm2il steam trap spirax sarco,疏水阀,,
cara pemasangan steam trap berdasarkan name plate spirax sarco,疏水阀,,
cast iron strainer spirax sarco ti,过滤器,,
cast iron strainer spirax sarco usti,过滤器,,
check valve dcv6464 spirax sarco,止回阀,,
check valve dcv6464 spirax sarco imi,止回阀,,
components of pressure reducing station spirax sarco,减压阀,,
compressed air separator spirax sarco,汽水分离器,,
control valve body spirax sarco,控制阀,,
control valve characteristics spirax sarco,控制阀,,
control valve diagram spirax sarco,控制阀,,
control valve dwg spirax sarco,控制阀,,
control valve sizing spirax sarco,控制阀,,
control valves spirax sarco,控制阀,,
cost of self acting temperature control valve spirax sarco,温控阀,,
cost of self acting temperature control valve spirax sarco,控制阀,,
cost spirax sarco steam traps,疏水阀,,
csf 16h filter spirax sarco,过滤器,,
cuadros reguladores de vapor spirax sarco,调节阀,,
desuperheater in boiler spirax sarco,减温器,,
desuperheater spirax sarco,减温器,,
din 32 pn 16 spirax sarco ball valve,球阀,,
din 32 pn 16 spirax sarco ball valve for sale,球阀,,
disc check valve spirax sarco,止回阀,,
dn25 1 flanged steam rated globe valve spirax sarco,截止阀,,
download nanual posicionador spirax sarco epl,阀门定位器,,
electro pneumatic positioner spirax sarco,阀门定位器,,
electro pneumatic smart spirax positioner sarco sp2,阀门定位器,,
electro-pneumatic positioner spirax sarco,阀门定位器,,
electro-pneumatic positioner spirax sarco function,阀门定位器,,
ep5 positioner spirax sarco buy,阀门定位器,,
estacion reguladoras de vapor spirax sarco,调节阀,,
filter spirax sarco fig.33,过滤器,,
filter tipe y spirax sarco,过滤器,,
filtro acero al carbono spirax sarco,过滤器,,
filtro agua spirax sarco,过滤器,,
filtro ata spirax sarco,过滤器,,
filtro bridado spirax sarco,过滤器,,
filtro csf16 spirax sarco,过滤器,,
filtro ct 1 bspt spirax sarco,过滤器,,
filtro ct spirax sarco,过滤器,,
filtro culinario csf 16 spirax sarco,过滤器,,
filtro culinario spirax sarco 1.1 2,过滤器,,
filtro de 4 in spirax sarco,过滤器,,
filtro de 4in spirax sarco,过滤器,,
filtro de riego por goteo marca spirax sarco,过滤器,,
filtro de spirax sarco de 5 micrones en y,过滤器,,
filtro de spirax sarco de 5 micrones filtro en y,过滤器,,
filtro de vapor spirax sarco longitud equivalente,过滤器,,
filtro en fundicion nodular spirax sarco,过滤器,,
filtro en y acero inoxidable spirax sarco,过滤器,,
filtro en y para aire comprimido spirax sarco,过滤器,,
filtro en y spirax sarco 0.5 mm,过滤器,,
filtro en y spirax sarco 0.5 mm ansi 300,过滤器,,
filtro en yee spirax sarco 3,过滤器,,
filtro fig 1 spirax sarco,过滤器,,
filtro fig 11 spirax sarco,过滤器,,
filtro fig 14 spirax sarco,过滤器,,
filtro fig 15 spirax sarco,过滤器,,
filtro figura 34 spirax sarco,过滤器,,
filtro fti200 spirax sarco,过滤器,,
filtro fundicion spirax sarco,过滤器,,
filtro para vapor spirax sarco,过滤器,,
filtro para vapor spirax sarco 5mic p-gs ve1530,过滤器,,
filtro para vapor spirax sarco 805,过滤器,,
filtro para vapor spirax sarco w15858601,过滤器,,
filtro reductor spirax sarco,过滤器,,
filtro rotativo spirax sarco,过滤器,,
filtro rotativo spirax sarco efluentes,过滤器,,
filtro sanitario modelo css16 spirax sarco de 3 4,过滤器,,
filtro sanitario spirax sarco,过滤器,,
filtro spirax sarco 3 4 para gas lp,过滤器,,
filtro spirax sarco 5 mic p-gs ve 05 25 w14307278,过滤器,,
filtro spirax sarco at,过滤器,,
filtro spirax sarco at 250,过滤器,,
filtro spirax sarco at 250 3 4,过滤器,,
filtro spirax sarco bridado,过滤器,,
filtro spirax sarco csf16,过滤器,,
filtro spirax sarco fig 14,过滤器,,
filtro spirax sarco fig 33,过滤器,,
filtro spirax sarco figura 12,过滤器,,
filtro spirax sarco medidas,过滤器,,
filtro spirax sarco modelo 3116,过滤器,,
filtro spirax sarco modelo csf16,过滤器,,
filtro spirax sarco pm16-12 6b 2,过滤器,,
filtro spirax sarco pn 40 td32s,过滤器,,
filtro strainer spirax sarco,过滤器,,
filtro tipo canasta spirax sarco,过滤器,,
filtro tipo y bridado spirax sarco,过滤器,,
filtro tipo y de particulas spirax-sarco,过滤器,,
filtro tipo y roscado spirax sarco,过滤器,,
filtro tipo y spirax sarco figura 12,过滤器,,
filtro y 4 spirax sarco,过滤器,,
filtro y 4-300 spirax sarco,过滤器,,
filtro y bridas spirax sarco,过滤器,,
filtro y ci 3 250 spirax sarco,过滤器,,
filtro y de bronce spirax sarco,过滤器,,
filtro y flangeado spirax sarco,过滤器,,
filtro y marca spirax sarco,过滤器,,
filtro y modelo ci spirax sarco,过滤器,,
filtro y pn16 dn 100 spirax sarco,过滤器,,
filtro y seco para gas spirax sarco,过滤器,,
filtro y seco ret 80 mirones spirax sarco,过滤器,,
filtro y seco spirax sarco,过滤器,,
filtro y secxo spirax sarco,过滤器,,
filtro y semi automatico spirax sarco,过滤器,,
filtro y spirax sarco 4,过滤器,,
filtro y spirax sarco acero al carbon,过滤器,,
filtro y spirax sarco acero inoxidable,过滤器,,
filtro y spirax sarco dwg,过滤器,,
filtro y spirax sarco fig 33,过滤器,,
filtro y spirax sarco flangeada,过滤器,,
filtro y spirax sarco inox,过滤器,,
filtro y spirax sarco inox 304 300 libras,过滤器,,
filtro y spirax sarco inox 304 300 libras figura,过滤器,,
filtro y spirax sarco precio,过滤器,,
filtro y vapor spirax sarco,过滤器,,
filtro yee 1-1 2 spirax sarco,过滤器,,
filtro yee de 4 npt spirax sarco acero al carbon,过滤器,,
filtro yee spirax sarco flanchado,过滤器,,
filtros bridados spirax sarco,过滤器,,
filtros culinarios spirax sarco,过滤器,,
filtros de vapor spirax sarco,过滤器,,
filtros if2 spirax sarco,过滤器,,
filtros vapor spirax sarco,过滤器,,
float and thermostatic steam trap spirax sarco,疏水阀,,
float steam trap spirax sarco,疏水阀,,
float trap spirax sarco,疏水阀,,
float type steam trap spirax sarco,疏水阀,,
flow meter spirax sarco m1000,流量计,,
fotos de separadores spirax sarco,汽水分离器,,
free float steam trap spirax sarco,疏水阀,,
ft 20 steam trap spirax sarco,疏水阀,,
gem sapphire steam trap spirax sarco,疏水阀,,
globe valve spirax sarco,截止阀,,
heat excahnger steam trap safety factor spirax sarco,疏水阀,,
heat exchanger steam trap spirax sarco,疏水阀,,
heat exchanger steam trap spirax sarco,换热器,,
horizontal separator spirax sarco,汽水分离器,,
how does a spirax sarco steam trap work,疏水阀,,
how does the spirax sarco automatic pump trap work,冷凝水泵,,
how to test spirax sarco condensate trap,疏水阀,,
how to test spirax sarco condensate trap m07,疏水阀,,
hydraulic safety valve spirax sarco pdf,安全阀,,
importances of pressure reducing station spirax sarco,减压阀,,
industrial flow metering spirax sarco srl,流量计,,
inverted bucket parts spirax sarco,疏水阀,,
inverted bucket trap spirax sarco,疏水阀,,
lift check valve lcv4 spirax sarco,止回阀,,
lift check valve spirax sarco,止回阀,,
liquid drain trap spirax sarco,疏水阀,,
liquid drain traps spirax sarco,疏水阀,,
list down common type of flow meter spirax sarco,流量计,,
los separadores spirax sarco,汽水分离器,,
los separadores spirax sarco mantenimiento,汽水分离器,,
manual posicionador ep5 spirax sarco,阀门定位器,,
manual posicionador isp5 spirax sarco,阀门定位器,,
manual posicionador spirax sarco,阀门定位器,,
mechanical steam trap spirax sarco,疏水阀,,
mod ct-1 filtro y spirax sarco,过滤器,,
moisture separator cad spirax sarco,汽水分离器,,
new 1.5 inch spirax sarco steam reducing regulator 1.5 inch,调节阀,,
new spirax sarco ep5 electro-pneumatic valve positioner,阀门定位器,,
new spirax sarco steam reducing regulator 1.5 inch,调节阀,,
non-return valve function spirax sarco product type mst21h,止回阀,,
photo of spirax sarco bucket trap,疏水阀,,
plate heat exchanger spirax sarco,换热器,,
plate heat exchanger spirax sarco bss,换热器,,
pneumatic actuators pn9000 spirax sarco in ingles,执行器,,
posicionador electroneumatico spirax sarco,阀门定位器,,
posicionador eletropneumatico spirax sarco,阀门定位器,,
posicionador ep5 spirax sarco,阀门定位器,,
posicionador epc4 spirax sarco,阀门定位器,,
posicionador ipc4 spirax sarco,阀门定位器,,
posicionador isp5 spirax sarco,阀门定位器,,
posicionador moduladora spirax sarco,阀门定位器,,
posicionador neumatico spirax sarco,阀门定位器,,
posicionador neumatico spirax sarco en sir,阀门定位器,,
posicionador sp5 spirax sarco,阀门定位器,,
posicionador spirax sarco el6123c,阀门定位器,,
posicionador spirax sarco epl,阀门定位器,,
posicionador spirax sarco sp,阀门定位器,,
posicionador spirax sarco sp 2,阀门定位器,,
posicionador spirax sarco sp 200,阀门定位器,,
posicionador spirax sarco sp2,阀门定位器,,
posicionadores spirax sarco,阀门定位器,,
power genex electro pneumatic positioner spirax sarco,阀门定位器,,
precio de filtros spirax sarco,过滤器,,
pressure control valve spirax sarco,控制阀,,
pressure reducing spirax sarco,减压阀,,
pressure reducing station spirax sarco,减压阀,,
pressure reducing valve steam spirax sarco,减压阀,,
pump traps spirax sarco,冷凝水泵,,
racks reguladores de vapor spirax sarco,调节阀,,
reducing valve spirax sarco,减压阀,,
regulacion spirax sarco pp5 positioner,阀门定位器,,
reguladores de temperatura de accion directa spirax sarco,调节阀,,
reguladores de vapor spirax sarco,调节阀,,
regulator pritiska pare spirax sarco,调节阀,,
regulator sondy poziomu wody lc300 spirax sarco,调节阀,,
regulator valve spirax sarco,调节阀,,
regulatori pritiska pare spirax sarco,调节阀,,
revit files of spirax sarco moisture separator,汽水分离器,,
sa control valves spirax sarco,控制阀,,
safety valve installation spirax sarco,安全阀,,
safety valve sizing spirax sarco,安全阀,,
safety valve spirax sarco sv5708,安全阀,,
safety valves spirax sarco,安全阀,,
sarco spirax automatic air vents for liquid systems,自动排空气阀,,
selfacting temperature control valve spirax sarco,温控阀,,
selfacting temperature control valve spirax sarco,控制阀,,
separador 2 spirax sarco,汽水分离器,,
separador de gota spirax sarco,汽水分离器,,
separador de gotas spirax sarco s11,汽水分离器,,
separador de gotas spirax sarco s1precio,汽水分离器,,
separador de gotas spirax sarco sanitario,汽水分离器,,
separador de humedad 1808 spirax sarco,汽水分离器,,
separador de humedad spirax sarco s,汽水分离器,,
separador de humedad spirax sarco sos13,汽水分离器,,
separador spirax sarco,汽水分离器,,
separador vapor spirax sarco,汽水分离器,,
separadores de gotas spirax sarco,汽水分离器,,
sight check spirax sarco,观视镜,,
sight glass spirax sarco,观视镜,,
solenoid valve spirax sarco,电磁阀,,
spirax sarco 1 2 safety valve,安全阀,,
spirax sarco 1 2 safety valve 58psi,安全阀,,
spirax sarco 1 2 strainer,过滤器,,
spirax sarco 1 ft-30 f&t steam trap,疏水阀,,
spirax sarco 1.25 25 temperature control valve,温控阀,,
spirax sarco 1.25 25 temperature control valve,控制阀,,
spirax sarco 125 strainer,过滤器,,
spirax sarco 15mm steam safety valve,安全阀,,
spirax sarco 2 steam trap,疏水阀,,
spirax sarco 25 prv,减压阀,,
spirax sarco 25 prv pressure reducing valve,减压阀,,
spirax sarco 25 prv pressure reducing valve operation,减压阀,,
spirax sarco 25 series regulator manual,调节阀,,
spirax sarco 250 strainer,过滤器,,
spirax sarco 25bp as a pressure reducing valve,减压阀,,
spirax sarco 25prv pressure reducing valve,减压阀,,
spirax sarco 3 piece ball valve,球阀,,
spirax sarco 3 way ball valve,球阀,,
spirax sarco 68568c steam trap,疏水阀,,
spirax sarco 6a air vent,排空气阀,,
spirax sarco 767 y strainer,过滤器,,
spirax sarco actuadores,执行器,,
spirax sarco actuadores neumaticos serie pn 9000,执行器,,
spirax sarco actuated ball valve,球阀,,
spirax sarco actuator el5614,执行器,,
spirax sarco actuator ginice,执行器,,
spirax sarco air dirt separator,汽水分离器,,
spirax sarco air regulator,调节阀,,
spirax sarco air vent 13ws,排空气阀,,
spirax sarco air vent 6a,排空气阀,,
spirax sarco air vent manifold,排空气阀,,
spirax sarco air vent valve,排空气阀,,
spirax sarco air vent vs 204,排空气阀,,
spirax sarco air vents for liquid systems,排空气阀,,
spirax sarco apt pump package,冷凝水泵,,
spirax sarco apt pump trap,冷凝水泵,,
spirax sarco aptia pump trap,冷凝水泵,,
spirax sarco attemperator desuperheater,减温器,,
spirax sarco automatic blowdown valve,排污阀,,
spirax sarco automatic globe valve,截止阀,,
spirax sarco b series control valve,控制阀,,
spirax sarco b series steam traps,疏水阀,,
spirax sarco b-2-180 in-line horizontal bucket trap cover,疏水阀,,
spirax sarco b-4-125 steam trap 1-1 4,疏水阀,,
spirax sarco b1h steam trap,疏水阀,,
spirax sarco back pressure control valve,控制阀,,
spirax sarco back pressure regulator,减压阀,,
spirax sarco back pressure regulator,调节阀,,
spirax sarco balanced pressure steam trap,疏水阀,,
spirax sarco balanced pressure thermostatic steam trap,疏水阀,,
spirax sarco ball float steam trap installation,疏水阀,,
spirax sarco ball float trap,疏水阀,,
spirax sarco ball valve catalogue,球阀,,
spirax sarco ball valve distributor,球阀,,
spirax sarco ball valve full bore 3 8 screwed m10s2,球阀,,
spirax sarco ball valve m10s,球阀,,
spirax sarco ball valve m10v,球阀,,
spirax sarco ball valve m10v2rb,球阀,,
spirax sarco ball valve size 3 8 model m10s2,球阀,,
spirax sarco ball valves dn25 to dn150 m20h data sheet,球阀,,
spirax sarco ball valves pdf,球阀,,
spirax sarco basket strainers,过滤器,,
spirax sarco bellows sealed stop valves,截止阀,,
spirax sarco bimetallic steam traps,疏水阀,,
spirax sarco boiler blowdown valves,排污阀,,
spirax sarco boiler sample cooler,取样冷却器,,
spirax sarco bronze safety valve,安全阀,,
spirax sarco bronze strainer,过滤器,,
spirax sarco bt strainer,过滤器,,
spirax sarco bucket steam traps,疏水阀,,
spirax sarco bvs2 pn25 regulator pritiska pare,调节阀,,
spirax sarco bvs2 regulator pritiska pare,调节阀,,
spirax sarco carbon steel strainer,过滤器,,
spirax sarco carbon steel y strainer,过滤器,,
spirax sarco cast iron strainer c-125,过滤器,,
spirax sarco cast iron strainer f-125,过滤器,,
spirax sarco cast iron strainers,过滤器,,
spirax sarco check valve pdf,止回阀,,
spirax sarco ci 125 strainer,过滤器,,
spirax sarco clean steam filter,过滤器,,
spirax sarco clean steam regulator,调节阀,,
spirax sarco clean steam sample cooler,取样冷却器,,
spirax sarco clean steam trap,疏水阀,,
spirax sarco compressed air solenoid valve,电磁阀,,
spirax sarco compressed air traps,疏水阀,,
spirax sarco condensate check valve,止回阀,,
spirax sarco condensate flow meter,流量计,,
spirax sarco condensate pump and receiver,冷凝水泵,,
spirax sarco condensate pump installation,冷凝水泵,,
spirax sarco condensate pump package,冷凝水泵,,
spirax sarco condensate pump parts,冷凝水泵,,
spirax sarco condensate pump ppcs,冷凝水泵,,
spirax sarco condensate pump ptc,冷凝水泵,,
spirax sarco condensate pump recovery,冷凝水泵,,
spirax sarco condensate pump sizing,冷凝水泵,,
spirax sarco condensate pump trap,冷凝水泵,,
spirax sarco condensate recovery pump,冷凝水泵,,
spirax sarco condenspot filter,过滤器,,
spirax sarco continuous blowdown valve,排污阀,,
spirax sarco control valve 93ad,控制阀,,
spirax sarco control valve actuators and positioners,阀门定位器,,
spirax sarco control valve actuators and positioners,控制阀,,
spirax sarco control valve actuators and positioners,执行器,,
spirax sarco control valve calibration,控制阀,,
spirax sarco control valve catalogue,控制阀,,
spirax sarco control valve characteristics,控制阀,,
spirax sarco control valve ke43,控制阀,,
spirax sarco control valve le33,控制阀,,
spirax sarco control valve open position,控制阀,,
spirax sarco control valve v93ad,控制阀,,
spirax sarco control valves cad drawings,控制阀,,
spirax sarco csf 16 steam filter,过滤器,,
spirax sarco csf 1616 steam filter,过滤器,,
spirax sarco csf16 filter,过滤器,,
spirax sarco csf1616 stainless steel steam filters,过滤器,,
spirax sarco csf1616 steam filter,过滤器,,
spirax sarco csf26 filter,过滤器,,
spirax sarco ct y strainer,过滤器,,
spirax sarco ct y-strainer,过滤器,,
spirax sarco dcv2 check valve,止回阀,,
spirax sarco desuperheater calculations,减温器,,
spirax sarco diaphragm actuator,执行器,,
spirax sarco direct acting pressure reducing valve,减压阀,,
spirax sarco direct acting prv,减压阀,,
spirax sarco diva flow meter,流量计,,
spirax sarco diva steam meter,流量计,,
spirax sarco dp 17 series series steam pressure reducing valve,减压阀,,
spirax sarco dp17 pressure reducing valve,减压阀,,
spirax sarco duplex basket strainer,过滤器,,
spirax sarco duplex condensate pump,冷凝水泵,,
spirax sarco duplex pump package,冷凝水泵,,
spirax sarco electric positioner,阀门定位器,,
spirax sarco electromagnetic flow meter,流量计,,
spirax sarco ep3 positioner,阀门定位器,,
spirax sarco ep5 posicionador para que sirve,阀门定位器,,
spirax sarco ep5 positioner manual calibrate,阀门定位器,,
spirax sarco ep5 positioner para que sirve,阀门定位器,,
spirax sarco fig 33 strainer,过滤器,,
spirax sarco filter regulator,过滤器,,
spirax sarco filter regulator,调节阀,,
spirax sarco filter tramp,过滤器,,
spirax sarco filter y,过滤器,,
spirax sarco filtro 33,过滤器,,
spirax sarco filtro at,过滤器,,
spirax sarco filtro at 3 4 bsp,过滤器,,
spirax sarco filtro at 3601210,过滤器,,
spirax sarco filtro bridado ci,过滤器,,
spirax sarco filtro de hierro fundido,过滤器,,
spirax sarco filtro fig 14,过滤器,,
spirax sarco filtro y 3 4,过滤器,,
spirax sarco filtro y 3 4 dimensiones,过滤器,,
spirax sarco flanged y strainer,过滤器,,
spirax sarco flash vessels,闪蒸罐,,
spirax sarco float steam trap,疏水阀,,
spirax sarco float trap selection,疏水阀,,
spirax sarco float trap sizing,疏水阀,,
spirax sarco flow meter manual,流量计,,
spirax sarco flow meter steam,流量计,,
spirax sarco ft-15 float and thermostatic parallel pipe connections,疏水阀,,
spirax sarco ft-2075 steam trap,疏水阀,,
spirax sarco ft10 steam trap,疏水阀,,
spirax sarco ft15 steam trap,疏水阀,,
spirax sarco ft2075 steam trap,疏水阀,,
spirax sarco globe control valve,控制阀,,
spirax sarco globe valve installation,截止阀,,
spirax sarco globe valve manual,截止阀,,
spirax sarco gm stop valve bsp 11 2 hv3,截止阀,,
spirax sarco introduces new compact heat exchanger,换热器,,
spirax sarco isp5 i p positioner,阀门定位器,,
spirax sarco isp5 i/p positioner,阀门定位器,,
spirax sarco isp5 positioner,阀门定位器,,
spirax sarco level switch,液位开关,,
spirax sarco m10 ball valve,球阀,,
spirax sarco m10 bve actuator,执行器,,
spirax sarco m10 pneumatic actuator,执行器,,
spirax sarco m40 ball valve,球阀,,
spirax sarco m70i ball valve,球阀,,
spirax sarco magnetic flow meter,流量计,,
spirax sarco magnetic level switch,液位开关,,
spirax sarco motorized control valve pneumatic revit,控制阀,,
spirax sarco p25 regulator instalacion,调节阀,,
spirax sarco pilot operated pressure reducing valve,减压阀,,
spirax sarco pilot operated temperature regulator,调节阀,,
spirax sarco plate heat exchangers,换热器,,
spirax sarco pneumatic control valve,控制阀,,
spirax sarco posicionador,阀门定位器,,
spirax sarco posicionador ep5,阀门定位器,,
spirax sarco posicionador la llave,阀门定位器,,
spirax sarco positioner card,阀门定位器,,
spirax sarco positioner ep5,阀门定位器,,
spirax sarco positioner epl,阀门定位器,,
spirax sarco positioner epl-da15n4tl,阀门定位器,,
spirax sarco positioner epl-da1sn4tl,阀门定位器,,
spirax sarco positioner manual,阀门定位器,,
spirax sarco positioner pp5,阀门定位器,,
spirax sarco pressure reducing valve dn50 dp 17,减压阀,,
spirax sarco pressure safety valve,安全阀,,
spirax sarco pump trap installation,冷凝水泵,,
spirax sarco reguladoras de vapor dp25,调节阀,,
spirax sarco reguladoras de vapor p 25,调节阀,,
spirax sarco reguladoras de vapor pn25,调节阀,,
spirax sarco reguladoras para aire,调节阀,,
spirax sarco reguladores de vapor,调节阀,,
spirax sarco regulating valve,调节阀,,
spirax sarco regulator sx 25 ma,调节阀,,
spirax sarco safety valve 570,安全阀,,
spirax sarco safety valve sales,安全阀,,
spirax sarco safety valve sales brochure,安全阀,,
spirax sarco safety valves warranty,安全阀,,
spirax sarco sanitary pressure regulator,减压阀,,
spirax sarco sanitary pressure regulator,调节阀,,
spirax sarco selfacting temperature control valve,温控阀,,
spirax sarco selfacting temperature control valve,控制阀,,
spirax sarco separador de humedad,汽水分离器,,
spirax sarco separador de humedad cad,汽水分离器,,
spirax sarco separator price,汽水分离器,,
spirax sarco shell heat exchanger,换热器,,
spirax sarco sight check,观视镜,,
spirax sarco silencer,消音器,,
spirax sarco solenoid valve,电磁阀,,
spirax sarco solenoid valves catalogue,电磁阀,,
spirax sarco sp2 smart positioner pdf,阀门定位器,,
spirax sarco ss3 strainer,过滤器,,
spirax sarco stainless steel ball valve,球阀,,
spirax sarco steam impurity filter strainer,过滤器,,
spirax sarco steam non return valve,止回阀,,
spirax sarco steam pressure regulator,减压阀,,
spirax sarco steam pressure regulator,调节阀,,
spirax sarco steam reducing valve,减压阀,,
spirax sarco steam strainer,过滤器,,
spirax sarco steam trap app,疏水阀,,
spirax sarco steam trap cad,疏水阀,,
spirax sarco steam trap ft-15 1 in bm 50927,疏水阀,,
spirax sarco steam trap image,疏水阀,,
spirax sarco steam trap monitoring system,疏水阀,,
spirax sarco steam trap orifice size,疏水阀,,
spirax sarco steam trap safety factor,疏水阀,,
spirax sarco steam trap tables,疏水阀,,
spirax sarco steam trap types,疏水阀,,
spirax sarco steam trap utd52l-hp,疏水阀,,
spirax sarco steam traps bt6,疏水阀,,
spirax sarco steam traps distributors,疏水阀,,
spirax sarco steam traps ft 15,疏水阀,,
spirax sarco steam traps price list,疏水阀,,
spirax sarco steam y strainers,过滤器,,
spirax sarco straight strainer type fig 12sg,过滤器,,
spirax sarco strainer fig 33,过滤器,,
spirax sarco strainer mesh,过滤器,,
spirax sarco swing check valve,止回阀,,
spirax sarco temperature regulators,调节阀,,
spirax sarco termodyanmic steam traps,疏水阀,,
spirax sarco thermodynamic steam trap cad drawing,疏水阀,,
spirax sarco thermostatic steam traps,疏水阀,,
spirax sarco threaded strainer,过滤器,,
spirax sarco twin float steam trap,疏水阀,,
spirax sarco valve positioner,阀门定位器,,
spirax sarco vapor posicionador,阀门定位器,,
spirax sarco venturi steam trap,疏水阀,,
spirax sarco y strainer dimensions,过滤器,,
spirax sarco y-strainer catalog,过滤器,,
spirax-sarco inc clean steam separator,汽水分离器,,
steam condensate pump spirax sarco convert to compressed air,冷凝水泵,,
steam filter pn63 spirax sarco,过滤器,,
steam filter spirax sarco,过滤器,,
steam flow through prv spirax sarco,减压阀,,
steam trap calculator spirax sarco,疏水阀,,
steam trap pipe design spirax sarco,疏水阀,,
steam trap spirax sarco ft 30 installation,疏水阀,,
steam trap spirax sarco ft30,疏水阀,,
steam trap spirax sarco ft30 instalation,疏水阀,,
steam trap thermodynamic spirax sarco,疏水阀,,
sterilization of air filter spirax sarco,过滤器,,
strainer 33 spirax sarco,过滤器,,
strainer spirax sarco,过滤器,,
strainer y spirax sarco 767,过滤器,,
temperature control valve spirax sarco,温控阀,,
temperature control valve spirax sarco,控制阀,,
thermodynamics steam traps horizontal vertical spirax sarco,疏水阀,,
thermostatic spirax sarco,疏水阀,,
traducir spirax sarco straight strainer,过滤器,,
water separator spirax sarco,汽水分离器,,
water separator spirax sarco pressure drop,汽水分离器,,
water separator spirax sarco pressure drop 12,汽水分离器,,
spirax sarco pressure relief valve,安全阀,category,
spirax sarco pressure powered pump,自动泵,category,
spirax sarco safety relief valve,安全阀,category,
bomba de condensados spirax sarco,冷凝水泵,,
condensate cooler spirax sarco,冷凝器,category,
desaireador spirax sarco,汽水分离器,,
easy heat spirax sarco,换热器系统,,
eliminador de ar spirax sarco,排空气阀,,
eliminadora de aire spirax sarco,排空气阀,,
manual controlador spirax sarco sx uni,温度控制系统,,
manual controlador spirax sarco sx uni,过程控制器,,
ogden pump spirax sarco,机械泵,,
pressure relief valve spirax sarco,安全阀,category,
purgadores de vapor spirax sarco,疏水阀,,
purgadores spirax sarco,疏水阀,,
spirax sarco blowdown vessel,排污罐,category,
spirax sarco condensate cooler,冷凝器,category,
spirax sarco condensate return pump,冷凝水泵,category,
spirax sarco controller,过程控制器,category,斯派莎克 控制器
spirax sarco ogden pump,机械泵,category,斯派莎克 奥格登泵
spirax sarco pn600 controller manual,气动控制器,category,斯派莎克 PN600 气动控制器手册
spirax sarco ppec,自动泵,category,斯派莎克 PPEC
spirax sarco pressure gauge,显示器,,斯派莎克 压力表
spirax sarco pressure powered pump ppec,自动泵,,斯派莎克 压力驱动泵 PPEC
spirax sarco rediheat,换热器系统,,斯派莎克 RediHeat
spirax sarco relief valve,安全阀,category,斯派莎克 泄压阀
spirax sarco steam injector,喷射器,category,斯派莎克 蒸汽喷射器
spirax sarco steam sparger,分布器,category,斯派莎克 蒸汽分布器
spirax sarco sx uni,温度控制系统,,
spirax sarco temperature controller,温度控制系统,category,斯派莎克 温度控制器
spirax sarco temperature controller,过程控制器,category,斯派莎克 温度控制器
steam injector spirax sarco,喷射器,category,蒸汽喷射器 斯派莎克
sx uni spirax sarco,温度控制系统,,
tanque flash spirax sarco,闪蒸罐,,
visor de fluxo spirax sarco,观视镜,,
blowdown vessel spirax sarco,排污罐,,
spirax sarco flash recovery vessel,闪蒸罐,,
spirax sarco steam pressure relief valve,安全阀,category,斯派莎克 蒸汽泄压阀
steam sparger spirax sarco,分布器,category,蒸汽分布器 斯派莎克
visor de flujo spirax sarco,观视镜,,
11 2 x 21 2 spirax sarco pressure relief valve,安全阀,,
air and gas trap spirax sarco,疏水阀,,
armado de ehd1ppnst-1hlg-p2 easy heat spirax sarco,换热器系统,,
blowdown heat recovery spirax sarco,排污控制系统,,
blowdown tank spirax sarco,排污罐,,
bomba de condensados vapor industrial spirax sarco,冷凝水泵,,
bomba para condensados de vapor industrial spirax sarco,冷凝水泵,,
cheque visor spirax sarco,观视镜,,
cheque visor spirax sarco precio,观视镜,,
compressed air drain trap spirax sarco,疏水阀,,
control spirax sarco controlador sx-uni,温度控制系统,,
control spirax sarco controlador sx-uni,过程控制器,,
controlador bt 1000 de spirax sarco,过程控制器,,
controlador spirax sarco,过程控制器,,
controlador spirax sarco software sx-uni,温度控制系统,,
controlador spirax sarco software sx-uni,过程控制器,,
controlador spirax sarco sx-uni,温度控制系统,,
controlador spirax sarco sx-uni,过程控制器,,
controlador spirax sarco sx-uni manual,温度控制系统,,
controlador spirax sarco sx-uni manual,过程控制器,,
controlador sx uni spirax sarco,温度控制系统,,
controlador sx uni spirax sarco,过程控制器,,
controlador sx-uni spirax sarco,温度控制系统,,
controlador sx-uni spirax sarco,过程控制器,,
controlador universal spirax-sarco,过程控制器,,
controladores de purga spirax sarco,排污控制器,,
controladores spirax sarco,过程控制器,,
controlalador sx-uni spirax sarco,温度控制系统,,
controleur de circulation spirax sarco,过程控制器,,
controleur de purge spirax sarco,排污控制器,,
desaireador automatico moda 145 spirax sarco,汽水分离器,,
desaireador spirax sarco ae30lv,汽水分离器,,
desaireador spirax sarco hoja de especificacion,汽水分离器,,
detector vazamento purgadores spirax sarco,疏水阀,,
diagrama ehd1ppnst-1hlg-p2 easy heat spirax sarco,换热器系统,,
differential pressure transmitter spirax sarco,变送器,,
differentielle pressure transmitter spirax sarco,变送器,,
domestic hot water heater spirax sarco,换热器系统,,
domestic hot water heater spirax sarco steam,换热器系统,,
easy heat spirax sarco energy economics,换热器系统,,
easy heat spirax sarco in spanish,换热器系统,,
easy heat spirax sarco r,换热器系统,,
easyheat spirax sarco,换热器系统,,
electrovalvula 3 vias spirax sarco,电磁阀,,
electrovalvula spirax sarco,电磁阀,,
electrovalvulas spirax sarco,电磁阀,,
eliminador aire spirax sarco,排空气阀,,
eliminador de aire 13ws spirax sarco,排空气阀,,
eliminador de aire spirax sarco pv4,排空气阀,,
eliminador de aire spirax sarco sm-3-3672,排空气阀,,
eliminador de aire termostatico spirax sarco,排空气阀,,
eliminador de aire tipo boya spirax sarco,排空气阀,,
eliminador de ar bp 21 spirax sarco,排空气阀,,
eliminador de ar para agua spirax sarco 13w,排空气阀,,
eliminador de ar para vapor spirax sarco,排空气阀,,
eliminador de ar spirax sarco 13w,排空气阀,,
eliminador de ar tigre spirax sarco,排空气阀,,
eliminador de ar twrmostatico spirax sarco,排空气阀,,
eliminador de umidade spirax sarco,汽水分离器,,
eliminador termostatico de aire spirax sarco,排空气阀,,
eliminadora de aire spirax sarco 3 4 pmo 150 psig,排空气阀,,
eliminadora de aire spirax sarco precio,排空气阀,,
eliminadora de aire tipo boya spirax sarco 13w,排空气阀,,
eliminadores de aire 13w spirax sarco,排空气阀,,
fabricacion de ehd1ppnst-1hlg-p2 easy heat spirax sarco,换热器系统,,
flujo de ehd1ppnst-1hlg-p2 easy heat spirax sarco,换热器系统,,
fotos de eliminadores de aire spirax sarco,排空气阀,,
grafico capacidades purgadores de boya cerrada spirax sarco,疏水阀,,
manual controlador sx uni spirax sarco,温度控制系统,,
manual controlador sx uni spirax sarco,过程控制器,,
manual do controlador sx-uni spirax sarco,温度控制系统,,
manual do controlador sx-uni spirax sarco,过程控制器,,
manual em pdf sx uni spirax sarco v3,温度控制系统,,
manual pdf spirax sarco sx-uni,温度控制系统,,
manual spirax sarco sx-uni,温度控制系统,,
manual sx-uni spirax sarco,温度控制系统,,
pneumatic differential pressure transmitter spirax sarco,变送器,,
pressure gauge spirax sarco,显示器,,
pump ppc spirax sarco,自动泵,,
purga de aire comprimido spirax sarco,排空气阀,,
purga de aire spirax sarco,排空气阀,,
purga de fondo spirax sarco,排污阀,,
purga de fondo spirax sarco bva,排污阀,,
purga de fondo spirax sarco si2,排污阀,,
purga de sales spirax sarco,排污阀,,
purga de superficie spirax sarco,排污阀,,
purga de vapor y eliminacion de aire spirax sarco,排空气阀,,
purga de vapor y eliminacion de aire spirax sarco pdf,排空气阀,,
purgadores de boya cerrada f44 spirax sarco,疏水阀,,
rediheat spirax sarco,换热器系统,,
sanitary relief valves spirax sarco,安全阀,,
seguimiento de ehd1ppnst-1hlg-p2 easy heat spirax sarco,换热器系统,,
software controlador spirax sarco,过程控制器,,
sofware controlador spirax sarco,过程控制器,,
specification of spirax sarco traps,疏水阀,,
spirax sarco 1600 controller,过程控制器,,
spirax sarco air relief valve,安全阀,,
spirax sarco blowdown expansion and cooling unit,排污罐,,
spirax sarco blowdown heat recovery,排污控制系统,,
spirax sarco bottom blowdown,排污阀,,
spirax sarco condensate electric pump recovery,冷凝水泵,,
spirax sarco continuous blowdown,排污阀,,
spirax sarco control software sx-uni,温度控制系统,,
spirax sarco desaireador,汽水分离器,,
spirax sarco drain trap,疏水阀,,
spirax sarco drip trap,疏水阀,,
spirax sarco eliminador de aire,排空气阀,,
spirax sarco eliminador de ar h 17,排空气阀,,
spirax sarco fa-150 s s float drain trap,疏水阀,,
spirax sarco flash steam recovery vessels,闪蒸罐,,
spirax sarco ft traps,疏水阀,,
spirax sarco lc 2200 controller,过程控制器,,
spirax sarco mechanical traps,疏水阀,,
spirax sarco pn600 controller,过程控制器,,
spirax sarco ppc pump,自动泵,,
spirax sarco pressure powered pump pdf,自动泵,,
spirax sarco pressure relief valve sizing,安全阀,,
spirax sarco relief valve sizing,安全阀,,
spirax sarco software sx-uni,温度控制系统,,
spirax sarco spira pump,机械泵,,
spirax sarco spirapump,机械泵,,
spirax sarco tanque flash 38 kg,闪蒸罐,,
spirax sarco temperature control software sx-uni,温度控制系统,,
spirax sarco thremal relief valve,安全阀,,
spirax sarco trap safety factor,疏水阀,,
spirax sarco visor de flujo,观视镜,,
spirax sarco visor de fluxo,观视镜,,
steamtrap spirax sarco,疏水阀,,
steamtrap spirax sarco tri clamp,疏水阀,,
tanque de purgas spirax sarco,排污罐,,
tanque vapor flash spirax sarco,闪蒸罐,,
visor doble mirilla spirax sarco,观视镜,,
visor doble ventana bronce spirax sarco,观视镜,,
spirax sarco td52,疏水阀,product,TD52/UTD52L 热动力疏水阀
td52 spirax sarco,疏水阀,product,TD52/UTD52L 热动力疏水阀
spirax sarco td52l,疏水阀,product,TD52/UTD52L 热动力疏水阀
spirax sarco td 52,疏水阀,,TD52/UTD52L 热动力疏水阀
spirax sarco td52 3 4,疏水阀,product,TD52/UTD52L 热动力疏水阀
spirax sarco utd52l,疏水阀,product,TD52/UTD52L 热动力疏水阀
td 52 spirax sarco,疏水阀,,TD52/UTD52L 热动力疏水阀
utd52l spirax sarco,疏水阀,,TD52/UTD52L 热动力疏水阀
1td52 trap spirax sarco,疏水阀,,TD52/UTD52L 热动力疏水阀
spirax sarco 1/2 td-52,疏水阀,,TD52/UTD52L 热动力疏水阀
spirax sarco 3 8 td52,疏水阀,,TD52/UTD52L 热动力疏水阀
spirax sarco td 52 2 plg,疏水阀,,TD52/UTD52L 热动力疏水阀
spirax sarco td-52h-dn-20,疏水阀,,TD52/UTD52L 热动力疏水阀
spirax sarco td52 3 8 comprar,疏水阀,,TD52/UTD52L 热动力疏水阀
spirax sarco td52 h,疏水阀,,TD52/UTD52L 热动力疏水阀
spirax sarco td52 instal,疏水阀,,TD52/UTD52L 热动力疏水阀
spirax sarco td52 manual,疏水阀,,TD52/UTD52L 热动力疏水阀
spirax sarco td52h,疏水阀,,TD52/UTD52L 热动力疏水阀
spirax sarco vb21,破真空器,product,破真空器 / 真空破坏器
spirax sarco vb14,破真空器,product,破真空器 / 真空破坏器
spirax sarco vacuum breaker,破真空器,category,斯派莎克 真空破坏阀
spirax sarco vacuum breaker vb14,破真空器,product,破真空器 / 真空破坏器
spirax sarco vb 14,破真空器,product,破真空器 / 真空破坏器
spirax sarco vb14 vacuum breaker,破真空器,product,破真空器 / 真空破坏器
spirax sarco vb21 vacuum breaker,破真空器,product,破真空器 / 真空破坏器
vacuum breaker spirax sarco,破真空器,,破真空器 / 真空破坏器
vb14 spirax sarco,破真空器,,破真空器 / 真空破坏器
vb21 spirax sarco,破真空器,,破真空器 / 真空破坏器
spirax sarco inc vb21,破真空器,,破真空器 / 真空破坏器
spirax sarco model vb21,破真空器,,破真空器 / 真空破坏器
spirax sarco vb14 instal,破真空器,,破真空器 / 真空破坏器
spirax sarco air vent vacuum breaker,破真空器,,破真空器 / 真空破坏器
spirax sarco bt6 bh,疏水阀,product,BT6 洁净型压力平衡式蒸汽疏水阀
spirax sarco bt6,疏水阀,product,BT6 洁净型压力平衡式蒸汽疏水阀
bt6 spirax sarco,疏水阀,product,BT6 洁净型压力平衡式蒸汽疏水阀
spirax sarco bt6 bl,疏水阀,product,BT6 洁净型压力平衡式蒸汽疏水阀
spirax sarco bt6-bh,疏水阀,product,BT6 洁净型压力平衡式蒸汽疏水阀
bt6-bh spirax sarco,疏水阀,,BT6 洁净型压力平衡式蒸汽疏水阀
spirax sarco bt6 horizontal,疏水阀,,BT6 洁净型压力平衡式蒸汽疏水阀
spirax sarco bt6 trap,疏水阀,,BT6 洁净型压力平衡式蒸汽疏水阀
spirax sarco bt6-bl,疏水阀,,BT6 洁净型压力平衡式蒸汽疏水阀
spirax sarco bt6-bl 1.5,疏水阀,,BT6 洁净型压力平衡式蒸汽疏水阀
spirax sarco bt6bh,疏水阀,,BT6 洁净型压力平衡式蒸汽疏水阀
sp7 spirax sarco,阀门定位器,product,SP7 智能阀门定位器
spirax sarco sp7,阀门定位器,product,SP7 智能阀门定位器
spirax sarco ep5,阀门定位器,product,EP5 电气动阀门定位器
ep5 spirax sarco,阀门定位器,,EP5 电气动阀门定位器
spirax sarco ep5 manual,阀门定位器,,EP5 电气动阀门定位器
ep5 spirax sarco kp ti td,阀门定位器,,EP5 电气动阀门定位器
ep5 spirax sarco manual,阀门定位器,,EP5 电气动阀门定位器
ep5 spirax sarco pid,阀门定位器,,EP5 电气动阀门定位器
spirax sarco ep5 3.3.3,阀门定位器,,EP5 电气动阀门定位器
spirax sarco ep5 calibracion,阀门定位器,,EP5 电气动阀门定位器
spirax sarco ep5 calibration,阀门定位器,,EP5 电气动阀门定位器
spirax sarco ep5 data,阀门定位器,,EP5 电气动阀门定位器
spirax sarco ep5 pdf,阀门定位器,,EP5 电气动阀门定位器
ep500s spirax sarco,阀门定位器,,EP500S 电气动阀门定位器
bpc32ycv spirax sarco,疏水阀,product,BPC32YCV 压力平衡式热静力蒸汽疏水阀
spirax sarco bpc32ycv,疏水阀,product,BPC32YCV 压力平衡式热静力蒸汽疏水阀
m10s spirax sarco,球阀,product,M10 系列球阀
spirax sarco m10s,球阀,product,M10 系列球阀
m10 spirax sarco,球阀,,M10 系列球阀
m10s2 spirax sarco,球阀,product,M10 系列球阀
spirax sarco m10s2,球阀,product,M10 系列球阀
esfericas m10 spirax sarco,球阀,,M10 系列球阀
m10 hpi2 iso acero carbono spirax sarco,球阀,,M10 系列球阀
m10 si spirax sarco,球阀,,M10 系列球阀
m10 v3 spirax sarco,球阀,,M10 系列球阀
m10s de spirax sarco,球阀,,M10 系列球阀
m10s2 spirax sarco 3d drawing,球阀,,M10 系列球阀
m10s2 spirax sarco 3d drwaing,球阀,,M10 系列球阀
m10s2 spirax sarco valve size 3 8 npt,球阀,,M10 系列球阀
m10si spirax sarco,球阀,,M10 系列球阀
spirax sarco m10 actuated,球阀,,M10 系列球阀
spirax sarco m10 pneumaticactuator,球阀,,M10 系列球阀
spirax sarco m10 si2 rb,球阀,,M10 系列球阀
spirax sarco m10s si2 rb,球阀,,M10 系列球阀
spirax sarco m10s4,球阀,,M10 系列球阀
spirax sarco m 10 s 2,球阀,,M10 系列球阀
spirax sarco m 10 s2,球阀,,M10 系列球阀
spirax sarco m10s s2,球阀,,M10 系列球阀
spirax sarco globe valve m10s,球阀,,M10S 系列球阀
a3s spirax sarco,截止阀,product,A3S 波纹管截止阀
spirax sarco a3s,截止阀,product,A3S 波纹管截止阀
a3 s spirax sarco,截止阀,,A3S 波纹管截止阀
spirax sarco dcv2,止回阀,,DCV 系列止回阀
dcv 2 spirax sarco,止回阀,,DCV 系列止回阀
dcv spirax sarco,止回阀,,DCV 系列止回阀
spirax sarco dcv,止回阀,,DCV 系列止回阀
spirax sarco type dcv2,止回阀,,DCV 系列止回阀
spirax sarco type dcv2 pl,止回阀,,DCV 系列止回阀
csf16 spirax sarco,过滤器,product,CSF16 系列蒸汽过滤器
spirax sarco csf16,过滤器,product,CSF16 系列蒸汽过滤器
csf16 spirax sarco im,过滤器,,CSF16 系列蒸汽过滤器
csf16t spirax sarco,过滤器,,CSF16 系列蒸汽过滤器
elemento filtrante inox para vapor culinario fabricante spirax sarco csf16,过滤器,,CSF16 系列蒸汽过滤器
elemento spirax sarco csf 162.1 2 1 micra,过滤器,,CSF16 系列蒸汽过滤器
elemento spirax sarco csf162.1 2 1micra,过滤器,,CSF16 系列蒸汽过滤器
spirax sarco csf16 h,过滤器,,CSF16 系列蒸汽过滤器
spirax sarco csf16 precio,过滤器,,CSF16 系列蒸汽过滤器
spirax sarco csf16-h,过滤器,,CSF16 系列蒸汽过滤器
spirax sarco csf16-s,过滤器,,CSF16 系列蒸汽过滤器
spirax sarco csf1616 stainless steel,过滤器,,CSF16 系列蒸汽过滤器
spirax sarco csf16h,过滤器,,CSF16 系列蒸汽过滤器
spirax sarco csf16t,过滤器,,CSF16 系列蒸汽过滤器
spirax sarco dp27s,减压阀,product,DP27S 导阀型减压阀
dp27s spirax sarco,减压阀,product,DP27S 导阀型减压阀
spirax sarco dp 27s,减压阀,,DP27S 导阀型减压阀
spirax sarco le33,控制阀,product,LE33 Spira-trol 控制阀 / 调节阀
le33 spirax sarco,控制阀,,LE33 Spira-trol 控制阀 / 调节阀
spirax sarco le33 ptsuss 2,控制阀,product,LE33 Spira-trol 控制阀 / 调节阀
spirax sarco le33 ptsuss-2,控制阀,,LE33 Spira-trol 控制阀 / 调节阀
spirax sarco le33 ptsuss.2,控制阀,,LE33 Spira-trol 控制阀 / 调节阀
spirax sarco le33 ptsuss2,控制阀,,LE33 Spira-trol 控制阀 / 调节阀
spirax sarco type le33,控制阀,,LE33 Spira-trol 控制阀 / 调节阀
spirax sarco sv615as,安全阀,product,SV615 系列安全阀
sv615as spirax sarco,安全阀,,SV615 系列安全阀
spirax sarco sv615ae,安全阀,,SV615 系列安全阀
spirax sarco b 1h,疏水阀,product,官网搜索+关键词语义：inverted bucket steam trap
spirax sarco dp17,减压阀,product,官网搜索+关键词语义：pressure reducing valve
spirax sarco ft 15,疏水阀,product,官网搜索+关键词语义：float and thermostatic steam trap
spirax sarco ft-15,疏水阀,product,官网搜索+关键词语义：float and thermostatic steam trap
dp17 spirax sarco,减压阀,,官网搜索+关键词语义：pressure reducing valve
spirax sarco b1h,疏水阀,product,官网搜索+关键词语义：inverted bucket steam trap
spirax sarco b1h 125,疏水阀,product,官网搜索+关键词语义：inverted bucket steam trap
spirax sarco ft 15 capacity,疏水阀,product,官网搜索+关键词语义：float and thermostatic steam trap
spirax sarco ft 75,疏水阀,product,官网搜索+关键词语义：float and thermostatic steam trap
spirax sarco ft15,疏水阀,,官网搜索+关键词语义：float and thermostatic steam trap
spirax sarco vs 204,排空气阀,product,官网搜索+关键词语义：vent / vent head
spirax sarco vs204,排空气阀,product,官网搜索+关键词语义：vent / vent head
tds 52 spirax sarco,疏水阀,,官网搜索+关键词语义：thermodynamic steam trap
tds52 spirax sarco,疏水阀,product,官网搜索+关键词语义：thermodynamic steam trap
b1h spirax sarco,疏水阀,,官网搜索+关键词语义：inverted bucket steam trap
spirax sarco b-1h,疏水阀,product,官网搜索+关键词语义：inverted bucket steam trap
spirax sarco b1h-125,疏水阀,product,官网搜索+关键词语义：inverted bucket steam trap
spirax sarco ft-15 capacity,疏水阀,,官网搜索+关键词语义：float and thermostatic steam trap
spirax sarco ft-75,疏水阀,product,官网搜索+关键词语义：float and thermostatic steam trap
spirax sarco lc3000,液位控制器,,官网搜索+关键词语义：level controller
spirax sarco vs-204,排空气阀,product,官网搜索+关键词语义：vent / vent head
3d spirax sarco model venteo vs204,排空气阀,,官网搜索+关键词语义：vent / vent head
3d spirax sarco vs204,排空气阀,,官网搜索+关键词语义：vent / vent head
b1h spirax sarco instalacion,疏水阀,,官网搜索+关键词语义：inverted bucket steam trap
ft 15 spirax sarco,疏水阀,,官网搜索+关键词语义：float and thermostatic steam trap
ft75 spirax sarco,疏水阀,,官网搜索+关键词语义：float and thermostatic steam trap
lc 3000 spirax sarco,液位控制器,,官网搜索+关键词语义：level controller
lc 3000 spirax sarco manual de instalacion y mantenimiento,液位控制器,,官网搜索+关键词语义：level controller
lc3000 spirax sarco,液位控制器,,官网搜索+关键词语义：level controller
montaje spirax sarco tds 52,疏水阀,,官网搜索+关键词语义：thermodynamic steam trap
spirax sarco 3 4 ft-75,疏水阀,,官网搜索+关键词语义：float and thermostatic steam trap
spirax sarco b1h 180,疏水阀,,官网搜索+关键词语义：inverted bucket steam trap
spirax sarco b1h-125 pdf,疏水阀,,官网搜索+关键词语义：inverted bucket steam trap
spirax sarco b1h-125 trap,疏水阀,,官网搜索+关键词语义：inverted bucket steam trap
spirax sarco b1h-15,疏水阀,,官网搜索+关键词语义：inverted bucket steam trap
spirax sarco b1h-180,疏水阀,,官网搜索+关键词语义：inverted bucket steam trap
spirax sarco b1h-250,疏水阀,,官网搜索+关键词语义：inverted bucket steam trap
spirax sarco b1h-30,疏水阀,,官网搜索+关键词语义：inverted bucket steam trap
spirax sarco b1h-75,疏水阀,,官网搜索+关键词语义：inverted bucket steam trap
spirax sarco b1h125,疏水阀,,官网搜索+关键词语义：inverted bucket steam trap
spirax sarco b1h15,疏水阀,,官网搜索+关键词语义：inverted bucket steam trap
spirax sarco b1h75,疏水阀,,官网搜索+关键词语义：inverted bucket steam trap
spirax sarco dp 17 t,减压阀,,官网搜索+关键词语义：pressure reducing valve
spirax sarco dp 17 uses,减压阀,,官网搜索+关键词语义：pressure reducing valve
spirax sarco dp17 dn50,减压阀,,官网搜索+关键词语义：pressure reducing valve
spirax sarco dp17 inside,减压阀,,官网搜索+关键词语义：pressure reducing valve
spirax sarco ft15 capacity,疏水阀,,官网搜索+关键词语义：float and thermostatic steam trap
spirax sarco ft75,疏水阀,,官网搜索+关键词语义：float and thermostatic steam trap
spirax sarco lc3000 pdf,液位控制器,,官网搜索+关键词语义：level controller
spirax sarco tds 52 iso tapa dn25 1,疏水阀,,官网搜索+关键词语义：thermodynamic steam trap
spirax sarco tds52,疏水阀,,官网搜索+关键词语义：thermodynamic steam trap
spirax sarco tds52 iso tapa 1,疏水阀,,官网搜索+关键词语义：thermodynamic steam trap
spirax sarco tds52 iso tapa dn25 1,疏水阀,,官网搜索+关键词语义：thermodynamic steam trap
spirax sarco vs-204 instal,排空气阀,,官网搜索+关键词语义：vent / vent head
sygnalizator lc3000 spirax sarco,液位控制器,,官网搜索+关键词语义：level controller
sygnalizator lc3000 spirax sarco cena,液位控制器,,官网搜索+关键词语义：level controller
tds 52 spirax sarco pdf,疏水阀,,官网搜索+关键词语义：thermodynamic steam trap
trama de vapor spirax sarco ft 75,疏水阀,,官网搜索+关键词语义：float and thermostatic steam trap
trama de vapor spirax sarco ft75,疏水阀,,官网搜索+关键词语义：float and thermostatic steam trap
trap steam 3 4 ft-15 spirax sarco,疏水阀,,官网搜索+关键词语义：float and thermostatic steam trap
vs204 spirax sarco,排空气阀,,官网搜索+关键词语义：vent / vent head
what is spirax sarco dp 17,减压阀,,官网搜索+关键词语义：pressure reducing valve
m40 spirax sarco,球阀,,官网搜索+关键词语义：ball valve
spirax sarco pn9000,执行器,category,官网搜索+关键词语义：pneumatic actuator
spirax sarco pn9123e,执行器,product,官网搜索+关键词语义：pneumatic actuator
spirax sarco pn9123e manual,执行器,product,官网搜索+关键词语义：pneumatic actuator
spirax sarco scs20,取样冷却器,,官网搜索+关键词语义：sample cooler
pn9000 spirax sarco,执行器,product,官网搜索+关键词语义：pneumatic actuator
pn9123e spirax sarco,执行器,,官网搜索+关键词语义：pneumatic actuator
scs20 spirax sarco,取样冷却器,,官网搜索+关键词语义：sample cooler
spirax sarco bt 1000,排污控制器,,官网搜索+关键词语义：blowdown controller
spirax sarco bt1000,排污控制器,,官网搜索+关键词语义：blowdown controller
atuador spirax sarco pn 9123e,执行器,,官网搜索+关键词语义：pneumatic actuator
atuador spirax sarco pn 9123e explodida,执行器,,官网搜索+关键词语义：pneumatic actuator
atuador spirax sarco pn 9123e youtube,执行器,,官网搜索+关键词语义：pneumatic actuator
atuador spirax sarco pn9123e explodida,执行器,,官网搜索+关键词语义：pneumatic actuator
bt 1000 spirax sarco,排污控制器,,官网搜索+关键词语义：blowdown controller
enfriador muestras spirax sarco muestras scs20,取样冷却器,,官网搜索+关键词语义：sample cooler
enfriador spirax sarco muestras scs20,取样冷却器,,官网搜索+关键词语义：sample cooler
esfera spirax sarco m40,球阀,,官网搜索+关键词语义：ball valve
esfera spirax sarco m40 si2 c b,球阀,,官网搜索+关键词语义：ball valve
esferica spirax sarco m40,球阀,,官网搜索+关键词语义：ball valve
esferica spirax sarco m40 si2 c b,球阀,,官网搜索+关键词语义：ball valve
j pn9000 spirax sarco,执行器,,官网搜索+关键词语义：pneumatic actuator
manual del cobtrolador spirax sarco bt 1000,排污控制器,,官网搜索+关键词语义：blowdown controller
modulanti spirax sarco ql33,控制阀,,官网搜索+关键词语义：control valve
modulanti spirax sarco serie ql33,控制阀,,官网搜索+关键词语义：control valve
pn 9000 spirax sarco,执行器,,官网搜索+关键词语义：pneumatic actuator
pn9000 spirax sarco us ti,执行器,,官网搜索+关键词语义：pneumatic actuator
ql33 spirax sarco,控制阀,,官网搜索+关键词语义：control valve
scs 20 spirax sarco,取样冷却器,,官网搜索+关键词语义：sample cooler
spirax sarco bt1000 manual,排污控制器,,官网搜索+关键词语义：blowdown controller
spirax sarco m40,球阀,,官网搜索+关键词语义：ball valve
spirax sarco pn9000 manual,执行器,,官网搜索+关键词语义：pneumatic actuator
spirax sarco ql 33 pn16,控制阀,,官网搜索+关键词语义：control valve
spirax sarco ql33,控制阀,,官网搜索+关键词语义：control valve
spirax sarco ql33 pn16,控制阀,,官网搜索+关键词语义：control valve
spirax sarco referencia pn9123e,执行器,,官网搜索+关键词语义：pneumatic actuator
ft-550 spirax sarco,疏水阀,,FT550 -> 疏水阀 (batch-3)
spirax sarco ft 550,疏水阀,,FT550 -> 疏水阀 (batch-3)
spirax sarco ft 550 ac,疏水阀,,FT550 -> 疏水阀 (batch-3)
spirax sarco ft 550 ac precio,疏水阀,,FT550 -> 疏水阀 (batch-3)
spirax sarco ft 550 ac price,疏水阀,,FT550 -> 疏水阀 (batch-3)
spirax sarco ft 550 ae,疏水阀,,FT550 -> 疏水阀 (batch-3)
spirax sarco ft550,疏水阀,,FT550 -> 疏水阀 (batch-3)
ft 552 spirax sarco,疏水阀,,FT552 -> 疏水阀 (batch-3)
ft 552 spirax sarco manual pdf,疏水阀,,FT552 -> 疏水阀 (batch-3)
ft 552 tv spirax sarco manual pdf,疏水阀,,FT552 -> 疏水阀 (batch-3)
spirax sarco ft 552 tv,疏水阀,,FT552 -> 疏水阀 (batch-3)
spirax sarco ft552 tv,疏水阀,,FT552 -> 疏水阀 (batch-3)
ft450 spirax sarco,疏水阀,product,FT450 -> 疏水阀 (batch-3)
spirax sarco ft450,疏水阀,product,FT450 -> 疏水阀 (batch-3)
spirax sarco ft 450 capacity,疏水阀,product,FT450 -> 疏水阀 (batch-3)
spirax sarco modelo ft450,疏水阀,,FT450 -> 疏水阀 (batch-3)
spirax sarco ft 125,疏水阀,product,FT125 -> 疏水阀 (batch-3)
spirax sarco ft-125,疏水阀,,FT125 -> 疏水阀 (batch-3)
ft125 spirax sarco,疏水阀,,FT125 -> 疏水阀 (batch-3)
spirax sarco ft125,疏水阀,,FT125 -> 疏水阀 (batch-3)
spirax sarco fti 125,疏水阀,product,FTI125 -> 疏水阀 (batch-3)
spirax sarco fti-125,疏水阀,product,FTI125 -> 疏水阀 (batch-3)
fti 125 spirax sarco,疏水阀,,FTI125 -> 疏水阀 (batch-3)
fti 125 spirax sarco trap,疏水阀,,FTI125 -> 疏水阀 (batch-3)
spirax sarco bpt13s,疏水阀,product,BPT13S -> 疏水阀 (batch-3)
bpt13s spirax sarco,疏水阀,,BPT13S -> 疏水阀 (batch-3)
spirax sarco bpt 13s,疏水阀,,BPT13S -> 疏水阀 (batch-3)
spirax sarco bpt13s drawing dwg dxf cad,疏水阀,,BPT13S -> 疏水阀 (batch-3)
spirax sarco b1x,疏水阀,product,B1X -> 疏水阀 (batch-3)
spirax sarco b 1x,疏水阀,,B1X -> 疏水阀 (batch-3)
spirax sarco b-1x,疏水阀,,B1X -> 疏水阀 (batch-3)
spirax sarco b1x 125,疏水阀,,B1X -> 疏水阀 (batch-3)
spirax sarco b1x-75,疏水阀,,B1X -> 疏水阀 (batch-3)
conexion de spirax sarco vlm20,流量计,,VLM20 -> 流量计 (batch-3)
conexion de spirax sarco vortex vlm20,流量计,,VLM20 -> 流量计 (batch-3)
spirax sarco vlm20,流量计,,VLM20 -> 流量计 (batch-3)
spirax sarco vlm20 manual,流量计,,VLM20 -> 流量计 (batch-3)
vlm20 spirax sarco,流量计,,VLM20 -> 流量计 (batch-3)
spirax sarco pf61g 2nc,角阀,product,PF61G -> 角阀 (batch-4)
pf61g spirax sarco,角阀,,PF61G -> 角阀 (batch-4)
pf61g-2nc spirax sarco,角阀,product,PF61G -> 角阀 (batch-4)
spirax sarco pf61g,角阀,,PF61G -> 角阀 (batch-4)
spirax sarco pf61g-2nc,角阀,product,PF61G -> 角阀 (batch-4)
pf61g 2nc spirax sarco,角阀,,PF61G -> 角阀 (batch-4)
pf61g spirax sarco pdf,角阀,,PF61G -> 角阀 (batch-4)
pf61g2nc spirax sarco,角阀,,PF61G -> 角阀 (batch-4)
spirax sarco pf61g 2bd,角阀,,PF61G -> 角阀 (batch-4)
spirax sarco pf61g2nc,角阀,,PF61G -> 角阀 (batch-4)
spirax sarco sp200,阀门定位器,product,SP200 -> 阀门定位器 (batch-4)
spirax sarco sp 200 manual,阀门定位器,,SP200 -> 阀门定位器 (batch-4)
spirax sarco sp200 manual,阀门定位器,,SP200 -> 阀门定位器 (batch-4)
spirax sarco td62,疏水阀,product,TD62 -> 疏水阀 (batch-4)
td62 spirax sarco,疏水阀,product,TD62 -> 疏水阀 (batch-4)
spirax sarco td 62,疏水阀,,TD62 -> 疏水阀 (batch-4)
bcr3150 spirax sarco,排污控制器,,BCR3150 -> 排污控制器 (batch-4)
spirax sarco bcr3150,排污控制器,,BCR3150 -> 排污控制器 (batch-4)
spirax sarco bcr3150 manual,排污控制器,,BCR3150 -> 排污控制器 (batch-4)
bc1100 spirax sarco,排污控制器,,BC1100 -> 排污控制器 (batch-5)
spirax sarco bc1100,排污控制器,,BC1100 -> 排污控制器 (batch-5)
spirax sarco bc1100 3100 manual,排污控制器,,BC1100 -> 排污控制器 (batch-5)
bcs4 spirax sarco,排污控制系统,,BCS4 -> 排污控制系统 (batch-5)
spirax sarco bcs4,排污控制系统,,BCS4 -> 排污控制系统 (batch-5)
spirax sarco bcs4 dn20 pn40,排污控制系统,,BCS4 -> 排污控制系统 (batch-5)
dlv7 spirax sarco,减压阀,,DLV7 -> 减压阀 (batch-5)
spirax sarco dlv7 imi,减压阀,,DLV7 -> 减压阀 (batch-5)
spirax sarco dlv7 ti,减压阀,,DLV7 -> 减压阀 (batch-5)
spirax sarco ipc4 converter,电气转换器,,IPC4 -> 电气转换器 (batch-5)
conversor ipc4 spirax sarco,电气转换器,,IPC4 -> 电气转换器 (batch-5)
corversor ipc 4 spirax sarco,电气转换器,,IPC4 -> 电气转换器 (batch-5)
ipc converter spirax sarco ipc4,电气转换器,,IPC4 -> 电气转换器 (batch-5)
spirax sarco ipc 4 converter,电气转换器,,IPC4 -> 电气转换器 (batch-5)
spirax sarco m21si2,球阀,,M21SI2 -> 球阀 (batch-6)
spirax sarco m21si2 bva325,球阀,,M21SI2 -> 球阀 (batch-6)
spirax sarco m21si2 bva325 slr42,球阀,,M21SI2 -> 球阀 (batch-6)
isp5 spirax sarco,阀门定位器,,ISP5 -> 阀门定位器 (batch-6)
isp5 spirax sarco ghjlf,阀门定位器,,ISP5 -> 阀门定位器 (batch-6)
spirax sarco isp5,阀门定位器,,ISP5 -> 阀门定位器 (batch-6)
spirax sarco ael5,执行器,,AEL5 -> 执行器 (batch-7)
ael5 spirax sarco,执行器,,AEL5 -> 执行器 (batch-7)
bc 3210 spirax sarco,排污控制器,,BC3210 -> 排污控制器 (batch-7)
bc3210 spirax sarco,排污控制器,,BC3210 -> 排污控制器 (batch-7)
spirax sarco bc3210,排污控制器,,BC3210 -> 排污控制器 (batch-7)
spirax sarco ael3e,执行器,,AEL3E -> 执行器 (batch-8)
spirax sarco ael3e manual,执行器,product,AEL3E -> 执行器 (batch-8)
av21 spirax sarco,排空气阀,,AV21 -> 排空气阀 (batch-8)
spirax sarco av21,排空气阀,,AV21 -> 排空气阀 (batch-8)
m33 spirax sarco,球阀,,M33 family -> 球阀 (batch-9-manual-family)
m33 v2 iso acero carbono spirax sarco,球阀,,M33 family -> 球阀 (batch-9-manual-family)
spirax sarco m33,球阀,,M33 family -> 球阀 (batch-9-manual-family)
spirax sarco lcv1,止回阀,product,product
spirax sarco dbb3,截止阀,product,product
spirax sarco utd30l,疏水阀,product,product
spirax sarco ke43,控制阀,product,product
lea31 spirax sarco,控制阀,product,product
spirax sarco pp5,阀门定位器,product,product
spirax sarco m800,流量计算机,product,product
spirax sarco p25,减压阀,pending,alias
spirax sarco p25 3d,减压阀,pending,alias
spirax sarco p25 instrucciones vapor,减压阀,pending,alias
spirax sarco tf14,疏水阀,pending,alias
spirax sarco tf14 manual,疏水阀,pending,alias
spirax sarco pn600,气动控制器,pending,product
notice spirax sarco pn600,气动控制器,pending,docs
spirax sarco el7213a se,执行器,product,official-search
spirax sarco sx100e,过程控制器,product,official-search
rest spirax sarco sx100e,过程控制器,product,official-search
spirax sarco sx25,过程控制器,product,official-search
spirax sarco sx25 instrukcja,过程控制器,product,official-search
spirax sarco sx25-ma,过程控制器,product,official-search
b3-125 spirax sarco,疏水阀,pending,B-series inverted bucket trap family
b3-125 spirax sarco costo,疏水阀,pending,B-series inverted bucket trap family
b3-250 spirax sarco trap 1,疏水阀,pending,B-series inverted bucket trap family
b4 spirax sarco,疏水阀,pending,B-series inverted bucket trap family
b4 spirax sarco pdf,疏水阀,pending,B-series inverted bucket trap family
b5 spirax sarco,疏水阀,pending,B-series inverted bucket trap family
b5-125 spirax sarco,疏水阀,pending,B-series inverted bucket trap family
b5125 spirax sarco,疏水阀,pending,B-series inverted bucket trap family
cuantos bares trabaja la b4 spirax sarco,疏水阀,pending,B-series inverted bucket trap family
spirax sarco b-4,疏水阀,pending,B-series inverted bucket trap family
spirax sarco b-5,疏水阀,pending,B-series inverted bucket trap family
spirax sarco b5-180,疏水阀,pending,B-series inverted bucket trap family
spirax sarco ft10,疏水阀,product,official-search
ft10 spirax sarco,疏水阀,product,official-search
r16c spirax sarco,监测器,pending,Spiratec trap monitor
spirax sarco b1-x-75,疏水阀,pending,official-installation-doc
lcv2 spirax sarco,止回阀,pending,official-search
dbb3 spirax sarco,截止阀,pending,confirmed-variant
spirax sarco bcr3250,排污控制器,pending,confirmed-variant
ke43 spirax sarco,控制阀,pending,confirmed-variant
lcv1 spirax sarco,止回阀,pending,confirmed-variant
spirax sarco el7213a-se,执行器,pending,confirmed-variant
spirax sarco el7213a,执行器,pending,confirmed-variant
spirax sarco el7213ase,执行器,pending,confirmed-variant
utd30l spirax sarco,疏水阀,pending,confirmed-variant
lc1300 spirax sarco,液位控制器,pending,confirmed-variant
spirax sarco lc1300,液位控制器,pending,confirmed-variant
spirax sarco cp40,电导率感应器,pending,confirmed-variant
spirax sarco lc2610 damping,液位控制器,pending,confirmed-variant
spirax sarco lc2610 manual,液位控制器,pending,confirmed-variant
spirax sarco-lc2610,液位控制器,pending,confirmed-variant
spirax sarco lp21,液位感应器,pending,confirmed-variant
spirax sarco r16c,监测器,pending,confirmed-variant
tss300 spirax sarco,疏水阀,pending,confirmed-variant
spirax sarco el5600,执行器,pending,EL5600 series actuator
spirax sarco el5601,执行器,pending,EL5600 series actuator
spirax sarco el5611,执行器,pending,EL5600 series actuator
spirax sarco el5611 manual,执行器,pending,EL5600 series actuator
spirax sarco el5614,执行器,pending,EL5600 series actuator
spirax sarco el5621,执行器,pending,EL5600 series actuator
spirax sarco up100,监测器,product,official-search
cs10 spirax sarco,汽水分离器,pending,local-doc-confirmed
dm13 spirax sarco,电磁阀,pending,local-doc-confirmed
spirax sarco dm21,电磁阀,pending,local-doc-confirmed
kea43 spirax sarco,控制阀,pending,local-doc-confirmed
kea73 spirax sarco,控制阀,pending,local-doc-confirmed
spirax sarco kea43,控制阀,pending,local-doc-confirmed
spirax sarco kea73,控制阀,pending,local-doc-confirmed
spirax sarco le31,控制阀,pending,local-doc-confirmed
spirax sarco lea33,控制阀,pending,local-doc-confirmed
spirax sarco ql33d,控制阀,pending,local-doc-confirmed
spirax sarco ql33d dn50,控制阀,pending,local-doc-confirmed
spirax sarco f50c,截止阀,pending,local-doc-confirmed
spirax sarco srv6,减压阀,product,SRV6 -> 减压阀 (batch-34; 本地资料库/官网型号语义确认)
bc 3200 spirax sarco,排污控制器,,BC-3200 -> 排污控制器 (batch-34; 本地资料库/官网型号语义确认)
spirax sarco sx100-1 manual,过程控制器,,SX100-1 -> 过程控制器 (batch-34; 本地资料库/官网型号语义确认)
2 spirax sarco ft-185,疏水阀,,FT-185 -> 疏水阀 (batch-34; 本地资料库/官网型号语义确认)
attuatore pneumatico spirax sarco pn3232,执行器,,PN3232 -> 执行器 (batch-34; 本地资料库/官网型号语义确认)
attuatore spirax sarco pn3326,执行器,,PN3326 -> 执行器 (batch-34; 本地资料库/官网型号语义确认)
b3s spirax sarco,疏水阀,,B3S -> 疏水阀 (batch-34; 本地资料库/官网型号语义确认)
bc3050 spirax sarco,排污控制器,,BC3050 -> 排污控制器 (batch-34; 本地资料库/官网型号语义确认)
bpt1 ax 1 2 bsp cap nts spirax sarco,疏水阀,,BPT1 -> 疏水阀 (batch-34; 本地资料库/官网型号语义确认)
brv25 spirax sarco,减压阀,,BRV-25 -> 减压阀 (batch-34; 本地资料库/官网型号语义确认)
clean steam generator-spirax sarco model blu-800-2000-6000,洁净蒸汽发生器,,BLU-800-2000-6000 -> 洁净蒸汽发生器 (batch-34; 本地资料库/官网型号语义确认)
d16 spirax sarco ft1-125,疏水阀,,FT1-125 -> 疏水阀 (batch-34; 本地资料库/官网型号语义确认)
dp23 spirax sarco,减压阀,,DP23 -> 减压阀 (batch-34; 本地资料库/官网型号语义确认)
dp25 spirax sarco,减压阀,,DP25 -> 减压阀 (batch-34; 本地资料库/官网型号语义确认)
dpy27y spirax sarco,减压阀,,DPY27Y -> 减压阀 (batch-34; 本地资料库/官网型号语义确认)
drv3 spirax sarco,减压阀,,DRV3 -> 减压阀 (batch-34; 本地资料库/官网型号语义确认)
f34 spirax sarco,过滤器,,F34 -> 过滤器 (batch-34; 本地资料库/官网型号语义确认)
fig33 spirax sarco,过滤器,,FIG33 -> 过滤器 (batch-34; 本地资料库/官网型号语义确认)
ft 200 spirax sarco,疏水阀,,FT-200 -> 疏水阀 (batch-34; 本地资料库/官网型号语义确认)
ft-150 spirax sarco,疏水阀,,FT-150 -> 疏水阀 (batch-34; 本地资料库/官网型号语义确认)
ft-30 spirax sarco,疏水阀,,FT-30 -> 疏水阀 (batch-34; 本地资料库/官网型号语义确认)
ft1414 spirax sarco,疏水阀,,FT1414 -> 疏水阀 (batch-34; 本地资料库/官网型号语义确认)
ft144 5 spirax sarco,疏水阀,,FT144 -> 疏水阀 (batch-34; 本地资料库/官网型号语义确认)
ft17 spirax sarco,疏水阀,,FT17 -> 疏水阀 (batch-34; 本地资料库/官网型号语义确认)
ft20 spirax sarco,疏水阀,,FT20 -> 疏水阀 (batch-34; 本地资料库/官网型号语义确认)
ft3221 spirax sarco,疏水阀,,FT3221 -> 疏水阀 (batch-34; 本地资料库/官网型号语义确认)
ft4310 spirax sarco,疏水阀,,FT4310 -> 疏水阀 (batch-34; 本地资料库/官网型号语义确认)
ft43h-10 spirax sarco,疏水阀,,FT43H-10 -> 疏水阀 (batch-34; 本地资料库/官网型号语义确认)
ft461 spirax sarco,疏水阀,,FT461 -> 疏水阀 (batch-34; 本地资料库/官网型号语义确认)
ft461-4htb spirax sarco,疏水阀,,FT461-4HTB -> 疏水阀 (batch-34; 本地资料库/官网型号语义确认)
ftb-125 spirax sarco,疏水阀,,FTB-125 -> 疏水阀 (batch-34; 本地资料库/官网型号语义确认)
ftb-200 spirax sarco,疏水阀,,FTB-200 -> 疏水阀 (batch-34; 本地资料库/官网型号语义确认)
ftb17597 spirax sarco,疏水阀,,FTB17597 -> 疏水阀 (batch-34; 本地资料库/官网型号语义确认)
ftb200 spirax sarco,疏水阀,,FTB-200 -> 疏水阀 (batch-34; 本地资料库/官网型号语义确认)
ftsg14 spirax sarco,疏水阀,,FTSG14 -> 疏水阀 (batch-34; 本地资料库/官网型号语义确认)
ke71 spirax sarco,控制阀,,KE71 -> 控制阀 (batch-34; 本地资料库/官网型号语义确认)
lc1000 spirax sarco,液位控制器,,LC1000 -> 液位控制器 (batch-34; 本地资料库/官网型号语义确认)
lc1130 spirax sarco,液位控制器,,LC1130 -> 液位控制器 (batch-34; 本地资料库/官网型号语义确认)
lcv4 spirax sarco,止回阀,,LCV4 -> 止回阀 (batch-34; 本地资料库/官网型号语义确认)
le3 spirax sarco,控制阀,,LE3 -> 控制阀 (batch-34; 本地资料库/官网型号语义确认)
lea63 spirax sarco,控制阀,,LEA63 -> 控制阀 (batch-34; 本地资料库/官网型号语义确认)
m10ti iso spirax sarco,球阀,,M10TI -> 球阀 (batch-34; 本地资料库/官网型号语义确认)
m10v spirax sarco,球阀,,M10V -> 球阀 (batch-34; 本地资料库/官网型号语义确认)
m10v2 spirax sarco,球阀,,M10V2 -> 球阀 (batch-34; 本地资料库/官网型号语义确认)
m10vi iso spirax sarco manual pdf,球阀,,M10VI -> 球阀 (batch-34; 本地资料库/官网型号语义确认)
m40i spirax sarco,球阀,,M40I -> 球阀 (batch-34; 本地资料库/官网型号语义确认)
m40s spirax sarco,球阀,,M40S -> 球阀 (batch-34; 本地资料库/官网型号语义确认)
mst21h spirax sarco,疏水阀,,MST21H -> 疏水阀 (batch-34; 本地资料库/官网型号语义确认)
pf5 spirax sarco,角阀,,PF5 -> 角阀 (batch-34; 本地资料库/官网型号语义确认)
pf51 spirax sarco,角阀,,PF51 -> 角阀 (batch-34; 本地资料库/官网型号语义确认)
pf63g spirax sarco,角阀,,PF63G -> 角阀 (batch-34; 本地资料库/官网型号语义确认)
pn3000 spirax sarco,执行器,,PN3000 -> 执行器 (batch-34; 本地资料库/官网型号语义确认)
pn9100 spirax sarco,执行器,,PN9100 -> 执行器 (batch-34; 本地资料库/官网型号语义确认)
pt100 spirax sarco,温度传感器,,PT100 -> 温度传感器 (batch-34; 本地资料库/官网型号语义确认)
pt100 spirax sarco conexiones,温度传感器,,PT100 -> 温度传感器 (batch-34; 本地资料库/官网型号语义确认)
ql43d spirax sarco,控制阀,,QL43D -> 控制阀 (batch-34; 本地资料库/官网型号语义确认)
sbp30 spirax sarco,疏水阀,,SBP30 -> 疏水阀 (batch-34; 本地资料库/官网型号语义确认)
sensor pt100 spirax sarco conexiones,温度传感器,,PT100 -> 温度传感器 (batch-34; 本地资料库/官网型号语义确认)
spirax sarco 2gd bva340,执行器,,BVA340 -> 执行器 (batch-34; 本地资料库/官网型号语义确认)
spirax sarco ael51211jx,执行器,,AEL51211JX -> 执行器 (batch-34; 本地资料库/官网型号语义确认)
spirax sarco ael62211jx,执行器,,AEL62211JX -> 执行器 (batch-34; 本地资料库/官网型号语义确认)
spirax sarco ael62213 fs,执行器,,AEL62213 -> 执行器 (batch-34; 本地资料库/官网型号语义确认)
spirax sarco ael63213fx,执行器,,AEL63213FX -> 执行器 (batch-34; 本地资料库/官网型号语义确认)
spirax sarco ael63231js,执行器,,AEL63231JS -> 执行器 (batch-34; 本地资料库/官网型号语义确认)
spirax sarco ael64221js,执行器,,AEL64221JS -> 执行器 (batch-34; 本地资料库/官网型号语义确认)
spirax sarco ahl1,执行器,,AHL1 -> 执行器 (batch-34; 本地资料库/官网型号语义确认)
spirax sarco b1hs 30,疏水阀,,B1HS -> 疏水阀 (batch-34; 本地资料库/官网型号语义确认)
spirax sarco b1hs-125,疏水阀,,B1HS-125 -> 疏水阀 (batch-34; 本地资料库/官网型号语义确认)
spirax sarco b1hs-250,疏水阀,,B1HS-250 -> 疏水阀 (batch-34; 本地资料库/官网型号语义确认)
spirax sarco b3-30,疏水阀,,B3-30 -> 疏水阀 (batch-34; 本地资料库/官网型号语义确认)
spirax sarco b3-75,疏水阀,,B3-75 -> 疏水阀 (batch-34; 本地资料库/官网型号语义确认)
spirax sarco bc-3200 3210,排污控制器,,BC-3200 -> 排污控制器 (batch-34; 本地资料库/官网型号语义确认)
spirax sarco bc3100,排污控制器,,BC3100 -> 排污控制器 (batch-34; 本地资料库/官网型号语义确认)
spirax sarco bc3200 manual,排污控制器,,BC-3200 -> 排污控制器 (batch-34; 本地资料库/官网型号语义确认)
spirax sarco bcv31,控制阀,,BCV31 -> 控制阀 (batch-34; 本地资料库/官网型号语义确认)
spirax sarco bcv41,控制阀,,BCV41 -> 控制阀 (batch-34; 本地资料库/官网型号语义确认)
spirax sarco bcv43dn20,控制阀,,BCV43DN20 -> 控制阀 (batch-34; 本地资料库/官网型号语义确认)
spirax sarco bh-75,疏水阀,,BH-75 -> 疏水阀 (batch-34; 本地资料库/官网型号语义确认)
spirax sarco bma51 b1000117,控制阀,,BMA51 -> 控制阀 (batch-34; 本地资料库/官网型号语义确认)
spirax sarco bps32cv,疏水阀,,BPS32CV -> 疏水阀 (batch-34; 本地资料库/官网型号语义确认)
spirax sarco brv-25,减压阀,,BRV-25 -> 减压阀 (batch-34; 本地资料库/官网型号语义确认)
spirax sarco brv25,减压阀,,BRV-25 -> 减压阀 (batch-34; 本地资料库/官网型号语义确认)
spirax sarco bt16 trap,疏水阀,,BT16 -> 疏水阀 (batch-34; 本地资料库/官网型号语义确认)
spirax sarco bt16b manual,疏水阀,,BT16B -> 疏水阀 (batch-34; 本地资料库/官网型号语义确认)
spirax sarco bts2,疏水阀,,BTS2 -> 疏水阀 (batch-34; 本地资料库/官网型号语义确认)
spirax sarco bva325s 14,执行器,,BVA325S -> 执行器 (batch-34; 本地资料库/官网型号语义确认)
spirax sarco bx2,控制阀,,BX2 -> 控制阀 (batch-34; 本地资料库/官网型号语义确认)
spirax sarco bx6,控制阀,,BX6 -> 控制阀 (batch-34; 本地资料库/官网型号语义确认)
spirax sarco ca46s21,疏水阀,,CA46S21 -> 疏水阀 (batch-34; 本地资料库/官网型号语义确认)
spirax sarco dm582a,电磁阀,,DM582A -> 电磁阀 (batch-34; 本地资料库/官网型号语义确认)
spirax sarco dp143e,减压阀,,DP143E -> 减压阀 (batch-34; 本地资料库/官网型号语义确认)
spirax sarco dp17e,减压阀,,DP17E -> 减压阀 (batch-34; 本地资料库/官网型号语义确认)
spirax sarco dp17r,减压阀,,DP17R -> 减压阀 (batch-34; 本地资料库/官网型号语义确认)
spirax sarco dp17s precio,减压阀,,DP17S -> 减压阀 (batch-34; 本地资料库/官网型号语义确认)
spirax sarco dp610,减压阀,,DP610 -> 减压阀 (batch-34; 本地资料库/官网型号语义确认)
spirax sarco drv2s,减压阀,,DRV2S -> 减压阀 (batch-34; 本地资料库/官网型号语义确认)
spirax sarco f50,截止阀,,F50 -> 截止阀 (batch-34; 本地资料库/官网型号语义确认)
spirax sarco fc50,截止阀,,FC50 -> 截止阀 (batch-34; 本地资料库/官网型号语义确认)
spirax sarco ft 200,疏水阀,,FT-200 -> 疏水阀 (batch-34; 本地资料库/官网型号语义确认)
spirax sarco ft-185,疏水阀,,FT-185 -> 疏水阀 (batch-34; 本地资料库/官网型号语义确认)
spirax sarco ft-44v,疏水阀,,FT-44V -> 疏水阀 (batch-34; 本地资料库/官网型号语义确认)
spirax sarco ft144 5,疏水阀,,FT144 -> 疏水阀 (batch-34; 本地资料库/官网型号语义确认)
spirax sarco ft145,疏水阀,,FT145 -> 疏水阀 (batch-34; 本地资料库/官网型号语义确认)
spirax sarco ft14c,疏水阀,,FT14C -> 疏水阀 (batch-34; 本地资料库/官网型号语义确认)
spirax sarco ft200,疏水阀,,FT-200 -> 疏水阀 (batch-34; 本地资料库/官网型号语义确认)
spirax sarco ft2075,疏水阀,,FT2075 -> 疏水阀 (batch-34; 本地资料库/官网型号语义确认)
spirax sarco ft4310,疏水阀,,FT4310 -> 疏水阀 (batch-34; 本地资料库/官网型号语义确认)
spirax sarco ft43v,疏水阀,,FT43V -> 疏水阀 (batch-34; 本地资料库/官网型号语义确认)
spirax sarco ft55,疏水阀,,FT55 -> 疏水阀 (batch-34; 本地资料库/官网型号语义确认)
spirax sarco ft55 tv,疏水阀,,FT55 -> 疏水阀 (batch-34; 本地资料库/官网型号语义确认)
spirax sarco ft57,疏水阀,,FT57 -> 疏水阀 (batch-34; 本地资料库/官网型号语义确认)
spirax sarco ft57h,疏水阀,,FT57H -> 疏水阀 (batch-34; 本地资料库/官网型号语义确认)
spirax sarco fv50,闪蒸罐,,FV50 -> 闪蒸罐 (batch-34; 本地资料库/官网型号语义确认)
spirax sarco ke31,控制阀,,KE31 -> 控制阀 (batch-34; 本地资料库/官网型号语义确认)
spirax sarco lcs1000,液位控制器,,LCS1000 -> 液位控制器 (batch-34; 本地资料库/官网型号语义确认)
spirax sarco ll33 ptsuss.2,控制阀,,LL33 -> 控制阀 (batch-34; 本地资料库/官网型号语义确认)
spirax sarco m10hi2,球阀,,M10HI2 -> 球阀 (batch-34; 本地资料库/官网型号语义确认)
spirax sarco m10v2rb,球阀,,M10V2RB -> 球阀 (batch-34; 本地资料库/官网型号语义确认)
spirax sarco m10vi4,球阀,,M10VI4 -> 球阀 (batch-34; 本地资料库/官网型号语义确认)
spirax sarco m33f2,球阀,,M33F2 -> 球阀 (batch-34; 本地资料库/官网型号语义确认)
spirax sarco m60g,球阀,,M60G -> 球阀 (batch-34; 本地资料库/官网型号语义确认)
spirax sarco m60v,球阀,,M60V -> 球阀 (batch-34; 本地资料库/官网型号语义确认)
spirax sarco pn1000,执行器,,PN1000 -> 执行器 (batch-34; 本地资料库/官网型号语义确认)
spirax sarco pn3436,执行器,,PN3436 -> 执行器 (batch-34; 本地资料库/官网型号语义确认)
spirax sarco pn9337e,执行器,,PN9337E -> 执行器 (batch-34; 本地资料库/官网型号语义确认)
spirax sarco pn9420,执行器,,PN9420 -> 执行器 (batch-34; 本地资料库/官网型号语义确认)
spirax sarco reduceer irv-2,减压阀,,IRV-2 -> 减压阀 (batch-34; 本地资料库/官网型号语义确认)
spirax sarco reducer irv2,减压阀,,IRV-2 -> 减压阀 (batch-34; 本地资料库/官网型号语义确认)
spirax sarco referencia sv74xn,安全阀,,SV74XN -> 安全阀 (batch-34; 本地资料库/官网型号语义确认)
spirax sarco rv12,减压阀,,RV12 -> 减压阀 (batch-34; 本地资料库/官网型号语义确认)
spirax sarco rv2c,减压阀,,RV2C -> 减压阀 (batch-34; 本地资料库/官网型号语义确认)
spirax sarco sa8,疏水阀,,SA8 -> 疏水阀 (batch-34; 本地资料库/官网型号语义确认)
spirax sarco sf1,疏水阀,,SF1 -> 疏水阀 (batch-34; 本地资料库/官网型号语义确认)
spirax sarco sf2,疏水阀,,SF2 -> 疏水阀 (batch-34; 本地资料库/官网型号语义确认)
spirax sarco st17,疏水阀,,ST17 -> 疏水阀 (batch-34; 本地资料库/官网型号语义确认)
spirax sarco stgs14,疏水阀,,STGS14 -> 疏水阀 (batch-34; 本地资料库/官网型号语义确认)
spirax sarco sv5601,安全阀,,SV5601 -> 安全阀 (batch-34; 本地资料库/官网型号语义确认)
spirax sarco sv606,安全阀,,SV606 -> 安全阀 (batch-34; 本地资料库/官网型号语义确认)
spirax sarco sv80,安全阀,,SV80 -> 安全阀 (batch-34; 本地资料库/官网型号语义确认)
spirax sarco sx95,过程控制器,,SX95 -> 过程控制器 (batch-34; 本地资料库/官网型号语义确认)
spirax sarco td43l,疏水阀,,TD43L -> 疏水阀 (batch-34; 本地资料库/官网型号语义确认)
spirax sarco th25,疏水阀,,TH25 -> 疏水阀 (batch-34; 本地资料库/官网型号语义确认)
spirax sarco ti-2-314 ft-200,疏水阀,,FT-200 -> 疏水阀 (batch-34; 本地资料库/官网型号语义确认)
spirax sarco type pn933oe,执行器,,PN933OE -> 执行器 (batch-34; 本地资料库/官网型号语义确认)
st14 spirax sarco,疏水阀,,ST14 -> 疏水阀 (batch-34; 本地资料库/官网型号语义确认)
sts13 spirax sarco,疏水阀,,STS13 -> 疏水阀 (batch-34; 本地资料库/官网型号语义确认)
sts17 spirax sarco,疏水阀,,STS17 -> 疏水阀 (batch-34; 本地资料库/官网型号语义确认)
sv56 spirax sarco,安全阀,,SV56 -> 安全阀 (batch-34; 本地资料库/官网型号语义确认)
sv5708 spirax sarco,安全阀,,SV5708 -> 安全阀 (batch-34; 本地资料库/官网型号语义确认)
sv604 spirax sarco,安全阀,,SV604 -> 安全阀 (batch-34; 本地资料库/官网型号语义确认)
sv69l spirax sarco,安全阀,,SV69L -> 安全阀 (batch-34; 本地资料库/官网型号语义确认)
sx2000 spirax sarco,过程控制器,,SX2000 -> 过程控制器 (batch-34; 本地资料库/官网型号语义确认)
sx40 spirax sarco,过程控制器,,SX40 -> 过程控制器 (batch-34; 本地资料库/官网型号语义确认)
tanque fv8 spirax sarco,闪蒸罐,,FV8 -> 闪蒸罐 (batch-34; 本地资料库/官网型号语义确认)
tf14 spirax sarco,疏水阀,,TF14 -> 疏水阀 (batch-34; 本地资料库/官网型号语义确认)
transmisor temperatura pt100 spirax-sarco,温度传感器,,PT100 -> 温度传感器 (batch-34; 本地资料库/官网型号语义确认)
spirax sarco vent head,排空帽,category,vent head -> 排空帽 (batch-35; 本地资料库 VHT 排空帽/vent head 语义确认)
flujometro spirax sarco,流量计,,flujometro -> 流量计 (batch-35; 西语关键词语义确认)
mpc2 spirax sarco,过滤调节器,,MPC2 -> 过滤调节器 (batch-35; 官网 compressed air filter regulator)
spirax sarco bdv1,排污阀,,BDV1 -> 排污阀 (batch-35; 官网 blowdown/depressurisation valve)
spirax sarco csm-500,洁净蒸汽发生器,,CSM-500 -> 洁净蒸汽发生器 (batch-35; 官网 CSM clean steam generator)
spirax sarco df3,消音器,,DF3 -> 消音器 (batch-35; 官网 trap diffuser + 本地 DF 消音器)
spirax sarco in25,喷射器,,IN25 -> 喷射器 (batch-35; 官网 Steam Injectors IN15 IN25 IN40M)
spirax sarco lt2010 pdf,变送器,,LT2010 -> 变送器 (batch-35; 官网 Level Transmitter)
spirax sarco sp2,阀门定位器,,SP2 -> 阀门定位器 (batch-35; 官网 electropneumatic smart valve positioner)
spirax sarco staps isa100 wireless,监测器,,ISA100/STAPS -> 监测器 (batch-35; 官网 STAPS steam trap monitoring system)
spirax sarco staps wireless,监测器,,STAPS wireless -> 监测器 (batch-35; 官网/本地疏水阀无线监测系统)
spirax sarco straps isa100 wireless,监测器,,ISA100/STAPS typo -> 监测器 (batch-35; 官网 STAPS ISA100 wireless)
spirax sarco vht8,排空帽,,VHT8 -> 排空帽 (batch-35; 本地资料库 VHT 排空帽)
staps spirax sarco,监测器,,STAPS -> 监测器 (batch-35; 官网/本地疏水阀无线监测系统)
visor de flujo1 spirax sarco,观视镜,,FLUJO1/visor de flujo -> 观视镜 (batch-35; 西语关键词语义确认)
clean steam generator spirax sarco,洁净蒸汽发生器,category,clean steam generator -> 洁净蒸汽发生器 (batch-36; 人工语义分类)
spirax sarco clean steam generator,洁净蒸汽发生器,category,clean steam generator -> 洁净蒸汽发生器 (batch-36; 人工语义分类)
spirax sarco diffuser,消音器,category,diffuser -> 消音器 (batch-36; 人工语义分类)
spirax sarco double block and bleed,双切断排放阀,category,double block and bleed -> 双切断排放阀 (batch-36; 人工语义分类)
spirax sarco double block and bleed valve,双切断排放阀,category,double block and bleed valve -> 双切断排放阀 (batch-36; 人工语义分类)
spirax sarco gate valve,闸阀,category,gate valve -> 闸阀 (batch-36; 人工语义分类)
spirax sarco mixing valve,混合阀,category,mixing valve -> 混合阀 (batch-36; 人工语义分类)
spirax sarco steam water mixing valve,混合阀,category,steam water mixing valve -> 混合阀 (batch-36; 人工语义分类)
spirax sarco 3 way valve,三通阀,category,3 way valve -> 三通阀 (batch-36; 人工语义分类)
spirax sarco butterfly valve,蝶阀,category,butterfly valve -> 蝶阀 (batch-36; 人工语义分类)
spirax sarco steam humidifier,空气加湿器,category,steam humidifier -> 空气加湿器 (batch-36; 人工语义分类)
3 way valve spirax sarco,三通阀,,3 way valve -> 三通阀 (batch-36; 人工语义分类)
bellows sealed valve spirax sarco,截止阀,,bellows sealed valve -> 截止阀 (batch-36; 人工语义分类)
gate valve spirax sarco,闸阀,,gate valve -> 闸阀 (batch-36; 人工语义分类)
instalation instructions for spirax sarco d series noise diffuser,消音器,,noise diffuser -> 消音器 (batch-36; 人工语义分类)
mixing valve spirax sarco,混合阀,,mixing valve -> 混合阀 (batch-36; 人工语义分类)
mkii valve spirax sarco,混合阀,,MKII valve -> 蒸汽/水混合阀 (batch-36; 人工语义分类)
modulating valve spirax sarco bim,调节阀,,modulating valve -> 调节阀 (batch-36; 人工语义分类)
piston operated valve spirax sarco,活塞阀,,piston operated valve -> 活塞阀 (batch-36; 人工语义分类)
piston valve spirax sarco,活塞阀,,piston valve -> 活塞阀 (batch-36; 人工语义分类)
regulation valve steam spirax sarco,调节阀,,regulation valve -> 调节阀 (batch-36; 人工语义分类)
regulation valve steam spirax sarco dn 250,调节阀,,regulation valve -> 调节阀 (batch-36; 人工语义分类)
regulation valve steam spirax sarco dn 65,调节阀,,regulation valve -> 调节阀 (batch-36; 人工语义分类)
spirax sarco 3 port valve,三通阀,,3 port valve -> 三通阀 (batch-36; 人工语义分类)
spirax sarco air eliminator valve,排空气阀,,air eliminator valve -> 排空气阀 (batch-36; 人工语义分类)
spirax sarco air release valve,排空气阀,,air release valve -> 排空气阀 (batch-36; 人工语义分类)
spirax sarco air valve,排空气阀,,air valve -> 排空气阀 (batch-36; 人工语义分类)
spirax sarco angle seat valve,角座阀,,angle seat valve -> 角座阀 (batch-36; 人工语义分类)
spirax sarco commercial steam humidifier,空气加湿器,,commercial steam humidifier -> 空气加湿器 (batch-36; 人工语义分类)
spirax sarco compact clean steam generator,洁净蒸汽发生器,,compact clean steam generator -> 洁净蒸汽发生器 (batch-36; 人工语义分类)
spirax sarco compact clean steam generator price,洁净蒸汽发生器,,compact clean steam generator -> 洁净蒸汽发生器 (batch-36; 人工语义分类)
spirax sarco diffuser installation,消音器,,diffuser installation -> 消音器 (batch-36; 人工语义分类)
spirax sarco diffuser installation site spiraxsarco.com,消音器,,diffuser installation -> 消音器 (batch-36; 人工语义分类)
spirax sarco electric steam generator,电蒸汽发生器,,electric steam generator -> 电蒸汽发生器 (batch-36; 人工语义分类)
spirax sarco gate valve pn25,闸阀,,gate valve -> 闸阀 (batch-36; 人工语义分类)
spirax sarco level probe,液位感应器,,level probe -> 液位感应器 (batch-36; 人工语义分类)
spirax sarco modulating steam valve,调节阀,,modulating steam valve -> 调节阀 (batch-36; 人工语义分类)
spirax sarco needle valve,针阀,,needle valve -> 针阀 (batch-36; 人工语义分类)
spirax sarco piston valve,活塞阀,,piston valve -> 活塞阀 (batch-36; 人工语义分类)
spirax sarco pure steam generator,洁净蒸汽发生器,,pure steam generator -> 洁净蒸汽发生器 (batch-36; 人工语义分类)
spirax sarco smart dp transmitter,变送器,,smart DP transmitter -> 变送器 (batch-36; 人工语义分类)
spirax sarco spirax sarco needle valve,针阀,,needle valve -> 针阀 (batch-36; 人工语义分类)
spirax sarco steam/water mixing valve,混合阀,,steam/water mixing valve -> 混合阀 (batch-36; 人工语义分类)
spirax sarco wfi generator,洁净蒸汽发生器,,WFI generator -> 洁净蒸汽发生器 (batch-36; 人工语义分类)
steam diffuser installation spirax sarco,消音器,,steam diffuser -> 消音器 (batch-36; 人工语义分类)
transmitter differentielle spirax sarco,变送器,,differential transmitter -> 变送器 (batch-36; 人工语义分类)
transmitter spirax sarco,变送器,,transmitter -> 变送器 (batch-36; 人工语义分类)
mk ii spirax sarco steam water mixing valve,混合阀,,纠正此前 II token 误归类：steam water mixing valve -> 混合阀 (batch-36)
spirax sarco traps,疏水阀,category,
odwadniacz spirax sarco,疏水阀,,
spirax sarco kondenstop,疏水阀,,
spirax sarco odwadniacz,疏水阀,,
spirax sarco purgadores,疏水阀,,
spirax sarco water trap,疏水阀,category,斯派莎克 水封
how to fit spirax sarco td thermo traps,疏水阀,,
how to fit spirax sarco thermo traps,疏水阀,,
kondenstop spirax sarco,疏水阀,,
sft 125 spirax sarco trap,疏水阀,,
spirax sarco kondenstop tipi,疏水阀,,
spirax sarco odwadniacz po angielsku,疏水阀,,
spirax sarco pumpp trap,疏水阀,,
spirax sarco termodinamik kondenstop,疏水阀,,
sprzedam spirax sarco odwadniacz,疏水阀,,
trap location spirax sarco,疏水阀,,
trap spirax sarco,疏水阀,,
spirax sarco universal connector,管道连接器,category,
rompedor de vacio spirax sarco,破真空器,,
vakuumbrecher spirax sarco,破真空器,,
disco rompedor de vacio spirax sarco,破真空器,,
spirax sarco vakuumbrecher,破真空器,,
spirax sarco air eliminator,排空气阀,category,
spirax sarco steam air eliminator,排空气阀,,
spirax sarco condensate recovery unit,冷凝水回收装置,category,
spirax sarco condensate receiver,冷凝水回收装置,category,
spirax sarco condensate recovery,冷凝水回收装置,category,
condensate recovery unit spirax sarco,冷凝水回收装置,,
spirax sarco condensate receiver tank,冷凝水回收装置,,
spirax sarco condensate recovery system,冷凝水回收装置,,
spirax sarco ib 10 condensate recovery,冷凝水回收装置,,
atuador spirax sarco,执行器,,
atuador 3120 spirax sarco,执行器,,
brv spirax sarco,减压阀,,
drv spirax sarco,减压阀,,
spirax sarco brv,减压阀,category,
spirax sarco druckminderer,减压阀,,
spirax sarco drv,减压阀,,
brv 2sp spirax sarco,减压阀,,
brv 5s spirax sarco,减压阀,,
drv 4b spirax sarco,减压阀,,
spirax sarco brv instalacion,减压阀,,
dfu spirax sarco,分布器,,
distribuidor de fluxo universal spirax sarco,分布器,,
dynafluid spirax sarco,分布器,,
dfu quatro vias spirax sarco,分布器,,
dynafluid 2000 spirax sarco,分布器,,
spirax sarco dfu,分布器,,
spirax sarco dfu valcula de corte,分布器,,
filtre spirax sarco,过滤器,,
filtre y spirax sarco,过滤器,,
filtre spirax sarco fig 7,过滤器,,
filtre t spirax sarco fig 7,过滤器,,
filtre tamis spirax sarco fig 7,过滤器,,
filtre y spirax sarco 16l,过滤器,,
mirilla spirax sarco,观视镜,,
mirilla de spirax sarco,观视镜,,
mirilla spirax sarco 1 2,观视镜,,
mirilla spirax sarco acero al carbon 1 2,观视镜,,
spirax sarco boiler controls,锅炉控制,category,
spirax sarco drip leg,集水腿,category,斯派莎克 集水腿
spirax sarco drip pan elbow,排水盘弯头,category,斯派莎克 排水盘弯头
drip pan elbow spirax sarco,排水盘弯头,category,排水盘弯头 斯派莎克
spirax sarco dpe 2-1 2 in drip pan elbow,排水盘弯头,,
spirax sarco orifice plate,孔板,category,斯派莎克 孔板
spirax sarco pilot valve,先导阀,category,斯派莎克 先导阀
spirax sarco regelventil,调节阀,,
spirax sarco zawory regulacyjne,调节阀,,
spirax sarco sicherheitsventil,安全阀,,
psv spirax sarco,安全阀,,
psv calc spirax sarco,安全阀,,
spirax sarco products psv,安全阀,,
spirax sarco psv,安全阀,,
spirax sarco steam accumulator,蒸汽蓄热器,category,斯派莎克 蒸汽蓄热器
steam accumulator spirax sarco,蒸汽蓄热器,,
spirax sarco steam generator,蒸汽发生器,category,斯派莎克 蒸汽发生器
turflow spirax sarco,换热器,category,Turflow 斯派莎克
spirax sarco scambiatori,换热器,,
generador de vapor limpio spirax sarco,洁净蒸汽发生器,,
spirax sarco direct steam injection,喷射加热系统,category,斯派莎克 直接蒸汽喷射
spirax sarco steam water mixing station,喷射加热系统,category,斯派莎克 蒸汽水混合站
direct steam injection spirax sarco,喷射加热系统,,
spirax sarco valves,阀门通用,category,
spirax sarco valve,阀门通用,category,斯派莎克 阀门
spirax sarco steam valves,阀门通用,category,斯派莎克 蒸汽阀门
spirax sarco 25 main valve,阀门通用,category,
valve spirax sarco,阀门通用,category,阀门 斯派莎克
spirax sarco steam valve,阀门通用,category,斯派莎克 蒸汽阀
spirax sarco valves steam,阀门通用,category,斯派莎克 蒸汽阀门
spirax sarco venttiilit,阀门通用,,
condensate valve spirax sarco,阀门通用,,
condesated valve spirax sarco,阀门通用,,
cost of spirax sarco valve srv2,阀门通用,,
seat configuration on a js1020 spirax sarco valve,阀门通用,,
spirax sarco 25 series main valve,阀门通用,,
spirax sarco 3 valve,阀门通用,,
spirax sarco automatic drain valve,阀门通用,,
spirax sarco direct acting valves,阀门通用,,
spirax sarco isolation valves,阀门通用,,
spirax sarco modelo valve,阀门通用,,
spirax sarco steam valve specification,阀门通用,,
spirax sarco throttle valve,阀门通用,,
spirax sarco throttle valve comparison,阀门通用,,
spirax sarco valve dimensions,阀门通用,,
steam valve spirax sarco,阀门通用,,
valve cryogenic spirax sarco,阀门通用,,
spirax sarco gasket,垫片与膨胀接头,category,
fabricante junta spirax sarco,垫片与膨胀接头,,
gasket spirax sarco,垫片与膨胀接头,,
junta elastica spirax sarco,垫片与膨胀接头,,
juntas de expansion spirax sarco,垫片与膨胀接头,,
juntas de teflon spirax sarco,垫片与膨胀接头,,
juntas spirax sarco,垫片与膨胀接头,,
seleccion de juntas de expansion spirax sarco,垫片与膨胀接头,,
spirax sarco pumps,泵通用,category,
spirax sarco pump,泵通用,category,斯派莎克 泵
spirax sarco steam pump,泵通用,category,斯派莎克 蒸汽泵
69956 spirax sarco pump,泵通用,,
bomba centrifuga spirax sarco,泵通用,,
bomba de vapor spirax sarco,泵通用,,
bomba ptc spirax sarco,机械泵,,修正：PTC 属 Pivotrol Pressure Powered Pump，归入机械泵 (batch-38)
bomba spirax sarco,泵通用,,
feed pump spirax sarco,泵通用,,
spirax sarco peristaltic pump,泵通用,,
vacuum pump spirax sarco,泵通用,,
calderas spirax sarco,锅炉及附件,,
spirax sarco boiler,锅炉及附件,category,
spirax sarco calderas,锅炉及附件,,
accesorios calderas spirax sarco,锅炉及附件,,
accesorios de calderas spirax sarco fenercom 2017,锅炉及附件,,
boiler p&id spirax sarco,锅炉及附件,,
boiler steam take off spirax sarco,锅炉及附件,,
calderas de vapor spirax sarco,锅炉及附件,,
calderas de vapor-spirax-sarco parte 1,锅炉及附件,,
calderas y accesorios spirax sarco,锅炉及附件,,
equipo de sala de calderas spirax sarco,锅炉及附件,,
fire tube boiler spirax sarco,锅炉及附件,,
firetube vs watertube boiler spirax sarco,锅炉及附件,,
spirax sarco agua para calderas caracteristicas,锅炉及附件,,
spirax sarco boiler automation,锅炉及附件,,
spirax sarco boiler chemicals,锅炉及附件,,
spirax sarco boiler efficiency,锅炉及附件,,
spirax sarco boiler feed pump,锅炉及附件,,
spirax sarco boiler feed tank,锅炉及附件,,
spirax sarco boiler feed water,锅炉及附件,,
spirax sarco boiler feed water tank,锅炉及附件,,
spirax sarco boiler fluxogram,锅炉及附件,,
spirax sarco boiler instrumentation,锅炉及附件,,
spirax sarco boiler level controls,锅炉及附件,,
spirax sarco boiler manifold,锅炉及附件,,
spirax sarco boiler solutions,锅炉及附件,,
spirax sarco boiler video,锅炉及附件,,
spirax sarco boiler water treatment,锅炉及附件,,
spirax sarco calderas y accesorios,锅炉及附件,,
spirax sarco calderas y accesorios 1999,锅炉及附件,,
spirax sarco calderas y accesoris,锅炉及附件,,
spirax sarco design boiler video,锅炉及附件,,
tanques de alimentacion para calderas spirax sarco,锅炉及附件,,
video calderas spirax sarco,锅炉及附件,,
video de calderas spirax sarco,锅炉及附件,,
condenspot spirax sarco,疏水阀,,
spirax sarco condenspot,疏水阀,,
balde invertido spirax sarco,疏水阀,,
spirax sarco thermodynamische condenspot,疏水阀,,
deaerator spirax sarco,除氧器,,
spirax sarco deaerator,除氧器,category,斯派莎克 除氧器
deaerator principle spirax sarco,除氧器,,
spirax sarco deaerator head,除氧器,,
acumulador de vapor spirax sarco,蒸汽蓄热器,,
acumuladores de vapor spirax sarco,蒸汽蓄热器,,
atemperadores spirax sarco,减温器,,
attuatore pneumatico spirax sarco,执行器,,
attuatore pneumatico spirax sarco pn,执行器,,
attuatore spinatrol spirax sarco,执行器,,
attuatore spirax sarco spinatrol,执行器,,
atuadores spirax sarco,执行器,,
barilotto d168 di separazione spirax sarco,汽水分离器,,
barilotto spirax sarco,汽水分离器,,
bomba de consensados spirax sarco,冷凝水泵,,
bomba de.condrnsado spirax sarco,冷凝水泵,,
caudalimetro vapor spirax sarco,流量计,,
contador de vapor spirax sarco,流量计,,
purgas de calderas spirax sarco,排污阀,,
spirax sarco boiler blowdown,排污阀,,
spirax sarco boiler blowdown calculation,排污阀,,
spirax sarco csm c,洁净蒸汽发生器,,CSM-C/CSM-E/CSM-K -> 洁净蒸汽发生器 (batch-38; 官网 CSM clean steam generator)
csm e spirax sarco,洁净蒸汽发生器,,CSM-C/CSM-E/CSM-K -> 洁净蒸汽发生器 (batch-38; 官网 CSM clean steam generator)
spirax sarco csm c 600,洁净蒸汽发生器,,CSM-C/CSM-E/CSM-K -> 洁净蒸汽发生器 (batch-38; 官网 CSM clean steam generator)
spirax sarco csm e,洁净蒸汽发生器,,CSM-C/CSM-E/CSM-K -> 洁净蒸汽发生器 (batch-38; 官网 CSM clean steam generator)
spirax sarco csm-c,洁净蒸汽发生器,,CSM-C/CSM-E/CSM-K -> 洁净蒸汽发生器 (batch-38; 官网 CSM clean steam generator)
spirax sarco csm-k,洁净蒸汽发生器,,CSM-C/CSM-E/CSM-K -> 洁净蒸汽发生器 (batch-38; 官网 CSM clean steam generator)
spirax sarco csmc,洁净蒸汽发生器,,CSM-C/CSM-E/CSM-K -> 洁净蒸汽发生器 (batch-38; 官网 CSM clean steam generator)
ptc spirax sarco,机械泵,product,PTC -> 机械泵 (batch-38; 官网 Pivotrol PTC Pressure Powered Pump)
spirax sarco ptc,机械泵,,PTC -> 机械泵 (batch-38; 官网 Pivotrol PTC Pressure Powered Pump)
ptc spirax sarco imi,机械泵,,PTC -> 机械泵 (batch-38; 官网 Pivotrol PTC Pressure Powered Pump)
bombas con ptc spirax sarco,机械泵,,PTC -> 机械泵 (batch-38; 官网 Pivotrol PTC Pressure Powered Pump)
spirax sarco bva 325,执行器,,BVA300/BVA325 -> 执行器 (batch-38; 官网 BVA300 pneumatic actuator)
bva 300 spirax sarco,执行器,,BVA300/BVA325 -> 执行器 (batch-38; 官网 BVA300 pneumatic actuator)
bva 325 spirax sarco,执行器,,BVA300/BVA325 -> 执行器 (batch-38; 官网 BVA300 pneumatic actuator)
spirax sarco bva,执行器,,BVA300/BVA325 -> 执行器 (batch-38; 官网 BVA300 pneumatic actuator)
fig 33 spirax sarco,过滤器,product,Fig33/stoomfilter -> 过滤器 (batch-38; 本地型号表/多语言语义)
spirax sarco fig 33,过滤器,product,Fig33/stoomfilter -> 过滤器 (batch-38; 本地型号表/多语言语义)
spirax sarco stoomfilter,过滤器,,Fig33/stoomfilter -> 过滤器 (batch-38; 本地型号表/多语言语义)
spirax sarco ft,疏水阀,product,FT/FTB/FTI/RTA -> 疏水阀 (batch-38; 本地型号表/官网语义)
ftb 175 spirax sarco,疏水阀,product,FT/FTB/FTI/RTA -> 疏水阀 (batch-38; 本地型号表/官网语义)
spirax sarco ftb 175,疏水阀,product,FT/FTB/FTI/RTA -> 疏水阀 (batch-38; 本地型号表/官网语义)
spirax sarco fti 15,疏水阀,product,FT/FTB/FTI/RTA -> 疏水阀 (batch-38; 本地型号表/官网语义)
spirax sarco rta 125,疏水阀,product,FT/FTB/FTI/RTA -> 疏水阀 (batch-38; 本地型号表/官网语义)
ftb spirax sarco,疏水阀,,FT/FTB/FTI/RTA -> 疏水阀 (batch-38; 本地型号表/官网语义)
fti 200 spirax sarco,疏水阀,,FT/FTB/FTI/RTA -> 疏水阀 (batch-38; 本地型号表/官网语义)
rta 125 spirax sarco,疏水阀,,FT/FTB/FTI/RTA -> 疏水阀 (batch-38; 本地型号表/官网语义)
rta-spirax sarco rta 1 2,疏水阀,,FT/FTB/FTI/RTA -> 疏水阀 (batch-38; 本地型号表/官网语义)
spirax sarco 25 series,减压阀,category,25 series/25P item no. -> 减压阀 (batch-38; 官网 25P Pilot Operated Pressure Regulators)
spirax sarco 25 series pressure,减压阀,,25 series/25P item no. -> 减压阀 (batch-38; 官网 25P Pilot Operated Pressure Regulators)
spirax sarco 55224,减压阀,product,25 series/25P item no. -> 减压阀 (batch-38; 官网 25P Pilot Operated Pressure Regulators)
spirax sarco 55227,减压阀,product,25 series/25P item no. -> 减压阀 (batch-38; 官网 25P Pilot Operated Pressure Regulators)
spirax sarco 59607,减压阀,product,25 series/25P item no. -> 减压阀 (batch-38; 官网 25P Pilot Operated Pressure Regulators)
spirax sarco humidifiers,空气加湿器,category,humidifiers -> 空气加湿器 (batch-38; 官网/本地加湿器产品语义)
spirax sarco vs 206,排空气阀,product,VS206 -> 排空气阀 (batch-38; 既有官网确认 VS206 vent head / air vent)
spirax sarco boilers,锅炉及附件,,boilers -> 锅炉及附件 (batch-38; 产品族语义)
apt spirax sarco,冷凝水泵,category,APT -> 冷凝水泵 (batch-38; APT automatic pump trap / condensate pump)
spirax sarco apt,冷凝水泵,category,APT -> 冷凝水泵 (batch-38; APT automatic pump trap / condensate pump)
spirax sarco bva 310 s8,执行器,,修正：BVA 系列为球阀气动执行器，归入执行器 (batch-38)
13 w spirax sarco,自动排空气阀,,13W/13WS -> 自动排空气阀 (batch-39; 既有进度表确认 air vent / air eliminator)
spirax sarco 13 whs,自动排空气阀,,13W/13WS -> 自动排空气阀 (batch-39; 既有进度表确认 air vent / air eliminator)
spirax sarco 13 whs precio,自动排空气阀,,13W/13WS -> 自动排空气阀 (batch-39; 既有进度表确认 air vent / air eliminator)
spirax sarco 13 ws,自动排空气阀,,13W/13WS -> 自动排空气阀 (batch-39; 既有进度表确认 air vent / air eliminator)
25 pag spirax sarco,减压阀,,25PAG -> 减压阀 (batch-39; 既有官网确认 pilot operated pressure regulator)
air eliminators spirax sarco,排空气阀,,air eliminators -> 排空气阀 (batch-39; 产品语义)
apt 8 spirax sarco,冷凝水泵,,APT/condensaatpomp -> 冷凝水泵 (batch-39; APT automatic pump trap / condensate pump)
apt-spi spirax sarco,冷凝水泵,,APT/condensaatpomp -> 冷凝水泵 (batch-39; APT automatic pump trap / condensate pump)
condensaatpomp spirax sarco,冷凝水泵,,APT/condensaatpomp -> 冷凝水泵 (batch-39; APT automatic pump trap / condensate pump)
auctuaores neumaticos spirax sarco,执行器,,actuadores/neumaticos typo -> 执行器 (batch-39; 多语言语义)
bombas de agua spirax sarco,泵通用,,bombas/pumps -> 泵通用 (batch-39; 多语言语义)
bombas spirax sarco,泵通用,,bombas/pumps -> 泵通用 (batch-39; 多语言语义)
bombas verticales spirax sarco cloacales,泵通用,,bombas/pumps -> 泵通用 (batch-39; 多语言语义)
bp 13 spirax sarco,疏水阀,,BP/BPT -> 疏水阀 (batch-39; 本地型号表/已有 BPT 归类)
bp 22 spirax sarco,疏水阀,,BP/BPT -> 疏水阀 (batch-39; 本地型号表/已有 BPT 归类)
bp 25 spirax sarco,疏水阀,,BP/BPT -> 疏水阀 (batch-39; 本地型号表/已有 BPT 归类)
bp 30 spirax sarco,疏水阀,,BP/BPT -> 疏水阀 (batch-39; 本地型号表/已有 BPT 归类)
bp 99 spirax sarco,疏水阀,,BP/BPT -> 疏水阀 (batch-39; 本地型号表/已有 BPT 归类)
bpt spirax sarco,疏水阀,,BP/BPT -> 疏水阀 (batch-39; 本地型号表/已有 BPT 归类)
bpt13sx spirax sarco,疏水阀,,BP/BPT -> 疏水阀 (batch-39; 本地型号表/已有 BPT 归类)
menbrana bp 99 spirax sarco,疏水阀,,BP/BPT -> 疏水阀 (batch-39; 本地型号表/已有 BPT 归类)
spirax sarco bp 99 32,疏水阀,,BP/BPT -> 疏水阀 (batch-39; 本地型号表/已有 BPT 归类)
ccd spirax sarco,监测器,,CCD/condensate contamination detection -> 监测器 (batch-39; 系统监测语义)
condensate contamination detection system spirax sarco,监测器,,CCD/condensate contamination detection -> 监测器 (batch-39; 系统监测语义)
check spirax sarco,止回阀,,check/cheque -> 止回阀 (batch-39; 多语言语义)
cheque inox spirax sarco,止回阀,,check/cheque -> 止回阀 (batch-39; 多语言语义)
compensatori di dilatazione spirax sarco,垫片与膨胀接头,,compensatori di dilatazione -> 垫片与膨胀接头 (batch-39; 多语言语义)
condensate tank spirax sarco,冷凝水回收装置,,condensate tank -> 冷凝水回收装置 (batch-39; 冷凝水罐/回收语义)
spirax sarco condensate tank,冷凝水回收装置,,condensate tank -> 冷凝水回收装置 (batch-39; 冷凝水罐/回收语义)
caudalimetro ultrasonico spirax sarco,流量计,,caudalimetro ultrasonico -> 流量计 (batch-39; 多语言语义)
casse vide spirax sarco,破真空器,,casse vide -> 破真空器 (batch-39; 法语语义)
calentador agua spirax sarco,换热器系统,,calentador/central agua quente -> 换热器系统 (batch-39; 热水系统语义)
central agua quente spirax sarco,换热器系统,,calentador/central agua quente -> 换热器系统 (batch-39; 热水系统语义)
abv 40 spirax sarco,排污阀,,ABV21i/ABV40i boiler blowdown valve (batch-40)
abv spirax sarco,排污阀,,ABV21i/ABV40i boiler blowdown valve (batch-40)
analisador vazamento spirax sarco,监测器,,monitoring/analyzer (batch-40)
analizador de condensados spirax sarco,监测器,,monitoring/analyzer (batch-40)
boletin spirax sarco compensadores de dilatacion termica,垫片与膨胀接头,,expansion joint (batch-40)
cabezal mezclador spirax sarco,喷射加热系统,,steam/water mixing station (batch-40)
calderas_de_vapor-spirax-sarco_parte 1,锅炉及附件,,boiler/feedwater accessories (batch-40)
camara sensor spirax sarco,液位感应器,,level probe/sensor chamber (batch-40)
camara sensora s11 spirax sarco,液位感应器,,level probe/sensor chamber (batch-40)
camara sensora spirax sarco,液位感应器,,level probe/sensor chamber (batch-40)
camara sensora st-141 spirax sarco,液位感应器,,level probe/sensor chamber (batch-40)
charola spirax sarco modelo dpe,排水盘弯头,,drip pan elbow / DPE (batch-40)
charola spirax sarco modelo dpe 1 1 4,排水盘弯头,,drip pan elbow / DPE (batch-40)
charola spirax sarco modelo dpe 2,排水盘弯头,,drip pan elbow / DPE (batch-40)
ci-125 spirax sarco,过滤器,,filter/strainer semantics; CI-125 official search (batch-40)
colector de vapor spirax sarco,蒸汽集管,,steam manifold/header (batch-40)
coletor de vapor spirax sarco,蒸汽集管,,steam manifold/header (batch-40)
como es su funcionamiento del contador de ciclos spirax sarco,监测器,,monitoring/analyzer (batch-40)
contador de ciclos spirax sarco,监测器,,monitoring/analyzer (batch-40)
cru spirax sarco,冷凝水回收装置,,condensate return/recovery unit (batch-40)
csf spirax sarco,过滤器,,filter/strainer semantics; CI-125 official search (batch-40)
cuanto vale barometro spirax sarco,显示器,,pressure gauge/manometer (batch-40)
dampfventil spirax sarco,阀门通用,,generic valve multilingual (batch-40)
dampfventil spirax sarco 24v motor,阀门通用,,generic valve multilingual (batch-40)
dcaricatore aria spirax sarco,排空气阀,,air vent / air eliminator multilingual (batch-40)
degasatore spirax sarco,除氧器,,deaerator/degasifier (batch-40)
deshumedecedor spirax sarco,汽水分离器,,separator/moisture separator multilingual (batch-40)
dessuperaquecedor spirax sarco,减温器,,desuperheater (batch-40)
difusor spirax sarco,消音器,,diffuser / noise diffuser (batch-40)
digital cycle counter spirax sarco,监测器,,monitoring/analyzer (batch-40)
dpe spirax sarco,排水盘弯头,,drip pan elbow / DPE (batch-40)
drain pan elbow spirax sarco,排水盘弯头,,drip pan elbow / DPE (batch-40)
druckreduzierstation spirax sarco,减压阀,,25 series / pressure reducing station (batch-40)
easyheater spirax sarco,换热器系统,,EasiHeat / water heater system (batch-40)
elemento filtrante spirax sarco,过滤器,,filter/strainer semantics; CI-125 official search (batch-40)
elemento filtrante spirax sarco p-gs 15 30,过滤器,,filter/strainer semantics; CI-125 official search (batch-40)
eliminadora de airte spirax sarco,排空气阀,,air vent / air eliminator multilingual (batch-40)
eliminatore aria spirax sarco,排空气阀,,air vent / air eliminator multilingual (batch-40)
eliminatore d'aria spirax sarco,排空气阀,,air vent / air eliminator multilingual (batch-40)
enfriador de muestras spirax sarco,取样冷却器,,sample cooler (batch-40)
estacion mezcladora agua vapor marca spirax sarco,喷射加热系统,,steam/water mixing station (batch-40)
expansion joint spirax sarco,垫片与膨胀接头,,expansion joint (batch-40)
feed water tank spirax sarco,锅炉及附件,,boiler/feedwater accessories (batch-40)
fig 14 spirax sarco,过滤器,,filter/strainer semantics; CI-125 official search (batch-40)
figura 14 spirax sarco,过滤器,,filter/strainer semantics; CI-125 official search (batch-40)
figura 34 spirax sarco,过滤器,,filter/strainer semantics; CI-125 official search (batch-40)
filtr gruszkowy spirax sarco,过滤器,,filter/strainer semantics; CI-125 official search (batch-40)
flangia tarata spirax sarco,孔板,,orifice plate (batch-40)
float termostatic spirax sarco,疏水阀,,steam trap multilingual/model family (batch-40)
ft 010 spirax sarco,疏水阀,,steam trap multilingual/model family (batch-40)
ft 10 spirax sarco,疏水阀,,steam trap multilingual/model family (batch-40)
ft 20 spirax sarco,疏水阀,,steam trap multilingual/model family (batch-40)
ft 54h spirax sarco,疏水阀,,steam trap multilingual/model family (batch-40)
ft 55 spirax sarco,疏水阀,,steam trap multilingual/model family (batch-40)
ft 553 tv spirax sarco,疏水阀,,steam trap multilingual/model family (batch-40)
ft14x spirax sarco,疏水阀,,steam trap multilingual/model family (batch-40)
ftd spirax sarco,疏水阀,,steam trap multilingual/model family (batch-40)
fte spirax sarco,疏水阀,,steam trap multilingual/model family (batch-40)
generador de vapor spirax sarco,蒸汽发生器,,steam generator (batch-40)
humidificadores spirax sarco,空气加湿器,,humidifier (batch-40)
indicador de temperatura spirax sarco,温度传感器,,temperature sensor (batch-40)
injetor de vapor spirax sarco,喷射器,,steam injector (batch-40)
intercambiador de calor gases combustion spirax sarco,换热器,,heat exchanger (batch-40)
intercambiador de calor spirax sarco,换热器,,heat exchanger (batch-40)
inverted buckut spirax sarco,疏水阀,,steam trap multilingual/model family (batch-40)
inyector de vapor spirax sarco,喷射器,,steam injector (batch-40)
inyector de vapor spirax sarco in 25,喷射器,,steam injector (batch-40)
kondensathebeanlage spirax sarco,冷凝水回收装置,,condensate return/recovery unit (batch-40)
kondenzni lonac spirax sarco,疏水阀,,steam trap multilingual/model family (batch-40)
kondezni garneta spirax sarco,疏水阀,,steam trap multilingual/model family (batch-40)
kugelventil tri clamp spirax sarco,球阀,,ball valve multilingual (batch-40)
kugelventil triclamp spirax sarco,球阀,,ball valve multilingual (batch-40)
lc 1000 spirax sarco,液位控制器,,LC level controller family (batch-40)
lc 2500 spirax sarco,液位控制器,,LC level controller family (batch-40)
llave de paso spirax sarco esferica de 1 1 2,球阀,,ball valve multilingual (batch-40)
llave de tres cuerpos spirax sarco,球阀,,ball valve multilingual (batch-40)
llave de tres cuerpos spirax sarco 3,球阀,,ball valve multilingual (batch-40)
lp40 spirax sarco,液位感应器,,level probe/sensor chamber (batch-40)
manifold industrial spirax sarco,蒸汽集管,,steam manifold/header (batch-40)
manometros spirax sarco,显示器,,pressure gauge/manometer (batch-40)
manometros spirax sarco 4 kg,显示器,,pressure gauge/manometer (batch-40)
medidor conductividad spirax sarco,电导率感应器,,conductivity sensor/meter (batch-40)
medidor de conductividad spirax sarco,电导率感应器,,conductivity sensor/meter (batch-40)
medidor de gas spirax sarco,流量计,,flow/meter terms (batch-40)
medidor de vapor spirax sarco adquisicion de datos,流量计,,flow/meter terms (batch-40)
medidor temperatura spirax sarco,温度传感器,,temperature sensor (batch-40)
mezclador de vapor spirax sarco,喷射加热系统,,steam/water mixing station (batch-40)
mirillas spirax sarco,观视镜,,sight glass / mirilla (batch-40)
mirillas spirax sarco english,观视镜,,sight glass / mirilla (batch-40)
mirillas spirax sarco english con check,观视镜,,sight glass / mirilla (batch-40)
mirillas spirax sarco enlish,观视镜,,sight glass / mirilla (batch-40)
misturador de agua e vapor spirax sarco,喷射加热系统,,steam/water mixing station (batch-40)
modul schimbator de caldura spirax sarco,换热器,,heat exchanger (batch-40)
odwadniacze spirax sarco,疏水阀,,steam trap multilingual/model family (batch-40)
piston operated valva spirax sarco,活塞阀,,piston valve (batch-40)
placa orificio spirax sarco,孔板,,orifice plate (batch-40)
precio barometro spirax sarco,显示器,,pressure gauge/manometer (batch-40)
prix du spirax sarco td 32,疏水阀,,steam trap multilingual/model family (batch-40)
przepustnica sekcyjna zaporowa spirax sarco,蝶阀,,butterfly valve (batch-40)
radar de onda guiada spirax sarco,液位感应器,,level probe/sensor chamber (batch-40)
recuperardo de calor gases combustion spirax sarco,换热器,,heat exchanger (batch-40)
reductor de vapor spirax sarco,减压阀,,25 series / pressure reducing station (batch-40)
regulation presure spirax sarco rusija,减压阀,,25 series / pressure reducing station (batch-40)
regulation presure spirax sarco rusija cena,减压阀,,25 series / pressure reducing station (batch-40)
retencion de disco spirax sarco,止回阀,,check valve multilingual (batch-40)
rnfriador de muestras spirax sarco,取样冷却器,,sample cooler (batch-40)
robineti spirax sarco,阀门通用,,generic valve multilingual (batch-40)
rtd spirax sarco,温度传感器,,temperature sensor (batch-40)
ruckschlagventile spirax sarco,止回阀,,check valve multilingual (batch-40)
sample coler spirax sarco,取样冷却器,,sample cooler (batch-40)
secador de humedad 150 spirax sarco,汽水分离器,,separator/moisture separator multilingual (batch-40)
secador vaoir spirax sarco,汽水分离器,,separator/moisture separator multilingual (batch-40)
secador vapor spirax sarco,汽水分离器,,separator/moisture separator multilingual (batch-40)
separadoe vapor spirax sarco,汽水分离器,,separator/moisture separator multilingual (batch-40)
sistema alimentacion spirax sarco,锅炉及附件,,boiler/feedwater accessories (batch-40)
sistema alimentacion spirax sarco fuel oil,锅炉及附件,,boiler/feedwater accessories (batch-40)
sistema de agua de alimentacion spirax sarco,锅炉及附件,,boiler/feedwater accessories (batch-40)
sistema de trampeo de vapor spirax-sarco,疏水阀,,steam trap multilingual/model family (batch-40)
sistema de trampeo spirax sarco,疏水阀,,steam trap multilingual/model family (batch-40)
sonda de conductividad spirax sarco certificacion,电导率感应器,,conductivity sensor/meter (batch-40)
spirax sarco 25 bp,减压阀,,25 series / pressure reducing station (batch-40)
spirax sarco 25 mp,减压阀,,25 series / pressure reducing station (batch-40)
spirax sarco 25 mt,减压阀,,25 series / pressure reducing station (batch-40)
spirax sarco 25 pa,减压阀,,25 series / pressure reducing station (batch-40)
spirax sarco 25 pte,减压阀,,25 series / pressure reducing station (batch-40)
spirax sarco 25bp,减压阀,,25 series / pressure reducing station (batch-40)
spirax sarco 25e,减压阀,,25 series / pressure reducing station (batch-40)
spirax sarco 25mt,减压阀,,25 series / pressure reducing station (batch-40)
spirax sarco 25prv,减压阀,,25 series / pressure reducing station (batch-40)
spirax sarco 25s,减压阀,,25 series / pressure reducing station (batch-40)
spirax sarco 25te,减压阀,,25 series / pressure reducing station (batch-40)
spirax sarco accumulator,蒸汽蓄热器,,steam accumulator (batch-40)
spirax sarco automatic air and gas vents,自动排空气阀,,automatic air/gas vent (batch-40)
spirax sarco automatic air and gas vents stainless steel,自动排空气阀,,automatic air/gas vent (batch-40)
spirax sarco automatische ontluchter,自动排空气阀,,automatic air/gas vent (batch-40)
spirax sarco ax automatische ontluchter,自动排空气阀,,automatic air/gas vent (batch-40)
spirax sarco barometro,显示器,,pressure gauge/manometer (batch-40)
spirax sarco bcv 31,控制阀,,BCV31 control valve (batch-40)
spirax sarco bpc,疏水阀,,steam trap multilingual/model family (batch-40)
spirax sarco bpc cv,疏水阀,,steam trap multilingual/model family (batch-40)
spirax sarco bpcy cv,疏水阀,,steam trap multilingual/model family (batch-40)
spirax sarco btu meter,流量计,,flow/meter terms (batch-40)
spirax sarco calderos,锅炉及附件,,boiler/feedwater accessories (batch-40)
spirax sarco calentador de agua,换热器系统,,EasiHeat / water heater system (batch-40)
spirax sarco check disk,止回阀,,check valve multilingual (batch-40)
spirax sarco check va,止回阀,,check valve multilingual (batch-40)
spirax sarco ci-125,过滤器,,filter/strainer semantics; CI-125 official search (batch-40)
spirax sarco clean steam parameters monitoring,监测器,,monitoring/analyzer (batch-40)
spirax sarco collecteur,蒸汽集管,,steam manifold/header (batch-40)
spirax sarco condensate return,冷凝水回收装置,,condensate return/recovery unit (batch-40)
spirax sarco condensate return system,冷凝水回收装置,,condensate return/recovery unit (batch-40)
spirax sarco condensate return unit,冷凝水回收装置,,condensate return/recovery unit (batch-40)
spirax sarco cru,冷凝水回收装置,,condensate return/recovery unit (batch-40)
spirax sarco cyclonic,汽水分离器,,separator/moisture separator multilingual (batch-40)
spirax sarco dampfventil,阀门通用,,generic valve multilingual (batch-40)
spirax sarco desgasificador,除氧器,,deaerator/degasifier (batch-40)
spirax sarco desgasifier,除氧器,,deaerator/degasifier (batch-40)
spirax sarco digital cycle counter,监测器,,monitoring/analyzer (batch-40)
spirax sarco estacion reductora de vapor,减压阀,,25 series / pressure reducing station (batch-40)
spirax sarco expansion joint,垫片与膨胀接头,,expansion joint (batch-40)
spirax sarco eyector de vapor,引射器,,steam jet thermocompressor/ejector (batch-40)
spirax sarco faltenbalg absperrventil,截止阀,,bellows sealed stop/globe valve (batch-40)
spirax sarco fig 32,过滤器,,filter/strainer semantics; CI-125 official search (batch-40)
spirax sarco filtr sw,过滤器,,filter/strainer semantics; CI-125 official search (batch-40)
spirax sarco fitlros,过滤器,,filter/strainer semantics; CI-125 official search (batch-40)
spirax sarco ft 55,疏水阀,,steam trap multilingual/model family (batch-40)
spirax sarco ftd,疏水阀,,steam trap multilingual/model family (batch-40)
spirax sarco ftd 2,疏水阀,,steam trap multilingual/model family (batch-40)
spirax sarco ftdh 2,疏水阀,,steam trap multilingual/model family (batch-40)
spirax sarco gauge 1000kpa,显示器,,pressure gauge/manometer (batch-40)
spirax sarco generador de vapor,蒸汽发生器,,steam generator (batch-40)
spirax sarco generadores de vapor,蒸汽发生器,,steam generator (batch-40)
spirax sarco hot well,锅炉及附件,,boiler/feedwater accessories (batch-40)
spirax sarco hotwell tank,锅炉及附件,,boiler/feedwater accessories (batch-40)
spirax sarco hotwell tanks,锅炉及附件,,boiler/feedwater accessories (batch-40)
spirax sarco inyector de vapor,喷射器,,steam injector (batch-40)
spirax sarco klapy,阀门通用,,generic valve multilingual (batch-40)
spirax sarco kondens pompa,冷凝水泵,,condensate pump multilingual (batch-40)
spirax sarco kondensatavledare,疏水阀,,steam trap multilingual/model family (batch-40)
spirax sarco kondenspot,疏水阀,,steam trap multilingual/model family (batch-40)
spirax sarco kugelschwimmerkondensatableiter,疏水阀,,steam trap multilingual/model family (batch-40)
spirax sarco lauhteenpoistimet,疏水阀,,steam trap multilingual/model family (batch-40)
spirax sarco lc 2610,液位控制器,,LC level controller family (batch-40)
spirax sarco luftudlader,排空气阀,,air vent / air eliminator multilingual (batch-40)
spirax sarco manifold,蒸汽集管,,steam manifold/header (batch-40)
spirax sarco manifold de 6 bar,蒸汽集管,,steam manifold/header (batch-40)
spirax sarco manometer,显示器,,pressure gauge/manometer (batch-40)
spirax sarco manometer with transducer,显示器,,pressure gauge/manometer (batch-40)
spirax sarco medidores de agua,流量计,,flow/meter terms (batch-40)
spirax sarco mezcladora de agua,喷射加热系统,,steam/water mixing station (batch-40)
spirax sarco ontluchter,排空气阀,,air vent / air eliminator multilingual (batch-40)
spirax sarco oransal vana,阀门通用,,generic valve multilingual (batch-40)
spirax sarco pistonlu vanalar,活塞阀,,piston valve (batch-40)
spirax sarco pompa kondensatu porcjowe,冷凝水泵,,condensate pump multilingual (batch-40)
spirax sarco pompy porcjowe,冷凝水泵,,condensate pump multilingual (batch-40)
spirax sarco reduceer,减压阀,,25 series / pressure reducing station (batch-40)
spirax sarco sanitari automatic air and gas vents stainless steel,自动排空气阀,,automatic air/gas vent (batch-40)
spirax sarco seleecion trampasde vapor,疏水阀,,steam trap multilingual/model family (batch-40)
spirax sarco sensor chamber,液位感应器,,level probe/sensor chamber (batch-40)
spirax sarco seperator stainless,汽水分离器,,separator/moisture separator multilingual (batch-40)
spirax sarco serie-25 e-bay,减压阀,,25 series / pressure reducing station (batch-40)
spirax sarco shell heat excahnger,换热器,,heat exchanger (batch-40)
spirax sarco slavina,阀门通用,,generic valve multilingual (batch-40)
spirax sarco slavina cena,阀门通用,,generic valve multilingual (batch-40)
spirax sarco snavssamler,过滤器,,filter/strainer semantics; CI-125 official search (batch-40)
spirax sarco solenoid,电磁阀,,solenoid valve (batch-40)
spirax sarco steam expantion joint,垫片与膨胀接头,,expansion joint (batch-40)
spirax sarco steam manifolds,蒸汽集管,,steam manifold/header (batch-40)
spirax sarco steam tank water heater,换热器系统,,EasiHeat / water heater system (batch-40)
spirax sarco steam water heater,换热器系统,,EasiHeat / water heater system (batch-40)
spirax sarco steam water mixer,喷射加热系统,,steam/water mixing station (batch-40)
spirax sarco steam water washdown unit,喷射加热系统,,steam/water mixing station (batch-40)
spirax sarco tank water heater,换热器系统,,EasiHeat / water heater system (batch-40)
spirax sarco td 32,疏水阀,,steam trap multilingual/model family (batch-40)
spirax sarco termocompresor,引射器,,steam jet thermocompressor/ejector (batch-40)
spirax sarco termocompresores,引射器,,steam jet thermocompressor/ejector (batch-40)
spirax sarco thermocompressor,引射器,,steam jet thermocompressor/ejector (batch-40)
spirax sarco totalisateur,流量计算机,,flow totalizer (batch-40)
spirax sarco vana,阀门通用,,generic valve multilingual (batch-40)
spirax sarco vanalar,阀门通用,,generic valve multilingual (batch-40)
spirax sarco ventiler,阀门通用,,generic valve multilingual (batch-40)
spirax sarco venttiili,阀门通用,,generic valve multilingual (batch-40)
spirax sarco zawory kulowe,球阀,,ball valve multilingual (batch-40)
steam ejector control spirax sarco,引射器,,steam jet thermocompressor/ejector (batch-40)
tanque alimentacion spirax sarco,锅炉及附件,,boiler/feedwater accessories (batch-40)
tanque de alimentacion spirax sarco,锅炉及附件,,boiler/feedwater accessories (batch-40)
td 32 fa spirax sarco,疏水阀,,steam trap multilingual/model family (batch-40)
termocompresor spirax sarco,引射器,,steam jet thermocompressor/ejector (batch-40)
thermal gauge spirax sarco,显示器,,pressure gauge/manometer (batch-40)
tramapas de vapor spirax sarco,疏水阀,,steam trap multilingual/model family (batch-40)
valv reductora spirax sarco,减压阀,,25 series / pressure reducing station (batch-40)
visor de 1 spirax sarco,观视镜,,sight glass / mirilla (batch-40)
water flow indicator spirax sarco,流量计,,flow/meter terms (batch-40)
estacion de purga compacta spirax sarco,疏水阀,,compact steam trap station / purga station (batch-41)
fa 450 spirax sarco,疏水阀,,FA450 float drain trap in local model table/progress (batch-41)
fta 552 spirax sarco,疏水阀,,"FT552 spacing variant, done model progress as steam trap (batch-41)"
kondensomat spirax sarco,疏水阀,,multilingual condensate/steam trap term Kondensomat (batch-41)
kondensomat spirax sarco anleitung,疏水阀,,multilingual condensate/steam trap term Kondensomat (batch-41)
spirax sarco ft 145,疏水阀,,FT145 done model progress as steam trap (batch-41)
spirax sarco ft 14x,疏水阀,,FT14X/FT trap family semantic match (batch-41)
spirax sarco ft 4 5,疏水阀,,FT trap family spacing variant (batch-41)
spirax sarco ft 551,疏水阀,,FT551/FT552 trap family spacing variant (batch-41)
spirax sarco ftgs,疏水阀,,FTGS14 local model table steam trap family (batch-41)
tss 300 spirax sarco,疏水阀,,TSS300 local model table trap-related keyword (batch-41)
lcv spirax sarco,止回阀,,LCV check valve family; LCV2 in local model table/progress (batch-41)
spirax sarco type lcv2,止回阀,,LCV2 local model table/progress check valve (batch-41)
wav spirax sarco,电磁阀,,WAV1 local model table solenoid valve family (batch-41)
vlm 30 spirax sarco,流量计,,VLM30 local model table/progress vortex flowmeter (batch-41)
spirax sarco meters,流量计,,meter/flow measurement product term (batch-41)
spirax sarco m70i,球阀,,M70i local model table ball valve (batch-41)
spirax sarco sv 901,安全阀,,SV901 local model table/progress safety relief valve (batch-41)
spirax sarco emniyet ventili,安全阀,,Turkish safety valve term (batch-41)
spirax sarco burner,锅炉及附件,,boiler burner accessory term (batch-41)
spirax sarco economizador caldersa,锅炉及附件,,boiler economizer/feedwater accessory term (batch-41)
spirax sarco ekonomizer,锅炉及附件,,boiler economizer term (batch-41)
spirax sarco water treatment automatic,锅炉及附件,,boiler/feedwater water treatment accessory term (batch-41)
kotlownie parowe spirax sarco,锅炉及附件,,Polish steam boiler house term (batch-41)
sistema calentador agua spirax sarco,换热器系统,,hot water heating system term (batch-41)
sistema de calentamiento directo con vapor spirax sarco,换热器系统,,direct steam hot water heating system term (batch-41)
spirax sarco tanque de agua caliente,换热器系统,,hot water tank/heater system term (batch-41)
purga automatica spirax sarco,排污阀,,automatic blowdown/purge valve term (batch-41)
purga continua spirax sarco,排污阀,,continuous blowdown/purge valve term (batch-41)
purga de vapor spirax sarco,排污阀,,steam purge/blowdown valve term (batch-41)
spirax sarco descargas,排污阀,,blowdown/discharge valve term (batch-41)
spirax sarco zawory odmulajace,排污阀,,Polish boiler blowdown valve term (batch-41)
aproveitamento de descarga de fundo spirax sarco,排污控制系统,,bottom blowdown heat recovery/control system term (batch-41)
controle de solidos totais spirax sarco,排污控制系统,,TDS/total dissolved solids blowdown control term (batch-41)
ligne purge sonde spirax sarco,排污控制系统,,purge/blowdown probe line term (batch-41)
purge sonde spirax sarco,排污控制系统,,purge/blowdown probe term (batch-41)
sistema de purga spirax sarco,排污控制系统,,blowdown/purge system term (batch-41)
surveillance purge sonde spirax sarco,排污控制系统,,blowdown monitoring probe term (batch-41)
surveillance purge spirax sarco,排污控制系统,,blowdown monitoring term (batch-41)
spirax sarco mini mono spi,冷凝水泵,,Mini Mono SPI condensate lifting/pump term (batch-41)
spirax sarco minimonospi,冷凝水泵,,Mini Mono SPI condensate lifting/pump term (batch-41)
spirax sarco zvedac kondenzatu,冷凝水泵,,Czech condensate lifter/pump term (batch-41)
tanque de condensados spirax sarco,冷凝水回收装置,,condensate tank/receiver for recovery (batch-41)
reindampferzeuger spirax sarco,洁净蒸汽发生器,,German pure steam generator term (batch-41)
spirax sarco wfi stiller,洁净蒸汽发生器,,WFI stiller / clean steam generation term (batch-41)
spirax sarco sparge pipe,分布器,,sparge pipe / steam sparger term (batch-41)
spirax sarco df,消音器,,DF diffuser/silencer product term in prior semantic rules (batch-41)
spirax sarco wzierniki,观视镜,,Polish sight glass term (batch-41)
spirax sarco cfs26,过滤器,,CFS26 clean steam/filter model term (batch-41)
regulateur pneumatique spirax sarco,调节阀,,pneumatic regulator/regulating valve term (batch-41)
moduladora de vapor spirax sarco,调节阀,,steam modulating/regulating valve term (batch-41)
spirax sarco dampfregelventil,调节阀,,German steam regulating valve term (batch-41)
spirax sarco dampfregelventil mit ausgleich,调节阀,,German steam regulating valve term (batch-41)
spirax sarco mf regulacyjny,调节阀,,Polish regulating valve term (batch-41)
spirax sarco steam recovery vessels,闪蒸罐,,flash steam recovery vessel term (batch-41)
spirax sarco bolsillo de trampeo,集水腿,,Spanish drip leg/trapping pocket term (batch-41)
spirax sarco ael 62213 fs,执行器,,"AEL actuator spacing/suffix variant, candidate progress already done (batch-41)"
spirax sarco ael 63213 fx,执行器,,"AEL actuator spacing/suffix variant, candidate progress already done (batch-41)"
spirax sarco dp 143dn-80,减压阀,,DP143 local model table pressure reducing valve variant (batch-41)
spirax sarco dp 17t,减压阀,,DP17 local model table/progress pressure reducing valve variant (batch-41)
serie 25 spirax sarco,减压阀,,25 series pressure reducing valve family (batch-41)
spirax sarco self acting temperature controls,温控阀,,self-acting temperature control product term (batch-41)
temperature control system spirax sarco,温度控制系统,,temperature control system product term (batch-41)
spirax sarco intercambiadores de calor,换热器,,Spanish heat exchangers term (batch-41)
spirax sarco brand guidelines,公司品牌与法人信息,,brand/identity guideline query (batch-41)
spirax sarco brands,公司品牌与法人信息,,brand/company family query (batch-41)
spirax sarco marketing,公司品牌与法人信息,,corporate marketing query (batch-41)
spirax sarco marketing strategy,公司品牌与法人信息,,corporate marketing strategy query (batch-41)
spirax-sarco aktiebolag,公司品牌与法人信息,,legal entity suffix/company query (batch-41)
spirax-sarco istoric,公司品牌与法人信息,,company history query (batch-41)
value discipline spirax sarco,公司品牌与法人信息,,corporate strategy/value discipline query (batch-41)
spirax sarco &amp,公司品牌与法人信息,,brand typo/entity query (batch-41)
spirax sarco.,公司品牌与法人信息,,brand punctuation typo query (batch-41)
spirax sarco.c,公司品牌与法人信息,,brand/domain typo query (batch-41)
spirax sarcon,公司品牌与法人信息,,brand typo query (batch-41)
spirax+sarco,公司品牌与法人信息,,brand separator typo query (batch-41)
spirax.sarco,公司品牌与法人信息,,brand separator typo query (batch-41)
spirax/sarco,公司品牌与法人信息,,brand separator typo query (batch-41)
spiraxs sarco,公司品牌与法人信息,,brand typo query (batch-41)
spx spirax sarco,公司品牌与法人信息,,brand abbreviation/typo query (batch-41)
como se pronuncia spirax sarco,公司品牌与法人信息,,brand pronunciation query (batch-41)
spirax sarco 1150 northpoint blvd,地区分支机构,,office address query (batch-41)
spirax sarco barranquilla,地区分支机构,,city/branch query (batch-41)
spirax sarco bayswater,地区分支机构,,city/branch query (batch-41)
spirax sarco bethehem,地区分支机构,,Bethlehem branch/location typo query (batch-41)
kened spirax sarco ipatinga,地区分支机构,,Ipatinga location query (batch-41)
piat san telmo spirax sarco,地区分支机构,,San Telmo location query (batch-41)
spirax sarco laboratorio mty,地区分支机构,,Monterrey lab/location query (batch-41)
spirax sarco jordan co,地区分支机构,,Jordan country branch query (batch-41)
como llegar spirax sarco,地区分支机构,,directions/location query (batch-41)
dourados spirax sarco,地区分支机构,,city/location query (batch-41)
factura electronica spirax sarco,工商税务标识,,electronic invoice/tax document query (batch-41)
facturas electronicas spirax sarco,工商税务标识,,electronic invoice/tax document query (batch-41)
diagram pressure drop in schedule spirax sarco,技术知识与参考,,pressure drop engineering reference (batch-41)
finding condensate precentage based on tds spirax sarco,技术知识与参考,,TDS/condensate calculation reference (batch-41)
heat transfer spirax sarco,技术知识与参考,,heat transfer engineering reference (batch-41)
perdida de carga spirax sarco,技术知识与参考,,pressure drop engineering reference (batch-41)
spirax sarco condensate at the starup,技术知识与参考,,startup condensate engineering topic (batch-41)
spirax sarco condensate line design,技术知识与参考,,condensate line design reference (batch-41)
spirax sarco ecuacion de vapor,技术知识与参考,,steam equation/reference topic (batch-41)
spirax sarco evaporation rate,技术知识与参考,,evaporation rate reference topic (batch-41)
spirax sarco expansion loop,技术知识与参考,,expansion loop design reference (batch-41)
spirax sarco flow coefficient,技术知识与参考,,flow coefficient reference topic (batch-41)
spirax sarco heat pipe,技术知识与参考,,heat pipe/reference topic (batch-41)
spirax sarco heating charge,技术知识与参考,,heating calculation/reference topic (batch-41)
spirax sarco heating coil for marine applications,技术知识与参考,,heating coil application reference (batch-41)
spirax sarco heating with coils and jackets,技术知识与参考,,coils and jackets heating reference (batch-41)
spirax sarco steam header design,技术知识与参考,,steam header design reference (batch-41)
spirax sarco tabel,技术知识与参考,,steam table typo/reference (batch-41)
spirax sarco tablas de agua,技术知识与参考,,water/steam table reference (batch-41)
spirax sarco table,技术知识与参考,,steam table reference (batch-41)
spirax sarco table of steam,技术知识与参考,,steam table reference (batch-41)
tabla agua subenfriada spirax sarco,技术知识与参考,,subcooled water table reference (batch-41)
tablas de agua spirax sarco,技术知识与参考,,water/steam table reference (batch-41)
tablas termodinamicas spirax sarco,技术知识与参考,,thermodynamic table reference (batch-41)
tank shell heat coefficient spirax sarco,技术知识与参考,,heat transfer coefficient reference (batch-41)
warm up condensate spirax sarco,技术知识与参考,,warm-up condensate reference topic (batch-41)
saturarion temperature spirax sarco,技术知识与参考,,saturation temperature typo/reference (batch-41)
spirax sarco the steam and concendensate loop,技术知识与参考,,steam and condensate loop reference (batch-41)
o parze wodnej i jej wykorzystaniu spirax sarco,技术知识与参考,,Polish steam usage knowledge query (batch-41)
come diseganre un schema idraulico spirax sarco,技术知识与参考,,hydraulic/steam schematic how-to reference (batch-41)
ejemplo instalacion de vapor spirax sarco,技术知识与参考,,steam installation example/reference (batch-41)
lira o herradura spirax sarco,技术知识与参考,,expansion loop/horseshoe reference term (batch-41)
slider pipe steam spirax sarco standard,技术知识与参考,,steam pipe support/slider standard reference (batch-41)
spirax sarco soporteria y expansion tuberia,技术知识与参考,,pipe support and expansion reference (batch-41)
pest spirax sarco,投资者财务,,PEST/SWOT investor analysis query (batch-41)
weakness spirax sarco,投资者财务,,SWOT/investor analysis query (batch-41)
spirax sarco credit union,投资者财务,,credit union/financial query (batch-41)
perativa de creditos spirax sarco,投资者财务,,cooperativa de creditos financial query (batch-41)
spirax sarco agm,投资者财务,,annual general meeting investor query (batch-41)
core team work spirax sarco,招聘雇主信息,,teamwork/employer query (batch-41)
como e trabalha na spirax sarco,招聘雇主信息,,working at employer query (batch-41)
montador tecnico spirax sarco,招聘雇主信息,,job title query (batch-41)
spirax sarco kariyer,招聘雇主信息,,career query (batch-41)
spirax sarco opinie,招聘雇主信息,,employer reviews query (batch-41)
spirax sarco kpinie,招聘雇主信息,,employer reviews typo query (batch-41)
spirax sarco praca opinie,招聘雇主信息,,work reviews query (batch-41)
spirax sarco engineer,招聘雇主信息,,engineering job/employer query (batch-41)
bribing case spirax sarco,新闻事件与公告,,legal/news event query (batch-41)
alliage spirax sarco,材料牌号,,alloy/material query (batch-41)
azul ral 5010 spirax sarco,材料牌号,,RAL color/material finish query (batch-41)
grasa 85w140 spirax sarco,材料牌号,,grease/lubricant grade query (batch-41)
spirax sarco bridas,规格参数,,flange/connection specification query (batch-41)
spirax sarco roscada,规格参数,,threaded connection specification query (batch-41)
spirax sarco sello,规格参数,,seal specification query (batch-41)
spirax sarco sedi,规格参数,,seat specification query (batch-41)
spirax sarco k series with peek seat class vi,规格参数,,seat material/leakage class specification query (batch-41)
spirax sarco sp 301 tipo 4x,规格参数,,enclosure/type specification query (batch-41)
pressure balance trim spirax sarco,规格参数,,valve trim specification query (batch-41)
spirax sarco applications,解决方案与服务,,applications/service overview query (batch-41)
spirax sarco applications overview,解决方案与服务,,applications overview query (batch-41)
clean and pure steam systems biopharmaceutical industry spirax sarco,解决方案与服务,,clean/pure steam industry solution query (batch-41)
spirax sarco food and beverage,解决方案与服务,,industry solution query (batch-41)
spirax sarco brewery,解决方案与服务,,brewery industry solution query (batch-41)
spirax sarco industry,解决方案与服务,,industry sector query (batch-41)
spirax sarco industry sector,解决方案与服务,,industry sector query (batch-41)
spirax sarco engineered systems,解决方案与服务,,engineered systems/service query (batch-41)
econoimia petroleo spirax sarco,解决方案与服务,,energy/oil economy solution query (batch-41)
economia combustivel spirax sarco,解决方案与服务,,fuel economy/energy saving query (batch-41)
projeti spirax sarco,解决方案与服务,,project/service typo query (batch-41)
projeto de sistemas de vapor spirax sarco,解决方案与服务,,steam system project/service query (batch-41)
proyecto de vapor spirax sarco,解决方案与服务,,steam project/service query (batch-41)
spirax sarco proyecto,解决方案与服务,,project/service query (batch-41)
spirax sarco experiencia soluciones,解决方案与服务,,solutions experience/service query (batch-41)
where doi use spirax sarco products,解决方案与服务,,product usage/application query (batch-41)
chemical map spirax sarco,资料手册与下载,,reference/download resource query (batch-41)
diagramme des 5m spirax sarco,资料手册与下载,,diagram/resource query (batch-41)
dibujo de recuper de vapor spirax sarco,资料手册与下载,,drawing/resource query (batch-41)
mechanical soicificatio of spirax sarco,资料手册与下载,,mechanical specification document query (batch-41)
prezi spirax sarco,资料手册与下载,,presentation/resource query (batch-41)
spirax sarco 2016 grafico tecnico,资料手册与下载,,technical graphic/document query (batch-41)
spirax sarco 205 grafico tecnico,资料手册与下载,,technical graphic/document query (batch-41)
specification of spirax sarco,资料手册与下载,,specification document query (batch-41)
traductor spirax sarco,资料手册与下载,,translation/document resource query (batch-41)
modelo csx spirax sarco,资源格式,,model/resource format query (batch-41)
modelo vmf 4 spirax sarco,资源格式,,model/resource format query (batch-41)
modelo vmr 2 spirax sarco,资源格式,,model/resource format query (batch-41)
c15055 spirax sarco,零件物料号,,part/material number pattern (batch-41)
spirax sarco 220632-25-08,零件物料号,,part/material number pattern (batch-41)
spirax sarco a 57651,零件物料号,,part/material number pattern (batch-41)
spirax sarco es000110,零件物料号,,part/material number pattern (batch-41)
spirax sarco gauge 1571001000,零件物料号,,part/material number pattern (batch-41)
spirax sarco hm00 6,零件物料号,,part/material number pattern (batch-41)
spirax sarco hm00 7,零件物料号,,part/material number pattern (batch-41)
spirax sarco hs-7300,零件物料号,,part/material number pattern (batch-41)
spirax sarco jy 2,零件物料号,,part/material number pattern (batch-41)
spirax sarco kh 1071 t,零件物料号,,part/material number pattern (batch-41)
lsb 31 spirax sarco,零件物料号,,part/material number pattern (batch-41)
spirax sarco lsb 3 3v 2p 220v,零件物料号,,part/material number pattern (batch-41)
spirax sarco lsb3 3v 2p 220v,零件物料号,,part/material number pattern (batch-41)
spirax sarco nts sxs 1703,零件物料号,,part/material number pattern (batch-41)
spirax sarco nts sxs1703,零件物料号,,part/material number pattern (batch-41)
spirax sarco rp 824,零件物料号,,part/material number pattern (batch-41)
spirax sarco stw 24,零件物料号,,part/material number pattern (batch-41)
spirax sarco stw24,零件物料号,,part/material number pattern (batch-41)
spirax sarco uv rp 824,零件物料号,,part/material number pattern (batch-41)
spirax sarco v93ad,零件物料号,,part/material number pattern (batch-41)
sv 5708 spirax sarco,零件物料号,,part/material number pattern (batch-41)
swp 01 spirax sarco,零件物料号,,part/material number pattern (batch-41)
spirax sarco ti-po17-07,资料编号,,TI-P style technical document number (batch-41)
spirax sarco ti/p,资料编号,,TI/P technical document number query (batch-41)
data sell spirax sarco,采购渠道与价格,,sales/channel data query (batch-41)
acoples rapidos spirax sarco,管道连接器,,quick coupling / connector product term (batch-42)
spirax sarco conector pt2,管道连接器,,connector product term (batch-42)
spirax sarco connectors,管道连接器,,connector product term (batch-42)
kit de bombeamento spirax sarco,泵组组合,,pump package/kit term (batch-42)
spirax sarco apt package,泵组组合,,APT automatic pump trap package term (batch-42)
spirax sarco barilotto,汽水分离器,,barilotto di separazione / separator term (batch-42)
spirax sarco dri-line mk2,汽水分离器,,Dri-Line moisture separator term (batch-42)
spirax sarco dri-line mk3,汽水分离器,,Dri-Line moisture separator term (batch-42)
calector de vapor spirax sarco,蒸汽集管,,colector de vapor typo / steam manifold term (batch-42)
captador vacio spirax sarco,破真空器,,vacuum breaker/captor term (batch-42)
spirax sarco condensate vacuum vent,破真空器,,condensate vacuum vent/breaker term (batch-42)
pisiconador spirax sarco epl,阀门定位器,,posicionador typo / positioner term (batch-42)
spirax sarco sp 301,阀门定位器,,SP positioner model family term (batch-42)
spirax sarco sp 303,阀门定位器,,SP positioner model family term (batch-42)
spirax sarco sp303,阀门定位器,,SP positioner model family term (batch-42)
spirax sarco sp400ls,阀门定位器,,SP400 local model table positioner family variant (batch-42)
spirax sarco spiratrol,控制阀,,Spira-trol control valve family term (batch-42)
modulating feed water control spirax sarco,锅炉控制,,modulating boiler feedwater control term (batch-42)
fuelles spirax sarco,截止阀,,bellows sealed stop valve / fuelles term (batch-42)
steam bellow spirax sarco,截止阀,,bellows sealed stop valve term (batch-42)
bcv spirax sarco,排污阀,,BCV blowdown control valve family term (batch-42)
spirax sarco bcv,排污阀,,BCV blowdown control valve family term (batch-42)
spirax sarco condensing vessel,冷凝器,,steam condensing vessel product term (batch-42)
spirax sarco steam condensing vessels,冷凝器,,steam condensing vessel product term (batch-42)
analizador de oxigeno spirax sarco,监测器,,oxygen analyzer/monitoring term (batch-42)
spirax sarco sensor of oxygen,监测器,,oxygen sensor/monitoring term (batch-42)
spirax sarco acummulattor,蒸汽蓄热器,,steam accumulator typo term (batch-42)
spirax sarco steam cooler,减温器,,steam cooler/desuperheating term (batch-42)
spirax sarco steam expansion,垫片与膨胀接头,,steam expansion/expansion joint term (batch-42)
spirax sarco products,站内导航与通用查询,product,generic products navigation query (batch-42)
spirax sarco produtos,站内导航与通用查询,,generic products navigation query (batch-42)
produtos spirax sarco,站内导航与通用查询,,generic products navigation query (batch-42)
productos spirax sarco,站内导航与通用查询,,generic products navigation query (batch-42)
spirax sarco productos,站内导航与通用查询,,generic products navigation query (batch-42)
busqueda spirax sarco,站内导航与通用查询,,site search/navigation query (batch-42)
data spirax sarco,站内导航与通用查询,,generic data/navigation query (batch-42)
spirax sarco product overview,站内导航与通用查询,,product overview/navigation query (batch-42)
spirax sarco module,站内导航与通用查询,,generic module/navigation query (batch-42)
spirax sarco modules,站内导航与通用查询,,generic module/navigation query (batch-42)
aire comprimido spirax sarco,解决方案与服务,,compressed air application query (batch-42)
spirax sarco aire comprimido,解决方案与服务,,compressed air application query (batch-42)
spirax sarco clean steam,解决方案与服务,,clean steam application/solution query (batch-42)
spirax sarco culinary steam,解决方案与服务,,culinary steam application/solution query (batch-42)
spirax sarco cooling towers,解决方案与服务,,cooling tower application query (batch-42)
spirax sarco dairy steam cleaner,解决方案与服务,,dairy steam cleaning application query (batch-42)
spirax sarco diary steam cleaner,解决方案与服务,,dairy steam cleaning typo query (batch-42)
spirax sarco diary steam cleaner working,解决方案与服务,,dairy steam cleaning application query (batch-42)
pistola de lavado spirax sarco,解决方案与服务,,washdown/steam cleaning application query (batch-42)
pistola para vapor spirax sarco,解决方案与服务,,steam gun/washdown application query (batch-42)
spirax sarco gas,解决方案与服务,,gas application query (batch-42)
spirax sarco gas natural,解决方案与服务,,natural gas application query (batch-42)
spirax sarco gas outlet,解决方案与服务,,gas outlet application query (batch-42)
planta de vapor spirax sarco,解决方案与服务,,steam plant solution query (batch-42)
spirax sarco planta,解决方案与服务,,plant/solution query (batch-42)
spirax sarco estacion de vapor,解决方案与服务,,steam station solution query (batch-42)
estaciones de vapor spirax sarco bypass,解决方案与服务,,steam station solution query (batch-42)
spirax sarco instalaciones dee vapor,解决方案与服务,,steam installation solution query (batch-42)
steam system spirax sarco,解决方案与服务,,steam system solution query (batch-42)
spirax sarco water,解决方案与服务,,water application query (batch-42)
spirax sarco microturbine,解决方案与服务,,microturbine/energy application query (batch-42)
turbinas spirax sarco,解决方案与服务,,turbine/energy application query (batch-42)
spirax sarco viscosity control unit,解决方案与服务,,viscosity control solution query (batch-42)
spirax sarco rociadores,解决方案与服务,,sprinkler/fire application query (batch-42)
spirax sarco incendio,解决方案与服务,,fire/sprinkler application query (batch-42)
accesorios spirax sarco,解决方案与服务,,generic accessories/application query (batch-42)
spirax sarco accesorios,解决方案与服务,,generic accessories/application query (batch-42)
spirax sarco accesorios de gas natural,解决方案与服务,,natural gas accessories application query (batch-42)
spirax sarco accesorios vapor,解决方案与服务,,steam accessories application query (batch-42)
equipos spirax sarco,解决方案与服务,,generic equipment/solution query (batch-42)
rubros spirax sarco,解决方案与服务,,sector/industry query (batch-42)
methods to recover condensate spirax sarco,技术知识与参考,,condensate recovery method reference (batch-42)
flow through spirax sarco,技术知识与参考,,flow-through engineering reference (batch-42)
pneumatic differential pressure spirax sarco,技术知识与参考,,differential pressure reference (batch-42)
pid control spirax sarco,技术知识与参考,,PID control reference (batch-42)
spirax sarco curvas de bombas,技术知识与参考,,pump curves reference (batch-42)
spirax sarco curvas de bombas centrifugas,技术知识与参考,,centrifugal pump curves reference (batch-42)
spirax sarco dilatacion termica,技术知识与参考,,thermal expansion reference (batch-42)
spirax sarco espesores de aislaciones,技术知识与参考,,insulation thickness reference (batch-42)
spirax sarco typical site steam leaks,技术知识与参考,,steam leak reference (batch-42)
spirax sarco steam jacket,技术知识与参考,,steam jacket reference (batch-42)
spirax sarco steam lock release,技术知识与参考,,steam lock release reference (batch-42)
spirax sarco pipe support,技术知识与参考,,pipe support reference (batch-42)
spirax sarco piping,技术知识与参考,,piping reference (batch-42)
spirax sarco supports,技术知识与参考,,pipe/support reference (batch-42)
spirax sarco hanger,技术知识与参考,,pipe hanger/support reference (batch-42)
spirax sarco hanger support,技术知识与参考,,pipe hanger/support reference (batch-42)
spirax sarco push beam trolley,技术知识与参考,,beam trolley/support reference (batch-42)
sarco spirax convergent-divergentnozzle 500m s steam,技术知识与参考,,convergent-divergent nozzle steam reference (batch-42)
spirax sarco separate chambers,技术知识与参考,,separate chamber concept reference (batch-42)
spirax sarco separate chambers meaning,技术知识与参考,,separate chamber concept reference (batch-42)
internos anti cavitante spirax sarco,规格参数,,anti-cavitation trim/internal specification (batch-42)
spirax sarco balancing disc,规格参数,,balancing disc specification/part feature (batch-42)
bar.r spirax sarco,规格参数,,pressure unit/specification query (batch-42)
spirax sarco bar,规格参数,,pressure unit/specification query (batch-42)
spirax sarco cl 30,规格参数,,class/pressure specification query (batch-42)
bpm ti spirax sarco,资料编号,,TI/document-number style query (batch-42)
rim 10 spirax sarco im,资料编号,,IM/manual document style query (batch-42)
spirax sarco cross reference,资料手册与下载,,cross-reference document query (batch-42)
spirax sarco ejemplos,资料手册与下载,,examples/document query (batch-42)
spirax sarco knowledge,资料手册与下载,,knowledge/documentation query (batch-42)
spirax sarco teknik bilgiler,资料手册与下载,,technical information document query (batch-42)
modelo de controle de qualidade spirax sarco,资源格式,,quality control model/resource query (batch-42)
spirax sarco modelo 211s,资源格式,,model/resource format query (batch-42)
spirax sarco 2700 uniword,资源格式,,Uniworld/resource format typo query (batch-42)
spirax sarco 2700 uniworld,资源格式,,Uniworld/resource format query (batch-42)
spirax sarco 2700 uniworldpdf,资源格式,,Uniworld PDF/resource query (batch-42)
cassio spirax sarco,组织人员与治理,,personal name query (batch-42)
jucker spirax sarco,组织人员与治理,,personal name query (batch-42)
martin lamaison y spirax sarco,组织人员与治理,,personal name query (batch-42)
nick spirax sarco,组织人员与治理,,personal name query (batch-42)
spirax sarco ashley wainwright,组织人员与治理,,personal name query (batch-42)
spirax sarco nicholas j anderson,组织人员与治理,,personal name query (batch-42)
spirax sarco porter,组织人员与治理,,personal name query (batch-42)
topol spirax sarco,组织人员与治理,,personal name query (batch-42)
spirax sarco benefits,招聘雇主信息,,employee benefits/employer query (batch-42)
spirax sarco ergonomia,招聘雇主信息,,workplace ergonomics/employer query (batch-42)
spirax-sarco assurecnce,招聘雇主信息,,assurance/job typo query (batch-42)
spirax-sarco eng,招聘雇主信息,,engineering/job abbreviation query (batch-42)
spirax-sarco engr,招聘雇主信息,,engineer/job abbreviation query (batch-42)
spirax sarco cyber security,官网账号与媒体资产,,website/security digital query (batch-42)
spirax sarco mail,官网账号与媒体资产,,mail/digital access query (batch-42)
spirax sarco distribution,采购渠道与价格,,distribution/channel query (batch-42)
spirax sarco socios,采购渠道与价格,,partner/channel query (batch-42)
dexis spirax sarco,采购渠道与价格,,distributor/channel query (batch-42)
norauto spirax sarco,采购渠道与价格,,retail/channel query (batch-42)
spirax sarco versus,集团品牌与竞品关联,,comparison/competitor intent query (batch-42)
spirax sarco tlv7,集团品牌与竞品关联,,TLV competitor/brand association query (batch-42)
bcs 2 spirax sarco,排污控制系统,,BCS boiler blowdown control system family (batch-43)
ibv c series spirax sarco,疏水阀,,IBV C-LF2 inverted bucket steam trap family in local model table (batch-43)
kbv 20 spirax sarco,排污阀,,KBV21 boiler blowdown valve family in local model table (batch-43)
spirax sarco vb14instal,破真空器,,VB14 vacuum breaker local model table variant (batch-43)
spirax sarco vht2,排空帽,,VHT vent head family based on local VHT8 evidence (batch-43)
spirax sarco srv,减压阀,,SRV pressure reducing valve family in local model table (batch-43)
spirax sarco lp 10,液位控制器,,LP10-4 level controller/probe local model table family (batch-43)
spirax sarco bs1a,截止阀,,BSA1 bellows sealed stop valve likely spacing/letter variant (batch-43)
programa spirax sarco,站内导航与通用查询,,generic program/navigation query (batch-43)
spirax sarco aplikacje,站内导航与通用查询,,applications/navigation query (batch-43)
spirax sarco eng,站内导航与通用查询,,English/language navigation query (batch-43)
prps.spirax.sarco,官网账号与媒体资产,,subdomain/portal-style query (batch-43)
aspire spirax sarco,公司品牌与法人信息,,corporate program/brand query (batch-43)
avantages spirax sarco,公司品牌与法人信息,,benefits/brand info query (batch-43)
awareness spirax sarco,公司品牌与法人信息,,corporate awareness query (batch-43)
spirax sarco valores,公司品牌与法人信息,,corporate values query (batch-43)
spirax sarco properties,公司品牌与法人信息,,company/property info query (batch-43)
spirax sarco strategy marketing product custumer,公司品牌与法人信息,,corporate strategy/marketing query (batch-43)
strategie 3 diagram product customer spirax sarco,公司品牌与法人信息,,corporate strategy diagram query (batch-43)
spirax sarco customers,公司品牌与法人信息,,customers/company info query (batch-43)
spirax sarco flexibility,公司品牌与法人信息,,corporate value/benefit query (batch-43)
spirax sarco gestion,公司品牌与法人信息,,company management/general info query (batch-43)
spirax sarco beta,公司品牌与法人信息,,brand/beta program query (batch-43)
banzatto spirax sarco,采购渠道与价格,,third-party company/channel query (batch-43)
banzzato spirax sarco,采购渠道与价格,,third-party company/channel typo query (batch-43)
kened spirax sarco,采购渠道与价格,,third-party company/channel query (batch-43)
seidelmann spirax sarco,采购渠道与价格,,third-party company/channel query (batch-43)
oceanwood spirax sarco,采购渠道与价格,,third-party company/channel query (batch-43)
promati spirax sarco,采购渠道与价格,,third-party company/channel query (batch-43)
meridian spirax sarco,采购渠道与价格,,third-party company/channel query (batch-43)
spirax sarco cn,地区分支机构,,country/site query (batch-43)
spirax sarco au,地区分支机构,,country/site query (batch-43)
spirax sarco laboratorio,地区分支机构,,lab/location query (batch-43)
bem vindo ao mundo do vapor spirax sarco,培训教程与课程,,introductory steam learning query (batch-43)
scope steam spirax sarco,技术知识与参考,,steam scope/reference query (batch-43)
condensados spirax sarco,技术知识与参考,,condensate reference query (batch-43)
spirax sarco condensados,技术知识与参考,,condensate reference query (batch-43)
condensino spirax sarco,技术知识与参考,,condensate typo/reference query (batch-43)
loop spirax sarco,技术知识与参考,,steam/condensate loop reference query (batch-43)
spirax sarco loop,技术知识与参考,,steam/condensate loop reference query (batch-43)
spirax sarco team loop,技术知识与参考,,steam/condensate loop typo/reference query (batch-43)
spirax sarco insulation,技术知识与参考,,insulation reference query (batch-43)
spirax sarco jackets,技术知识与参考,,steam jacket reference query (batch-43)
a spirax sarco,噪声与无效查询,,single-letter/no actionable intent (batch-43)
1 spirax sarco,噪声与无效查询,,single-number/no actionable intent (batch-43)
abkmnh-htuekznjh c fnjuj djple f spirax sarco,噪声与无效查询,,garbled query (batch-43)
pfgfcyst xfcnb spirax sarco,噪声与无效查询,,garbled query (batch-43)
rkfgfy spirax sarco,噪声与无效查询,,garbled query (batch-43)
rkfgfy spirax sarco ghjlfv,噪声与无效查询,,garbled query (batch-43)
spirax sarco ghjlfv,噪声与无效查询,,garbled query (batch-43)
spirax sarco tosic,噪声与无效查询,,irrelevant/noisy query (batch-43)
spirax sarco tosik,噪声与无效查询,,irrelevant/noisy query (batch-43)
spirax sarco youla,噪声与无效查询,,irrelevant/noisy query (batch-43)
spirax sarco para,噪声与无效查询,,preposition/no actionable intent (batch-43)
spirax sarco pero,噪声与无效查询,,preposition/no actionable intent (batch-43)
gafas de vista spirax sarco,噪声与无效查询,,irrelevant eyeglasses query (batch-43)
glass door spirax sarco,噪声与无效查询,,irrelevant glass door query (batch-43)
spirax sarco cake,噪声与无效查询,,irrelevant/noisy query (batch-43)
spirax sarco mamas,噪声与无效查询,,irrelevant/noisy query (batch-43)
spirax sarco ventiladores,噪声与无效查询,,fan/ventilator query outside known product taxonomy (batch-43)
spirax sarco ev141,电磁阀,,EV141 official search result: EV141 / EV142 MAGNEETVENTIEL / ELECTRO-DISTRIBUTEUR 3/2-5/2 (batch-44)
mst 18 spirax sarco,疏水阀,,Official search result: MST18 Steam Trap / Purgador de vapor MST18 (batch-45)
spirax sarco mst 18,疏水阀,,Official search result: MST18 Steam Trap / Purgador de vapor MST18 (batch-45)
spirax sarco bydrain,疏水阀,,Official search result: Bydrain Frost Protection Liquid Expansion Trap (batch-45)
spirax sarco vandudlader,疏水阀,,Official search result: Danish vandudlader / steam trap result (batch-45)
spirax sarco tramp,疏水阀,,Official search result: Spanish Trampas de vapor / steam traps (batch-45)
spirax sarco fole,截止阀,,Official search result: BSA/BSAT bellows stop valves / fole (batch-45)
fig 13 spirax sarco,过滤器,,Official search result: FIG.12/13/14 filters/strainers (batch-45)
fig 3716 spirax sarco,过滤器,,Official search result: Filtri/Filtro Fig. 3716 (batch-45)
bps 32ycv spirax sarco,疏水阀,,Official search result: BPC32YCV/BPS32Y balanced pressure thermostatic steam traps (batch-46)
spirax sarco 10 si2,球阀,,Official/local evidence: M10Si2 ball valve (batch-46)
n2000 spirax sarco,执行器,,Official search result: TN2000/PN2000 pneumatic actuator family (batch-46)
sdcv44 spirax sarco,止回阀,,Official search result: SDCV44 split disc check valve (batch-46)
sg2 spirax sarco,观视镜,,Official search result: SG1/SG2 sight glass (batch-46)
sv 56 spirax sarco,安全阀,,Official search result: SV568H/SV561H safety valves (batch-46)
spirax sarco t3,疏水阀,,Official search result: T3 bimetallic steam trap (batch-46)
pt2 spirax sarco,管道连接器,,Official search result: PT1/PT2/PT3 plug tails/connectors (batch-46)
spirax sarco pt1,管道连接器,,Official search result: PT1/PT2/PT3 plug tails/connectors (batch-46)
spirax sarco ss1,感应器,,Official search result: SS1 Spiratec sensor (batch-46)
spirax sarco th-125,疏水阀,,Official search result: RTH-125 balanced pressure steam trap (batch-46)
dlv 75 spirax sarco,减压阀,,Official search result: DLV7 direct acting pressure reducing valve; treated as DLV7 variant/spacing noise (batch-46)
spirax sarco el 5611,执行器,,Local model table and existing progress: EL5611 electric actuator (batch-47)
spirax sarco ci 250,过滤器,,Official search result: Cast Iron Strainers CI-250 (batch-47)
spirax sarco fig 106,球阀,,Official search result: Fig.106 ball valve / válvula de esfera (batch-47)
spirax sarco dfg 300,排污阀,,Official search result: DFG300 automatic/manual boiler blowdown valves (batch-47)
spirax sarco b5-125,疏水阀,,Local model table: B5-125 inverted bucket steam trap (batch-47)
spirax sarco m20,球阀,,Official search result: M20S/M20H ball valves (batch-48)
spirax sarco m111,流量计,,Official search result: M111 SPIRAFLO variable area flow meter (batch-48)
spirax sarco m140,球阀,,Official search result: M140Fa ball valve (batch-48)
s2000 spirax sarco,流量计算机,,Official search result: Scanner 2000 steam mass flow transmitter / flow computer (batch-49)
scaner s2000 spirax sarco,流量计算机,,Official search result: Scanner 2000 steam mass flow transmitter / flow computer; typo variant (batch-49)
scanner 2000 spirax sarco,流量计算机,,Official search result: Scanner 2000 steam mass flow transmitter / flow computer (batch-49)
scanner s2000 spirax sarco,流量计算机,,Official search result: Scanner 2000 steam mass flow transmitter / flow computer; S2000 variant (batch-49)
spirax sarco type 20,空气加湿器,,Official search result: Type 20 direct steam injection humidifier (batch-49)
spirax sarco 25,减压阀,product,Official search result: 25 Series pressure regulator (batch-49)
spirax sarco sv,安全阀,,Official search result: SV safety valves (batch-49)
spirax sarco bc,排污控制器,,Official search result: BC blowdown controllers (batch-49)
spirax sarco cp,电导率感应器,,Official search result: CP conductivity probe/electrode (batch-49)
thermoton spirax sarco,疏水阀,,Official search result: Thermoton Liquid Expansion Steam Traps (batch-50)
spirax sarco ce 43,控制阀,,Official search result: CE43 carbon steel cage design two-port control valves (batch-50)
spirax sarco 3 ce 43,控制阀,,CE43 token variant; official CE43 control valve evidence (batch-50)
spirax sarco ins15,喷射加热系统,,Local model table: INS steam direct injection heating system; INS15 variant (batch-50)
spirax sarco il1,润滑器,,Official search result: IL1/IL1M compressed air lubricator (batch-50)
conjunto lubrificador spirax sarco,润滑器,,"Portuguese semantic match: lubrificador/lubricator, aligned to IL1 compressed air lubricator evidence (batch-50)"
spirax sarco prs,减压阀,,Official search result: Pressure Reducing and Surplussing Valves (batch-50)
spirax sarco sx 65,过程控制器,,Official search result: SX65 Series Temperature Controller (batch-50)
spirax sarco wcv,止回阀,,Official search result: WCV wafer/swing check valves (batch-50)
mkii spirax sarco,混合阀,,Official search result: MkII steam/water mixing valve/station (batch-50)
spirax sarco mkii,混合阀,,Official search result: MkII steam/water mixing valve/station (batch-50)
bloques spirax sarco,双切断排放阀,,Official search result for blocks: Spirax SafeBloc DBB3 double block and bleed valve (batch-51)
spirax sarco blocks,双切断排放阀,,Official search result: SafeBloc DBB3 double block and bleed valve (batch-51)
piloto p spirax sarco,减压阀,,Official search result: 25P pilot operated pressure regulator / Piloto P pressure reducing pilot (batch-51)
spirax sarco s 25,减压阀,,Official search result: 25P/25PSS pressure reducing regulators/station; treated as Series 25 spacing variant (batch-51)
spirax sarco 14hp,过滤器,,Official search result: Fig 14HP carbon steel Y-type strainer (batch-51)
spirax sarco 34hp,过滤器,,Official search result: Fig 34HP carbon steel Y-type strainer (batch-51)
spirax sarco siphon,显示器,,Official search result: siphon for pressure gauge/manometer accessory (batch-51)
s 25 spirax sarco,减压阀,,Official search result: 25P/25PSS pressure reducing regulators/station; treated as Series 25 spacing variant (batch-51)
spirax sarco pt,变送器,,Official search result: Pressure Transmitter Model PT (batch-52)
s4a spirax sarco,汽水分离器,,Official search result: S4A fabricated steel separator / moisture separator (batch-52)
spirax sarco 125 yf,疏水阀,,Official search result: SMC32YF/BPC32YF steam traps; treated as 125 YF/YF trap variant query (batch-52)
spirax sarco actuadas,减压阀,,Official search result: válvulas redutoras de pressão auto-actuadas / self-actuated pressure reducing valves (batch-52)
spirax sarco actuadas on off,活塞阀,,Official search result: piston actuated on/off valves (batch-52)
dp spirax sarco,减压阀,,Official search result: DP Type Valve / DP pilot operated pressure reducing valves and DP pressure regulators (batch-53)
globo gsa spirax sarco,截止阀,,Official search result: Robinet GSA globe/stop valves (batch-53)
gsa 33 spirax sarco,截止阀,,Official search result: GSA globe/stop valve family; treated as GSA3/GSA spacing variant (batch-53)
gsa spirax sarco,截止阀,,Official search result: GSA9/GSA15/GSA3 globe/stop valves (batch-53)
gsa33 spirax sarco,截止阀,,Official search result: GSA globe/stop valve family; treated as GSA3/GSA spacing variant (batch-53)
d16 spirax sarco,疏水阀,,Official search result: TD16 thermodynamic steam trap; treated as omitted-T token (batch-53)
lanzas spirax sarco,空气加湿器,,Official search result: Type 20/40 direct steam injection humidifier lances (batch-53)
5s spirax sarco,减压阀,,Official search result: 25S self-operated valves / 25 Series pressure regulator family; treated as omitted-2 token (batch-53)
spirax sarco uv,溢流阀,,"Official search result: UV 3.5/S/Z overflow/surplussing valves for fluids, gases and steam (batch-54)"
spirax sarco uv rp,溢流阀,,Official search result: UV overflow/surplussing valves; RP treated as connection/spec suffix (batch-54)
spirax sarco rp,活塞阀,,Official search result: RP31/RP32/RP33 piston valves (batch-54)
spirax sarco bdv 980,排污阀,,Official search result: BDV blowdown/depressurisation valves; treated as BDV series query with numeric noise (batch-54)
spirax sarco b-2-180,疏水阀,,B-2-180 bucket trap family evidence from existing moved keyword: in-line horizontal bucket trap cover (batch-58)
spirax sarco b4,疏水阀,,Local model table: B4 inverted bucket steam trap; existing b4 variants already split to steam traps (batch-58)
spirax sarco sil,过滤器,,Official search result: sil/strainer result headed Fig 14 strainer/filter in steel; treated as strainer query (batch-61)
spirax sarco sps,冷凝水回收装置,,Official search result: SPS Series Stainless Steel Condensate Recovery Units (batch-61)
spirax sarco af,显示器,,Official search result: Auswertegerät / Fernanzeige AF for TVA and TFA flowmeters; treated as remote display/evaluation unit (batch-62)
spirax sarco b5,疏水阀,,Local model table: B5 inverted bucket steam trap; B-series trap evidence treated as bucket trap family (batch-63)
spirax sarco bdhr,排污控制系统,,Official search result: Blowdown Heat Recovery Modules BDHR Series; existing blowdown heat recovery terms are split to blowdown control system (batch-63)
hl spirax sarco,保护装置,,Official search result: HL17 High Limit Cut-out / protection valve; existing HL10/HL100 terms are split to protection devices (batch-64)
spirax sarco 6a,排空气阀,,"Official search result: 6A Air Vent; existing keyword ""spirax sarco 6a air vent"" already split to air vents (batch-64)"
spirax sarco purga,排污罐,,Official search top results: Tanques de Purga / blowdown tanks; existing tanque de purgas terms are split to blowdown vessels/tanks (batch-67)
spirax sarco scv,调节阀,,Official search result: SCVH Series Steam Conditioning Valve; treated as steam regulating/conditioning valve family (batch-67)
spirax sarco b series,疏水阀,category,Official/local evidence: B Series inverted bucket steam traps; existing B4/B5/B-2-180 family keywords are split to steam traps (batch-69)
spirax sarco 600 series,疏水阀,,Official search primary result: 600 and 900 Series Inverted Bucket Steam Traps (batch-69)
spirax sarco type 20 for clean steam,空气加湿器,,Official search result: Type 20 and Type 40 Direct Steam Injection (SI) Steam Injection Humidifiers (batch-69)
spirax sarco type 40,空气加湿器,,Official search result from Type 20/40 family: Type 20 and Type 40 Direct Steam Injection Humidifiers (batch-69)
