Keyword,Volume,国家数,来源国家
spirax sarco,4400,82,阿尔巴尼亚、阿根廷、阿塞拜疆、爱尔兰、爱沙尼亚、安哥拉、奥地利、澳大利亚、巴拉圭、巴西、白俄罗斯、保加利亚、比利时、波兰、波斯尼亚和黑塞哥维那、玻利维亚、丹麦、德国、多米尼加共和国、俄罗斯、厄瓜多尔、法国、芬兰、哥伦比亚、哥斯达黎加、格鲁吉亚、哈萨克斯坦、海地、韩国、荷兰、洪都拉斯、加拿大、加纳、捷克共和国、津巴布韦、喀麦隆、克罗地亚、拉脱维亚、立陶宛、卢森堡、罗马尼亚、马耳他、毛里求斯、美国、孟加拉国、秘鲁、摩尔多瓦、莫桑比亚、墨西哥、纳米比亚、南非、尼加拉瓜、尼日利亚、挪威、葡萄牙、日本、瑞典、瑞士、萨尔瓦多、塞尔维亚、塞内加尔、塞浦路斯、斯洛伐克、斯洛文尼亚、特立尼达和多巴哥、土耳其、危地马拉、委内瑞拉、乌克兰、乌拉圭、西班牙、希腊、新加坡、新西兰、匈牙利、亚美尼亚、以色列、意大利、印度、英国、智利、中国香港
spirax sarco share price,4400,22,阿根廷、爱尔兰、澳大利亚、巴西、比利时、丹麦、德国、法国、荷兰、加拿大、津巴布韦、罗马尼亚、美国、葡萄牙、日本、塞浦路斯、西班牙、新加坡、新西兰、意大利、印度、英国
spirax sarco argentina,1900,23,阿根廷、澳大利亚、巴拉圭、巴西、比利时、波兰、玻利维亚、德国、法国、哥伦比亚、哥斯达黎加、荷兰、加拿大、美国、秘鲁、墨西哥、日本、乌拉圭、西班牙、以色列、意大利、英国、智利
spirax sarco inc.,1600,9,澳大利亚、巴西、比利时、德国、法国、荷兰、加拿大、美国、英国
spirax sarco company,880,12,澳大利亚、巴西、比利时、德国、法国、荷兰、加拿大、美国、葡萄牙、西班牙、意大利、英国
spirax sarco italia,880,17,澳大利亚、巴西、比利时、德国、法国、哥伦比亚、荷兰、加拿大、克罗地亚、美国、墨西哥、日本、土耳其、西班牙、以色列、意大利、英国
spirax sarco engineering share price,720,12,阿根廷、澳大利亚、巴西、比利时、德国、法国、荷兰、加拿大、美国、西班牙、意大利、英国
spirax sarco india,720,23,阿根廷、澳大利亚、巴西、比利时、德国、俄罗斯、法国、荷兰、加拿大、津巴布韦、美国、孟加拉国、葡萄牙、日本、塞浦路斯、斯洛伐克、土耳其、西班牙、新加坡、新西兰、意大利、印度、英国
spirax sarco india private limited,720,5,比利时、荷兰、美国、印度、英国
spirax sarco india pvt ltd,720,10,澳大利亚、德国、法国、荷兰、加拿大、美国、日本、西班牙、印度、英国
spirax sarco cheltenham,480,24,爱尔兰、澳大利亚、巴拉圭、比利时、波兰、德国、俄罗斯、法国、韩国、荷兰、加拿大、津巴布韦、美国、挪威、瑞典、土耳其、乌克兰、西班牙、新加坡、匈牙利、以色列、意大利、印度、英国
spirax sarco inc,480,18,澳大利亚、巴西、保加利亚、比利时、德国、韩国、荷兰、洪都拉斯、加拿大、美国、孟加拉国、墨西哥、西班牙、新西兰、以色列、意大利、印度、英国
spirax sarco steam traps,480,42,阿根廷、阿塞拜疆、爱尔兰、奥地利、澳大利亚、巴西、比利时、波兰、丹麦、德国、俄罗斯、法国、芬兰、哥斯达黎加、韩国、荷兰、黑山共和国、加拿大、加纳、津巴布韦、罗马尼亚、毛里求斯、美国、墨西哥、纳米比亚、南非、挪威、葡萄牙、日本、瑞典、瑞士、塞浦路斯、乌克兰、乌拉圭、西班牙、新加坡、新西兰、以色列、意大利、印度、英国、智利
spirax sarco canada,320,17,澳大利亚、巴西、比利时、德国、法国、荷兰、加拿大、津巴布韦、美国、孟加拉国、纳米比亚、日本、乌克兰、新加坡、以色列、印度、英国
spirax sarco canada limited,260,9,澳大利亚、德国、法国、荷兰、加拿大、罗马尼亚、美国、印度、英国
spirax sarco france,260,13,澳大利亚、比利时、德国、俄罗斯、法国、荷兰、加拿大、喀麦隆、美国、西班牙、以色列、意大利、英国
spirax sarco ftse 100,260,9,澳大利亚、比利时、荷兰、加拿大、美国、孟加拉国、墨西哥、新加坡、英国
spirax sarco shares,260,5,美国、葡萄牙、西班牙、意大利、英国
spirax sarco canada ltd,210,5,波兰、德国、加拿大、美国、英国
spirax sarco cotia,210,6,澳大利亚、巴西、比利时、荷兰、加拿大、美国
spirax sarco mexicana sapi de cv,210,7,阿根廷、巴西、荷兰、加拿大、美国、墨西哥、英国
spirax sarco northcroft house,210,1,英国
spirax sarco pte ltd,210,15,澳大利亚、比利时、德国、厄瓜多尔、荷兰、加拿大、美国、墨西哥、日本、委内瑞拉、乌克兰、新加坡、印度、英国、中国香港
spirax sarco singapore,210,12,奥地利、澳大利亚、比利时、德国、俄罗斯、韩国、荷兰、美国、新加坡、以色列、印度、英国
spirax sarco steam trap,210,8,澳大利亚、巴西、比利时、荷兰、加拿大、美国、以色列、英国
spirax sarco usa,210,28,阿根廷、爱尔兰、澳大利亚、巴西、保加利亚、比利时、德国、厄瓜多尔、法国、哥伦比亚、哥斯达黎加、荷兰、加拿大、津巴布韦、美国、秘鲁、墨西哥、纳米比亚、南非、塞浦路斯、西班牙、新加坡、新西兰、以色列、意大利、印度、英国、智利
斯派莎克,179,1,中国
spirax sarco cheltenham jobs,170,8,澳大利亚、比利时、俄罗斯、荷兰、加拿大、美国、以色列、英国
spirax sarco engineering,170,44,阿根廷、爱尔兰、奥地利、澳大利亚、巴拉圭、巴西、保加利亚、比利时、波兰、波斯尼亚和黑塞哥维那、丹麦、德国、俄罗斯、法国、芬兰、荷兰、加拿大、捷克共和国、津巴布韦、克罗地亚、美国、孟加拉国、秘鲁、墨西哥、纳米比亚、南非、挪威、日本、瑞典、瑞士、塞内加尔、斯洛文尼亚、土耳其、委内瑞拉、乌克兰、西班牙、希腊、新加坡、新西兰、以色列、意大利、印度、英国、智利
spirax sarco jobs,170,28,阿尔巴尼亚、阿根廷、爱尔兰、安哥拉、澳大利亚、比利时、波兰、丹麦、德国、俄罗斯、法国、荷兰、加拿大、津巴布韦、美国、墨西哥、南非、日本、土耳其、危地马拉、乌克兰、西班牙、新加坡、新西兰、以色列、意大利、印度、英国
spirax sarco mexico,170,33,阿尔巴尼亚、阿根廷、阿塞拜疆、爱尔兰、澳大利亚、巴西、比利时、波兰、俄罗斯、法国、刚果民主共和国、哥伦比亚、哥斯达黎加、韩国、荷兰、洪都拉斯、加拿大、捷克共和国、美国、孟加拉国、秘鲁、墨西哥、日本、土耳其、危地马拉、乌克兰、乌拉圭、西班牙、以色列、意大利、印度、英国、智利
spirax sarco pty ltd,170,7,澳大利亚、韩国、荷兰、加拿大、美国、意大利、英国
spirax sarco steam tables,170,49,阿根廷、阿塞拜疆、爱尔兰、爱沙尼亚、奥地利、澳大利亚、巴西、比利时、波兰、丹麦、德国、俄罗斯、厄瓜多尔、法国、芬兰、哥伦比亚、哥斯达黎加、韩国、荷兰、加拿大、捷克共和国、津巴布韦、克罗地亚、美国、秘鲁、墨西哥、纳米比亚、南非、挪威、葡萄牙、日本、瑞典、瑞士、萨尔瓦多、塞浦路斯、斯洛文尼亚、土耳其、乌拉圭、西班牙、希腊、新加坡、新西兰、匈牙利、以色列、意大利、印度、英国、智利、中国香港
trampas de vapor spirax sarco,170,19,阿根廷、巴拉圭、巴西、玻利维亚、多米尼加共和国、厄瓜多尔、哥伦比亚、哥斯达黎加、荷兰、洪都拉斯、美国、秘鲁、墨西哥、萨尔瓦多、危地马拉、委内瑞拉、乌拉圭、西班牙、智利
hiter controls - grupo spirax sarco,140,1,巴西
spirax sarco chile,140,9,阿根廷、巴西、比利时、荷兰、加拿大、美国、秘鲁、西班牙、智利
spirax sarco engineering plc,140,37,阿根廷、阿塞拜疆、爱尔兰、奥地利、澳大利亚、巴西、保加利亚、比利时、波兰、波斯尼亚和黑塞哥维那、德国、俄罗斯、法国、哥伦比亚、格鲁吉亚、荷兰、加拿大、捷克共和国、克罗地亚、美国、孟加拉国、秘鲁、墨西哥、日本、瑞典、瑞士、斯洛伐克、土耳其、乌克兰、西班牙、希腊、新加坡、以色列、意大利、印度、英国、中国香港
spirax sarco kondensatableiter,140,10,奥地利、澳大利亚、比利时、德国、荷兰、加拿大、美国、瑞士、意大利、英国
spirax sarco south africa,140,10,比利时、德国、法国、津巴布韦、美国、纳米比亚、南非、意大利、印度、英国
spirax sarco steam check valve,140,5,比利时、荷兰、加拿大、美国、英国
spirax sarco uk,140,37,阿根廷、爱尔兰、澳大利亚、巴西、比利时、波兰、德国、俄罗斯、法国、哥伦比亚、哈萨克斯坦、韩国、荷兰、加拿大、捷克共和国、津巴布韦、罗马尼亚、美国、孟加拉国、秘鲁、墨西哥、纳米比亚、南非、尼日利亚、日本、瑞士、塞浦路斯、乌克兰、西班牙、希腊、新加坡、新西兰、以色列、意大利、印度、英国、中国香港
spirax-sarco,140,10,巴西、比利时、德国、法国、荷兰、加拿大、西班牙、以色列、意大利、英国
spirax sarco ag,110,12,澳大利亚、比利时、德国、法国、荷兰、加拿大、美国、瑞士、西班牙、意大利、印度、英国
spirax sarco aktie,110,7,奥地利、澳大利亚、德国、荷兰、美国、瑞士、意大利
spirax sarco australia,110,15,阿根廷、澳大利亚、比利时、德国、法国、荷兰、加拿大、津巴布韦、美国、纳米比亚、新加坡、新西兰、意大利、印度、英国
spirax sarco blythewood sc,110,5,澳大利亚、加拿大、美国、印度、英国
spirax sarco brasil,110,22,阿根廷、澳大利亚、巴拉圭、巴西、比利时、波兰、玻利维亚、德国、俄罗斯、法国、哥伦比亚、荷兰、加拿大、美国、秘鲁、墨西哥、葡萄牙、乌克兰、以色列、意大利、印度、英国
spirax sarco careers,110,32,阿根廷、爱尔兰、澳大利亚、巴西、比利时、波斯尼亚和黑塞哥维那、丹麦、德国、俄罗斯、厄瓜多尔、法国、哥伦比亚、韩国、荷兰、加拿大、津巴布韦、美国、孟加拉国、秘鲁、墨西哥、南非、尼日利亚、塞浦路斯、土耳其、新加坡、新西兰、匈牙利、意大利、印度、英国、智利、中国香港
spirax sarco españa,110,15,阿根廷、澳大利亚、巴西、比利时、德国、法国、荷兰、加拿大、美国、秘鲁、乌拉圭、西班牙、以色列、意大利、英国
spirax sarco ggg40,110,8,阿根廷、澳大利亚、巴西、比利时、法国、加拿大、美国、英国
spirax sarco italy,110,6,澳大利亚、比利时、荷兰、加拿大、以色列、意大利
spirax sarco konstanz,110,6,奥地利、比利时、德国、荷兰、瑞士、英国
spirax sarco new zealand limited,110,1,新西兰
spirax sarco runnings road cheltenham,110,4,澳大利亚、白俄罗斯、美国、英国
spirax sarco srl,110,23,阿尔巴尼亚、巴西、比利时、波兰、德国、俄罗斯、法国、荷兰、加拿大、津巴布韦、罗马尼亚、美国、墨西哥、纳米比亚、南非、塞尔维亚、西班牙、新加坡、新西兰、以色列、意大利、印度、英国
spirax sarco uk cheltenham,110,9,比利时、德国、法国、荷兰、美国、西班牙、以色列、意大利、英国
斯派莎克阀门,109,1,中国
sarco spirax,90,9,澳大利亚、巴西、比利时、德国、法国、荷兰、加拿大、以色列、英国
spirax sarco chatellerault,90,10,奥地利、澳大利亚、德国、法国、荷兰、加拿大、美国、瑞士、意大利、英国
spirax sarco gmbh,90,15,奥地利、澳大利亚、比利时、德国、俄罗斯、法国、荷兰、加拿大、美国、塞尔维亚、乌克兰、西班牙、以色列、意大利、英国
spirax sarco limited,90,29,阿根廷、澳大利亚、巴西、白俄罗斯、比利时、波兰、丹麦、德国、俄罗斯、法国、哥伦比亚、韩国、荷兰、加拿大、美国、秘鲁、墨西哥、南非、尼加拉瓜、日本、土耳其、乌克兰、西班牙、新加坡、匈牙利、以色列、意大利、印度、英国
spirax sarco limited uk,90,3,阿根廷、美国、英国
spirax sarco ltd,90,28,爱尔兰、澳大利亚、巴西、比利时、波兰、玻利维亚、丹麦、德国、俄罗斯、法国、芬兰、哥伦比亚、韩国、荷兰、加拿大、克罗地亚、美国、墨西哥、挪威、瑞典、乌克兰、西班牙、新西兰、匈牙利、以色列、意大利、印度、英国
spirax sarco nova milanese,90,9,阿根廷、澳大利亚、比利时、德国、荷兰、加拿大、美国、西班牙、意大利
spirax sarco spain,90,9,巴西、德国、法国、荷兰、美国、西班牙、意大利、印度、英国
spirax sarco türkiye,90,4,比利时、荷兰、土耳其、以色列
spirax sarco valves,90,29,阿根廷、爱尔兰、澳大利亚、巴西、比利时、德国、法国、韩国、荷兰、加拿大、津巴布韦、美国、孟加拉国、墨西哥、纳米比亚、南非、塞尔维亚、塞浦路斯、土耳其、委内瑞拉、乌克兰、乌拉圭、西班牙、新加坡、新西兰、以色列、意大利、印度、英国
spirax sarco valvulas,90,12,阿根廷、巴西、厄瓜多尔、哥伦比亚、哥斯达黎加、美国、秘鲁、墨西哥、萨尔瓦多、乌拉圭、西班牙、智利
valvula spirax sarco,90,14,阿根廷、巴西、玻利维亚、俄罗斯、厄瓜多尔、哥伦比亚、荷兰、罗马尼亚、美国、秘鲁、墨西哥、西班牙、印度、智利
válvula spirax sarco,90,7,阿根廷、巴西、荷兰、美国、墨西哥、危地马拉、西班牙
spirax sarco belgie,70,7,澳大利亚、比利时、德国、荷兰、加拿大、美国、英国
spirax sarco blythewood,70,3,荷兰、加拿大、美国
spirax sarco colombia,70,12,阿根廷、澳大利亚、巴西、比利时、厄瓜多尔、哥伦比亚、荷兰、加拿大、美国、秘鲁、土耳其、英国
spirax sarco condensate pump,70,15,澳大利亚、巴西、比利时、德国、厄瓜多尔、法国、荷兰、加拿大、美国、乌拉圭、西班牙、匈牙利、以色列、意大利、英国
spirax sarco distributors,70,30,阿根廷、爱尔兰、安哥拉、澳大利亚、巴哈马群岛、巴西、比利时、波斯尼亚和黑塞哥维那、德国、俄罗斯、法国、哥伦比亚、荷兰、加拿大、津巴布韦、美国、墨西哥、纳米比亚、南非、尼日利亚、塞浦路斯、土耳其、西班牙、希腊、新加坡、新西兰、以色列、意大利、印度、英国
spirax sarco en js1025,70,6,比利时、荷兰、加拿大、美国、西班牙、英国
spirax sarco inc blythewood sc,70,1,美国
spirax sarco italy via per cinisello nova milanese mb,70,1,意大利
spirax sarco new zealand,70,6,澳大利亚、荷兰、加拿大、美国、新西兰、英国
spirax sarco nz,70,6,澳大利亚、加拿大、津巴布韦、美国、新西兰、英国
spirax sarco pressure reducing valve,70,20,阿尔巴尼亚、澳大利亚、巴西、保加利亚、比利时、德国、法国、哥斯达黎加、荷兰、加拿大、美国、葡萄牙、瑞典、乌拉圭、西班牙、以色列、意大利、印度、英国、中国香港
spirax sarco pty limited,70,2,澳大利亚、美国
spirax sarco steam separator,70,26,爱尔兰、澳大利亚、白俄罗斯、比利时、波兰、德国、俄罗斯、哥伦比亚、荷兰、加拿大、美国、墨西哥、尼日利亚、挪威、葡萄牙、日本、瑞士、土耳其、希腊、新西兰、以色列、意大利、印度、英国、智利、中国香港
spirax sarco trappes,70,6,比利时、德国、俄罗斯、法国、荷兰、英国
spirax sarco valve,70,11,澳大利亚、巴西、比利时、德国、荷兰、加拿大、美国、西班牙、以色列、意大利、英国
steam tables spirax sarco,70,5,比利时、荷兰、加拿大、以色列、英国
purgador spirax sarco,50,11,阿根廷、巴西、比利时、德国、俄罗斯、荷兰、加拿大、美国、西班牙、匈牙利、英国
spirax sarco châtellerault,50,2,法国、加拿大
spirax sarco csm c,50,2,美国、西班牙
spirax sarco dealers,50,1,美国
spirax sarco graduate programme,50,12,阿根廷、澳大利亚、比利时、俄罗斯、荷兰、加拿大、美国、墨西哥、南非、瑞典、印度、英国
spirax sarco industria e comercio ltda,50,5,澳大利亚、巴西、比利时、荷兰、美国
spirax sarco jobs cheltenham,50,3,澳大利亚、加拿大、英国
spirax sarco pressure regulator,50,9,澳大利亚、巴西、比利时、德国、加拿大、美国、西班牙、意大利、英国
spirax sarco pressure relief valve,50,12,爱尔兰、澳大利亚、巴西、比利时、波斯尼亚和黑塞哥维那、德国、法国、荷兰、加拿大、美国、意大利、英国
spirax sarco prv,50,13,澳大利亚、巴西、比利时、法国、荷兰、加拿大、美国、墨西哥、西班牙、以色列、意大利、印度、英国
spirax sarco purgador,50,4,巴西、美国、葡萄牙、西班牙
spirax sarco regulator,50,14,澳大利亚、巴西、比利时、德国、法国、哥伦比亚、荷兰、加拿大、美国、孟加拉国、西班牙、以色列、意大利、英国
spirax sarco steam regulator,50,9,澳大利亚、比利时、荷兰、加拿大、美国、新加坡、以色列、意大利、英国
spirax sarco store,50,2,加拿大、美国
spirax sarco traps,50,9,巴西、比利时、荷兰、加拿大、美国、以色列、意大利、印度、英国
spirax sarco us,50,9,巴西、比利时、德国、荷兰、美国、西班牙、以色列、意大利、英国
spirax-sarco engineering plc,50,11,澳大利亚、巴西、比利时、德国、法国、荷兰、加拿大、西班牙、以色列、意大利、英国
ball float steam trap spirax sarco,40,15,澳大利亚、巴西、比利时、德国、法国、韩国、荷兰、加拿大、美国、墨西哥、西班牙、以色列、意大利、印度、英国
purgador spirax sarco tds 52,40,1,巴西
separador de vapor spirax sarco,40,10,阿根廷、巴西、德国、厄瓜多尔、哥伦比亚、美国、秘鲁、墨西哥、西班牙、智利
spirax sarco air vent,40,13,澳大利亚、比利时、丹麦、德国、荷兰、加拿大、美国、西班牙、新西兰、以色列、意大利、英国、智利
spirax sarco anytime,40,4,澳大利亚、比利时、加拿大、美国
spirax sarco belgique,40,7,比利时、德国、法国、荷兰、加拿大、美国、英国
spirax sarco chennai,40,7,澳大利亚、比利时、加拿大、美国、新加坡、印度、英国
spirax sarco control valve,40,18,澳大利亚、巴西、比利时、德国、法国、荷兰、加拿大、捷克共和国、美国、墨西哥、南非、西班牙、新西兰、匈牙利、以色列、意大利、印度、英国
spirax sarco float and thermostatic steam traps,40,8,澳大利亚、荷兰、加拿大、美国、南非、以色列、印度、英国
spirax sarco gmbh regelapparate,40,8,比利时、德国、荷兰、加拿大、美国、意大利、印度、英国
spirax sarco inverted bucket steam trap,40,11,澳大利亚、比利时、德国、荷兰、加拿大、美国、塞尔维亚、委内瑞拉、以色列、印度、英国
spirax sarco kugelschwimmer-kondensatableiter,40,4,澳大利亚、比利时、德国、加拿大
spirax sarco linkedin,40,8,爱尔兰、比利时、波兰、法国、加拿大、美国、意大利、英国
spirax sarco port elizabeth,40,3,津巴布韦、纳米比亚、南非
spirax sarco products,40,32,阿根廷、爱尔兰、澳大利亚、巴西、保加利亚、比利时、丹麦、德国、俄罗斯、法国、韩国、荷兰、加拿大、津巴布韦、美国、孟加拉国、墨西哥、纳米比亚、南非、塞尔维亚、塞内加尔、塞浦路斯、特立尼达和多巴哥、土耳其、乌克兰、西班牙、新加坡、新西兰、以色列、意大利、印度、英国
spirax sarco rep locator,40,7,比利时、荷兰、加拿大、美国、南非、印度、英国
spirax sarco share price uk,40,2,美国、英国
spirax sarco steam,40,36,爱尔兰、澳大利亚、巴西、比利时、波斯尼亚和黑塞哥维那、德国、俄罗斯、厄瓜多尔、法国、芬兰、哥伦比亚、哥斯达黎加、格鲁吉亚、韩国、荷兰、加拿大、津巴布韦、罗马尼亚、美国、墨西哥、纳米比亚、南非、日本、瑞典、塞尔维亚、塞浦路斯、危地马拉、乌克兰、乌拉圭、西班牙、新加坡、新西兰、以色列、意大利、印度、英国
spirax sarco stock,40,16,阿根廷、澳大利亚、巴西、保加利亚、比利时、德国、法国、韩国、荷兰、加拿大、美国、西班牙、以色列、意大利、印度、英国
spirax sarco thermodynamic steam trap,40,13,澳大利亚、巴西、比利时、德国、芬兰、荷兰、加拿大、美国、南非、以色列、意大利、印度、英国
spirax sarco thermostatic steam trap,40,16,澳大利亚、比利时、芬兰、荷兰、加拿大、美国、孟加拉国、墨西哥、南非、土耳其、乌克兰、西班牙、以色列、意大利、印度、英国
spirax sarco universal connector,40,1,美国
steam traps spirax sarco,40,6,比利时、荷兰、加拿大、美国、以色列、英国
tt4 spirax sarco,40,2,墨西哥、尼加拉瓜
valvula termodinamica spirax sarco,40,4,阿根廷、巴西、墨西哥、委内瑞拉
apt spirax sarco,30,8,阿根廷、巴西、比利时、德国、加拿大、美国、西班牙、英国
catalogo spirax sarco,30,11,阿根廷、澳大利亚、巴拉圭、巴西、德国、美国、墨西哥、委内瑞拉、西班牙、意大利、英国
catálogo spirax sarco pdf,30,5,巴西、德国、美国、西班牙、意大利
cuit spirax sarco,30,2,阿根廷、美国
distribuidores spirax sarco,30,3,阿根廷、巴西、西班牙
distribuidores spirax sarco mexico,30,2,美国、墨西哥
filtro spirax sarco,30,13,阿根廷、澳大利亚、巴西、玻利维亚、哥伦比亚、加拿大、美国、墨西哥、挪威、委内瑞拉、西班牙、意大利、英国
filtro y spirax sarco,30,17,阿根廷、澳大利亚、巴拉圭、巴西、德国、法国、哥伦比亚、美国、秘鲁、墨西哥、葡萄牙、委内瑞拉、乌克兰、西班牙、意大利、英国、智利
inverted bucket steam trap spirax sarco,30,11,澳大利亚、巴西、比利时、德国、法国、荷兰、加拿大、美国、意大利、印度、英国
manual spirax sarco,30,4,阿根廷、巴西、墨西哥、西班牙
odwadniacz spirax sarco,30,2,巴西、波兰
rompedor de vacio spirax sarco,30,3,墨西哥、西班牙、智利
separador de gotas spirax sarco,30,8,阿根廷、德国、哥斯达黎加、韩国、美国、西班牙、英国、智利
separador de humedad spirax sarco,30,8,阿根廷、哥伦比亚、美国、秘鲁、墨西哥、西班牙、英国、智利
spirax sarco 3d,30,27,阿根廷、澳大利亚、巴西、比利时、波兰、丹麦、德国、俄罗斯、厄瓜多尔、法国、哥伦比亚、哥斯达黎加、韩国、荷兰、加拿大、美国、秘鲁、墨西哥、瑞典、斯洛文尼亚、土耳其、乌拉圭、西班牙、匈牙利、以色列、意大利、智利
spirax sarco air eliminator,30,12,澳大利亚、巴西、比利时、荷兰、加拿大、美国、新西兰、以色列、意大利、英国、智利、中国香港
spirax sarco app,30,10,澳大利亚、巴西、比利时、哥伦比亚、荷兰、加拿大、美国、墨西哥、西班牙、英国
spirax sarco auckland,30,2,美国、新西兰
spirax sarco blythewood south carolina,30,1,美国
spirax sarco bogota,30,2,阿根廷、哥伦比亚
spirax sarco cali,30,1,哥伦比亚
spirax sarco catalogo,30,18,阿根廷、巴西、玻利维亚、俄罗斯、厄瓜多尔、哥伦比亚、荷兰、加拿大、美国、秘鲁、墨西哥、葡萄牙、委内瑞拉、乌拉圭、西班牙、以色列、意大利、智利
spirax sarco cennik,30,1,波兰
spirax sarco check valve,30,13,澳大利亚、比利时、德国、法国、哥伦比亚、荷兰、加拿大、捷克共和国、美国、西班牙、以色列、意大利、英国
spirax sarco cluj,30,1,罗马尼亚
spirax sarco condensate pump manual,30,7,澳大利亚、比利时、荷兰、加拿大、美国、以色列、英国
spirax sarco condensate recovery unit,30,10,澳大利亚、比利时、荷兰、加拿大、美国、孟加拉国、塞尔维亚、以色列、意大利、英国
spirax sarco control valve pdf,30,8,澳大利亚、比利时、加拿大、美国、南非、以色列、印度、英国
spirax sarco distribuidores,30,9,阿根廷、巴西、哥伦比亚、加拿大、美国、秘鲁、墨西哥、西班牙、智利
spirax sarco distributors near me,30,8,澳大利亚、荷兰、加拿大、美国、新加坡、以色列、印度、英国
spirax sarco don torcuato,30,2,阿根廷、波兰
spirax sarco email address,30,7,澳大利亚、德国、加拿大、美国、南非、印度、英国
spirax sarco filtro,30,4,阿根廷、巴拉圭、西班牙、意大利
spirax sarco finland,30,1,芬兰
spirax sarco ft,30,13,澳大利亚、巴西、比利时、德国、法国、荷兰、加拿大、美国、挪威、土耳其、以色列、意大利、英国
spirax sarco ft 15,30,6,澳大利亚、俄罗斯、加拿大、美国、秘鲁、英国
spirax sarco ft 15 steam trap,30,2,加拿大、美国
spirax sarco ft-15,30,4,澳大利亚、加拿大、美国、英国
spirax sarco gasket,30,2,加拿大、美国
spirax sarco glassdoor,30,12,澳大利亚、巴西、比利时、法国、荷兰、加拿大、津巴布韦、美国、新加坡、意大利、印度、英国
spirax sarco heat exchanger,30,16,澳大利亚、比利时、波兰、德国、法国、荷兰、加拿大、毛里求斯、美国、孟加拉国、挪威、新加坡、以色列、意大利、英国、智利
spirax sarco history,30,9,阿根廷、澳大利亚、巴西、哥伦比亚、加拿大、美国、瑞士、印度、英国
spirax sarco india jobs,30,1,印度
spirax sarco investor relations,30,8,澳大利亚、比利时、加拿大、津巴布韦、瑞典、新加坡、印度、英国
spirax sarco johannesburg,30,4,澳大利亚、津巴布韦、纳米比亚、南非
spirax sarco kft,30,2,德国、匈牙利
spirax sarco local distributor,30,11,爱尔兰、澳大利亚、冰岛、加拿大、津巴布韦、美国、南非、新加坡、以色列、印度、英国
spirax sarco logo,30,24,阿尔巴尼亚、阿根廷、澳大利亚、巴拉圭、巴西、比利时、德国、法国、哥伦比亚、荷兰、加拿大、捷克共和国、美国、墨西哥、葡萄牙、瑞典、乌拉圭、西班牙、新加坡、匈牙利、以色列、意大利、英国、赞比亚
spirax sarco logo png,30,8,巴西、比利时、哥伦比亚、荷兰、美国、墨西哥、新加坡、英国
spirax sarco mahindra city,30,2,加拿大、印度
spirax sarco méxico,30,6,阿根廷、哥伦比亚、美国、秘鲁、墨西哥、乌拉圭
spirax sarco monterrey,30,4,阿根廷、美国、秘鲁、墨西哥
spirax sarco nigeria,30,1,尼日利亚
spirax sarco norge,30,7,澳大利亚、丹麦、德国、荷兰、美国、挪威、英国
spirax sarco peru,30,5,澳大利亚、比利时、加拿大、秘鲁、瑞士
spirax sarco praha,30,1,捷克共和国
spirax sarco pressure powered pump,30,5,澳大利亚、荷兰、加拿大、美国、英国
spirax sarco pump trap,30,10,澳大利亚、巴西、比利时、荷兰、加拿大、美国、西班牙、以色列、英国、智利
spirax sarco pumps,30,4,澳大利亚、加拿大、美国、英国
spirax sarco queretaro,30,4,阿根廷、秘鲁、墨西哥、智利
spirax sarco runnings road,30,6,德国、加拿大、美国、匈牙利、印度、英国
spirax sarco safety relief valve,30,7,澳大利亚、巴西、比利时、加拿大、美国、意大利、英国
spirax sarco safety valve,30,21,澳大利亚、巴哈马群岛、巴西、比利时、伯利兹、德国、厄瓜多尔、法国、荷兰、加拿大、美国、挪威、瑞士、西班牙、新西兰、匈牙利、以色列、意大利、印度、英国、智利
spirax sarco schweiz,30,7,比利时、德国、法国、荷兰、美国、瑞士、英国
spirax sarco separator,30,18,爱尔兰、澳大利亚、巴西、比利时、波兰、德国、厄瓜多尔、法国、韩国、荷兰、洪都拉斯、加拿大、加纳、美国、委内瑞拉、西班牙、意大利、英国
spirax sarco slovenija,30,1,斯洛文尼亚
spirax sarco srbija,30,1,塞尔维亚
spirax sarco steam calculator,30,21,爱尔兰、澳大利亚、巴西、比利时、丹麦、俄罗斯、哥斯达黎加、荷兰、加拿大、美国、墨西哥、南非、瑞典、土耳其、西班牙、新加坡、新西兰、以色列、意大利、印度、英国
spirax sarco steam control valve,30,11,爱尔兰、澳大利亚、比利时、哈萨克斯坦、荷兰、加拿大、美国、新西兰、以色列、印度、英国
spirax sarco steam filter,30,12,澳大利亚、比利时、多米尼加共和国、芬兰、荷兰、加拿大、美国、孟加拉国、希腊、以色列、印度、英国
spirax sarco steam pipe sizing calculator,30,7,澳大利亚、荷兰、美国、新加坡、新西兰、印度、英国
spirax sarco steam powered condensate pump,30,6,爱尔兰、比利时、韩国、荷兰、毛里求斯、美国
spirax sarco steam table,30,6,比利时、荷兰、加拿大、美国、以色列、英国
spirax sarco steam trap catalog pdf,30,11,澳大利亚、比利时、德国、荷兰、加拿大、美国、西班牙、以色列、意大利、印度、英国
spirax sarco steam trap distributors,30,6,荷兰、加拿大、美国、以色列、印度、英国
spirax sarco steam trap rebuild kits,30,3,美国、印度、英国
spirax sarco steam valves,30,10,爱尔兰、澳大利亚、比利时、格鲁吉亚、荷兰、加拿大、美国、尼加拉瓜、尼日利亚、英国
spirax sarco strainer,30,27,爱尔兰、澳大利亚、巴西、比利时、丹麦、德国、多米尼加共和国、法国、哥伦比亚、韩国、荷兰、加拿大、津巴布韦、立陶宛、美国、莫桑比亚、墨西哥、瑞士、斯洛文尼亚、乌拉圭、西班牙、新加坡、新西兰、以色列、意大利、印度、英国
spirax sarco temperature control valve,30,8,澳大利亚、比利时、德国、荷兰、加拿大、美国、印度、英国
spirax sarco thermostatic air vent,30,3,加拿大、美国、英国
spirax sarco training,30,17,爱尔兰、澳大利亚、比利时、荷兰、加拿大、津巴布韦、美国、墨西哥、南非、塞浦路斯、乌克兰、新加坡、新西兰、以色列、意大利、印度、英国
spirax sarco valvole,30,4,比利时、荷兰、美国、意大利
spirax sarco vapor,30,11,阿根廷、巴西、玻利维亚、哥伦比亚、哥斯达黎加、荷兰、秘鲁、墨西哥、尼加拉瓜、乌拉圭、西班牙
spirax sarco wiki,30,25,爱尔兰、奥地利、澳大利亚、巴西、比利时、波兰、丹麦、德国、俄罗斯、法国、荷兰、加拿大、津巴布韦、美国、南非、日本、瑞士、乌克兰、西班牙、希腊、新加坡、以色列、意大利、印度、英国
spirax sarco россия,30,1,俄罗斯
spirax-sarco engineering,30,6,比利时、德国、法国、荷兰、以色列、英国
spirax-sarco industria e comercio ltda,30,1,巴西
steam condensate pump spirax sarco,30,8,比利时、荷兰、加拿大、美国、南非、以色列、印度、英国
steam silencer spirax sarco,30,7,比利时、荷兰、加拿大、美国、以色列、意大利、印度
trampa de vapor cubeta invertida spirax sarco,30,2,多米尼加共和国、墨西哥
trampa de vapor termodinamica spirax sarco,30,4,阿根廷、哥伦比亚、墨西哥、智利
trampa flotador spirax sarco,30,5,阿根廷、哥伦比亚、洪都拉斯、秘鲁、墨西哥
trampa para vapor spirax sarco,30,4,阿根廷、墨西哥、西班牙、智利
valvula de alivio spirax sarco,30,3,阿根廷、巴西、墨西哥
valvula modulante spirax sarco,30,7,阿根廷、玻利维亚、哥伦比亚、秘鲁、墨西哥、西班牙、智利
valvula reguladora de presion de vapor spirax sarco,30,7,阿根廷、洪都拉斯、墨西哥、塞内加尔、危地马拉、乌拉圭、西班牙
valvula termostatica spirax sarco,30,4,阿根廷、巴西、墨西哥、西班牙
válvulas para vapor spirax sarco,30,1,阿根廷
valvulas spirax sarco,30,3,巴西、比利时、西班牙
valvulas spirax sarco para vapor,30,9,阿根廷、巴西、玻利维亚、厄瓜多尔、秘鲁、墨西哥、西班牙、匈牙利、智利
vapor flash spirax sarco,30,4,阿根廷、巴西、墨西哥、乌拉圭
apostila de vapor spirax sarco pdf,20,1,巴西
atuador spirax sarco,20,1,巴西
ball valve spirax sarco,20,14,阿根廷、澳大利亚、巴西、比利时、德国、法国、哥伦比亚、荷兰、加拿大、美国、土耳其、西班牙、意大利、英国
bomba de condensado spirax sarco,20,13,阿根廷、澳大利亚、巴西、哥伦比亚、哥斯达黎加、荷兰、美国、墨西哥、尼加拉瓜、委内瑞拉、乌拉圭、西班牙、智利
bomba de condensados spirax sarco,20,2,巴西、西班牙
brv spirax sarco,20,12,澳大利亚、巴西、比利时、德国、法国、荷兰、加拿大、美国、瑞士、西班牙、意大利、英国
calculo de tuberias de vapor spirax sarco,20,12,阿根廷、哥伦比亚、哥斯达黎加、加拿大、美国、秘鲁、墨西哥、危地马拉、委内瑞拉、乌拉圭、西班牙、智利
cálculo de tuberías de vapor spirax sarco,20,4,阿根廷、哥伦比亚、美国、西班牙
calderas spirax sarco,20,7,阿根廷、巴西、德国、美国、墨西哥、西班牙、智利
catalogo purgador spirax sarco,20,2,阿根廷、巴西
catalogo spirax sarco pdf,20,5,巴西、荷兰、美国、西班牙、意大利
catalogue spirax sarco,20,2,比利时、法国
catalogue spirax sarco pdf,20,10,巴西、比利时、德国、法国、荷兰、加拿大、美国、西班牙、以色列、意大利
chromalox spirax sarco,20,7,澳大利亚、巴西、法国、荷兰、美国、西班牙、英国
clean steam generator spirax sarco,20,14,澳大利亚、巴西、比利时、德国、法国、荷兰、加拿大、立陶宛、美国、委内瑞拉、乌克兰、西班牙、意大利、英国
condensate cooler spirax sarco,20,7,澳大利亚、比利时、法国、荷兰、加拿大、美国、英国
condensate pump spirax sarco,20,11,澳大利亚、巴西、比利时、德国、法国、荷兰、加拿大、美国、西班牙、意大利、英国
condenspot spirax sarco,20,7,巴西、比利时、德国、荷兰、加拿大、美国、英国
cotopaxi spirax sarco,20,5,澳大利亚、法国、美国、意大利、英国
cuadro de vapor spirax sarco,20,1,阿根廷
cubeta invertida spirax sarco,20,2,美国、墨西哥
curso de vapor spirax sarco pdf,20,12,阿根廷、巴拉圭、巴西、玻利维亚、哥伦比亚、美国、秘鲁、墨西哥、乌拉圭、西班牙、英国、智利
cursos spirax sarco,20,2,墨西哥、西班牙
deaerator spirax sarco,20,2,巴西、加拿大
desaireador spirax sarco,20,12,阿根廷、厄瓜多尔、哥伦比亚、美国、秘鲁、墨西哥、尼加拉瓜、挪威、萨尔瓦多、委内瑞拉、乌拉圭、智利
dfu spirax sarco,20,4,阿根廷、巴西、比利时、墨西哥
distribucion de vapor spirax sarco,20,9,阿根廷、巴拉圭、哥伦比亚、哥斯达黎加、秘鲁、墨西哥、委内瑞拉、乌拉圭、智利
distribución de vapor spirax sarco pdf,20,6,巴西、德国、加拿大、美国、西班牙、意大利
distribuidor de fluxo universal spirax sarco,20,1,巴西
distribuidor spirax sarco,20,7,阿根廷、巴西、加拿大、美国、墨西哥、西班牙、英国
distribuidores de spirax sarco en mexico,20,1,墨西哥
distribuidores spirax sarco argentina,20,3,阿根廷、玻利维亚、墨西哥
distribuidores spirax sarco brasil,20,5,阿根廷、澳大利亚、巴西、美国、墨西哥
drv spirax sarco,20,7,澳大利亚、巴西、德国、法国、西班牙、意大利、英国
dynafluid spirax sarco,20,2,巴西、墨西哥
easy heat spirax sarco,20,6,巴西、德国、荷兰、加拿大、墨西哥、西班牙
el libro del vapor spirax sarco pdf,20,7,阿根廷、巴西、德国、美国、乌拉圭、西班牙、英国
eliminador de aire spirax sarco,20,10,阿根廷、巴拉圭、巴西、德国、法国、美国、秘鲁、墨西哥、西班牙、智利
eliminador de ar spirax sarco,20,3,巴西、加拿大、美国
eliminadora de aire spirax sarco,20,1,墨西哥
empresa spirax sarco,20,5,阿根廷、巴西、秘鲁、西班牙、智利
filtre spirax sarco,20,2,法国、加拿大
filtre y spirax sarco,20,2,法国、罗马尼亚
filtro canasta spirax sarco,20,3,阿根廷、哥伦比亚、墨西哥
filtro culinario para vapor spirax sarco,20,3,巴西、玻利维亚、美国
filtro culinario spirax sarco,20,10,阿根廷、巴西、哥伦比亚、美国、秘鲁、墨西哥、委内瑞拉、西班牙、意大利、智利
filtro de vapor spirax sarco,20,8,阿根廷、巴西、美国、秘鲁、墨西哥、西班牙、意大利、智利
filtro spirax sarco tipo y,20,4,阿根廷、哥伦比亚、墨西哥、西班牙
filtro tipo y spirax sarco,20,14,阿根廷、澳大利亚、巴西、比利时、德国、法国、洪都拉斯、美国、墨西哥、委内瑞拉、西班牙、意大利、英国、智利
filtro y spirax sarco pdf,20,8,阿根廷、巴西、德国、哥伦比亚、美国、墨西哥、意大利、智利
foto di spirax sarco italy,20,2,法国、意大利
ftb 175 spirax sarco,20,1,美国
gestra spirax sarco,20,11,澳大利亚、巴西、比利时、德国、法国、荷兰、加拿大、美国、西班牙、意大利、英国
hiter controls grupo spirax sarco,20,1,巴西
hiter spirax sarco,20,9,澳大利亚、巴西、比利时、德国、法国、荷兰、加拿大、美国、英国
imagens de spirax sarco caiapia,20,1,巴西
kondensatableiter spirax sarco,20,2,德国、英国
listino prezzi spirax sarco,20,2,美国、意大利
listino spirax sarco,20,2,美国、意大利
logo spirax sarco,20,17,阿根廷、巴西、比利时、丹麦、德国、法国、哥伦比亚、荷兰、加拿大、美国、秘鲁、墨西哥、西班牙、以色列、意大利、英国、智利
manometro spirax sarco,20,7,阿根廷、巴西、克罗地亚、美国、危地马拉、西班牙、意大利
manual controlador spirax sarco sx uni,20,1,巴西
medidor de flujo de vapor spirax sarco,20,3,阿根廷、秘鲁、墨西哥
mezclador agua vapor spirax sarco,20,5,阿根廷、德国、法国、哥斯达黎加、西班牙
mirilla spirax sarco,20,2,墨西哥、西班牙
nimesh patel spirax sarco,20,8,比利时、德国、法国、加拿大、美国、西班牙、意大利、英国
ogden pump spirax sarco,20,3,巴西、比利时、英国
posicionador spirax sarco,20,4,巴西、荷兰、美国、西班牙
pressure reducing valve for steam spirax sarco,20,14,澳大利亚、巴西、白俄罗斯、比利时、德国、韩国、加拿大、美国、瑞典、特立尼达和多巴哥、乌克兰、意大利、印度、英国
pressure relief valve spirax sarco,20,6,澳大利亚、巴西、荷兰、加拿大、美国、英国
prv spirax sarco,20,9,澳大利亚、巴西、比利时、德国、荷兰、加拿大、美国、意大利、英国
pt spirax sarco indonesia,20,8,澳大利亚、巴西、德国、荷兰、美国、新加坡、印度、英国
ptc spirax sarco,20,5,澳大利亚、巴西、加拿大、美国、英国
pump trap spirax sarco,20,10,澳大利亚、巴西、比利时、德国、荷兰、加拿大、美国、西班牙、以色列、英国
purgador ar comprimido spirax sarco,20,1,巴西
purgador boia spirax sarco,20,2,巴西、德国
purgador de ar spirax sarco,20,1,巴西
purgador de boia spirax sarco,20,4,巴西、俄罗斯、美国、英国
purgador de boya spirax sarco,20,4,加拿大、美国、西班牙、英国
purgador de vapor spirax sarco,20,3,巴西、德国、西班牙
purgador eletronico spirax sarco,20,1,巴西
purgador spirax sarco boia,20,1,巴西
purgador tds 52 spirax sarco,20,1,巴西
purgador termodinamico spirax sarco,20,6,阿根廷、巴拉圭、巴西、秘鲁、西班牙、智利
purgador termodinâmico spirax sarco,20,6,澳大利亚、巴西、德国、加拿大、美国、英国
purgador termostatico spirax sarco,20,5,巴拉圭、巴西、荷兰、秘鲁、西班牙
purgador tipo boia spirax sarco,20,4,巴西、加拿大、美国、乌克兰
purgador vapor spirax sarco,20,1,巴西
purgadores de vapor spirax sarco,20,2,巴西、西班牙
purgadores spirax sarco,20,5,巴西、德国、美国、西班牙、英国
purgeur pompe spirax sarco,20,1,法国
purgeur spirax sarco,20,6,澳大利亚、比利时、德国、法国、加拿大、美国
purgeur thermodynamique spirax sarco,20,5,比利时、德国、法国、加拿大、美国
regulador de presion de vapor spirax sarco,20,5,玻利维亚、美国、秘鲁、墨西哥、西班牙
regulador de vapor spirax sarco,20,7,巴西、多米尼加共和国、荷兰、墨西哥、塞内加尔、委内瑞拉、西班牙
reguladora de presion spirax sarco,20,4,秘鲁、墨西哥、委内瑞拉、西班牙
reguladora de vapor spirax sarco,20,2,巴西、西班牙
representante spirax sarco,20,2,巴西、乌拉圭
representantes spirax sarco brasil,20,5,阿根廷、澳大利亚、巴西、美国、墨西哥
riduttore di pressione vapore spirax sarco,20,6,德国、荷兰、加拿大、美国、意大利、英国
rivenditori spirax sarco,20,1,意大利
sample cooler spirax sarco,20,8,澳大利亚、比利时、德国、荷兰、加拿大、美国、以色列、英国
scaricatore di condensa spirax sarco,20,6,澳大利亚、比利时、德国、美国、意大利、英国
self acting temperature control valve spirax sarco,20,5,澳大利亚、荷兰、加拿大、美国、英国
separador de umidade spirax sarco,20,1,巴西
share price spirax sarco,20,2,比利时、英国
spirax sarco 1 2 steam trap,20,4,澳大利亚、加拿大、美国、英国
spirax sarco 1/2 steam trap,20,4,澳大利亚、加拿大、美国、英国
spirax sarco 25,20,2,美国、英国
spirax sarco 25 main valve,20,2,美国、英国
spirax sarco 25 series,20,2,美国、英国
spirax sarco 25 series pressure reducing valve,20,1,美国
spirax sarco 25 series regulator,20,4,澳大利亚、德国、加拿大、美国
spirax sarco 3 4 steam trap,20,6,澳大利亚、荷兰、加拿大、美国、以色列、英国
spirax sarco 3/4 steam trap,20,3,澳大利亚、加拿大、美国
spirax sarco 3d models,20,24,爱尔兰、澳大利亚、巴西、比利时、德国、法国、哥伦比亚、荷兰、加拿大、津巴布韦、美国、墨西哥、南非、日本、瑞士、塞浦路斯、乌克兰、西班牙、新加坡、新西兰、以色列、意大利、印度、英国
spirax sarco 54819,20,2,加拿大、美国
spirax sarco 55223,20,2,澳大利亚、美国
spirax sarco 55224,20,4,澳大利亚、加拿大、美国、英国
spirax sarco 55226,20,3,澳大利亚、加拿大、美国
spirax sarco 55227,20,6,澳大利亚、比利时、加拿大、美国、新西兰、英国
spirax sarco 59607,20,2,加拿大、美国
spirax sarco 69843,20,4,澳大利亚、加拿大、美国、印度
spirax sarco 86,20,1,法国
spirax sarco a743 ca40f,20,8,澳大利亚、比利时、德国、荷兰、加拿大、美国、西班牙、英国
spirax sarco ab,20,5,荷兰、加拿大、美国、瑞典、英国
spirax sarco actuator,20,10,阿根廷、澳大利亚、保加利亚、德国、荷兰、加拿大、美国、以色列、印度、英国
spirax sarco address,20,13,阿根廷、爱尔兰、澳大利亚、荷兰、加拿大、罗马尼亚、美国、南非、土耳其、新加坡、新西兰、印度、英国
spirax sarco adelaide,20,2,澳大利亚、美国
spirax sarco air separator,20,2,加拿大、美国
spirax sarco air trap,20,6,澳大利亚、比利时、韩国、加拿大、美国、英国
spirax sarco allentown pa,20,1,美国
spirax sarco annual report,20,16,澳大利亚、比利时、德国、多米尼加共和国、俄罗斯、法国、韩国、荷兰、加拿大、美国、蒙古、瑞典、西班牙、意大利、印度、英国
spirax sarco anytime login,20,1,美国
spirax sarco apprenticeships,20,6,澳大利亚、哥伦比亚、美国、墨西哥、印度、英国
spirax sarco apt,20,5,澳大利亚、加拿大、美国、乌克兰、英国
spirax sarco argentina cuit,20,1,阿根廷
spirax sarco as,20,8,比利时、德国、荷兰、加拿大、美国、挪威、瑞典、英国
spirax sarco automatic air vent,20,8,阿根廷、澳大利亚、比利时、德国、荷兰、加拿大、美国、英国
spirax sarco automatic pump trap,20,2,美国、英国
spirax sarco bahia blanca,20,1,阿根廷
spirax sarco ball float steam trap,20,8,澳大利亚、比利时、荷兰、加拿大、美国、以色列、意大利、英国
spirax sarco ball valve,20,15,澳大利亚、巴西、比利时、德国、哥伦比亚、荷兰、加拿大、美国、墨西哥、乌克兰、西班牙、以色列、印度、英国、中国香港
spirax sarco barcelona,20,5,荷兰、美国、葡萄牙、西班牙、英国
spirax sarco basket strainer,20,6,澳大利亚、加拿大、美国、新西兰、印度、英国
spirax sarco bayileri,20,1,土耳其
spirax sarco belgium,20,6,澳大利亚、比利时、德国、法国、荷兰、美国
spirax sarco belo horizonte,20,1,巴西
spirax sarco bim,20,11,澳大利亚、巴西、比利时、德国、法国、荷兰、加拿大、美国、西班牙、意大利、英国
spirax sarco bimetallic steam trap,20,8,澳大利亚、比利时、波兰、荷兰、加拿大、克罗地亚、美国、英国
spirax sarco blacktown,20,2,澳大利亚、美国
spirax sarco blowdown valve,20,8,澳大利亚、比利时、荷兰、加拿大、捷克共和国、美国、尼日利亚、英国
spirax sarco blowdown vessel,20,7,澳大利亚、比利时、荷兰、加拿大、美国、意大利、英国
spirax sarco blue book,20,1,美国
spirax sarco board of directors,20,4,德国、加拿大、美国、英国
spirax sarco boiler,20,10,澳大利亚、巴西、比利时、法国、荷兰、加拿大、美国、以色列、意大利、英国
spirax sarco boiler controls,20,1,美国
spirax sarco bolivia,20,1,玻利维亚
spirax sarco bologna,20,2,美国、意大利
spirax sarco book,20,11,澳大利亚、巴西、比利时、荷兰、加拿大、美国、西班牙、希腊、新加坡、新西兰、英国
spirax sarco br,20,2,巴西、美国
spirax sarco brazil,20,2,美国、秘鲁
spirax sarco brisbane,20,2,澳大利亚、美国
spirax sarco brv,20,10,澳大利亚、巴西、比利时、德国、加拿大、美国、日本、西班牙、亚美尼亚、英国
spirax sarco bucket steam trap,20,1,美国
spirax sarco bucket trap,20,6,澳大利亚、比利时、荷兰、加拿大、美国、英国
spirax sarco buhar el kitabı,20,1,土耳其
spirax sarco bursa,20,1,土耳其
spirax sarco cad,20,36,阿根廷、爱尔兰、奥地利、澳大利亚、巴拉圭、巴西、比利时、波兰、丹麦、德国、俄罗斯、法国、哥伦比亚、哥斯达黎加、荷兰、加拿大、捷克共和国、美国、秘鲁、墨西哥、南非、挪威、瑞典、瑞士、土耳其、委内瑞拉、乌克兰、西班牙、新加坡、新西兰、匈牙利、以色列、意大利、印度、英国、智利
spirax sarco cad library,20,11,澳大利亚、巴西、比利时、哥伦比亚、荷兰、加拿大、美国、墨西哥、土耳其、乌克兰、英国
spirax sarco calculator,20,39,阿根廷、爱尔兰、澳大利亚、巴西、比利时、波兰、丹麦、德国、多米尼加共和国、俄罗斯、厄瓜多尔、法国、芬兰、哥伦比亚、哥斯达黎加、韩国、荷兰、加拿大、津巴布韦、美国、秘鲁、墨西哥、纳米比亚、南非、瑞典、塞尔维亚、塞浦路斯、土耳其、委内瑞拉、乌拉圭、西班牙、新加坡、新西兰、匈牙利、以色列、意大利、印度、英国、智利
spirax sarco calderas,20,7,阿根廷、玻利维亚、哥伦比亚、墨西哥、危地马拉、委内瑞拉、西班牙
spirax sarco calgary,20,2,加拿大、美国
spirax sarco cape town,20,4,津巴布韦、美国、纳米比亚、南非
spirax sarco catálogo,20,5,阿根廷、巴西、美国、墨西哥、乌拉圭
spirax sarco catalogo pdf,20,7,阿根廷、厄瓜多尔、哥伦比亚、秘鲁、墨西哥、委内瑞拉、意大利
spirax sarco catalogue,20,20,澳大利亚、比利时、俄罗斯、法国、韩国、荷兰、加拿大、津巴布韦、喀麦隆、克罗地亚、美国、纳米比亚、南非、挪威、日本、瑞士、乌克兰、匈牙利、以色列、英国
spirax sarco catalogue pdf,20,15,爱尔兰、澳大利亚、巴西、比利时、法国、韩国、荷兰、加拿大、喀麦隆、美国、秘鲁、西班牙、以色列、意大利、英国
spirax sarco cc491km,20,1,英国
spirax sarco ceo,20,7,澳大利亚、德国、荷兰、加拿大、美国、意大利、英国
spirax sarco cfo,20,3,澳大利亚、美国、英国
spirax sarco ch,20,1,德国
spirax sarco charlton house,20,8,阿根廷、澳大利亚、荷兰、加拿大、美国、土耳其、印度、英国
spirax sarco charlton kings,20,1,英国
spirax sarco cheltenham address,20,5,波兰、荷兰、加拿大、美国、英国
spirax sarco chennai address,20,2,美国、印度
spirax sarco china,20,12,澳大利亚、比利时、德国、俄罗斯、法国、荷兰、加拿大、毛里求斯、美国、瑞典、意大利、英国
spirax sarco chromalox,20,5,澳大利亚、法国、荷兰、美国、英国
spirax sarco cienega de flores,20,1,墨西哥
spirax sarco clean steam generator,20,10,澳大利亚、比利时、荷兰、加拿大、美国、墨西哥、希腊、以色列、意大利、英国
spirax sarco cnpj,20,2,巴西、葡萄牙
spirax sarco columbia sc,20,2,澳大利亚、美国
spirax sarco competitors,20,8,澳大利亚、比利时、荷兰、加拿大、美国、西班牙、意大利、英国
spirax sarco condensate,20,4,澳大利亚、加拿大、美国、英国
spirax sarco condensate cooler,20,2,加拿大、美国
spirax sarco condensate pipe sizing,20,4,加拿大、美国、英国、智利
spirax sarco condensate pumps,20,4,澳大利亚、加拿大、美国、英国
spirax sarco condensate receiver,20,6,比利时、荷兰、加拿大、美国、英国、中国香港
spirax sarco condensate recovery,20,7,澳大利亚、比利时、荷兰、加拿大、美国、西班牙、英国
spirax sarco condensate return pump,20,1,美国
spirax sarco condensate trap,20,8,澳大利亚、比利时、德国、荷兰、加拿大、美国、意大利、英国
spirax sarco condenspot,20,4,比利时、荷兰、加拿大、美国
spirax sarco contact,20,8,澳大利亚、比利时、法国、荷兰、加拿大、美国、印度、英国
spirax sarco contact number,20,4,澳大利亚、美国、以色列、英国
spirax sarco contatti,20,1,意大利
spirax sarco control valve manual,20,9,澳大利亚、比利时、荷兰、加拿大、美国、匈牙利、以色列、印度、英国
spirax sarco control valves,20,11,澳大利亚、巴西、比利时、德国、法国、荷兰、加拿大、美国、西班牙、以色列、意大利
spirax sarco controller,20,2,美国、英国
spirax sarco core values,20,3,加拿大、美国、英国
spirax sarco costa rica,20,1,哥斯达黎加
spirax sarco cotia sp,20,1,巴西
spirax sarco cotia telefone,20,2,巴西、葡萄牙
spirax sarco courses,20,7,荷兰、津巴布韦、美国、墨西哥、纳米比亚、南非、英国
spirax sarco csf26 steam filter,20,7,澳大利亚、比利时、玻利维亚、哥伦比亚、加拿大、美国、亚美尼亚
spirax sarco ct strainer,20,5,阿根廷、澳大利亚、比利时、加拿大、美国
spirax sarco cuit,20,1,阿根廷
spirax sarco culinary steam filter,20,10,澳大利亚、比利时、俄罗斯、哥伦比亚、加拿大、美国、秘鲁、墨西哥、塞浦路斯、印度
spirax sarco curitiba,20,1,巴西
spirax sarco cursos,20,5,阿根廷、巴西、哥伦比亚、墨西哥、西班牙
spirax sarco customer service,20,4,澳大利亚、比利时、美国、英国
spirax sarco cz,20,1,捷克共和国
spirax sarco czech,20,1,捷克共和国
spirax sarco dampf,20,4,奥地利、德国、美国、瑞士
spirax sarco danmark,20,6,比利时、丹麦、荷兰、加拿大、美国、挪威
spirax sarco deaerator,20,11,澳大利亚、比利时、荷兰、加拿大、美国、墨西哥、西班牙、以色列、意大利、印度、英国
spirax sarco dealers india,20,2,美国、印度
spirax sarco denmark,20,2,丹麦、英国
spirax sarco design of fluid systems,20,3,加拿大、美国、英国
spirax sarco desuperheater,20,14,澳大利亚、巴西、比利时、德国、法国、荷兰、加拿大、美国、墨西哥、乌拉圭、西班牙、以色列、意大利、英国
spirax sarco deutschland,20,11,奥地利、比利时、德国、法国、荷兰、加拿大、美国、瑞士、西班牙、意大利、英国
spirax sarco diffuser,20,7,爱沙尼亚、澳大利亚、比利时、德国、加拿大、美国、英国
spirax sarco disc check valve,20,5,澳大利亚、比利时、加拿大、美国、英国
spirax sarco distribuidor,20,1,墨西哥
spirax sarco distributeur,20,3,比利时、法国、喀麦隆
spirax sarco distributors canada,20,3,澳大利亚、加拿大、美国
spirax sarco distributors india,20,2,美国、印度
spirax sarco distributors uk,20,4,澳大利亚、津巴布韦、美国、英国
spirax sarco distributors usa,20,6,澳大利亚、哥伦比亚、荷兰、加拿大、美国、新西兰
spirax sarco dividend,20,7,澳大利亚、比利时、德国、法国、美国、西班牙、英国
spirax sarco dn25,20,7,澳大利亚、巴西、比利时、德国、加拿大、美国、英国
spirax sarco dn50,20,4,澳大利亚、波兰、罗马尼亚、美国
spirax sarco double block and bleed,20,4,澳大利亚、加拿大、美国、英国
spirax sarco double block and bleed valve,20,6,澳大利亚、比利时、荷兰、加拿大、美国、英国
spirax sarco download,20,4,巴西、荷兰、美国、意大利
spirax sarco drip leg,20,1,美国
spirax sarco drip pan elbow,20,6,澳大利亚、比利时、加拿大、美国、以色列、英国
spirax sarco druckminderer,20,3,奥地利、德国、瑞士
spirax sarco dubai,20,5,比利时、荷兰、加拿大、美国、英国
spirax sarco durban,20,5,澳大利亚、津巴布韦、美国、纳米比亚、南非
spirax sarco durex,20,2,荷兰、美国
spirax sarco dwg,20,16,澳大利亚、巴西、比利时、波兰、俄罗斯、厄瓜多尔、法国、荷兰、加拿大、罗马尼亚、美国、墨西哥、塞尔维亚、土耳其、以色列、意大利
spirax sarco early careers,20,7,澳大利亚、比利时、荷兰、加拿大、美国、墨西哥、英国
spirax sarco ecuador,20,2,厄瓜多尔、秘鲁
spirax sarco edmonton,20,2,加拿大、美国
spirax sarco eğitim,20,1,土耳其
spirax sarco egypt,20,9,澳大利亚、比利时、德国、法国、荷兰、加拿大、美国、意大利、英国
spirax sarco electric actuator,20,3,加拿大、美国、英国
spirax sarco electric condensate pump,20,1,美国
spirax sarco email,20,10,澳大利亚、巴西、比利时、德国、法国、荷兰、加拿大、美国、意大利、英国
spirax sarco employees,20,8,澳大利亚、比利时、波兰、德国、荷兰、加拿大、美国、英国
spirax sarco endereço,20,1,巴西
spirax sarco engineering china ltd,20,2,美国、英国
spirax sarco engineering plc annual report,20,6,德国、荷兰、加拿大、美国、新加坡、英国
spirax sarco engineering plc share price,20,7,比利时、加拿大、美国、瑞士、新加坡、印度、英国
spirax sarco equipamentos industriais lda,20,1,葡萄牙
spirax sarco ersatzteile,20,2,奥地利、德国
spirax sarco esd,20,1,美国
spirax sarco f&t steam trap,20,2,加拿大、美国
spirax sarco f&t steam traps,20,1,美国
spirax sarco f&t trap,20,3,澳大利亚、加拿大、美国
spirax sarco fatturato,20,2,加拿大、意大利
spirax sarco filter,20,16,阿根廷、澳大利亚、巴西、比利时、德国、法国、哥伦比亚、荷兰、加拿大、美国、墨西哥、挪威、瑞典、西班牙、意大利、英国
spirax sarco fiyat listesi,20,1,土耳其
spirax sarco flash tank,20,8,澳大利亚、比利时、荷兰、加拿大、美国、西班牙、以色列、印度
spirax sarco flash vessel,20,7,澳大利亚、比利时、荷兰、加拿大、美国、塞尔维亚、英国
spirax sarco float & thermostatic steam traps,20,3,加拿大、美国、英国
spirax sarco float trap,20,5,澳大利亚、比利时、加拿大、美国、英国
spirax sarco flow meter,20,9,澳大利亚、比利时、荷兰、加拿大、美国、尼日利亚、西班牙、意大利、英国
spirax sarco formation,20,1,法国
spirax sarco france chatellerault,20,1,法国
spirax sarco ft 15 capacity,20,2,加拿大、美国
spirax sarco ft 75,20,3,澳大利亚、加拿大、美国
spirax sarco ft15,20,2,澳大利亚、加拿大
spirax sarco ftb 175,20,2,澳大利亚、美国
spirax sarco fti 15,20,1,美国
spirax sarco g series condensate pump,20,1,美国
spirax sarco gate valve,20,12,澳大利亚、比利时、荷兰、加拿大、津巴布韦、美国、塞尔维亚、新加坡、新西兰、以色列、印度、英国
spirax sarco germany,20,18,澳大利亚、比利时、德国、法国、荷兰、加拿大、津巴布韦、美国、纳米比亚、南非、土耳其、西班牙、新加坡、新西兰、以色列、意大利、印度、英国
spirax sarco gestra,20,14,澳大利亚、巴西、比利时、波兰、德国、法国、荷兰、加拿大、捷克共和国、美国、瑞士、西班牙、印度、英国
spirax sarco ggg40 3,20,8,澳大利亚、比利时、荷兰、加拿大、美国、西班牙、意大利、英国
spirax sarco gl51 9nq,20,15,奥地利、澳大利亚、巴西、比利时、波兰、德国、法国、荷兰、加拿大、美国、墨西哥、挪威、西班牙、意大利、英国
spirax sarco global graduate programme,20,9,澳大利亚、白俄罗斯、德国、加拿大、美国、墨西哥、希腊、印度、英国
spirax sarco globe valve,20,16,澳大利亚、巴西、比利时、德国、荷兰、加拿大、捷克共和国、津巴布韦、美国、墨西哥、乌拉圭、西班牙、亚美尼亚、以色列、意大利、英国
spirax sarco gloucester,20,5,澳大利亚、荷兰、加拿大、印度、英国
spirax sarco gmbh konstanz,20,3,澳大利亚、德国、加拿大
spirax sarco goiania,20,1,巴西
spirax sarco graduate,20,4,澳大利亚、俄罗斯、南非、英国
spirax sarco greece,20,1,希腊
spirax sarco group,20,12,澳大利亚、巴西、比利时、德国、法国、荷兰、加拿大、美国、西班牙、以色列、意大利、英国
spirax sarco grundlagen der dampf und kondensattechnologie,20,2,德国、瑞士
spirax sarco guadalajara,20,5,阿根廷、澳大利亚、秘鲁、墨西哥、智利
spirax sarco guatemala,20,2,加拿大、危地马拉
spirax sarco handbook pdf,20,12,澳大利亚、比利时、德国、俄罗斯、荷兰、加拿大、美国、新西兰、以色列、意大利、印度、英国
spirax sarco head office,20,7,澳大利亚、比利时、荷兰、加拿大、美国、以色列、英国
spirax sarco head office cheltenham,20,1,英国
spirax sarco headquarters,20,14,澳大利亚、比利时、德国、法国、荷兰、加拿大、克罗地亚、美国、墨西哥、西班牙、新西兰、意大利、印度、英国
spirax sarco hong kong,20,1,中国香港
spirax sarco hook up book,20,3,厄瓜多尔、加拿大、美国
spirax sarco hook up book pdf,20,4,加拿大、美国、印度、智利
spirax sarco houston,20,2,加拿大、美国
spirax sarco hq,20,10,澳大利亚、比利时、德国、法国、荷兰、加拿大、美国、西班牙、意大利、英国
spirax sarco hrvatska,20,1,克罗地亚
spirax sarco humidifiers,20,1,美国
spirax sarco hungary,20,1,匈牙利
spirax sarco ind com ltda,20,1,巴西
spirax sarco ind e com ltda,20,1,巴西
spirax sarco india contact number,20,1,印度
spirax sarco india pvt ltd chennai,20,1,印度
spirax sarco india pvt ltd chennai address,20,2,澳大利亚、印度
spirax sarco industria e comercio,20,1,巴西
spirax sarco indústria e comércio,20,1,巴西
spirax sarco indústria e comércio ltda,20,1,巴西
spirax sarco interview questions,20,3,澳大利亚、美国、英国
spirax sarco investors,20,5,澳大利亚、比利时、美国、西班牙、英国
spirax sarco ireland,20,8,爱尔兰、澳大利亚、比利时、荷兰、加拿大、墨西哥、葡萄牙、英国
spirax sarco iş ilanları,20,1,土耳其
spirax sarco istanbul,20,1,土耳其
spirax sarco izmir,20,1,土耳其
spirax sarco jamundi,20,1,哥伦比亚
spirax sarco job,20,2,德国、英国
spirax sarco job vacancies,20,1,英国
spirax sarco jobs uk,20,1,英国
spirax sarco karriere,20,1,德国
spirax sarco kondenstop,20,2,荷兰、土耳其
spirax sarco kontakt,20,7,比利时、波兰、德国、荷兰、捷克共和国、瑞典、瑞士
spirax sarco korea,20,9,澳大利亚、比利时、丹麦、韩国、荷兰、加拿大、毛里求斯、美国、英国
spirax sarco kugelschwimmer kondensatableiter,20,2,德国、瑞士
spirax sarco lavora con noi,20,1,意大利
spirax sarco learn about steam,20,16,爱尔兰、澳大利亚、巴西、比利时、德国、俄罗斯、荷兰、加拿大、美国、墨西哥、西班牙、新西兰、以色列、意大利、印度、英国
spirax sarco lift check valve,20,3,澳大利亚、加拿大、美国
spirax sarco liquid drain trap,20,3,加拿大、美国、英国
spirax sarco locations,20,15,爱尔兰、澳大利亚、比利时、德国、荷兰、加拿大、津巴布韦、美国、南非、塞浦路斯、西班牙、新加坡、新西兰、印度、英国
spirax sarco login,20,3,加拿大、美国、英国
spirax sarco ltd cheltenham,20,4,澳大利亚、德国、美国、英国
spirax sarco lyon,20,1,法国
spirax sarco madrid,20,1,西班牙
spirax sarco manual,20,14,阿根廷、澳大利亚、巴西、比利时、芬兰、荷兰、加拿大、美国、秘鲁、乌拉圭、西班牙、希腊、英国、智利
spirax sarco manual pdf,20,11,澳大利亚、巴西、比利时、荷兰、加拿大、美国、秘鲁、西班牙、以色列、意大利、英国
spirax sarco market cap,20,5,德国、法国、美国、意大利、英国
spirax sarco marsden park,20,1,澳大利亚
spirax sarco melbourne,20,1,澳大利亚
spirax sarco mexicana,20,7,澳大利亚、保加利亚、比利时、荷兰、加拿大、美国、墨西哥
spirax sarco mexico tlalnepantla,20,1,墨西哥
spirax sarco milano,20,8,爱尔兰、德国、法国、荷兰、加拿大、克罗地亚、意大利、英国
spirax sarco mixing valve,20,3,澳大利亚、芬兰、美国
spirax sarco moisture separator,20,4,德国、加拿大、美国、英国
spirax sarco montreal,20,1,加拿大
spirax sarco nederland,20,5,澳大利亚、比利时、荷兰、加拿大、美国
spirax sarco news,20,11,澳大利亚、比利时、德国、荷兰、加拿大、美国、西班牙、新加坡、意大利、印度、英国
spirax sarco non return valve,20,10,澳大利亚、比利时、荷兰、加拿大、美国、尼日利亚、西班牙、新西兰、以色列、英国
spirax sarco norway,20,1,挪威
spirax sarco nova,20,1,意大利
spirax sarco nova milanese lavora con noi,20,1,意大利
spirax sarco number of employees,20,5,澳大利亚、美国、以色列、印度、英国
spirax sarco nv,20,4,比利时、波兰、荷兰、卢森堡
spirax sarco ogden pump,20,2,美国、英国
spirax sarco opleiding,20,2,比利时、荷兰
spirax sarco orifice plate,20,2,加拿大、美国
spirax sarco part numbers,20,3,澳大利亚、津巴布韦、美国
spirax sarco parts,20,11,澳大利亚、比利时、荷兰、加拿大、津巴布韦、美国、纳米比亚、新加坡、新西兰、印度、英国
spirax sarco pdf,20,22,阿尔巴尼亚、阿根廷、澳大利亚、巴西、比利时、德国、厄瓜多尔、法国、韩国、荷兰、加拿大、罗马尼亚、美国、秘鲁、墨西哥、尼加拉瓜、土耳其、乌克兰、西班牙、以色列、意大利、英国
spirax sarco perth,20,2,澳大利亚、英国
spirax sarco peru sac,20,1,秘鲁
spirax sarco philippines,20,8,爱尔兰、澳大利亚、加拿大、美国、日本、新加坡、以色列、印度
spirax sarco phone number,20,4,加拿大、美国、希腊、英国
spirax sarco pilot operated pressure regulator,20,4,澳大利亚、加拿大、美国、英国
spirax sarco pilot valve,20,1,美国
spirax sarco pipe sizing calculator,20,8,澳大利亚、比利时、德国、荷兰、加拿大、美国、西班牙、英国
spirax sarco pl,20,2,波兰、新加坡
spirax sarco plate heat exchanger,20,3,加拿大、美国、英国
spirax sarco plc,20,29,阿根廷、爱尔兰、澳大利亚、巴拉圭、巴西、保加利亚、比利时、波兰、波斯尼亚和黑塞哥维那、德国、俄罗斯、法国、哈萨克斯坦、韩国、荷兰、加拿大、津巴布韦、立陶宛、美国、孟加拉国、墨西哥、土耳其、乌克兰、希腊、新加坡、以色列、意大利、印度、英国
spirax sarco pn16,20,11,澳大利亚、巴西、比利时、法国、荷兰、加拿大、罗马尼亚、美国、日本、匈牙利、英国
spirax sarco pn16 steam trap,20,3,加拿大、美国、英国
spirax sarco pn25,20,4,哥伦比亚、荷兰、加拿大、美国
spirax sarco pn9000,20,6,法国、美国、墨西哥、西班牙、意大利、英国
spirax sarco pn9123e,20,15,阿根廷、澳大利亚、巴西、比利时、波兰、德国、俄罗斯、法国、荷兰、加拿大、拉脱维亚、美国、西班牙、意大利、英国
spirax sarco pn9123e manual,20,10,澳大利亚、巴西、比利时、德国、荷兰、加拿大、美国、西班牙、意大利、英国
spirax sarco pneumatic actuator,20,8,澳大利亚、比利时、哥伦比亚、荷兰、加拿大、美国、以色列、英国
spirax sarco porto alegre,20,1,巴西
spirax sarco portugal,20,11,安哥拉、巴西、比利时、法国、荷兰、加拿大、美国、南非、葡萄牙、西班牙、意大利
spirax sarco positioner,20,12,澳大利亚、巴西、比利时、荷兰、加拿大、美国、墨西哥、希腊、以色列、意大利、印度、英国
spirax sarco ppec,20,4,澳大利亚、荷兰、加拿大、美国
spirax sarco preisliste,20,2,德国、瑞士
spirax sarco pressure gauge,20,7,澳大利亚、比利时、荷兰、加拿大、美国、以色列、英国
spirax sarco pressure powered pump ppec,20,2,加拿大、美国
spirax sarco pressure reducing station,20,3,加拿大、美国、英国
spirax sarco pressure reducing valve manual,20,6,澳大利亚、比利时、荷兰、加拿大、美国、英国
spirax sarco price book,20,2,美国、乌克兰
spirax sarco price list,20,8,比利时、荷兰、加拿大、美国、南非、新加坡、以色列、英国
spirax sarco private limited,20,5,阿根廷、美国、土耳其、新加坡、英国
spirax sarco product handbook,20,2,美国、英国
spirax sarco produtos,20,2,巴西、葡萄牙
spirax sarco ptc,20,2,加拿大、美国
spirax sarco puebla,20,2,阿根廷、墨西哥
spirax sarco pump,20,9,澳大利亚、比利时、荷兰、加拿大、罗马尼亚、美国、亚美尼亚、以色列、英国
spirax sarco purgeur,20,6,比利时、德国、法国、荷兰、加拿大、英国
spirax sarco quebec,20,1,加拿大
spirax sarco recrutement,20,2,比利时、法国
spirax sarco red book,20,2,加拿大、美国
spirax sarco rediheat,20,2,加拿大、美国
spirax sarco reducing valve,20,2,荷兰、美国
spirax sarco redundancies,20,1,英国
spirax sarco regelventil,20,3,奥地利、德国、瑞士
spirax sarco relief valve,20,9,澳大利亚、巴西、比利时、荷兰、加拿大、美国、以色列、意大利、英国
spirax sarco rep,20,5,比利时、荷兰、加拿大、美国、以色列
spirax sarco results,20,2,德国、英国
spirax sarco revenue,20,9,澳大利亚、比利时、德国、法国、加拿大、美国、西班牙、意大利、英国
spirax sarco reviews,20,1,美国
spirax sarco riduttori di pressione,20,1,意大利
spirax sarco rio de janeiro,20,1,巴西
spirax sarco roma,20,1,意大利
spirax sarco romania,20,8,比利时、荷兰、加拿大、罗马尼亚、美国、希腊、匈牙利、英国
spirax sarco rückschlagventil,20,2,德国、瑞士
spirax sarco sa,20,26,阿根廷、巴拉圭、巴西、比利时、玻利维亚、德国、俄罗斯、法国、荷兰、洪都拉斯、加拿大、津巴布韦、美国、孟加拉国、墨西哥、纳米比亚、南非、塞内加尔、土耳其、委内瑞拉、西班牙、新加坡、新西兰、以色列、印度、英国
spirax sarco salary,20,4,荷兰、加拿大、美国、英国
spirax sarco sales,20,4,比利时、加拿大、美国、英国
spirax sarco salvador,20,1,巴西
spirax sarco sample cooler,20,11,澳大利亚、比利时、芬兰、荷兰、加拿大、美国、瑞士、新加坡、以色列、印度、英国
spirax sarco sant feliu,20,1,西班牙
spirax sarco sant feliu de llobregat,20,1,西班牙
spirax sarco sas,20,14,奥地利、比利时、德国、俄罗斯、法国、哥伦比亚、荷兰、加拿大、美国、瑞士、新西兰、意大利、印度、英国
spirax sarco saturated steam,20,12,澳大利亚、比利时、哥伦比亚、哥斯达黎加、荷兰、加拿大、美国、墨西哥、瑞典、西班牙、印度、英国
spirax sarco saturated steam calculator,20,8,荷兰、加拿大、美国、墨西哥、塞尔维亚、新西兰、印度、英国
spirax sarco sau,20,1,西班牙
spirax sarco sc,20,3,巴西、加拿大、美国
spirax sarco scaricatore di condensa,20,1,意大利
spirax sarco scaricatore di condensa a galleggiante,20,3,比利时、加拿大、意大利
spirax sarco scaricatori di condensa,20,1,意大利
spirax sarco schmutzfänger,20,3,奥地利、德国、瑞士
spirax sarco scs20,20,2,澳大利亚、英国
spirax sarco sdn bhd,20,5,荷兰、美国、新加坡、英国、中国香港
spirax sarco self acting temperature control valve,20,4,加拿大、美国、印度、英国
spirax sarco self-acting temperature control valve,20,4,加拿大、美国、以色列、英国
spirax sarco share,20,5,澳大利亚、美国、西班牙、意大利、英国
spirax sarco share chat,20,1,英国
spirax sarco share price chart,20,2,美国、英国
spirax sarco share price forecast,20,3,比利时、加拿大、英国
spirax sarco share price history,20,2,美国、英国
spirax sarco share price lse,20,1,英国
spirax sarco share price today,20,2,加拿大、英国
spirax sarco sicherheitsventil,20,3,奥地利、德国、瑞士
spirax sarco sight glass,20,19,奥地利、澳大利亚、比利时、伯利兹、法国、荷兰、加拿大、罗马尼亚、美国、孟加拉国、秘鲁、墨西哥、斯洛文尼亚、西班牙、新西兰、以色列、意大利、英国、智利
spirax sarco singapore address,20,1,新加坡
spirax sarco slovensko,20,1,斯洛伐克
spirax sarco software,20,8,巴西、哥伦比亚、哥斯达黎加、荷兰、美国、墨西哥、西班牙、意大利
spirax sarco sorocaba,20,1,巴西
spirax sarco south carolina,20,2,美国、英国
spirax sarco spare parts,20,3,荷兰、美国、英国
spirax sarco spares,20,1,英国
spirax sarco srl nova milanese,20,1,意大利
spirax sarco srl official website,20,1,美国
spirax sarco srv6,20,1,美国
spirax sarco steam accumulator,20,7,比利时、荷兰、加拿大、美国、西班牙、意大利、英国
spirax sarco steam air vent,20,2,荷兰、美国
spirax sarco steam and condensate loop book pdf,20,8,比利时、荷兰、加拿大、罗马尼亚、美国、塞尔维亚、新西兰、英国
spirax sarco steam book,20,3,澳大利亚、美国、英国
spirax sarco steam book pdf,20,10,澳大利亚、巴西、比利时、德国、荷兰、加拿大、美国、以色列、意大利、英国
spirax sarco steam control valves,20,4,澳大利亚、加拿大、美国、英国
spirax sarco steam engineering tutorials,20,8,巴西、荷兰、美国、秘鲁、墨西哥、以色列、意大利、印度
spirax sarco steam flow meter,20,8,澳大利亚、比利时、荷兰、加拿大、美国、以色列、印度、英国
spirax sarco steam generator,20,2,比利时、美国
spirax sarco steam injector,20,12,澳大利亚、巴西、比利时、德国、法国、荷兰、加拿大、美国、乌克兰、以色列、意大利、英国
spirax sarco steam meter,20,3,加拿大、美国、英国
spirax sarco steam moisture separator,20,1,美国
spirax sarco steam pipe sizing,20,7,澳大利亚、比利时、丹麦、荷兰、加拿大、美国、英国
spirax sarco steam pressure reducing station,20,2,美国、印度
spirax sarco steam pressure reducing valve,20,6,澳大利亚、比利时、荷兰、加拿大、美国、英国
spirax sarco steam properties,20,3,巴西、美国、英国
spirax sarco steam pump,20,6,比利时、加拿大、美国、希腊、以色列、英国
spirax sarco steam regulating valve,20,1,美国
spirax sarco steam regulator adjustment,20,1,美国
spirax sarco steam sparger,20,1,美国
spirax sarco steam system optimisation,20,2,荷兰、英国
spirax sarco steam table calculator,20,6,澳大利亚、比利时、荷兰、加拿大、美国、英国
spirax sarco steam training,20,5,澳大利亚、比利时、加拿大、美国、英国
spirax sarco steam trap assembly,20,7,澳大利亚、荷兰、加拿大、美国、乌拉圭、以色列、英国
spirax sarco steam trap catalog,20,5,哥斯达黎加、美国、乌拉圭、以色列、英国
spirax sarco steam trap ft 15,20,1,美国
spirax sarco steam trap installation,20,2,澳大利亚、美国
spirax sarco steam trap installation guide,20,9,阿塞拜疆、澳大利亚、比利时、荷兰、加拿大、美国、南非、印度、英国
spirax sarco steam trap manual,20,2,比利时、美国
spirax sarco steam trap price list,20,5,阿尔巴尼亚、美国、新西兰、印度、英国
spirax sarco steam trap selection guide,20,6,比利时、荷兰、加拿大、美国、印度、英国
spirax sarco steam trap set,20,1,英国
spirax sarco steam trap sizing,20,8,澳大利亚、比利时、荷兰、加拿大、美国、以色列、意大利、英国
spirax sarco steam trap tester,20,10,爱尔兰、芬兰、荷兰、加拿大、立陶宛、美国、葡萄牙、新西兰、以色列、印度
spirax sarco steam trap thermodynamic,20,3,澳大利亚、美国、印度
spirax sarco steam traps pdf,20,9,爱尔兰、芬兰、荷兰、加拿大、美国、乌克兰、新西兰、印度、英国
spirax sarco steam tutorials,20,9,比利时、俄罗斯、芬兰、美国、南非、挪威、新西兰、印度、英国
spirax sarco steam water mixing valve,20,2,美国、以色列
spirax sarco stock price,20,12,澳大利亚、巴西、比利时、丹麦、德国、法国、韩国、荷兰、加拿大、美国、意大利、英国
spirax sarco strainer catalog,20,10,澳大利亚、比利时、韩国、荷兰、加拿大、美国、新加坡、意大利、印度、英国
spirax sarco suisse,20,3,比利时、法国、瑞士
spirax sarco suomi,20,1,芬兰
spirax sarco superheated steam,20,8,丹麦、芬兰、哥斯达黎加、美国、墨西哥、瑞典、印度、英国
spirax sarco supplier,20,2,美国、英国
spirax sarco suppliers,20,3,澳大利亚、美国、英国
spirax sarco sustainability,20,4,比利时、荷兰、美国、英国
spirax sarco sverige,20,6,德国、荷兰、美国、挪威、瑞典、英国
spirax sarco sweden,20,4,美国、瑞典、新西兰、英国
spirax sarco switzerland,20,2,美国、英国
spirax sarco sx uni,20,1,巴西
spirax sarco sydney,20,1,澳大利亚
spirax sarco tabela vapor,20,1,巴西
spirax sarco tabelle vapore,20,1,意大利
spirax sarco telefone,20,2,巴西、意大利
spirax sarco telefono,20,6,阿根廷、哥伦比亚、墨西哥、西班牙、意大利、智利
spirax sarco temperature controller,20,4,澳大利亚、美国、英国、智利
spirax sarco thailand,20,3,美国、新加坡、英国
spirax sarco toronto,20,1,加拿大
spirax sarco trabalhe conosco,20,1,巴西
spirax sarco training courses,20,2,美国、英国
spirax sarco trampa de vapor,20,1,西班牙
spirax sarco trap,20,5,巴西、比利时、加拿大、美国、英国
spirax sarco trieste,20,1,意大利
spirax sarco türkiye bayileri,20,1,土耳其
spirax sarco turnover,20,1,英国
spirax sarco tutorials,20,25,比利时、波兰、俄罗斯、法国、芬兰、哥伦比亚、荷兰、加拿大、津巴布韦、美国、秘鲁、墨西哥、纳米比亚、南非、挪威、斯洛伐克、乌拉圭、西班牙、希腊、新加坡、新西兰、匈牙利、印度、英国、智利
spirax sarco uae,20,4,德国、荷兰、美国、英国
spirax sarco uk address,20,6,比利时、德国、荷兰、美国、意大利、英国
spirax sarco uk and ireland,20,2,荷兰、英国
spirax sarco uk careers,20,2,新加坡、英国
spirax sarco uk contact,20,1,英国
spirax sarco uk jobs,20,1,英国
spirax sarco uruguay,20,1,乌拉圭
spirax sarco usa headquarters,20,1,美国
spirax sarco vacancies,20,2,荷兰、英国
spirax sarco vacuum breaker,20,16,澳大利亚、比利时、德国、法国、哥伦比亚、韩国、荷兰、加拿大、美国、秘鲁、墨西哥、西班牙、以色列、意大利、英国、智利
spirax sarco vagas,20,2,巴西、葡萄牙
spirax sarco valf sanayi ve ticaret anonim şirketi,20,2,荷兰、土耳其
spirax sarco values,20,2,墨西哥、英国
spirax sarco valve catalogue,20,10,澳大利亚、比利时、荷兰、加拿大、津巴布韦、美国、蒙古、乌拉圭、印度、英国
spirax sarco valve sizing,20,4,荷兰、捷克共和国、美国、墨西哥
spirax sarco valves catalogue,20,5,比利时、荷兰、美国、以色列、英国
spirax sarco valvole di sicurezza,20,1,意大利
spirax sarco valvula redutora de pressão,20,1,巴西
spirax sarco valvula reguladora de vapor,20,4,巴西、荷兰、美国、西班牙
spirax sarco válvulas,20,2,墨西哥、西班牙
spirax sarco valvulas de segurança,20,1,巴西
spirax sarco vapore,20,2,白俄罗斯、意大利
spirax sarco vent head,20,5,比利时、荷兰、加拿大、美国、英国
spirax sarco vietnam,20,5,比利时、荷兰、美国、新加坡、印度
spirax sarco vortex flow meter,20,2,比利时、美国
spirax sarco vs 204,20,12,阿塞拜疆、波兰、俄罗斯、哥伦比亚、哥斯达黎加、格鲁吉亚、韩国、美国、孟加拉国、墨西哥、日本、匈牙利
spirax sarco vs204,20,3,比利时、加拿大、美国
spirax sarco warszawa,20,1,波兰
spirax sarco watson marlow,20,1,英国
spirax sarco website,20,3,加拿大、美国、英国
spirax sarco wikipedia,20,22,阿根廷、澳大利亚、巴西、保加利亚、比利时、德国、厄瓜多尔、法国、哥伦比亚、荷兰、洪都拉斯、加拿大、罗马尼亚、美国、孟加拉国、秘鲁、墨西哥、西班牙、匈牙利、意大利、印度、英国
spirax sarco work experience,20,2,印度、英国
spirax sarco y strainer,20,15,爱尔兰、澳大利亚、巴西、比利时、法国、荷兰、加拿大、美国、秘鲁、塞尔维亚、西班牙、以色列、意大利、印度、英国
spirax sarco y strainer catalog,20,3,荷兰、美国、英国
spirax sarco y strainer stainless,20,5,美国、塞尔维亚、新西兰、印度、英国
spirax sarco y type strainer,20,4,荷兰、加拿大、美国、英国
spirax sarco youtube,20,3,德国、美国、英国
spirax sarco zawory regulacyjne,20,1,波兰
spirax sarco zollikon,20,2,德国、瑞士
spirax sarco zwijnaarde,20,2,比利时、荷兰
spirax sarco казахстан,20,2,俄罗斯、哈萨克斯坦
spirax sarco прайс лист,20,1,俄罗斯
spirax sarco украина,20,2,俄罗斯、乌克兰
spirax sarco スチーム トラップ,20,1,日本
spirax sarco 代理 店,20,1,日本
spirax sarco 減圧 弁,20,1,日本
spirax-sarco engineering plc annual report,20,2,荷兰、英国
spirax-sarco engineering plc share price,20,2,比利时、英国
spirax-sarco limited,20,4,比利时、荷兰、以色列、英国
spirax-sarco share price,20,2,比利时、英国
spirax-sarco share price forecast,20,2,比利时、英国
steam injector spirax sarco,20,11,澳大利亚、巴西、比利时、德国、法国、荷兰、加拿大、美国、以色列、意大利、英国
steam pressure reducing valve spirax sarco,20,7,澳大利亚、比利时、荷兰、加拿大、美国、以色列、英国
steam regulator spirax sarco,20,6,澳大利亚、荷兰、加拿大、美国、意大利、英国
steam table spirax sarco,20,6,比利时、荷兰、美国、以色列、意大利、英国
steam trap selection guide spirax sarco,20,8,比利时、荷兰、加拿大、美国、墨西哥、以色列、印度、英国
steam trap sizing spirax sarco,20,10,澳大利亚、荷兰、加拿大、美国、墨西哥、南非、新西兰、以色列、印度、英国
steam trap spirax sarco,20,9,澳大利亚、比利时、法国、荷兰、加拿大、美国、以色列、意大利、英国
sx uni spirax sarco,20,1,巴西
tabela de vapor saturado spirax sarco,20,1,巴西
tabla de vapor spirax sarco,20,2,阿根廷、墨西哥
tablas de vapor saturado spirax sarco,20,4,哥伦比亚、秘鲁、墨西哥、乌拉圭
tablas de vapor spirax sarco,20,14,阿根廷、玻利维亚、厄瓜多尔、哥伦比亚、哥斯达黎加、美国、秘鲁、墨西哥、尼加拉瓜、危地马拉、委内瑞拉、乌拉圭、西班牙、智利
tanque flash spirax sarco,20,5,阿根廷、巴西、墨西哥、乌拉圭、西班牙
tarifa spirax sarco,20,1,西班牙
tds 52 spirax sarco,20,2,巴西、墨西哥
tds52 spirax sarco,20,4,巴西、德国、美国、墨西哥
telefone spirax sarco,20,1,巴西
trampa bomba spirax sarco,20,2,墨西哥、乌拉圭
trampa de condensados spirax sarco,20,3,阿根廷、墨西哥、西班牙
trampa de cubeta invertida spirax sarco,20,3,哥伦比亚、墨西哥、智利
trampa de vapor spirax sarco,20,2,美国、西班牙
trampa de vapor spirax sarco 1 2,20,1,哥伦比亚
trampa de vapor spirax sarco precio,20,2,哥伦比亚、墨西哥
trampa spirax sarco,20,3,阿根廷、哥伦比亚、墨西哥
trampa termodinamica spirax sarco,20,10,阿根廷、玻利维亚、厄瓜多尔、哥伦比亚、秘鲁、墨西哥、萨尔瓦多、乌拉圭、西班牙、智利
trampa termostatica spirax sarco,20,5,阿根廷、哥伦比亚、美国、秘鲁、墨西哥
trampa vapor spirax sarco,20,1,西班牙
turflow spirax sarco,20,8,巴西、比利时、德国、荷兰、加拿大、美国、意大利、英国
vakuumbrecher spirax sarco,20,1,德国
valve spirax sarco,20,12,阿根廷、澳大利亚、巴西、德国、法国、荷兰、加拿大、美国、西班牙、以色列、意大利、英国
valvole spirax sarco,20,1,意大利
valvole vapore spirax sarco,20,1,意大利
válvula auto operada spirax sarco,20,1,巴西
valvula check spirax sarco,20,3,玻利维亚、厄瓜多尔、墨西哥
valvula de control spirax sarco,20,5,阿根廷、玻利维亚、哥伦比亚、墨西哥、西班牙
valvula de controle spirax sarco,20,1,巴西
válvula de controle spirax sarco,20,1,巴西
valvula de fuelle spirax sarco,20,3,洪都拉斯、墨西哥、西班牙
valvula de retencion spirax sarco,20,2,阿根廷、智利
valvula de segurança spirax sarco,20,2,巴西、葡萄牙
válvula de segurança spirax sarco,20,1,巴西
valvula de seguridad spirax sarco,20,7,阿根廷、巴拉圭、哥伦比亚、墨西哥、乌拉圭、西班牙、智利
valvula de vapor spirax sarco,20,2,巴西、西班牙
valvula eliminadora de aire spirax sarco,20,4,哥伦比亚、秘鲁、墨西哥、智利
valvula esfera spirax sarco,20,1,巴西
valvula globo para vapor spirax sarco,20,2,阿根廷、乌拉圭
valvula globo spirax sarco,20,8,阿根廷、巴西、哥伦比亚、荷兰、墨西哥、乌拉圭、西班牙、智利
válvula globo spirax sarco,20,1,巴西
valvula moduladora de vapor spirax sarco,20,3,巴西、哥斯达黎加、智利
valvula moduladora spirax sarco,20,1,巴西
valvula para vapor spirax sarco,20,2,巴西、西班牙
valvula reductora de presion de vapor spirax sarco,20,3,墨西哥、西班牙、智利
valvula reductora de presion spirax sarco,20,4,阿根廷、秘鲁、乌拉圭、西班牙
valvula redutora de pressão de vapor spirax sarco,20,2,安哥拉、巴西
valvula redutora de pressão spirax sarco,20,2,巴西、葡萄牙
válvula redutora de pressão vapor spirax sarco,20,1,巴西
valvula reguladora de presion spirax sarco,20,7,阿根廷、秘鲁、墨西哥、委内瑞拉、乌拉圭、西班牙、智利
valvula reguladora de vapor spirax sarco,20,9,阿根廷、巴西、厄瓜多尔、哥伦比亚、秘鲁、墨西哥、塞内加尔、委内瑞拉、西班牙
válvula reguladora de vapor spirax sarco,20,3,巴西、美国、西班牙
valvula reguladora spirax sarco,20,6,阿根廷、巴西、哥伦比亚、荷兰、墨西哥、西班牙
valvula retenção spirax sarco,20,1,巴西
valvula vapor spirax sarco,20,2,巴西、西班牙
valvulas de seguridad para vapor spirax sarco,20,2,阿根廷、墨西哥
valvulas de vapor spirax sarco,20,8,阿根廷、巴西、哥伦比亚、美国、秘鲁、墨西哥、葡萄牙、西班牙
valvulas spirax sarco catalogo,20,1,巴西
válvulas spirax sarco para vapor,20,2,荷兰、西班牙
vanne de régulation spirax sarco,20,1,法国
vanne modulante spirax sarco,20,2,比利时、法国
vanne spirax sarco,20,3,比利时、法国、美国
vanne vapeur spirax sarco,20,5,比利时、法国、荷兰、瑞士、英国
vapor spirax sarco,20,3,阿根廷、巴西、西班牙
visor de fluxo spirax sarco,20,1,巴西
watson marlow spirax sarco,20,7,比利时、荷兰、美国、西班牙、匈牙利、英国、中国香港
what does spirax sarco do,20,4,澳大利亚、加拿大、美国、英国
why are spirax sarco shares falling,20,1,英国
air vent spirax sarco,10,11,澳大利亚、巴西、比利时、德国、法国、荷兰、加拿大、美国、西班牙、意大利、英国
automatic pump trap spirax sarco,10,4,澳大利亚、巴西、美国、英国
bc 3200 spirax sarco,10,1,哥伦比亚
blowdown vessel spirax sarco,10,4,美国、乌拉圭、意大利、英国
catalogo spirax sarco valvulas,10,8,阿根廷、巴西、玻利维亚、哥伦比亚、加拿大、秘鲁、墨西哥、英国
catálogo spirax sarco válvulas,10,1,巴西
check valve spirax sarco,10,11,澳大利亚、巴西、比利时、德国、法国、荷兰、加拿大、美国、西班牙、意大利、英国
colima spirax sarco,10,5,巴西、法国、西班牙、意大利、英国
companies similar to spirax-sarco engineering plc publicly traded,10,1,加拿大
control valve spirax sarco,10,10,澳大利亚、巴西、比利时、德国、法国、荷兰、加拿大、美国、意大利、英国
controlador de temperatura spirax sarco,10,2,巴西、墨西哥
curso de vapor spirax sarco,10,3,阿根廷、巴西、西班牙
design of fluid systems spirax sarco newest editions list,10,1,美国
detendeur spirax sarco,10,1,法国
drip pan elbow spirax sarco,10,7,澳大利亚、巴西、比利时、荷兰、加拿大、美国、英国
fig 33 spirax sarco,10,12,阿根廷、澳大利亚、巴西、比利时、德国、法国、荷兰、加拿大、美国、西班牙、意大利、英国
filtro autolimpante spirax sarco,10,1,巴西
filtro yee spirax sarco,10,1,墨西哥
flash vessel spirax sarco,10,11,澳大利亚、巴西、比利时、德国、法国、荷兰、加拿大、美国、乌拉圭、意大利、英国
generador de vapor limpio spirax sarco,10,1,西班牙
ke43 spirax sarco,10,4,比利时、德国、法国、美国
manual de vapor spirax sarco,10,2,巴西、美国
mark vernon spirax sarco,10,2,美国、英国
neil daws spirax sarco,10,1,英国
nick anderson spirax sarco,10,6,巴西、德国、法国、美国、以色列、英国
pn9000 spirax sarco,10,5,澳大利亚、巴西、比利时、美国、英国
pn9123e spirax sarco,10,9,澳大利亚、巴西、比利时、德国、荷兰、加拿大、美国、以色列、英国
pressure reducing valve spirax sarco,10,8,澳大利亚、巴西、比利时、德国、荷兰、加拿大、美国、英国
psv spirax sarco,10,1,巴西
purgador de boia para vapor spirax sarco,10,1,巴西
purgador spirax sarco tds-52,10,1,巴西
purgeur thermostatique spirax sarco,10,1,法国
purgeur vapeur spirax sarco,10,7,澳大利亚、比利时、德国、法国、荷兰、加拿大、英国
safety valve spirax sarco,10,7,澳大利亚、比利时、德国、荷兰、加拿大、美国、英国
sarco spirax steam traps,10,7,澳大利亚、比利时、德国、荷兰、加拿大、以色列、英国
saturated steam table spirax sarco,10,11,澳大利亚、丹麦、俄罗斯、厄瓜多尔、韩国、荷兰、加拿大、美国、乌拉圭、印度、英国
scs20 spirax sarco,10,2,比利时、俄罗斯
self-acting temperature control valve spirax sarco,10,7,澳大利亚、比利时、德国、荷兰、加拿大、美国、英国
séparateur vapeur spirax sarco,10,4,比利时、法国、荷兰、加拿大
separator spirax sarco,10,12,澳大利亚、比利时、德国、法国、哥伦比亚、哥斯达黎加、荷兰、加拿大、美国、以色列、印度、英国
simon sprackling spirax sarco,10,2,美国、英国
sizing suite spirax sarco,10,3,法国、加拿大、意大利
spirax - sarco s.r.l,10,7,澳大利亚、比利时、德国、荷兰、加拿大、以色列、英国
spirax sarco 121,10,3,美国、墨西哥、英国
spirax sarco 3 way control valve,10,1,美国
spirax sarco 3 way valve,10,2,美国、英国
spirax sarco 3d model library,10,6,奥地利、比利时、加拿大、秘鲁、匈牙利、意大利
spirax sarco 66669,10,1,美国
spirax sarco 67049,10,1,美国
spirax sarco 72962.3 amazon.com,10,3,比利时、美国、英国
spirax sarco 72969 3,10,1,美国
spirax sarco ag zollikon,10,1,瑞士
spirax sarco algérie,10,1,德国
spirax sarco annual report 2016,10,1,美国
spirax sarco annual report 2023,10,1,英国
spirax sarco annual report 2024,10,3,法国、加拿大、美国
spirax sarco argentina catalogo,10,1,阿根廷
spirax sarco authorized distributors,10,6,澳大利亚、加拿大、津巴布韦、美国、新加坡、印度
spirax sarco auto air vent,10,5,澳大利亚、比利时、加拿大、美国、英国
spirax sarco b series,10,1,美国
spirax sarco ball float,10,5,澳大利亚、比利时、加拿大、美国、意大利
spirax sarco bellow seal globe valve,10,5,澳大利亚、津巴布韦、美国、墨西哥、英国
spirax sarco berechnungsprogramme,10,1,德国
spirax sarco bh,10,1,巴西
spirax sarco birkerød,10,2,丹麦、荷兰
spirax sarco birmingham,10,1,英国
spirax sarco brasil cotia,10,5,阿根廷、澳大利亚、巴西、美国、墨西哥
spirax sarco butterfly valve,10,3,加拿大、美国、印度
spirax sarco bva 325,10,2,加拿大、英国
spirax sarco calcolo vapore,10,1,意大利
spirax sarco campinas,10,1,巴西
spirax sarco check valves,10,8,澳大利亚、比利时、荷兰、加拿大、美国、西班牙、意大利、英国
spirax sarco chile ltda,10,1,智利
spirax sarco christchurch,10,1,新西兰
spirax sarco co uk,10,1,英国
spirax sarco colombia sas,10,3,澳大利亚、哥伦比亚、美国
spirax sarco com,10,5,澳大利亚、比利时、荷兰、加拿大、美国
spirax sarco company profile,10,4,澳大利亚、美国、日本、英国
spirax sarco compressed air guide,10,2,澳大利亚、美国
spirax sarco condensate pump skid,10,1,美国
spirax sarco contact details,10,3,澳大利亚、美国、南非
spirax sarco control valve sizing,10,3,加拿大、捷克共和国、美国
spirax sarco cotia endereço,10,1,巴西
spirax sarco dampf tabelle,10,1,德国
spirax sarco decarbonisation technology,10,4,荷兰、加拿大、美国、英国
spirax sarco direct steam injection,10,3,澳大利亚、美国、英国
spirax sarco distributor,10,4,澳大利亚、比利时、加拿大、美国
spirax sarco do brasil,10,5,阿根廷、澳大利亚、巴西、美国、墨西哥
spirax sarco download 3d,10,2,巴西、日本
spirax sarco drv,10,2,德国、意大利
spirax sarco en-js1025,10,8,澳大利亚、比利时、法国、荷兰、加拿大、美国、以色列、英国
spirax sarco energy efficiency solutions,10,4,荷兰、加拿大、美国、英国
spirax sarco engineering bv,10,3,美国、日本、英国
spirax sarco engineering plc cheltenham,10,2,美国、英国
spirax sarco engineering plc stock,10,4,比利时、荷兰、加拿大、美国
spirax sarco engineering subsidiaries,10,10,澳大利亚、比利时、哈萨克斯坦、加拿大、津巴布韦、美国、塞尔维亚、新加坡、印度、英国
spirax sarco england,10,2,丹麦、德国
spirax sarco fig 33,10,10,澳大利亚、比利时、德国、法国、加拿大、美国、西班牙、意大利、英国、中国香港
spirax sarco filtro y,10,2,巴西、加拿大
spirax sarco flash recovery vessel,10,2,加拿大、印度
spirax sarco flash steam,10,5,澳大利亚、荷兰、加拿大、美国、斯洛伐克
spirax sarco flash steam calculator,10,5,澳大利亚、芬兰、加拿大、美国、英国
spirax sarco float and thermostatic steam trap,10,1,美国
spirax sarco float trap capacity,10,1,美国
spirax sarco ft-15 capacity,10,1,加拿大
spirax sarco ft-15 steam trap,10,2,加拿大、美国
spirax sarco ft-75,10,2,加拿大、美国
spirax sarco g-series condensate pump,10,1,美国
spirax sarco ggg40.3,10,5,澳大利亚、比利时、德国、荷兰、加拿大
spirax sarco ggg403,10,1,美国
spirax sarco global,10,6,澳大利亚、波兰、加拿大、美国、墨西哥、印度
spirax sarco globe valve pdf,10,4,澳大利亚、美国、墨西哥、以色列
spirax sarco graduate scheme,10,5,阿根廷、加拿大、南非、新西兰、英国
spirax sarco grundlagen der dampf- und kondensattechnologie,10,2,德国、荷兰
spirax sarco grundlagen der dampf- und kondensattechnologie pdf,10,1,德国
spirax sarco high pressure sample cooler,10,1,美国
spirax sarco hookups,10,1,美国
spirax sarco india careers,10,7,澳大利亚、加拿大、墨西哥、南非、新加坡、新西兰、印度
spirax sarco indonesia,10,8,澳大利亚、巴西、多米尼加共和国、荷兰、加拿大、美国、新加坡、英国
spirax sarco international,10,2,澳大利亚、英国
spirax sarco japan,10,2,韩国、日本
spirax sarco katalog,10,5,奥地利、波兰、德国、捷克共和国、瑞士
spirax sarco kauft gestra,10,1,德国
spirax sarco ke43,10,4,爱沙尼亚、德国、美国、英国
spirax sarco kenya,10,2,澳大利亚、英国
spirax sarco lc3000,10,4,比利时、秘鲁、西班牙、英国
spirax sarco libro,10,4,阿根廷、哥伦比亚、乌拉圭、西班牙
spirax sarco listino prezzi,10,1,意大利
spirax sarco ltd uk,10,3,澳大利亚、美国、英国
spirax sarco maghreb,10,4,德国、法国、荷兰、加拿大
spirax sarco malaysia,10,6,澳大利亚、波兰、加拿大、美国、新加坡、英国
spirax sarco manufacturing,10,8,澳大利亚、加拿大、津巴布韦、美国、新加坡、新西兰、印度、英国
spirax sarco maroc,10,3,比利时、法国、荷兰
spirax sarco mexicana s.a.p.i. de c.v,10,6,澳大利亚、比利时、荷兰、加拿大、美国、以色列
spirax sarco middle east,10,5,澳大利亚、荷兰、加拿大、美国、英国
spirax sarco mumbai,10,3,澳大利亚、新西兰、印度
spirax sarco mx,10,1,墨西哥
spirax sarco myynti,10,1,芬兰
spirax sarco net zero services,10,3,澳大利亚、比利时、英国
spirax sarco netherlands bv,10,1,荷兰
spirax sarco odwadniacz,10,1,波兰
spirax sarco official website,10,4,澳大利亚、比利时、加拿大、美国
spirax sarco online store,10,3,澳大利亚、加拿大、美国
spirax sarco origin,10,1,澳大利亚
spirax sarco österreich,10,4,奥地利、比利时、德国、瑞士
spirax sarco p25,10,1,阿根廷
spirax sarco padova,10,1,意大利
spirax sarco philippines inc,10,2,加拿大、美国
spirax sarco photos,10,1,法国
spirax sarco pipe sizing,10,14,阿根廷、澳大利亚、比利时、哥伦比亚、哥斯达黎加、加拿大、美国、墨西哥、南非、乌拉圭、希腊、印度、英国、智利
spirax sarco pn16 ggg40,10,4,加拿大、美国、西班牙、英国
spirax sarco pn40,10,1,澳大利亚
spirax sarco polska,10,5,比利时、波兰、德国、荷兰、英国
spirax sarco pressure reducing valve catalogue,10,5,比利时、荷兰、加拿大、美国、英国
spirax sarco product handbook pdf,10,2,加拿大、美国
spirax sarco products catalogue,10,5,比利时、荷兰、加拿大、美国、英国
spirax sarco pump parts,10,1,美国
spirax sarco pune,10,4,加拿大、津巴布韦、新加坡、印度
spirax sarco purgadores,10,1,巴西
spirax sarco qatar,10,3,比利时、加拿大、美国
spirax sarco recife,10,2,巴西、葡萄牙
spirax sarco redundancy,10,1,英国
spirax sarco rennes,10,1,法国
spirax sarco resources,10,11,阿根廷、哥伦比亚、哥斯达黎加、荷兰、加拿大、美国、墨西哥、危地马拉、新西兰、英国、智利
spirax sarco revit,10,1,意大利
spirax sarco rj,10,1,巴西
spirax sarco s.a,10,4,比利时、加拿大、美国、以色列
spirax sarco s.a.,10,3,荷兰、加拿大、西班牙
spirax sarco s.a.u,10,3,比利时、加拿大、西班牙
spirax sarco sac 54531c,10,1,美国
spirax sarco sac 66173c,10,1,美国
spirax sarco sac 66669,10,1,美国
spirax sarco sac 67049,10,1,美国
spirax sarco safety valve catalogue,10,3,加拿大、美国、英国
spirax sarco safety valve sizing,10,4,加拿大、美国、塞尔维亚、英国
spirax sarco safety valves,10,6,澳大利亚、巴西、德国、加拿大、西班牙、意大利
spirax sarco sample coolers,10,1,美国
spirax sarco santa catarina,10,2,巴西、墨西哥
spirax sarco saudi arabia,10,4,比利时、荷兰、加拿大、英国
spirax sarco scambiatori,10,1,意大利
spirax sarco sdn. bhd.,10,1,英国
spirax sarco share price news,10,1,英国
spirax sarco share price yahoo,10,1,英国
spirax sarco sizing suite,10,5,哥伦比亚、哥斯达黎加、捷克共和国、美国、墨西哥
spirax sarco sk,10,1,斯洛伐克
spirax sarco steam and condensate loop book,10,2,美国、新加坡
spirax sarco steam condensate pump,10,2,美国、英国
spirax sarco steam handbook pdf,10,2,美国、土耳其
spirax sarco steam humidifier,10,1,美国
spirax sarco steam pressure relief valve,10,1,美国
spirax sarco steam regulator troubleshooting,10,1,美国
spirax sarco steam system design,10,4,爱尔兰、荷兰、美国、新西兰
spirax sarco steam tables pdf,10,13,俄罗斯、哥伦比亚、哥斯达黎加、美国、墨西哥、南非、瑞典、瑞士、土耳其、新加坡、新西兰、印度、中国香港
spirax sarco steam trap 1 2,10,1,美国
spirax sarco steam trap 1/2,10,1,美国
spirax sarco steam trap maintenance,10,5,爱尔兰、美国、南非、印度、英国
spirax sarco steam trap monitoring,10,2,美国、英国
spirax sarco steam traps ft-15,10,1,美国
spirax sarco steam traps parts,10,3,美国、新西兰、印度
spirax sarco steam valve,10,7,澳大利亚、比利时、荷兰、加拿大、美国、以色列、英国
spirax sarco steam water mixing station,10,4,比利时、荷兰、美国、以色列
spirax sarco strainer y type,10,2,荷兰、加拿大
spirax sarco strainers,10,6,比利时、荷兰、加拿大、美国、以色列、英国
spirax sarco subsidiaries,10,4,津巴布韦、美国、新加坡、英国
spirax sarco superheated steam calculator,10,5,荷兰、美国、南非、新西兰、印度
spirax sarco sustainable steam management,10,2,荷兰、英国
spirax sarco sx100-1 manual,10,1,英国
spirax sarco tables,10,2,巴西、西班牙
spirax sarco thermocoax,10,1,法国
spirax sarco thermodynamic steam traps,10,1,荷兰
spirax sarco tlalnepantla,10,1,墨西哥
spirax sarco torino,10,1,意大利
spirax sarco trampas de vapor,10,2,荷兰、西班牙
spirax sarco treinamento,10,1,巴西
spirax sarco tunisie,10,2,比利时、法国
spirax sarco turkey,10,1,英国
spirax sarco tutorial,10,6,比利时、法国、荷兰、美国、西班牙、英国
spirax sarco valves steam,10,4,澳大利亚、荷兰、加拿大、美国
spirax sarco valvulas de seguridad,10,4,多米尼加共和国、哥伦比亚、墨西哥、乌拉圭
spirax sarco vanne de régulation,10,1,法国
spirax sarco vapor saturado,10,1,西班牙
spirax sarco venezuela,10,1,委内瑞拉
spirax sarco venttiilit,10,1,芬兰
spirax sarco vs-204,10,2,加拿大、美国
spirax sarco vulcanic,10,7,比利时、德国、法国、荷兰、美国、西班牙、英国
spirax sarco water trap,10,4,澳大利亚、美国、以色列、英国
spirax sarco webinars,10,1,美国
spirax sarco wien,10,1,奥地利
spirax sarco zoominfo,10,3,比利时、荷兰、美国
spirax sarco каталог,10,3,俄罗斯、格鲁吉亚、乌克兰
spirax sarco конденсатоотводчик,10,2,俄罗斯、乌克兰
spirax sarco купить,10,1,俄罗斯
spirax sarco москва,10,1,俄罗斯
spirax sarco официальный сайт,10,1,俄罗斯
spirax-sarco engineering plc analyst price target disagreement,10,1,加拿大
spirax-sarco engineering plc bullish and bearish analyst opinions,10,1,加拿大
spirax-sarco engineering plc linkedin,10,1,英国
spirax-sarco india private limited,10,2,荷兰、英国
spirax-sarco ltd,10,3,比利时、以色列、英国
spirax-sarco share price news,10,1,英国
spirax-sarco share price uk,10,1,英国
steam control valve spirax sarco,10,2,波兰、美国
steam flow meter spirax sarco,10,3,荷兰、美国、印度
steam separator spirax sarco,10,5,比利时、荷兰、美国、以色列、英国
steam sparger spirax sarco,10,2,美国、印度
steam trap spirax sarco pdf,10,1,美国
tablas vapor saturado spirax sarco,10,4,哥伦比亚、哥斯达黎加、乌拉圭、西班牙
thermocoax spirax sarco,10,1,法国
thermodynamic steam trap spirax sarco,10,4,比利时、荷兰、加拿大、以色列
thermostatic steam trap spirax sarco,10,1,加拿大
trampa de flotador spirax sarco,10,3,厄瓜多尔、秘鲁、墨西哥
trampa de vapor tipo flotador spirax sarco,10,4,哥伦比亚、美国、墨西哥、智利
trampas de vapor spirax sarco pdf,10,11,阿根廷、玻利维亚、厄瓜多尔、哥伦比亚、哥斯达黎加、洪都拉斯、美国、秘鲁、墨西哥、委内瑞拉、智利
trampas de vapor spirax sarco tipo flotador,10,5,巴拉圭、厄瓜多尔、哥伦比亚、墨西哥、智利
trampas termodinamicas spirax sarco,10,2,阿根廷、美国
vacuum breaker spirax sarco,10,4,澳大利亚、比利时、荷兰、以色列
valvole pneumatiche spirax sarco,10,1,意大利
valvula asiento inclinado spirax sarco,10,2,玻利维亚、西班牙
valvula de bola spirax sarco,10,2,委内瑞拉、智利
valvula de esfera spirax sarco,10,2,巴西、墨西哥
valvula eliminadora de aire 3 4 spirax sarco,10,4,哥伦比亚、秘鲁、墨西哥、智利
valvula quebra vacuo spirax sarco,10,1,巴西
valvula solenoide spirax sarco,10,1,巴西
valvulas esfericas spirax sarco,10,3,阿根廷、玻利维亚、秘鲁
valvulas globo spirax sarco,10,1,阿根廷
vanne de régulation vapeur spirax sarco,10,2,比利时、法国
visor de flujo spirax sarco,10,3,秘鲁、墨西哥、智利
vulcanic spirax sarco,10,3,法国、美国、英国
webinar spirax sarco,10,2,巴西、荷兰
what do spirax sarco do,10,1,英国
www esp portal com clients spirax sarco,10,1,英国
www spirax sarco,10,1,巴西
y strainer spirax sarco,10,4,澳大利亚、比利时、荷兰、加拿大
клапан spirax sarco,10,1,俄罗斯
конденсатоотводчик spirax sarco,10,1,乌克兰
конденсатоотводчик поплавковый spirax sarco,10,1,俄罗斯
07 8g spirax sarco,0,1,巴西
09460003 spirax sarco,0,1,喀麦隆
1 1 2 strainer spirax sarco,0,1,英国
1 2 b-45 spirax sarco,0,1,墨西哥
1 spirax sarco,0,1,俄罗斯
10009386 spirax sarco,0,1,西班牙
10009386 spirax sarco fig 105,0,1,西班牙
10009386 spirax sarco fig 106,0,1,西班牙
11 2 x 21 2 spirax sarco pressure relief valve,0,1,美国
14432517 spirax sarco,0,1,巴拉圭
151799168 spirax sarco,0,1,巴拉圭
1840500 spirax sarco,0,1,波兰
1bd spirax sarco,0,1,哥伦比亚
1td52 trap spirax sarco,0,1,巴西
2 inch spirax sarco steam traps,0,1,美国
2 spirax sarco ft-185,0,1,匈牙利
2 spirax sarco steam trap,0,1,匈牙利
211s spirax sarco,0,1,墨西哥
250 spirax sarco,0,2,玻利维亚、美国
25bp elétrica spirax sarco,0,1,巴西
27 p spirax sarco,0,1,墨西哥
27p spirax sarco,0,1,墨西哥
2d spirax sarco,0,1,秘鲁
3 4 spirax sarco prv valve,0,1,尼日利亚
3 way valve spirax sarco,0,1,阿根廷
3.1.4 válvula de control spirax sarco,0,1,哥伦比亚
3.530.5275.150 spirax sarco,0,1,西班牙
3321310 spirax sarco,0,1,巴拉圭
360 spirax sarco,0,1,法国
3c.525 spirax sarco 3d,0,1,意大利
3d spirax sarco,0,1,法国
3d spirax sarco model venteo vs204,0,1,哥伦比亚
3d spirax sarco vs204,0,1,哥伦比亚
4421 spirax sarco,0,1,意大利
442144 spirax sarco,0,1,意大利
44214415 spirax sarco,0,1,意大利
4527 spirax sarco,0,1,哥伦比亚
4m310 spirax sarco,0,1,巴西
50 años spirax sarco,0,1,墨西哥
50 años spirax sarco mexicana,0,1,墨西哥
5000 kg h de vapor spirax sarco,0,1,巴西
5044165 spirax sarco,0,1,英国
50928 spirax sarco,0,1,美国
511s spirax sarco,0,1,美国
55223 spirax sarco,0,2,美国、印度
55224 spirax sarco regulator,0,4,韩国、美国、墨西哥、印度
55226 spirax sarco,0,2,阿根廷、墨西哥
570 spirax sarco,0,1,美国
5s spirax sarco,0,1,阿根廷
61.193.074 0001-86 spirax sarco industria e comercio ltda,0,1,巴西
63354 stock spirax sarco,0,1,俄罗斯
64170 spirax sarco,0,1,加拿大
64262 spirax sarco,0,1,加拿大
655175 spirax sarco,0,1,加拿大
6902220 spirax sarco,0,1,巴拉圭
6902246 spirax sarco,0,1,巴拉圭
6902252 spirax sarco,0,1,巴拉圭
69956 spirax sarco pump,0,1,美国
73491 9 registro spirax sarco,0,1,巴西
73j2t spirax sarco,0,1,加拿大
75470 spirax sarco,0,1,墨西哥
7887-tk-e-b05d-h-v spirax sarco,0,1,意大利
82pde spirax sarco,0,1,法国
9263040300 spirax sarco,0,1,俄罗斯
a full port ball valve types pdf from spirax sarco,0,1,南非
a quoi consiste spirax sarco,0,1,法国
a spirax sarco,0,1,巴西
a spirax sarco engineering company,0,2,德国、美国
a-395 spirax sarco,0,3,澳大利亚、巴西、西班牙
a395 spirax sarco,0,1,澳大利亚
abaco de spirax sarco,0,1,阿根廷
abkmnh-htuekznjh c fnjuj djple f spirax sarco,0,1,俄罗斯
about spirax sarco,0,1,英国
abv 40 spirax sarco,0,2,美国、西班牙
abv spirax sarco,0,1,巴西
accesorios calderas spirax sarco,0,1,阿根廷
accesorios de calderas spirax sarco fenercom 2017,0,1,阿根廷
accesorios spirax sarco,0,2,阿根廷、墨西哥
accesorios tuberias spirax sarco,0,1,西班牙
acciones spirax-sarco engineering plc,0,1,墨西哥
acoes sa spirax sarco,0,1,巴西
ações spirax sarco,0,1,巴西
acoples racor aplicación vapor spirax sarco,0,1,阿根廷
acoples rapidos spirax sarco,0,1,巴拉圭
acqua surriscaldata spirax sarco,0,1,意大利
action spirax sarco,0,1,法国
actuador 7213a spirax sarco,0,1,哥伦比亚
actuador 9320 spirax sarco,0,1,哥伦比亚
actuador anm 107 r spirax sarco,0,1,巴拉圭
actuador lectrico spirax sarco,0,1,阿根廷
actuador neumático giratorio spirax sarco 320d,0,1,阿根廷
actuador neumático rotativo spirax sarco 320d,0,1,阿根廷
actuador neumatico spirax sarco,0,1,阿根廷
actuador pn9000 spirax sarco,0,2,阿根廷、西班牙
actuador pn9000 spirax sarco diametro,0,1,西班牙
actuador pn9000 spirax sarco en ingles,0,1,阿根廷
actuador rotativo spirax sarco 320d,0,1,阿根廷
actuador rotativos spirax sarco,0,1,阿根廷
actuador spirax sarco,0,1,秘鲁
actuador spirax sarco 325,0,1,智利
actuador spirax sarco converter 4 a20 ma 3 a15 psi,0,1,墨西哥
actuador spirax sarco posiconador,0,1,秘鲁
actuador valvula de control spirax sarco,0,1,哥伦比亚
actuadores electricos spirax sarco,0,1,阿根廷
actuadores electricos spirax sarco valvulas 3 vias,0,1,阿根廷
actuadores neumaticos spirax sarco,0,2,阿根廷、哥伦比亚
actuadores neumaticos spirax sarco autocad,0,1,阿根廷
actuadores spirax sarco,0,1,哥伦比亚
acumulador de vapor spirax sarco,0,2,巴西、智利
acumuladores de vapor spirax sarco,0,1,西班牙
acumuladores de vapor spirax sarco catalogo,0,1,西班牙
acuotubulares caldera caricatura spirax sarco,0,1,阿根廷
acuotubulares caldera spirax sarco,0,1,阿根廷
adjustment spring blue t15 3.027 spirax sarco,0,1,美国
adresse spirax sarco chatellerault,0,1,法国
af 250 spirax sarco,0,2,阿根廷、巴拉圭
agen spirax sarco indonesia,0,1,美国
agent de ligne spirax sarco,0,1,法国
agenzia spirax sarco,0,1,意大利
agm online vote spirax-sarco,0,1,英国
air and gas trap spirax sarco,0,1,西班牙
air eliminators spirax sarco,0,1,美国
aire comprimido spirax sarco,0,2,阿根廷、乌拉圭
alamat spirax sarco indonesia,0,1,美国
alarmas de alta seguridad para vigilancia indirecta spirax sarco,0,1,墨西哥
ali rıza aydın spirax sarco,0,1,土耳其
aliexpress spirax sarco,0,1,俄罗斯
alliage spirax sarco,0,1,法国
alternativa a spirax sarco,0,1,西班牙
analisador vazamento spirax sarco,0,1,巴西
analisi finanziaria spirax sarco,0,1,意大利
analista de engenharia de produto spirax sarco love mondays salario,0,1,巴西
analizador de condensados spirax sarco,0,1,西班牙
analizador de oxigeno spirax sarco,0,1,秘鲁
andré ayres spirax sarco,0,1,智利
andrew baddeley spirax sarco,0,1,加拿大
andrew prew spirax sarco,0,1,英国
andrew robson spirax sarco,0,1,英国
andrew spirax sarco,0,1,加拿大
andrew spirax sarco canada,0,1,加拿大
andrew stewart spirax sarco,0,1,加拿大
andy robson spirax sarco,0,1,英国
angelina rangel spirax sarco,0,1,墨西哥
annual report 2018 spirax sarco,0,1,英国
annual report spirax sarco,0,1,波兰
anytime spirax sarco,0,1,美国
apostila ar comprimido spirax sarco,0,1,巴西
apostila de vapor spirax sarco,0,1,巴西
apostila de vapor spirax sarco ppt,0,1,巴西
apostila spirax sarco,0,1,巴西
apostila spirax sarco ar comprimido pdf,0,1,巴西
apostila spirax sarco pdf,0,1,巴西
apostila spirax sarco slide share,0,1,巴西
apostila spirax-sarco,0,1,巴西
app para calculo de cañerias de vapor spirax sarco,0,1,阿根廷
apply for spirax sarco jobs,0,1,加拿大
apprenti spirax sarco,0,1,法国
aprovechar vapor flash spirax sarco,0,1,西班牙
aproveitamento de descarga de fundo spirax sarco,0,1,巴西
apt 8 spirax sarco,0,1,乌克兰
apt-spi spirax sarco,0,1,德国
ar comprimido spirax sarco,0,1,巴西
ari armaturen x spirax sarco,0,1,巴西
armado de ehd1ppnst-1hlg-p2 easy heat spirax sarco,0,1,墨西哥
armstrong steam traps spirax sarco,0,1,美国
aspire spirax sarco,0,1,英国
assessment center spirax sarco,0,1,爱尔兰
assessment centre spirax sarco,0,1,美国
assistencia tecnica spirax sarco,0,1,巴西
assistência técnica spirax sarco,0,1,巴西
assistencia tecnica spirax sarco diadema,0,1,巴西
assistente tecnico spirax sarco,0,1,巴西
astm a395 spirax sarco,0,1,巴西
atemperadores spirax sarco,0,2,厄瓜多尔、美国
attuatore pneumatico spirax sarco,0,1,意大利
attuatore pneumatico spirax sarco pn,0,1,意大利
attuatore pneumatico spirax sarco pn 32,0,1,意大利
attuatore pneumatico spirax sarco pn 3232,0,1,意大利
attuatore pneumatico spirax sarco pn3232,0,1,意大利
attuatore spinatrol spirax sarco,0,1,意大利
attuatore spirax sarco pn3326,0,1,意大利
attuatore spirax sarco spinatrol,0,1,意大利
atuador 3120 spirax sarco,0,1,巴西
atuador para valvula de controle spirax sarco,0,1,巴西
atuador pneumático pn9000 spirax sarco,0,1,巴西
atuador pneumatico spirax sarco,0,1,巴西
atuador spirax sarco pn 9123e,0,1,巴西
atuador spirax sarco pn 9123e explodida,0,1,巴西
atuador spirax sarco pn 9123e youtube,0,1,巴西
atuador spirax sarco pn9123e explodida,0,1,巴西
atuadores spirax sarco,0,1,巴西
auctuaores neumaticos spirax sarco,0,1,阿根廷
aurelie pignard spirax sarco,0,1,法国
autocad spirax sarco,0,2,比利时、荷兰
autorizada spirax sarco,0,1,巴西
av 713 spirax sarco,0,1,美国
avantages spirax sarco,0,1,法国
average bonus in the uk spirax sarco,0,1,美国
aw2000 spirax sarco,0,1,墨西哥
awareness spirax sarco,0,1,法国
azul ral 5010 spirax sarco,0,1,巴西
b.o.a.s evaluation spirax sarco,0,1,英国
b3-250 spirax sarco trap 1,0,1,美国
b3s spirax sarco,0,1,英国
bâche d'alimentation spirax sarco,0,1,瑞士
balanced pressure thermostatic steam trap spirax sarco,0,1,葡萄牙
balde invertido spirax sarco,0,2,阿根廷、乌拉圭
ball float steam trap spirax sarco pdf,0,1,美国
ball float termostatic trap spirax sarco,0,1,墨西哥
ball valve 3d model spirax sarco,0,1,美国
ball valve globe butterfly spirax sarco filetype pdf,0,1,新加坡
ball valve sizing software spirax sarco,0,1,巴西
ball valve spirax sarco argentina,0,1,巴西
ball valve spirax sarco indonesia,0,1,美国
ball valves dimensions spirax sarco,0,1,巴西
ballon d'éclatement spirax sarco,0,1,瑞士
banzatto spirax sarco,0,1,巴西
banzatto spirax sarco linkedin,0,1,巴西
banzzato spirax sarco,0,1,巴西
bar.r spirax sarco,0,1,阿根廷
barilotto d168 di separazione spirax sarco,0,1,意大利
barilotto spirax sarco,0,1,意大利
basınç dürüçü filtreli spirax sarco,0,1,土耳其
bbva spirax sarco,0,1,西班牙
bc3050 spirax sarco,0,2,阿根廷、智利
bcs 2 spirax sarco,0,1,西班牙
bcv spirax sarco,0,1,巴西
bellows sealed valve spirax sarco,0,3,澳大利亚、芬兰、美国
bem vindo ao mundo do vapor spirax sarco,0,1,巴西
ben frisby spirax sarco,0,1,美国
berdien uytterhaegen spirax sarco,0,1,比利时
bernd schneider spirax sarco,0,2,德国、瑞士
beta spirax sarco,0,4,丹麦、土耳其、意大利、智利
beta.spirax sarco,0,2,墨西哥、以色列
bi-annual refresh spirax sarco,0,1,英国
bico spirax sarco,0,1,巴西
bill harms spirax sarco,0,1,美国
bill whiteley spirax sarco,0,1,英国
bimetallic steam trap spirax sarco,0,8,澳大利亚、巴西、加拿大、美国、西班牙、意大利、印度、英国
bloco 3d spirax sarco,0,1,巴西
bloques spirax sarco,0,1,阿根廷
blowdown heat recovery spirax sarco,0,1,美国
blowdown tank spirax sarco,0,1,美国
blowdown valve spirax sarco,0,6,加拿大、美国、西班牙、意大利、印度、英国
bm7 spirax sarco,0,1,西班牙
bobina posicionador pneumatico spirax sarco,0,1,巴西
bobina spirax sarco 2600,0,1,巴西
bobinas para valvulas reguladoras spirax sarco,0,1,哥伦比亚
boğaç spirax sarco,0,1,土耳其
boiler p&id spirax sarco,0,1,英国
boiler service spirax sarco,0,1,澳大利亚
boiler steam take off spirax sarco,0,1,美国
boletin spirax sarco compensadores de dilatacion termica,0,1,哥斯达黎加
boletin spirax sarco im-g37-33,0,1,哥斯达黎加
bomba automatica condensado spirax sarco,0,1,巴西
bomba centrifuga spirax sarco,0,1,阿根廷
bomba de condensado spirax sarco dibujo,0,1,阿根廷
bomba de condensado spirax sarco dibujo cad,0,1,阿根廷
bomba de condensado spirax sarco ptc,0,2,阿根廷、美国
bomba de condensados vapor industrial spirax sarco,0,1,西班牙
bomba de consensados spirax sarco,0,1,墨西哥
bomba de vapor spirax sarco,0,2,阿根廷、墨西哥
bomba de.condrnsado spirax sarco,0,1,巴西
bomba para condensados de vapor industrial spirax sarco,0,1,西班牙
bomba ptc spirax sarco,0,2,阿根廷、墨西哥
bomba purgador automatico spirax sarco,0,1,厄瓜多尔
bomba purgador automatico spirax sarco precio,0,1,厄瓜多尔
bomba spirax sarco,0,1,阿根廷
bomba spirax sarco para condensados a-395 69229 poincht down,0,1,多米尼加共和国
bomba trampa spirax sarco,0,3,阿根廷、墨西哥、西班牙
bombas con ptc spirax sarco,0,1,西班牙
bombas de agua spirax sarco,0,1,阿根廷
bombas de alta presión spirax sarco,0,1,智利
bombas de alta presión spirax sarco especificaciones,0,1,智利
bombas de alta presión spirax sarco especificaciones tecnicas,0,1,智利
bombas de alta presión spirax sarco especificaciones word 2010,0,1,智利
bombas spirax sarco,0,2,阿根廷、法国
bombas verticales spirax sarco cloacales,0,1,阿根廷
bp 13 spirax sarco,0,1,巴西
bp 25 spirax sarco,0,1,巴西
bp 30 spirax sarco,0,1,巴西
bp 99 spirax sarco,0,1,巴西
bpm ti spirax sarco,0,1,印度
bpm2il steam trap spirax sarco,0,1,美国
bps 32ycv spirax sarco,0,1,德国
bpt spirax sarco,0,1,印度
bpt1 ax 1 2 bsp cap nts spirax sarco,0,1,巴西
br.spirax sarco,0,1,巴西
brc2s spirax sarco,0,1,秘鲁
brian mccarthy spirax sarco,0,1,美国
bribing case spirax sarco,0,1,法国
bride acier soupape spirax sarco,0,1,法国
brv 2sp spirax sarco,0,1,波兰
brv 5s spirax sarco,0,1,罗马尼亚
brv25 spirax sarco,0,1,白俄罗斯
brzi odvajači kondenzata spirax sarco,0,1,塞尔维亚
bsc4 spirax sarco,0,1,西班牙
bt 37 spirax sarco,0,1,巴西
buenas practicas en el aislamiento en la industria spirax sarco,0,1,乌拉圭
buhar sayacı spirax sarco,0,1,土耳其
bulbo tipo colita de raton spirax sarco,0,1,阿根廷
bumeran spirax sarco,0,1,阿根廷
busco trabajo en spirax sarco,0,1,阿根廷
buse injection vapeur spirax sarco,0,1,法国
business model canvas spirax sarco,0,1,波兰
busqueda spirax sarco,0,1,阿根廷
buzina spirax sarco ar comprimido,0,1,巴西
bva 325 spirax sarco,0,1,阿根廷
byron thomas spirax sarco,0,1,英国
c15055 spirax sarco,0,1,墨西哥
cabezal electronico spirax sarco,0,1,西班牙
cabezal mezclador spirax sarco,0,2,哥斯达黎加、西班牙
cad library spirax sarco,0,1,墨西哥
cad spirax sarco,0,1,西班牙
cade casos aquisição hiter spirax sarco,0,1,巴西
cade gov spirax sarco adquire hiter,0,1,巴西
cade spirax sarco,0,1,巴西
caida de presion en tuberias spirax sarco,0,1,阿根廷
caida de presion estacion de purga compacta spirax sarco,0,1,阿根廷
caida de presion trampa de vapor spirax sarco,0,1,阿根廷
calculador de cañeria de vapor spirax sarco,0,1,阿根廷
calculador de serpentines spirax sarco,0,1,萨尔瓦多
calculador spirax sarco español,0,1,哥斯达黎加
calculadora de vapor spirax sarco,0,2,阿根廷、哥斯达黎加
calculadora propiedades vapor saturado spirax sarco,0,1,西班牙
calculadora spirax sarco,0,8,阿根廷、巴西、哥伦比亚、哥斯达黎加、秘鲁、墨西哥、西班牙、智利
calculadora spirax sarco para aislamientos,0,1,哥斯达黎加
calcular diametro tuberia spirax sarco,0,1,西班牙
calcular spirax sarco para aislamientos,0,1,哥斯达黎加
calcular válvula spirax sarco,0,1,阿根廷
calculator spirax sarco,0,3,巴西、斯洛伐克、西班牙
calculo de cantidad de vapor a condensado spirax sarco,0,1,阿根廷
calculo de caudal masico de condensado spirax sarco,0,1,阿根廷
calculo de condensado spirax sarco,0,1,阿根廷
cálculo de condensado spirax sarco,0,1,墨西哥
calculo de la red de condensado spirax sarco,0,1,委内瑞拉
calculo de tacho de condensado spirax sarco,0,1,阿根廷
calculo sistema de vapor spirax sarco,0,1,巴西
calculo tuberia vapor spirax sarco,0,1,西班牙
calculo vapor spirax sarco,0,1,秘鲁
caldeira blythewood sc spirax sarco 2005,0,1,巴西
caldeiras spirax sarco,0,1,巴西
caldera de vapor pirotubular catalogo spirax sarco,0,1,阿根廷
caldera economica spirax sarco,0,1,智利
caldera interior de una caldera en operacion spirax sarco,0,1,墨西哥
caldera spirax sarco,0,1,阿根廷
caldera típica spirax sarco,0,1,墨西哥
calderas de vapor spirax sarco,0,4,阿根廷、墨西哥、西班牙、智利
calderas de vapor spirax sarco mexico,0,1,墨西哥
calderas de vapor-spirax-sarco parte 1,0,1,阿根廷
calderas spirax sarco pdf,0,4,阿根廷、墨西哥、西班牙、智利
calderas y accesorios guia de reerencia tecnica 19 sarco spirax,0,1,阿根廷
calderas y accesorios guia de referencia tecnica 19 sarco spirax,0,1,阿根廷
calderas y accesorios spirax sarco,0,4,阿根廷、墨西哥、西班牙、智利
calderas_de_vapor-spirax-sarco_parte 1,0,1,阿根廷
calector de vapor spirax sarco,0,1,阿根廷
calentador agua spirax sarco,0,1,墨西哥
calidad de vapor spirax sarco,0,1,哥伦比亚
camara sensor spirax sarco,0,1,厄瓜多尔
camara sensora s11 spirax sarco,0,1,乌拉圭
camara sensora spirax sarco,0,1,墨西哥
camara sensora st-141 spirax sarco,0,1,墨西哥
canada spirax sarco toronto ontario graduate programme 2018,0,1,加拿大
captador vacio spirax sarco,0,1,西班牙
cara ella spirax sarco,0,1,意大利
cara pemasangan steam trap berdasarkan name plate spirax sarco,0,1,美国
caractéristique des tuyauterie vapeur spirax sarco,0,1,法国
caravella ella spirax sarco,0,1,意大利
career at spirax sarco,0,1,美国
carel saktbh0000 spirax sarco,0,1,匈牙利
caroline johnson spirax sarco,0,1,英国
casa de caldeira spirax sarco,0,1,巴西
casse vide spirax sarco,0,1,法国
cassio spirax sarco,0,1,阿根廷
cast iron strainer spirax sarco ti,0,1,美国
cast iron strainer spirax sarco usti,0,1,美国
catalago spirax sarco,0,1,巴西
catalgo spirax sarco,0,1,阿根廷
catalog spirax sarco valvula,0,1,阿根廷
catalogo antigo spirax sarco,0,1,巴西
catálogo ar comprimido spirax sarco,0,1,巴西
catálogo calderas de vapor limpio spirax sarco,0,1,西班牙
catalogo calderas spirax sarco,0,1,阿根廷
catálogo cálvulas spirax sarco,0,1,巴西
catalogo completo spirax sarco,0,1,阿根廷
catalogo de bridas spirax sarco,0,1,阿根廷
catalogo de caldera spirax sarco,0,1,智利
catalogo de cañerias spirax sarco,0,1,阿根廷
catalogo de filtro y spirax sarco,0,1,巴西
catalogo de productos spirax sarco pdf,0,2,巴西、秘鲁
catálogo de produtos spirax sarco e preços,0,1,巴西
catalogo de spirax sarco,0,1,墨西哥
catalogo de treinamento spirax sarco 2019,0,1,巴西
catalogo de valvula de bola spirax sarco,0,1,玻利维亚
catalogo de valvula de segurança spirax sarco,0,1,巴西
catálogo de válvula reguladora de vazão de água spirax sarco,0,1,巴西
catalogo dynafluid spirax sarco,0,1,巴西
catalogo filtro y cssx spirax sarco,0,1,巴西
catalogo filtro y spirax sarco,0,1,巴西
catalogo general spirax sarco,0,1,阿根廷
catálogo intercambiadores de calor de tubos spirax sarco,0,1,阿根廷
catalogo p-25 spirax sarco,0,1,巴西
catalogo prodotti spirax sarco,0,1,意大利
catalogo sarco spirax,0,3,阿根廷、巴西、意大利
catalogo simplificado spirax sarco,0,1,巴西
catálogo spirax sarco,0,1,巴西
catalogo spirax sarco 2018,0,2,阿根廷、墨西哥
catalogo spirax sarco abl 414,0,1,阿根廷
catalogo spirax sarco calculo tuberias,0,1,阿根廷
catalogo spirax sarco en español,0,8,阿根廷、巴拉圭、厄瓜多尔、哥伦比亚、哥斯达黎加、秘鲁、墨西哥、智利
catalogo spirax sarco filtro y,0,1,巴西
catalogo spirax sarco mexico,0,2,阿根廷、墨西哥
catalogo spirax sarco méxico,0,1,墨西哥
catálogo spirax sarco presion absoluta y manometrica,0,1,西班牙
catalogo spirax sarco purgador termodinamico,0,1,阿根廷
catalogo spirax sarco purgadores,0,1,巴西
catalogo spirax sarco ref.14,0,1,巴西
catalogo spirax sarco scaricatore pdf,0,1,意大利
catalogo spirax sarco sm21,0,1,阿根廷
catalogo spirax sarco sm24,0,1,阿根廷
catalogo spirax sarco sm24h,0,1,阿根廷
catalogo spirax sarco td 45,0,1,阿根廷
catalogo spirax sarco válvulas,0,1,阿根廷
catalogo spirax sarco valvulas esfericas,0,3,阿根廷、巴西、墨西哥
catalogo tecnico simplificado spirax sarco,0,2,厄瓜多尔、委内瑞拉
catalogo tecnico spirax sarco,0,1,阿根廷
catalogo trampas de vapor spirax sarco pdf,0,1,阿根廷
catalogo valvula de segurança spirax sarco,0,1,巴西
catalogo valvula redutora spirax sarco,0,1,巴西
catalogo valvulas de seguridad spirax sarco,0,4,阿根廷、巴西、哥伦比亚、墨西哥
catalogo valvulas moduladoras spirax sarco,0,1,巴西
catalogos calderas spirax sarco,0,1,阿根廷
catalogos de calderas spirax sarco,0,1,哥斯达黎加
catalogos de spirax sarco,0,1,巴西
catalogos de valvulas spirax sarco medidas,0,1,阿根廷
catalogos spirax sarco,0,1,阿根廷
catalogos spirax sarco argentina,0,1,阿根廷
caudalimetro de liquido spirax sarco,0,1,玻利维亚
caudalimetro de liquido spirax sarco y mide litros,0,1,玻利维亚
caudalimetro ultrasonico spirax sarco,0,1,阿根廷
caudalimetro vapor spirax sarco,0,3,玻利维亚、秘鲁、西班牙
caudalímetros spirax sarco,0,1,西班牙
caudalimetros vapor spirax sarco,0,1,西班牙
ccd spirax sarco,0,1,巴西
cd spirax sarco pdf,0,1,萨尔瓦多
ce spirax sarco valvole bsk1,0,1,意大利
ceník spirax sarco,0,1,捷克共和国
cennik spirax sarco,0,1,波兰
cennik spirax sarco 2016,0,1,波兰
central agua quente spirax sarco,0,1,巴西
centre de formation spirax sarco,0,1,比利时
ceo of spirax-sarco engineering plc,0,2,法国、尼日利亚
certificado de qualidade de produto spirax sarco,0,1,巴西
certificado de qualidade spirax sarco,0,1,巴西
charlton house spirax sarco,0,2,德国、英国
charola condensado spirax sarco,0,1,墨西哥
charola spirax sarco modelo dpe,0,1,墨西哥
charola spirax sarco modelo dpe 1 1 4,0,1,墨西哥
charola spirax sarco modelo dpe 2,0,1,墨西哥
chaudière spirax sarco prix,0,1,法国
chaudière spirax sarco prix achat,0,1,法国
check spirax sarco,0,2,阿根廷、墨西哥
check valve dcv6464 spirax sarco,0,1,印度
check valve dcv6464 spirax sarco imi,0,1,印度
cheltenham spirax sarco,0,2,美国、英国
chemical map spirax sarco,0,1,法国
cheque de 2 spirax sarco bs7438,0,1,哥伦比亚
cheque de 2 x 300 lb spirax sarco bs 7438,0,1,哥伦比亚
cheque de 2 x 300 lib spirax sarco bs7438,0,1,哥伦比亚
cheque inox spirax sarco,0,1,哥伦比亚
cheque visor spirax sarco,0,1,哥伦比亚
cheque visor spirax sarco precio,0,1,哥伦比亚
chinese investment spirax sarco,0,1,英国
chip stokes spirax sarco,0,1,美国
chromalox uk ltd a spirax sarco group,0,2,美国、英国
ci-125 spirax sarco,0,2,美国、西班牙
circuito trampa vapor spirax sarco,0,1,阿根廷
citrix spirax sarco,0,1,墨西哥
clapet à boule anti retour vapeur spirax sarco,0,1,比利时
clapet anti retour spirax sarco,0,1,法国
clapet anti retour spirax sarco 38006,0,1,法国
clapet anti retour vapeur spirax sarco,0,3,法国、美国、英国
clapet spirax sarco,0,1,法国
clapet spirax sarco cv 101,0,1,法国
clean and pure steam systems biopharmaceutical industry spirax sarco,0,1,美国
clean steam generator-spirax sarco model blu-800-2000-6000,0,1,法国
cnpj spirax sarco,0,1,巴西
cnpj spirax sarco brasil,0,1,巴西
cnpj spirax sarco marechal deodoro,0,1,巴西
cogeneración comparada con la electricidad convencion spirax sarco s a,0,1,秘鲁
colector de vapor spirax sarco,0,1,阿根廷
coletor de vapor spirax sarco,0,1,巴西
colima spirax sarco group,0,1,意大利
colima spirax sarco magnetic level switch,0,1,意大利
colocacion aireador spirax sarco,0,1,西班牙
come diseganre un schema idraulico spirax sarco,0,1,意大利
comité d'entreprise spirax sarco,0,1,法国
comment fonctionne un purgeur vapeur spirax sarco,0,1,法国
como ajustar pressao valvula spirax sarco,0,1,巴西
como descargar los manuales de spirax sarco,0,1,乌拉圭
como e trabalha na spirax sarco,0,1,巴西
como es su funcionamiento del contador de ciclos spirax sarco,0,1,玻利维亚
como funciona trampa de condensado spirax sarco,0,1,阿根廷
como funciona trampa de vapor spirax sarco,0,1,阿根廷
como identificar una valvula spirax sarco resorte azul,0,1,秘鲁
como llegar a spirax sarco mexico,0,1,墨西哥
como llegar spirax sarco,0,1,墨西哥
como regular controlador de temperatura spirax sarco,0,1,巴西
como se calibran las válvulas de presion spirax sarco,0,1,墨西哥
como se pronuncia spirax sarco,0,1,厄瓜多尔
comoetencia china spirax sarco,0,1,智利
companies similar to spirax sarco engineering plc publicly traded,0,1,加拿大
compensatori di dilatazione spirax sarco,0,2,哥伦比亚、意大利
competencia de spirax sarco,0,1,秘鲁
competencias de spirax sarco,0,1,智利
competitors of spirax sarco,0,1,英国
components of pressure reducing station spirax sarco,0,1,印度
compressed air drain trap spirax sarco,0,3,澳大利亚、美国、英国
compressed air manual spirax sarco,0,1,巴西
compressed air separator spirax sarco,0,1,德国
compteur vapeur spirax sarco,0,2,比利时、法国
condensaatpomp spirax sarco,0,1,荷兰
condensado spirax sarco,0,1,阿根廷
condensado y recuperacion de revaporizado spirax sarco pdf,0,1,阿根廷
condensados spirax sarco,0,1,阿根廷
condensate contamination detection system spirax sarco,0,1,美国
condensate line sizing spirax sarco,0,2,美国、智利
condensate recovery unit spirax sarco,0,2,美国、英国
condensate tank spirax sarco,0,1,秘鲁
condensate valve spirax sarco,0,1,乌拉圭
condensino spirax sarco,0,1,意大利
condesated valve spirax sarco,0,1,乌拉圭
conexion de spirax sarco,0,1,阿根廷
conexion de spirax sarco vl2m20,0,1,阿根廷
conjunto lubrificador spirax sarco,0,1,巴西
conjunto sede spirax sarco,0,1,巴西
conjunto vedaçaõ spirax sarco,0,1,巴西
consulta socio spirax sarco indústria e comércio,0,1,巴西
contact spirax sarco,0,1,法国
contacto spirax sarco,0,1,墨西哥
contador de ciclos spirax sarco,0,1,阿根廷
contador de vapor spirax sarco,0,1,智利
contato spirax sarco,0,1,巴西
contato spirax sarco rj,0,1,巴西
control de nivel spirax sarco,0,2,阿根廷、哥伦比亚
control spirax sarco controlador sx-uni,0,1,智利
control spirax sarco uni,0,1,智利
control valve body spirax sarco,0,1,墨西哥
control valve characteristics spirax sarco,0,2,澳大利亚、美国
control valve diagram spirax sarco,0,1,厄瓜多尔
control valve dwg spirax sarco,0,1,意大利
control valve sizing spirax sarco,0,2,美国、意大利
control valves spirax sarco,0,1,乌拉圭
controlador de flujo líquido spirax sarco,0,1,墨西哥
controlador de flujo spirax sarco,0,1,墨西哥
controlador de presión spirax sarco,0,1,墨西哥
controlador de temperatura líquido spirax sarco,0,1,墨西哥
controlador de temperatura spirax sarco sx-uni,0,1,巴西
controlador de valvula spirax sarco,0,1,巴西
controlador spirax sarco,0,2,阿根廷、危地马拉
controlador spirax sarco p 323 nivel operario 3,0,1,阿根廷
controlador spirax sarco p323 nivel operario 3,0,1,阿根廷
controlador spirax sarco software sx uni manual español,0,1,智利
controlador spirax sarco software sx uni manul español,0,1,智利
controlador spirax sarco software sx-uni,0,1,智利
controlador spirax sarco sx-uni,0,2,巴西、智利
controlador spirax sarco sx-uni manual,0,2,巴西、智利
controlador sx uni spirax sarco,0,1,巴西
controlador sx-uni spirax sarco,0,2,巴西、智利
controlador sx-uni spirax sarco español,0,1,智利
controlador sx-uni spirax sarco serve para nivel,0,1,巴西
controlador sx-uni spirax sarco serve pra nivel,0,1,巴西
controlador universal spirax-sarco,0,1,智利
controladores de purga spirax sarco,0,1,玻利维亚
controladores spirax sarco,0,1,玻利维亚
controlalador sx-uni spirax sarco,0,1,智利
controle de solidos totais spirax sarco,0,1,巴西
controle solenóide 3 2 vias spirax sarco,0,1,巴西
controleur de circulation spirax sarco,0,1,法国
controleur de purge spirax sarco,0,1,比利时
convencion de venta 2019 spirax sarco,0,1,阿根廷
cooperativa de creditos spirax sarco,0,1,巴西
core team work spirax sarco,0,1,巴西
corsi spirax sarco,0,1,意大利
cost of self acting temperature control valve spirax sarco,0,1,印度
cost of spirax sarco mes2000 4 unit,0,1,英国
cost spirax sarco steam traps,0,1,美国
cotizacion spirax sarco,0,1,阿根廷
cours spirax sarco,0,1,比利时
criterio diseño cañería vapor spirax sarco cada 50 m,0,1,乌拉圭
cru spirax sarco,0,1,意大利
csf spirax sarco,0,1,意大利
csm e spirax sarco,0,1,巴西
csx filtro y aço carbono spirax-sarco,0,1,巴西
csx filtro y aço carbono spirax-sarco como funciona,0,1,巴西
cto spirax sarco linkedin,0,1,英国
cuadro de purga de condensado spirax sarco,0,1,阿根廷
cuadros de vapor spirax sarco,0,1,阿根廷
cuadros reguladores de vapor spirax sarco,0,1,阿根廷
cuanto cuesta una valvula eliminadora de aire spirax sarco,0,1,墨西哥
cuanto de combustible consume una caldera spirax sarco,0,1,秘鲁
cuanto vale barometro spirax sarco,0,1,智利
cuit de spirax sarco,0,1,阿根廷
cuit online spirax sarco sa,0,1,阿根廷
curso basico de spirax sarco,0,1,智利
curso basico spirax sarco,0,1,智利
curso de projetos de sistemas de vapor spirax sarco,0,1,巴西
curso de sistemas de ar comprimido cac spirax sarco,0,1,巴西
curso eficiência energética em sistemas de vapor spirax sarco,0,1,巴西
curso sistema de vapor spirax sarco,0,1,巴西
curso spirax sarco,0,2,阿根廷、巴西
curso spirax sarco 2019,0,1,巴西
curso spirax sarco cmp,0,1,巴西
curso spirax sarco misiones facultad ciencias exactas,0,1,阿根廷
curso spirax sarco misiones posadas facultad ciencias exactas,0,1,阿根廷
curso trampas ded vapor spirax sarco,0,1,智利
curso vapor spirax sarco argentina,0,1,阿根廷
curso vapor spirax sarco pdf,0,2,巴西、哥伦比亚
cursos de tuberias de vapor spirax sarco,0,1,哥伦比亚
cursos de tuberias de vapor spirax sarco barranquilla,0,1,哥伦比亚
cursos de vapor spirax sarco,0,2,巴拉圭、玻利维亚
cursos de vapor spirax sarco sistemas de distribucion,0,1,巴拉圭
cursos spirax sarco 2015 mexico,0,1,美国
cursos spirax sarco 2017,0,2,阿根廷、巴西
cursos spirax sarco 2018,0,2,阿根廷、墨西哥
cursos spirax sarco 2019,0,3,阿根廷、巴西、墨西哥
cursos spirax sarco 2020,0,1,巴西
curvas de vapor spirax sarco,0,1,阿根廷
cv calc spirax sarco,0,1,巴西
d16 spirax sarco,0,1,美国
d16 spirax sarco ft1-125,0,1,美国
d27 spirax sarco cena,0,1,塞尔维亚
d27 spirax sarco price,0,1,塞尔维亚
dampfventil spirax sarco,0,2,德国、瑞士
dampfventil spirax sarco 24v motor,0,1,德国
dan harvey spirax sarco,0,1,美国
danny kingston spirax sarco,0,1,美国
dashboard excel spirax sarco,0,1,巴西
data sell spirax sarco,0,1,波兰
data spirax sarco,0,1,波兰
dawn dukes spirax sarco,0,1,美国
dcaricatore aria spirax sarco,0,1,意大利
deaerator principle spirax sarco,0,1,美国
dean stephens spirax sarco,0,1,美国
débitmètre vapeur spirax sarco,0,1,法国
degasatore spirax sarco,0,1,意大利
demonter vanne de regulation spirax sarco,0,1,法国
densidade do vapor spirax sarco,0,1,巴西
desaireador automatico moda 145 spirax sarco,0,1,阿根廷
desaireador spirax sarco hoja de especificacion,0,1,墨西哥
desarme de valvula reguladora de vapor spirax sarco,0,1,墨西哥
desarme valvula spirax sarco a 126,0,1,阿根廷
desarme valvula spirax sarco a 126-b,0,1,阿根廷
descargar guias de referencia tecnica spirax sarco,0,1,阿根廷
descargar libro spirax sarco gratis,0,1,阿根廷
descargar modelos spirax sarco,0,1,哥伦比亚
descargar steam tools mobile spirax sarco,0,1,智利
descargar steam tools mobile spirax sarco gratis,0,1,智利
descargas valvulas spirax sarco 3d,0,1,墨西哥
desenho em corte purgador tipo boia spirax sarco,0,1,巴西
desenhos spirax sarco,0,1,巴西
deshumedecedor spirax sarco,0,1,秘鲁
design of fluid systems spirax sarco pdf,0,7,巴西、德国、加拿大、美国、以色列、意大利、英国
despiece de valvula spirax sarco p25,0,1,哥伦比亚
despiece en español de easy heat spirax sarco,0,1,墨西哥
dessuperaquecedor spirax sarco,0,1,巴西
desuperheater in boiler spirax sarco,0,1,印度
desuperheater spirax sarco,0,11,澳大利亚、巴西、比利时、德国、法国、荷兰、加拿大、美国、以色列、意大利、英国
detector vazamento purgadores spirax sarco,0,1,巴西
détendeur eau spirax sarco,0,1,法国
détendeur pression eau spirax sarco,0,1,法国
détendeur spirax sarco,0,4,比利时、德国、法国、加拿大
détendeur spirax sarco dn20 pn25,0,1,法国
detendeur vapeur spirax sarco,0,2,法国、瑞士
détendeur vapeur spirax sarco,0,5,比利时、德国、法国、美国、英国
détendeur vapeur spirax sarco 5801,0,1,瑞士
detendeur vapeur spirax sarco brv,0,1,法国
détendeur vapeur spirax sarco dn65 10 bar,0,1,塞内加尔
dexis spirax sarco,0,1,法国
df27 dn 40 pn16 25 spirax sarco,0,1,乌克兰
dfu quatro vias spirax sarco,0,1,巴西
diafragma spirax sarco,0,1,巴西
diafragmas spirax sarco,0,1,巴西
diagram de caida de presion spirax sarco,0,1,危地马拉
diagram pressure drop in schedule spirax sarco,0,1,危地马拉
diagrama de valvula reguladora de presion de vapor spirax sarco,0,1,墨西哥
diagrama ehd1ppnst-1hlg-p2 easy heat spirax sarco,0,1,墨西哥
diagramme des 5m spirax sarco,0,1,法国
diametro de poso de condensado spirax sarco,0,1,阿根廷
diametro de pozo de condensado spirax sarco,0,1,阿根廷
dibujo de recuper de vapor spirax sarco,0,1,阿根廷
differential pressure transmitter spirax sarco,0,1,比利时
differentielle pressure transmitter spirax sarco,0,1,比利时
difusor spirax sarco,0,1,墨西哥
digital cycle counter spirax sarco,0,1,美国
dimensionado de tuberias spirax sarco,0,1,阿根廷
dimensionamento de tubulação de vapor spirax sarco,0,1,巴西
dimensionamento de tubulação spirax sarco,0,1,巴西
dimensionamiento de tuberias de vapor spirax sarco,0,3,秘鲁、墨西哥、乌拉圭
din 32 pn 16 spirax sarco ball valve,0,1,尼加拉瓜
din 32 pn 16 spirax sarco ball valve for sale,0,1,尼加拉瓜
dipendenti spirax sarco nova milanese,0,1,意大利
dipendenti spirax sarco nova milanese mi,0,1,意大利
diploma spirax sarco,0,1,阿根廷
direccion spirax sarco,0,1,阿根廷
direccion spirax sarco españa 2019,0,1,哥伦比亚
direccion spirax sarco jamundi,0,1,哥伦比亚
direct steam injection spirax sarco,0,2,澳大利亚、美国
diretor spirax sarco,0,1,巴西
disc check valve spirax sarco,0,6,澳大利亚、芬兰、荷兰、加拿大、美国、英国
disco rompedor de vacio spirax sarco,0,1,墨西哥
disegni 3d spirax sarco,0,1,意大利
disegni 3d valvole globo spirax sarco,0,1,意大利
diseño de sistemas de fluidos spirax sarco,0,1,巴拉圭
diseño tanque de flasheo spirax sarco,0,1,乌拉圭
disposición de cuadros de vapor spirax sarco,0,1,阿根廷
distribucion de vapor guia de referencia tecnica spirax sarco,0,1,哥斯达黎加
distribución de vapor spirax sarco,0,2,阿根廷、哥伦比亚
distribucion de vapor spirax sarco pdf,0,1,萨尔瓦多
distribuição de vapor e caldeiras spirax sarco,0,1,巴西
distribuição de vapor spirax sarco,0,1,巴西
distribuidor de spirax sarco,0,3,阿根廷、秘鲁、墨西哥
distribuidor de spirax sarco en toluca,0,1,墨西哥
distribuidor de valvulas spirax sarco,0,2,巴西、智利
distribuidor de vapor spirax sarco,0,2,阿根廷、巴西
distribuidor marca spirax sarco,0,1,墨西哥
distribuidor spirax sarco argentina,0,1,巴西
distribuidor spirax sarco bogota,0,1,哥伦比亚
distribuidor spirax sarco campinas,0,1,巴西
distribuidor spirax sarco colombia,0,1,巴西
distribuidor spirax sarco em são paulo,0,1,巴西
distribuidor spirax sarco españa,0,1,巴西
distribuidor spirax sarco mexico,0,3,巴西、美国、墨西哥
distribuidor spirax sarco monterrey,0,1,墨西哥
distribuidor spirax sarco mva,0,1,巴西
distribuidor spirax sarco peru,0,2,巴西、秘鲁
distribuidor spirax sarco recife,0,1,巴西
distribuidor spirax sarco valvulas argentina,0,1,阿根廷
distribuidor spirax-sarco modelo dfu cf8m pn50,0,1,智利
distribuidores autorisados spirax sarco en ecuador,0,1,厄瓜多尔
distribuidores de la marca spirax sarco en guanajuato,0,1,墨西哥
distribuidores de spirax sarco en monterrey,0,1,墨西哥
distribuidores de spirax sarco en puebla,0,1,墨西哥
distribuidores de valvulas spirax sarco,0,1,巴西
distribuidores marca spirax sarco,0,1,墨西哥
distribuidores marca spirax sarco en mexico,0,1,墨西哥
distribuidores spirax sarco colombia,0,3,澳大利亚、美国、英国
distribuidores spirax sarco df,0,1,墨西哥
distribuidores spirax sarco dumont,0,1,巴西
distribuidores spirax sarco en mexico,0,1,墨西哥
distribuidores spirax sarco estados unidos,0,1,哥伦比亚
distribuidores spirax sarco guadalajara,0,1,墨西哥
distribuidores spirax sarco jalisco,0,1,墨西哥
distribuidores spirax sarco mg,0,1,巴西
distribuidores spirax sarco representante,0,1,巴西
distribuidores spirax sarco representantes em bh,0,1,巴西
distribuidores spirax sarco sao paulo,0,1,巴西
distribuidres valvula spirax sarco,0,1,墨西哥
distribuodres valvula spirax sarco,0,1,墨西哥
distributeur spirax sarco,0,2,法国、加拿大
distributeur spirax sarco bretagne,0,1,法国
distributor spirax sarco,0,1,加拿大
distributor spirax sarco indonesia,0,2,美国、意大利
ditribuidor valvulas spirax sarco,0,1,墨西哥
dlv 75 spirax sarco,0,1,巴西
dn25 1 flanged steam rated globe valve spirax sarco,0,1,爱沙尼亚
dn25 spirax sarco,0,1,美国
do wyjść podpięte są regulatory zaworów spirax sarco,0,1,波兰
documentación técnica spirax sarco,0,1,阿根廷
documentación técnica spirax sarco filetype pdf,0,1,阿根廷
documentacon técnica spirax sarco,0,1,阿根廷
documentation spirax sarco,0,1,法国
domestic hot water heater spirax sarco,0,1,加拿大
domestic hot water heater spirax sarco steam,0,1,加拿大
don harrison spirax sarco,0,1,美国
donde comprar spirax sarco valvulas,0,1,墨西哥
donde descargo libro de spirax sarco,0,1,阿根廷
donde están fabricados los manometros spirax sarco,0,1,危地马拉
dourados spirax sarco,0,1,巴西
download livro spirax sarco,0,1,巴西
download nanual posicionador spirax sarco epl,0,1,巴西
download spirax sarco,0,2,巴西、意大利
dp spirax sarco,0,1,墨西哥
dp23 spirax sarco,0,1,哥伦比亚
dp25 spirax sarco,0,1,美国
dpe spirax sarco,0,1,墨西哥
dpy27y spirax sarco,0,1,意大利
dr 5801 ggg spirax sarco,0,1,法国
drain pan elbow spirax sarco,0,1,美国
draining and relaying steam main spirax sarco,0,1,厄瓜多尔
drenaje de tuberias spirax sarco,0,1,哥伦比亚
druckreduzierstation spirax sarco,0,1,德国
drv 4b spirax sarco,0,2,澳大利亚、美国
drv3 spirax sarco,0,1,巴拉圭
dtm ubar700 spirax sarco,0,1,巴西
dts-300 spirax sarco,0,1,美国
durex spirax sarco,0,2,法国、美国
duyar dn80 spirax sarco,0,1,意大利
duyar spirax sarco,0,1,意大利
dynafluid 2000 spirax sarco,0,1,墨西哥
e portal spirax sarco,0,1,巴西
early careers at spirax sarco,0,2,法国、葡萄牙
easy heat spirax sarco en español,0,1,墨西哥
easy heat spirax sarco energy economics,0,1,巴西
easy heat spirax sarco in spanish,0,1,墨西哥
easy heat spirax sarco r,0,1,巴西
easyheat spirax sarco,0,2,巴西、意大利
easyheater spirax sarco,0,1,巴西
econoimia petroleo spirax sarco,0,1,巴西
economia combustivel spirax sarco,0,1,巴西
ecv spirax sarco,0,1,智利
efecan ülkü spirax sarco,0,1,土耳其
efecan ülkü spirax sarco linkedin,0,1,土耳其
ehs advisor honda and spirax sarco linkedin,0,1,英国
ehs advisor spirax sarco linkedin,0,1,英国
ehs advisro spirax sarco linkedin,0,1,英国
ejemplo instalacion de vapor spirax sarco,0,1,阿根廷
ejercicio del calculo de la red de condensado spirax sarco,0,1,委内瑞拉
el libro del vapor spirax sarco,0,3,阿根廷、哥伦比亚、墨西哥
el tanque de alimentación de spirax sarco ficha tecnica,0,1,阿根廷
elastomero valvula de controle borboleta spirax sarco,0,1,巴西
electro pneumatic positioner spirax sarco,0,2,阿根廷、墨西哥
electro-pneumatic positioner spirax sarco,0,1,墨西哥
electro-pneumatic positioner spirax sarco function,0,1,墨西哥
electrovalvula 3 vias spirax sarco,0,1,墨西哥
electrovalvula spirax sarco,0,1,墨西哥
electrovalvulas spirax sarco,0,1,阿根廷
electrovalvulas spirax sarco en mendoza,0,1,阿根廷
electrovanne vapeur spirax sarco,0,1,法国
elemento bp 99 purgador spirax sarco,0,1,巴西
elemento bp99 purgador spirax sarco,0,1,巴西
elemento filtrante spirax sarco,0,1,巴西
elemento filtrante spirax sarco p-gs 15 30,0,1,巴西
elemento spirax sarco 3.81,0,1,巴西
elemento spirax sarco csf 162.1 2 1 micra,0,1,巴西
elemento spirax sarco csf162.1 2 1micra,0,1,巴西
eliminador aire spirax sarco,0,1,阿根廷
eliminador de aire spirax sarco pv4,0,1,墨西哥
eliminador de aire spirax sarco sm-3-3672,0,1,墨西哥
eliminador de aire termostatico spirax sarco,0,2,阿根廷、墨西哥
eliminador de aire tipo boya spirax sarco,0,1,巴拉圭
eliminador de ar bp 21 spirax sarco,0,1,巴西
eliminador de ar para vapor spirax sarco,0,1,巴西
eliminador de ar termostático spirax sarco,0,1,巴西
eliminador de ar tigre spirax sarco,0,1,巴西
eliminador de ar twrmostatico spirax sarco,0,1,巴西
eliminador de umidade spirax sarco,0,1,巴西
eliminador termostatico de aire spirax sarco,0,1,阿根廷
eliminadora de aire spirax sarco 3 4 pmo 150 psig,0,1,墨西哥
eliminadora de aire spirax sarco precio,0,1,墨西哥
eliminadora de airte spirax sarco,0,1,墨西哥
eliminadores de ar para líquidos spirax sarco,0,1,巴西
eliminatore aria spirax sarco,0,1,意大利
eliminatore d'aria spirax sarco,0,1,意大利
elizabeth spry spirax sarco,0,1,加拿大
email address for spirax sarco customer assistance,0,1,美国
email spirax sarco,0,1,意大利
emco flow systems spirax sarco,0,1,美国
emco spirax sarco,0,2,美国、英国
emily han spirax sarco,0,1,澳大利亚
emisiones de calor en las tuberias spirax sarco,0,1,阿根廷
emissor sônico spirax sarco,0,1,巴西
emissor sonico spirax sarco ar comprimido,0,1,巴西
emma harrington spirax sarco,0,1,法国
empleo ventas spirax sarco,0,1,玻利维亚
emploi spirax sarco chatellerault,0,1,法国
emploi spirax sarco châtellerault,0,1,法国
employer de spirax sarco,0,1,法国
employer de spirax sarco chatellerault,0,1,法国
empregos na spirax sarco,0,1,巴西
empresa hiter by spirax sarco,0,1,巴西
empresa hiter spirax sarco,0,1,巴西
empresa hiter spirax sarco sorocaba,0,1,巴西
empresa spirax sarco cotia,0,1,巴西
empresa spirax sarco direccion y cuit,0,1,阿根廷
empresa spirax sarco em cotia,0,1,巴西
empresa spirax sarco españa 2019,0,1,哥伦比亚
empresas spirax sarco,0,1,阿根廷
emptegos na spirax sarco,0,1,巴西
endereco brasil spirax sarco,0,1,巴西
endereço spirax sarco,0,1,巴西
endereço spirax sarco cotia,0,1,巴西
enfriador de muestras spirax sarco,0,2,阿根廷、墨西哥
enfriador muestras spirax sarco muestras scs20,0,1,墨西哥
enfriador spirax sarco muestras scs20,0,1,墨西哥
entalpia spirax sarco,0,1,波兰
ep 400 spirax sarco,0,1,阿根廷
ep 400 spirax sarco ebay,0,1,阿根廷
ep400 spirax sarco,0,1,阿根廷
eporta spirax sarco,0,1,巴西
epr fn2sn3ntr spirax sarco,0,1,阿根廷
equiniti spirax sarco,0,1,英国
equiniti spirax sarco scheme login,0,1,英国
equipo de sala de calderas spirax sarco,0,1,秘鲁
equipos spirax sarco,0,1,阿根廷
equivalencia de trampas por marcas spirax sarco vs tlv,0,1,秘鲁
escuela de manejo en spirax sarco,0,1,墨西哥
esp portal spirax sarco,0,2,美国、英国
especificação atuadores valvulas esfera spirax sarco,0,1,巴西
espesor de aislamiento termico en tuberias spirax sarco,0,1,墨西哥
espuma en caldera spirax sarco,0,1,阿根廷
estação de drenagem spirax sarco,0,1,巴西
estação redutora de pressão spirax sarco,0,1,巴西
estacion de purga compacta spirax sarco,0,1,阿根廷
estacion mezcladora agua vapor marca spirax sarco,0,1,委内瑞拉
estacion reductora de presion spirax sarco,0,3,阿根廷、哥伦比亚、乌拉圭
estacion reguladoras de vapor spirax sarco,0,1,墨西哥
estaciones de distribucion de vapor spirax sarco,0,1,阿根廷
estaciones de vapor spirax sarco bypass,0,1,哥伦比亚
evaporador vessels para vapor spirax sarco,0,1,阿根廷
eventos spirax sarco 2019,0,1,哥伦比亚
exercícios spirax sarco,0,1,巴西
expansion joint spirax sarco,0,2,多米尼加共和国、黑山共和国
extranet spirax sarco,0,1,阿根廷
f34 spirax sarco,0,1,墨西哥
fabrica spirax sarco,0,2,阿根廷、巴西
fabrica spirax sarco españa 2019,0,1,哥伦比亚
fabricacion de ehd1ppnst-1hlg-p2 easy heat spirax sarco,0,1,墨西哥
fabricante junta purgador spirax sarco,0,1,巴西
fabricante junta spirax sarco,0,1,巴西
factura electronica spirax sarco,0,1,秘鲁
facturas electronicas spirax sarco,0,1,秘鲁
faturamento spirax sarco brasil,0,1,巴西
feed pump spirax sarco,0,1,乌拉圭
feed water tank spirax sarco,0,1,荷兰
fekyač spirax sarco,0,1,斯洛伐克
ferreimportaciones dial s.a.s dist aut spirax sarco,0,1,哥伦比亚
fiancial data spirax sarco,0,1,波兰
ficha tecnica spirax sarco 106,0,1,墨西哥
ficha tecnica trampa termodinamica spirax sarco,0,1,墨西哥
ficha tecnica trampas de vapor spirax sarco tipo flotador,0,1,墨西哥
ficha tecnica tramps de vapor spirax sarco,0,1,墨西哥
ficha tecnica valvula bola spirax sarco 106,0,1,墨西哥
ficha tecnica valvula de bola m10v spirax sarco,0,1,墨西哥
fig 13 spirax sarco,0,1,巴西
fig 14 spirax sarco,0,3,阿根廷、哥伦比亚、墨西哥
fig 3716 spirax sarco,0,2,美国、意大利
fig33 spirax sarco,0,5,澳大利亚、巴西、比利时、法国、意大利
figura 14 spirax sarco,0,1,巴西
figura 34 spirax sarco,0,1,阿根廷
filetype pdf valvulas esfericas spirax sarco,0,1,阿根廷
filme spirax sarco,0,1,巴西
filter spirax sarco fig.33,0,1,智利
filter tipe y spirax sarco,0,1,美国
filtr gruszkowy spirax sarco,0,1,波兰
filtre spirax sarco dn100,0,1,法国
filtre spirax sarco fig 7,0,1,法国
filtre t spirax sarco fig 7,0,1,法国
filtre tamis spirax sarco fig 7,0,1,法国
filtre vapeur spirax sarco,0,3,比利时、法国、加拿大
filtre y dn 65 spirax sarco,0,1,比利时
filtre y spirax sarco 16l,0,1,法国
filtro a y spirax sarco vapore,0,1,意大利
filtro acero al carbono spirax sarco,0,1,阿根廷
filtro agua spirax sarco,0,1,阿根廷
filtro ata spirax sarco,0,1,墨西哥
filtro bridado spirax sarco,0,1,阿根廷
filtro canasta spirax sarco en mexico,0,1,墨西哥
filtro condensado spirax sarco,0,1,阿根廷
filtro ct 1 bspt spirax sarco,0,1,阿根廷
filtro ct spirax sarco,0,5,阿根廷、巴拉圭、哥伦比亚、墨西哥、智利
filtro culinario spirax sarco 1.1 2,0,1,巴西
filtro culinario spirax sarco instalação,0,1,巴西
filtro de 4 in spirax sarco,0,1,阿根廷
filtro de 4in spirax sarco,0,1,阿根廷
filtro de condensado spirax sarco,0,1,阿根廷
filtro de riego por goteo marca spirax sarco,0,1,秘鲁
filtro de spirax sarco de 5 micrones en y,0,1,玻利维亚
filtro de spirax sarco de 5 micrones filtro en y,0,1,玻利维亚
filtro de vapor spirax sarco longitud equivalente,0,1,阿根廷
filtro em aço inoxidável spirax sarco,0,1,巴西
filtro en fundicion nodular spirax sarco,0,1,阿根廷
filtro en y acero inoxidable spirax sarco,0,1,墨西哥
filtro en y para aire comprimido spirax sarco,0,1,阿根廷
filtro en y spirax sarco 0.5 mm,0,1,玻利维亚
filtro en y spirax sarco 0.5 mm ansi 300,0,1,玻利维亚
filtro en yee spirax sarco 3,0,1,墨西哥
filtro fig 1 spirax sarco,0,1,阿根廷
filtro fig 11 spirax sarco,0,1,阿根廷
filtro fig 14 spirax sarco,0,1,阿根廷
filtro fig 15 spirax sarco,0,1,阿根廷
filtro figura 34 spirax sarco,0,1,巴西
filtro fti200 spirax sarco,0,1,哥伦比亚
filtro fundicion spirax sarco,0,1,阿根廷
filtro para condensado spirax sarco,0,1,阿根廷
filtro para vapor spirax sarco,0,2,墨西哥、乌拉圭
filtro para vapor spirax sarco 5mic p-gs ve1530,0,1,巴西
filtro para vapor spirax sarco 805,0,1,巴西
filtro para vapor spirax sarco w15858601,0,1,巴西
filtro reductor spirax sarco,0,1,阿根廷
filtro regulador de aire spirax sarco,0,1,阿根廷
filtro regulador spirax sarco,0,1,阿根廷
filtro rotativo spirax sarco,0,1,巴西
filtro rotativo spirax sarco efluentes,0,1,巴西
filtro sanitario modelo css16 spirax sarco de 3 4,0,1,墨西哥
filtro sanitario spirax sarco,0,1,巴西
filtro spirax sarco 3 4 para gas lp,0,1,墨西哥
filtro spirax sarco 5 mic p-gs ve 05 25 w14307278,0,1,巴西
filtro spirax sarco at,0,1,阿根廷
filtro spirax sarco at 250,0,1,墨西哥
filtro spirax sarco at 250 3 4,0,1,墨西哥
filtro spirax sarco bridado,0,1,墨西哥
filtro spirax sarco en mendoza,0,1,阿根廷
filtro spirax sarco fig 14,0,3,阿根廷、哥伦比亚、墨西哥
filtro spirax sarco fig 33,0,3,阿根廷、哥伦比亚、墨西哥
filtro spirax sarco figura 12,0,1,智利
filtro spirax sarco medidas,0,1,巴西
filtro spirax sarco modelo 3116,0,1,智利
filtro spirax sarco pm16-12 6b 2,0,1,巴西
filtro spirax sarco pn 40 td32s,0,1,意大利
filtro strainer spirax sarco,0,2,阿根廷、墨西哥
filtro tipo canasta spirax sarco,0,3,阿根廷、墨西哥、智利
filtro tipo y bridado spirax sarco,0,4,阿根廷、巴西、墨西哥、智利
filtro tipo y de particulas spirax-sarco,0,1,智利
filtro tipo y roscado spirax sarco,0,5,阿根廷、巴西、玻利维亚、墨西哥、智利
filtro tipo y spirax sarco figura 12,0,1,墨西哥
filtro trampa de agua spirax sarco,0,1,阿根廷
filtro y 4 spirax sarco,0,1,巴西
filtro y 4-300 spirax sarco,0,1,阿根廷
filtro y bridas spirax sarco,0,1,墨西哥
filtro y ci 3 250 spirax sarco,0,1,巴西
filtro y de bronce spirax sarco,0,1,墨西哥
filtro y flangeado spirax sarco,0,1,巴西
filtro y linea vapor spirax sarco,0,1,智利
filtro y marca spirax sarco,0,1,墨西哥
filtro y modelo ci spirax sarco,0,1,巴西
filtro y para alta pressão spirax sarco,0,1,巴西
filtro y pn16 dn 100 spirax sarco,0,1,巴西
filtro y seco para gas spirax sarco,0,1,阿根廷
filtro y seco ret 80 mirones spirax sarco,0,1,阿根廷
filtro y seco spirax sarco,0,1,阿根廷
filtro y secxo spirax sarco,0,1,阿根廷
filtro y semi automatico spirax sarco,0,1,巴西
filtro y spirax sarco 4,0,3,阿根廷、巴西、美国
filtro y spirax sarco acero al carbon,0,5,阿根廷、巴西、美国、墨西哥、智利
filtro y spirax sarco acero inoxidable,0,5,阿根廷、巴西、美国、墨西哥、智利
filtro y spirax sarco dwg,0,1,巴西
filtro y spirax sarco ficha tecnica,0,1,墨西哥
filtro y spirax sarco fig 33,0,1,阿根廷
filtro y spirax sarco flangeada,0,1,巴西
filtro y spirax sarco inox,0,1,巴西
filtro y spirax sarco inox 304 300 libras,0,1,巴西
filtro y spirax sarco inox 304 300 libras figura,0,1,巴西
filtro y spirax sarco instalación,0,1,墨西哥
filtro y spirax sarco precio,0,6,阿根廷、巴西、哥伦比亚、美国、墨西哥、智利
filtro y spirax sarco preço,0,1,葡萄牙
filtro y vapor spirax sarco,0,1,美国
filtro yee 1-1 2 spirax sarco,0,1,委内瑞拉
filtro yee de 4 npt spirax sarco acero al carbon,0,1,墨西哥
filtro yee spirax sarco flanchado,0,1,哥伦比亚
filtros bridados spirax sarco,0,1,秘鲁
filtros culinarios spirax sarco,0,2,巴西、智利
filtros de vapor spirax sarco,0,1,巴西
filtros if2 spirax sarco,0,1,阿根廷
filtros spirax sarco méxico,0,3,阿根廷、哥伦比亚、墨西哥
filtros vapor spirax sarco,0,1,阿根廷
filtros y spirax sarco 11 méxico,0,1,墨西哥
filtros y spirax sarco ficha tecnica,0,1,阿根廷
filtros y spirax sarco pdf,0,1,阿根廷
finance manager spirax sarco engineering china ltd linkedin china,0,1,尼日利亚
financial data spirax sarco london sta,0,1,波兰
financial data spirax sarco london stock exchange,0,1,波兰
finding condensate precentage based on tds spirax sarco,0,1,美国
fire tube boiler spirax sarco,0,2,澳大利亚、美国
firetube vs watertube boiler spirax sarco,0,1,澳大利亚
firma spirax sarco,0,2,德国、罗马尼亚
flangia tarata spirax sarco,0,1,意大利
flash steam spirax sarco,0,1,乌拉圭
flat bed truck to spirax sarco warehouse,0,1,意大利
flatbed truck to spirax sarco warehouse,0,1,意大利
float and thermostatic steam trap spirax sarco,0,4,澳大利亚、加拿大、美国、英国
float steam trap spirax sarco,0,1,美国
float termostatic spirax sarco,0,1,墨西哥
float trap spirax sarco,0,1,美国
float type steam trap spirax sarco,0,3,澳大利亚、美国、印度
flow meter spirax sarco m1000,0,1,阿根廷
flow through spirax sarco,0,1,意大利
fluid properties from spirax sarco steam tables,0,2,阿根廷、哥伦比亚
flujo de ehd1ppnst-1hlg-p2 easy heat spirax sarco,0,1,墨西哥
flujometro spirax sarco,0,1,墨西哥
formation spirax sarco,0,2,比利时、法国
fornecedor spirax sarco,0,1,巴西
foto de purgador spirax sarco,0,1,巴西
foto's van spirax sarco ag,0,1,荷兰
fotos de eliminadores de aire spirax sarco,0,1,秘鲁
fotos de linhas com aplicações de valvulas industrial spirax sarco,0,1,巴西
fotos de separadores spirax sarco,0,1,秘鲁
fotos de trocadores de calor spirax sarco,0,1,巴西
fotos seções com aplicações de valvulas industrial spirax sarco,0,1,巴西
fotos van spirax sarco ag,0,1,荷兰
francisco jose garcia spirax sarco,0,1,巴西
francisco pedrosa spirax sarco,0,1,巴西
frank richardson spirax sarco,0,1,美国
free float steam trap spirax sarco,0,2,阿根廷、美国
from where is spirax sarco,0,1,毛里求斯
ft 010 spirax sarco,0,1,哥伦比亚
ft 15 spirax sarco,0,1,美国
ft 20 spirax sarco,0,1,巴西
ft 20 steam trap spirax sarco,0,1,尼日利亚
ft 200 spirax sarco,0,1,哥伦比亚
ft 54h spirax sarco,0,1,墨西哥
ft 55 spirax sarco,0,1,阿根廷
ft 553 tv spirax sarco,0,1,巴拉圭
ft ranking spirax-sarco engineering plc,0,1,英国
ft-150 spirax sarco,0,2,巴西、墨西哥
ft-30 spirax sarco,0,2,美国、英国
ft100 market cap ranking spirax-sarco engineering plc,0,1,英国
ft100 ranking spirax-sarco engineering plc,0,1,英国
ft1414 spirax sarco,0,1,美国
ft17 spirax sarco,0,1,波兰
ft20 spirax sarco,0,1,巴西
ft3221 spirax sarco,0,1,哥伦比亚
ft4310 spirax sarco,0,4,比利时、法国、美国、英国
ft461 spirax sarco,0,1,哥伦比亚
ft461-4htb spirax sarco,0,1,哥伦比亚
ft75 spirax sarco,0,1,美国
fta 552 spirax sarco,0,1,巴西
ftb spirax sarco,0,1,美国
ftb-125 spirax sarco,0,1,美国
ftb-200 spirax sarco,0,3,澳大利亚、加拿大、美国
ftb17597 spirax sarco,0,1,墨西哥
ftb200 spirax sarco,0,1,澳大利亚
ftd spirax sarco,0,1,巴西
fte spirax sarco,0,1,墨西哥
fti 200 spirax sarco,0,1,美国
ftse 100 changes march 2019 spirax sarco,0,1,英国
ftse 100 index spirax sarco,0,1,韩国
ftse 100 spirax sarco share analysis,0,1,英国
ftse 100 spirax-sarco share analysis,0,3,德国、法国、英国
ftsg14 spirax sarco,0,1,波兰
fuelles spirax sarco,0,1,阿根廷
funcionamiento de trampas de vapor spirax sarco,0,3,巴拉圭、哥伦比亚、墨西哥
funcionamiento de valvula bpt 134 spirax sarco,0,1,阿根廷
funções do controlador sx-uni spirax sarco,0,1,巴西
fundo de caldeira spirax sarco,0,1,巴西
gafas de vista spirax sarco,0,1,墨西哥
gaji spirax sarco indonesia,0,1,美国
gasket spirax sarco,0,1,俄罗斯
gate valve spirax sarco,0,1,美国
gem sapphire steam trap spirax sarco,0,1,美国
generacion de vapor spirax sarco,0,2,哥斯达黎加、秘鲁
generador de vapor spirax sarco,0,1,墨西哥
general counsel of spirax-sarco engineering plc,0,1,英国
gestra ag spirax sarco,0,5,澳大利亚、德国、加拿大、美国、英国
gestra ag spirax-sarco engineering,0,1,塞尔维亚
gestra spirax sarco employees,0,1,比利时
gestra x spirax sarco,0,1,巴西
getting a jobs at spirax sarco cheltenham,0,1,英国
gilfo medidor área variable spirax sarco,0,1,巴拉圭
gl519n spirax sarco,0,1,哥伦比亚
gl519nq spirax sarco,0,1,哥伦比亚
gl53 spirax sarco,0,1,英国
glass door spirax sarco,0,1,加拿大
global graduate development program spirax-sarco,0,1,加拿大
global graduate development programme spirax sarco engineering,0,1,美国
global graduate development programme spirax sarco engineering salary,0,1,美国
global graduate engineering development programme spirax sarco,0,1,墨西哥
globe valve spirax sarco,0,10,澳大利亚、巴西、比利时、德国、法国、荷兰、加拿大、美国、以色列、英国
globo gsa spirax sarco,0,1,巴西
głowica zaworu redukcyjnego spirax sarco,0,1,波兰
google maps spirax sarco mexico,0,1,墨西哥
gowork spirax sarco kpinie,0,1,波兰
gradcracker spirax sarco,0,1,英国
grafico capacidades purgadores de boya cerrada spirax sarco,0,1,阿根廷
grafico dimensionamiento de tuberias de vapor spirax sarco,0,1,危地马拉
grafico seleccion trampas termodinamicas spirax sarco,0,1,阿根廷
grasa 85w140 spirax sarco,0,1,阿根廷
gremio spirax sarco,0,1,巴西
groupe spirax sarco,0,1,法国
grundlagen der dampf und kondensattechnologie spirax sarco,0,1,美国
grundlagen der dampf- und kondensattechnologie spirax sarco pdf,0,1,德国
grupo spirax sarco,0,1,巴西
gsa 33 spirax sarco,0,1,巴西
gsa spirax sarco,0,1,巴西
gsa33 spirax sarco,0,1,巴西
gtin valvulas spirax sarco,0,1,巴西
guia de referencia tecnica spirax sarco,0,2,阿根廷、玻利维亚
guia de referencia tecnica spirax sarco accesorios,0,1,阿根廷
guia de referencia tecnica spirax sarco pdf,0,1,玻利维亚
guia de referencia tecnica spirax sarco pdf calderas y accesorios,0,1,玻利维亚
guía de referencia técnica tr-gcm-05 spirax sarco,0,1,阿根廷
guia de referencia válvula de segurança e alívio spirax sarco,0,1,巴西
guia instalacion de trampa a flotador spirax sarco,0,1,阿根廷
guia instalacion trampa termodinamica vapor spirax sarco,0,1,阿根廷
guia instalacion trampa termoesticas vapor spirax sarco,0,1,阿根廷
guia spirax sarco,0,1,阿根廷
guía técnica distribución de vapor spirax sarco,0,1,阿根廷
guías spirax sarco,0,1,阿根廷
guide pratique spirax sarco,0,1,法国
guide technique spirax sarco,0,1,法国
h12 69b43 spirax sarco,0,1,墨西哥
h12 spirax sarco,0,1,墨西哥
havarijní parní ventil spirax sarco,0,1,捷克共和国
head of development spirax sarco linkedin,0,1,英国
head of marekting spirax-sarco,0,1,英国
head of spirax sarco linkedin,0,1,英国
heat and mass balance spirax sarco,0,1,印度
heat excahnger steam trap safety factor spirax sarco,0,1,智利
heat exchanger steam trap spirax sarco,0,1,荷兰
heat loss tank heating vertical cylinder tank spirax sarco,0,1,厄瓜多尔
heat transfer spirax sarco,0,1,澳大利亚
historia de spirax sarco,0,1,阿根廷
history of spirax sarco,0,1,丹麦
hite spirax-sarco recursos humanos,0,1,巴西
hiter by spirax sarco,0,1,巴西
hiter controls grupo spirax sarco avenida jerome case sorocaba sp,0,1,巴西
hiter controls grupo spirax sarco sorocaba,0,1,巴西
hiter spirax-sarco recursos humanos,0,1,巴西
hiter valve spirax sarco,0,1,萨尔瓦多
hl spirax sarco,0,1,英国
hoja tecnica de valvula esferica spirax sarco m5,0,1,阿根廷
hoja tecnica de valvula spirax sarco m5,0,1,阿根廷
hoja tecnica spirax sarco sbp,0,1,阿根廷
hoja técnica tis 3.030 ar spirax sarco,0,1,阿根廷
hook cat spirax sarco,0,1,萨尔瓦多
hook up spirax sarco,0,2,厄瓜多尔、哥伦比亚
hook-ups spirax sarco,0,1,厄瓜多尔
hookup spirax sarco,0,1,多米尼加共和国
hookup.pdf spirax sarco,0,1,多米尼加共和国
hoop-ups spirax sarco,0,1,厄瓜多尔
horizontal separator spirax sarco,0,1,英国
hortencia spirax sarco san luis,0,1,墨西哥
hortensia spirax sarco san luis,0,1,墨西哥
how does a spirax sarco steam trap work,0,7,澳大利亚、巴西、比利时、荷兰、加拿大、美国、英国
how does the spirax sarco automatic pump trap work,0,1,美国
how to fit spirax sarco td thermo traps,0,1,英国
how to fit spirax sarco thermo traps,0,1,英国
how to test spirax sarco condensate trap,0,1,加拿大
how to test spirax sarco condensate trap m07,0,1,加拿大
hr director spirax sarco,0,1,英国
hr director spirax sarco cheltenham,0,1,英国
https sites.google.com a velocitycloud.com velocity-jde jde-lob spirax-sarco,0,1,印度
https www.spirax sarco cz,0,1,捷克共和国
humberto tenorio de albuquerque junior spirax sarco,0,1,墨西哥
humidificadores spirax sarco,0,1,墨西哥
humidificateur vapeur spirax sarco,0,1,加拿大
hvatač nečistoće navojni spirax sarco,0,1,塞尔维亚
hvatač nečistoće spirax sarco,0,1,塞尔维亚
hwat is spirax sarco,0,1,南非
hydraulic safety valve spirax sarco pdf,0,1,美国
hygromatik spirax sarco inc,0,1,美国
ibv c series spirax sarco,0,1,印度
ij-vgl-fl-020 spirax sarco,0,1,智利
imagen 3d spirax sarco,0,1,阿根廷
imagenes de interior de valvula check spirax sarco,0,1,墨西哥
imagenes de valvula check spirax sarco,0,1,墨西哥
imi spirax sarco,0,1,法国
importances of pressure reducing station spirax sarco,0,1,印度
inclinacion de trampa a flotador spirax sarco,0,1,阿根廷
incrustações em caldeiras spirax sarco,0,1,巴西
indeed spirax sarco,0,1,美国
indeed spirax sarco jobs,0,1,加拿大
indicador de nivel spirax sarco,0,1,墨西哥
indicador de temperatura spirax sarco,0,1,墨西哥
indicadores de nivel caldera accesorios pdf spirax sarco,0,1,阿根廷
industria vapor spirax sarco,0,1,阿根廷
industrial flow metering spirax sarco srl,0,1,厄瓜多尔
ingenieria vapor pdf spirax sarco,0,1,智利
injecteur vapeur spirax sarco,0,1,法国
injetor de vapor spirax sarco,0,1,巴西
inscrição municipal associação desportiva gremio spirax sarco,0,1,巴西
inscrição municipal gremio spirax sarco,0,1,巴西
instalação de purgadores de vapor spirax sarco,0,1,巴西
instalacion de actuadas spirax sarco,0,1,乌拉圭
instalacion de separadores de condensado spirax sarco,0,1,厄瓜多尔
instalacion de trampa de flotador spirax sarco,0,1,厄瓜多尔
instalacion de valvulas reguladoras actuadas spirax sarco,0,1,乌拉圭
instalacion de valvulas reguladoras spirax sarco,0,1,乌拉圭
instalacion valvulas de seguridad 2500 spirax sarco pdf,0,1,阿根廷
instalacion valvulas de seguridad spirax sarco,0,1,阿根廷
instalacion valvulas de seguridad spirax sarco pdf,0,1,阿根廷
instalações típicas paint brush spirax sarco,0,1,巴西
instalações típicas spirax sarco,0,1,巴西
instalation instructions for spirax sarco d series noise diffuser,0,1,美国
instituto do vapor spirax sarco,0,1,巴西
instruções controlador sx-uni spirax sarco,0,1,巴西
instrumentation spirax sarco,0,1,法国
intercambiador de calor gases combustion spirax sarco,0,1,乌拉圭
intercambiador de calor spirax sarco,0,2,阿根廷、哥伦比亚
interior caldera por spirax sarco,0,1,阿根廷
interior de una caldera en operacion spirax sarco,0,1,墨西哥
internos anti cavitante spirax sarco,0,1,巴西
interruptor por nivel spirax sarco,0,1,阿根廷
inverted bucket parts spirax sarco,0,1,厄瓜多尔
inverted bucket trap spirax sarco,0,1,美国
inverted buckut spirax sarco,0,1,厄瓜多尔
inyector de vapor spirax sarco,0,2,阿根廷、乌拉圭
inyector de vapor spirax sarco in 25,0,1,乌拉圭
ipek spirax sarco,0,1,土耳其
is there a spirax sarco location in egypt,0,1,加拿大
ishare spirax sarco,0,2,哥伦比亚、墨西哥
ishgare spirax sarco,0,1,英国
j pn9000 spirax sarco,0,1,法国
j3x tlv equivalente spirax sarco,0,1,秘鲁
jamie pike spirax sarco,0,4,澳大利亚、美国、挪威、英国
jamie pike spirax-sarco,0,1,英国
jane kingston spirax sarco,0,1,美国
javier jimena spirax sarco argentina,0,1,阿根廷
jemin park spirax sarco,0,1,韩国
jenny francis spirax sarco,0,1,加拿大
jeremy butterfield spirax sarco,0,1,美国
jeremy miller spirax sarco,0,1,英国
jim devine spirax sarco,0,3,加拿大、美国、英国
jobs at spirax sarco,0,1,英国
jobs at spirax sarco cheltenham,0,3,巴西、加拿大、英国
jobs in spirax sarco cheltenham,0,1,英国
john mcfadden spirax sarco,0,1,德国
josé alberto spirax sarco,0,1,巴西
josé alberto valença spirax sarco,0,1,巴西
jovenes profesionales spirax sarco,0,1,阿根廷
jucker spirax sarco,0,1,克罗地亚
judith willi spirax sarco,0,1,墨西哥
judith willy spirax sarco,0,1,墨西哥
junta de expansão aço carbono 1 2 spirax sarco,0,1,巴西
junta elastica spirax sarco,0,1,阿根廷
juntas de expansion spirax sarco,0,1,墨西哥
juntas de teflon spirax sarco,0,1,阿根廷
juntas spirax sarco,0,1,阿根廷
justin o'dowd spirax sarco,0,1,澳大利亚
justin odowd spirax sarco,0,1,澳大利亚
karin gregory spirax sarco,0,1,美国
katalog spirax sarco,0,2,德国、瑞士
kbv 20 spirax sarco,0,1,墨西哥
ke71 spirax sarco,0,1,加拿大
kened spirax sarco,0,1,巴西
kened spirax sarco ipatinga,0,1,巴西
kennedy nerony oliveira spirax sarco,0,1,巴西
kennedy oliveira spirax sarco,0,1,巴西
kerry gibson spirax sarco,0,2,澳大利亚、美国
kevin boyd spirax sarco,0,1,英国
kit de bombeamento spirax sarco,0,1,巴西
kit de mantenimiento valvula serie 25 spirax sarco,0,1,巴拉圭
kit de refacciones valvula spirax sarco,0,1,墨西哥
kit de reparacion regulador de presion para vapor spirax sarco,0,1,智利
kit de reparacion valvula spirax sarco,0,1,哥伦比亚
kit de reparacion valvula spirax sarco distribuidores,0,1,哥伦比亚
kit spirax sarco pn 3430,0,1,委内瑞拉
knowledge service products the history of spirax sarco,0,1,法国
kolektiv kondenzát a regenerace zbytkové páry příručka spirax sarco 2012,0,1,捷克共和国
kondensat pumpe spirax sarco,0,1,瑞士
kondensatableiter btp 7.1 spirax sarco,0,1,德国
kondensatableiter bts.1 spirax sarco preise,0,1,德国
kondensatableiter dampf spirax sarco,0,1,德国
kondensathebeanlage spirax sarco,0,1,德国
kondensomat spirax sarco,0,1,德国
kondensomat spirax sarco anleitung,0,1,德国
kondensomat spirax sarco instrukcja obsługi,0,1,德国
kondenstop spirax sarco,0,1,土耳其
kondenzni lonac spirax sarco,0,1,塞尔维亚
kondezni garneta spirax sarco,0,1,保加利亚
kondezni garneta spirax sarco ggg40,0,1,保加利亚
korea spirax sarco,0,1,韩国
kotlownie parowe spirax sarco,0,1,波兰
kotlownie parowe technologiczne spirax sarco szkolenie,0,1,波兰
kris brown spirax sarco,0,1,美国
kris brown spirax sarco email address,0,1,美国
kugelventil tri clamp spirax sarco,0,1,德国
kugelventil triclamp spirax sarco,0,1,德国
kunnunu spirax sarco,0,1,瑞士
l'équipe de spirax sarco chatellerault,0,1,法国
la llave spirax sarco,0,1,厄瓜多尔
lanzas spirax sarco,0,1,阿根廷
lauren sullivan spirax sarco,0,1,爱尔兰
lc 1000 spirax sarco,0,1,阿尔巴尼亚
lc 2500 spirax sarco,0,1,美国
lc 3000 spirax sarco,0,3,波兰、美国、秘鲁
lc 3000 spirax sarco manual de instalacion y mantenimiento,0,1,秘鲁
lc1000 spirax sarco,0,4,法国、美国、以色列、英国
lc1130 spirax sarco,0,1,俄罗斯
lc3000 spirax sarco,0,3,比利时、法国、秘鲁
lcv spirax sarco,0,1,墨西哥
lcv4 spirax sarco,0,2,巴拉圭、墨西哥
le3 spirax sarco,0,1,秘鲁
lea63 spirax sarco,0,1,墨西哥
learn about steam spirax sarco,0,1,墨西哥
leverancier spirax sarco,0,1,荷兰
library spirax sarco,0,2,巴西、法国
libreria cad spirax sarco,0,1,阿根廷
libro spirax sarco,0,1,乌拉圭
lift check valve lcv4 spirax sarco,0,1,阿根廷
lift check valve spirax sarco,0,1,阿根廷
ligne purge sonde spirax sarco,0,1,比利时
lindsey hudson spirax sarco,0,1,美国
linea de trampeo de vapor spirax-sarco,0,1,阿根廷
línea spirax sarco fondo blanco,0,1,哥伦比亚
linkedin kennedy nerony oliveira spirax sarco,0,1,巴西
linkedin kennedy oliveira spirax sarco,0,1,巴西
liquid drain trap spirax sarco,0,1,美国
liquid drain traps spirax sarco,0,1,印度
liquido saturado spirax sarco,0,1,乌拉圭
liquido subenfriado spirax sarco,0,1,阿根廷
lira o herradura spirax sarco,0,1,阿根廷
list down common type of flow meter spirax sarco,0,1,印度
lista de manual de spirax sarco en español,0,1,阿根廷
lista de manuales de spirax sarco,0,1,阿根廷
lista de manuales de spirax sarco argentina,0,1,阿根廷
lista de precios spirax sarco,0,1,巴西
livro spirax sarco,0,1,巴西
livro spirax sarco pdf,0,1,巴西
llave de paso spirax sarco esferica de 1 1 2,0,1,阿根廷
llave de tres cuerpos spirax sarco,0,1,阿根廷
llave de tres cuerpos spirax sarco 3,0,1,阿根廷
logo de spirax sarco mexicana,0,2,秘鲁、墨西哥
logo spirax sarco blanco,0,1,哥伦比亚
logo spirax sarco en blanco,0,1,哥伦比亚
london stock exchange spirax sarco,0,3,爱尔兰、美国、英国
loop spirax sarco,0,1,墨西哥
los separadores spirax sarco,0,1,墨西哥
los separadores spirax sarco mantenimiento,0,1,墨西哥
lowongan spirax sarco indonesia,0,1,美国
lsb 31 spirax sarco,0,1,阿根廷
lucian matis designs inc spirax sarco canada ltd,0,1,俄罗斯
luiz octavio de souza spirax sarco espanha,0,1,巴西
m s spirax sarco,0,2,美国、英国
m&m international by spirax sarco,0,1,罗马尼亚
m10ti iso spirax sarco,0,1,美国
m10v spirax sarco,0,1,阿根廷
m10v2 spirax sarco,0,1,巴西
m10vi iso spirax sarco manual pdf,0,1,阿根廷
m200 spirax sarco,0,1,英国
m33 spirax sarco,0,1,玻利维亚
m33 v2 iso acero carbono spirax sarco,0,1,巴拉圭
m40i spirax sarco,0,1,阿根廷
m40s spirax sarco,0,1,墨西哥
m452i 4 dn 150 spirax sarco,0,1,阿根廷
m452i 4 dn150 spirax sarco,0,1,阿根廷
m60 spirax sarco,0,1,中国香港
magnetrol spirax sarco,0,1,阿根廷
mail de spirax sarco,0,1,阿根廷
malha de controle novus1100 ifm su7000 spirax sarco,0,1,巴西
manales de spirax sarco en español,0,1,阿根廷
manifold industrial spirax sarco,0,1,巴西
manifold para para vapor y condensado spirax sarco,0,1,秘鲁
manifold para para vapor y condensado spirax sarco tipo bridas,0,1,秘鲁
manometro con sifon y valvula spirax sarco,0,1,智利
manometro para vapor spirax sarco,0,1,墨西哥
manómetro spirax sarco,0,1,智利
manômetro spirax sarco,0,1,巴西
manometro spirax sarco 4 kg,0,1,阿根廷
manometro spirax sarco 8970161460,0,1,危地马拉
manômetro spirax sarco caldeira,0,1,巴西
manometro spirax sarco en 837,0,1,危地马拉
manômetro spirax-sarco bsp,0,1,巴西
manometros spirax sarco,0,2,哥伦比亚、危地马拉
manometros spirax sarco 4 kg,0,1,阿根廷
mantenimiento de trampa bomba spirax sarco,0,1,哥斯达黎加
mantenimiento valvula reguladora de presion spirax sarco,0,1,阿根廷
manual bomba condensado spirax sarco,0,1,巴西
manual controlador de temperatura spirax sarco sx uni,0,1,巴西
manual controlador sx uni spirax sarco,0,1,巴西
manual curso de vapor de spirax sarco,0,1,阿根廷
manual de calderas spirax sarco,0,4,阿根廷、墨西哥、危地马拉、智利
manual de dimensionamento de valvula de controle spirax sarco,0,1,巴西
manual de manutenção de valvula spirax sarco,0,1,巴西
manual de manutenção spirax sarco sv,0,1,巴西
manual de manutenção valvula spirax sarco,0,1,巴西
manual de redes de vapor spirax sarco,0,1,危地马拉
manual de redes de vapor spirax sarco tablas,0,1,危地马拉
manual de spirax sarco,0,1,阿根廷
manual de valvula moduladora spirax sarco,0,1,巴西
manual desaireador de condensado de vapor spirax sarco,0,1,墨西哥
manual do controlador sx-uni spirax sarco,0,1,巴西
manual em pdf sx uni spirax sarco v3,0,1,巴西
manual epl spirax sarco,0,1,巴西
manual pdf spirax sarco sx-uni,0,1,巴西
manual posicionador spirax sarco,0,1,巴西
manual practico de spirax sarco,0,1,玻利维亚
manual spirax sarco a36,0,1,阿根廷
manual spirax sarco brv,0,1,阿根廷
manual spirax sarco m15 dimensionamiento,0,1,阿根廷
manual spirax sarco pdf,0,3,阿根廷、巴西、美国
manual spirax sarco pn 9123,0,1,阿根廷
manual spirax sarco sx-uni,0,1,巴西
manual sx-uni spirax sarco,0,1,巴西
manual sx80español spirax sarco,0,1,阿根廷
manual valvula redutora de pressão spirax sarco,0,1,巴西
manual vapor spirax sarco,0,1,阿根廷
manuales de spirax sarco,0,1,阿根廷
manuales de spirax sarco en español,0,1,阿根廷
marca alternativa a spirax sarco,0,1,阿根廷
marca spirax sarco,0,3,阿根廷、巴西、墨西哥
marca spirax sarco em mg,0,1,巴西
marca spirax sarco en cuñiacan,0,1,墨西哥
marcelo ormandes spirax sarco,0,1,巴西
marcio pena spirax sarco,0,1,巴西
marcus steel ceo spirax sarco,0,1,英国
marcus steel director spirax sarco,0,1,英国
martin lamaison y spirax sarco,0,1,阿根廷
maxine davis email at spirax sarco,0,1,英国
mechanical soicificatio of spirax sarco,0,1,德国
mechanical steam trap spirax sarco,0,1,美国
medição de vapor saturado spirax sarco,0,1,巴西
medidor conductividad spirax sarco,0,1,阿根廷
medidor de conductividad spirax sarco,0,1,墨西哥
medidor de flujo spirax sarco,0,1,墨西哥
medidor de flujo spirax sarco presion diferencial,0,1,墨西哥
medidor de flujo spirax sarco presion diferencial ah9000,0,1,墨西哥
medidor de gas spirax sarco,0,1,墨西哥
medidor de vapor spirax sarco adquisicion de datos,0,1,厄瓜多尔
medidor de vazão de vapor spirax sarco,0,2,巴西、美国
medidor de vazão spirax sarco,0,1,巴西
medidor temperatura spirax sarco,0,1,墨西哥
medidores de vazão spirax sarco,0,1,巴西
menbrana bp 99 spirax sarco,0,1,巴西
mercado libre argentina valvula spirax sarco,0,1,阿根廷
meridian spirax sarco,0,1,英国
mesh 270 spirax sarco,0,1,俄罗斯
mesothelioma spirax sarco inc,0,6,巴西、比利时、德国、荷兰、加拿大、美国
methods to recover condensate spirax sarco,0,1,印度
mezclador de vapor spirax sarco,0,1,哥伦比亚
michelle norris spirax sarco,0,1,英国
michelle norris spirax sarco linked in,0,1,英国
mike maslanka spirax sarco email,0,1,英国
mike vernon spirax sarco,0,1,英国
mirilla de spirax sarco,0,1,墨西哥
mirilla spirax sarco 1 2,0,1,墨西哥
mirilla spirax sarco acero al carbon 1 2,0,1,墨西哥
mirillas spirax sarco,0,1,墨西哥
mirillas spirax sarco english,0,1,墨西哥
mirillas spirax sarco english con check,0,1,墨西哥
mirillas spirax sarco enlish,0,1,墨西哥
misturador de agua e vapor spirax sarco,0,1,巴西
mixing valve spirax sarco,0,1,哥伦比亚
mkii spirax sarco,0,2,墨西哥、委内瑞拉
mkii spirax sarco usa,0,1,委内瑞拉
mkii valve spirax sarco,0,1,萨尔瓦多
mod ct-1 filtro y spirax sarco,0,1,墨西哥
modelado valvula bola spirax sarco,0,1,哥伦比亚
modelo csx spirax sarco,0,1,巴西
modelo de controle de qualidade spirax sarco,0,1,巴西
modelo de trampas de vapor spirax sarco,0,1,秘鲁
modelo válvula de alivio spirax sarco,0,1,巴西
modelo vmf 4 spirax sarco,0,1,巴西
modelo vmr 2 spirax sarco,0,1,巴西
modelos de vávulas de controle spirax sarco,0,1,巴西
modelos spirax sarco,0,1,阿根廷
modelos spirax sarco codigos,0,1,阿根廷
modelos válvulas redutora spirax sarco,0,1,巴西
modul schimbator de caldura spirax sarco,0,1,罗马尼亚
moduladora de vapor spirax sarco,0,1,巴西
modulating feed water control spirax sarco,0,1,智利
modulating valve spirax sarco bim,0,1,巴西
moisture separator cad spirax sarco,0,1,孟加拉国
monika sprenger spirax sarco,0,1,瑞士
montador tecnico spirax sarco,0,1,巴西
montaje spirax sarco tds 52,0,1,乌拉圭
mos spirax sarco,0,1,巴西
mpc2 spirax sarco,0,1,俄罗斯
ms102 spirax sarco,0,1,秘鲁
ms30 spirax sarco,0,1,阿根廷
mst 18 spirax sarco,0,1,德国
mst21h spirax sarco,0,1,德国
mv11 spirax sarco,0,1,乌克兰
n2000 spirax sarco,0,1,巴西
new 1.5 inch spirax sarco steam reducing regulator 1.5 inch,0,1,美国
new spirax sarco steam reducing regulator 1.5 inch,0,1,美国
nicholas anderson spirax sarco,0,10,阿根廷、澳大利亚、巴西、德国、法国、加拿大、美国、新西兰、以色列、英国
nick anderson spirax sarco salary,0,1,英国
nick spirax sarco,0,1,英国
nick willetts spirax sarco,0,1,美国
nilson sobrinho e-mail spirax sarco,0,1,巴西
nilson sobrinho spirax sarco,0,1,巴西
nilson spirax sarco linkedin,0,1,巴西
nimesh patel spirax-sarco engineering plc,0,2,法国、英国
niple a c soldable 19x300 spirax sarco precio,0,1,墨西哥
niple para gas natural spirax sarco,0,1,墨西哥
nit spirax sarco colombia,0,1,哥伦比亚
nit spirax sarco colombia ubicacion en cali,0,1,哥伦比亚
niveau à glace spirax sarco,0,1,法国
nivel visual de agua 4m spirax sarco,0,1,阿根廷
non-return valve function spirax sarco product type mst21h,0,1,克罗地亚
norauto spirax sarco,0,1,阿根廷
northcroft house spirax sarco,0,1,英国
npt classe pressão spirax sarco,0,1,巴西
nr13 comentada spirax sarco,0,1,巴西
numero telefonico de spirax sarco en mexico,0,1,墨西哥
o parze wodnej i jej wykorzystaniu spirax sarco,0,1,波兰
o que a empresa hiter by spirax sarco faz,0,1,巴西
o que é purgador tipo impulso 3 4 spirax sarco,0,1,巴西
o que é traceamento spirax sarco,0,1,巴西
o que épurgador tipo impulso 3 4 spirax sarco,0,1,巴西
o que faz a spirax sarco,0,1,巴西
o'que é spirax sarco,0,1,巴西
obit 2007 george brown cheltenham spirax sarco,0,1,爱尔兰
obit george brown cheltenham spirax sarco,0,1,爱尔兰
occ spirax sarco,0,1,墨西哥
oceanwood spirax sarco,0,1,法国
odwadniacze spirax sarco,0,1,波兰
offre d'emploi spirax sarco,0,1,法国
oficina de ventas spirax sarco mexico df,0,1,墨西哥
onde comprar valvula de segurança un 1 2 spirax sarco,0,1,巴西
one planet spirax sarco,0,1,英国
op 151 spirax sarco,0,1,巴西
opened a new spirax sarco facility in st petersburg russia,0,1,英国
opp spirax sarco cheltenham,0,2,美国、英国
organigramme spirax sarco chatellerault,0,1,法国
organnigramme spirax sarco france,0,1,法国
oring para valvula spirax sarco,0,1,厄瓜多尔
outlook spirax sarco,0,1,法国
outlook.spirax sarco.com,0,1,法国
paginas para descargar modelados de valvulas spirax sarco,0,1,哥伦比亚
palnes de mantenimineto de reguladoras de presion spirax sarco,0,1,哥斯达黎加
pari bhatt spirax sarco,0,1,英国
partes de repuesto spirax sarco,0,1,墨西哥
partes de una trampas de condensado spirax sarco,0,1,危地马拉
partes de valvula reductora de presion spirax sarco,0,1,哥斯达黎加
pascal louis spirax sarco,0,1,比利时
paul channon spirax sarco,0,1,英国
paul lee spirax sarco,0,1,新加坡
paweł hołownia spirax sarco,0,1,波兰
pdf apostila de vapor spirax sarco,0,1,巴西
pdf kondenzát a regenerace zbytkové páry příručka spirax sarco 2012,0,1,捷克共和国
pdf mantenimiento calderas spirax sarco,0,1,哥斯达黎加
pdf spirax sarco ftd 2,0,1,阿根廷
pdf spirax sarco ftdv 2,0,1,阿根廷
pdf spirax sarco ti-p404-03 ab issue 8,0,1,中国香港
pdg spirax sarco emeric,0,1,法国
pdg spirax sarco france,0,1,法国
pdg spirax sarco france emeric,0,1,法国
peças para spirax sarco,0,1,巴西
peças para valvula redutora 1.1 2 spirax sarco mercado livre,0,1,巴西
peg prospective spirax-sarco engineering plc sharecast,0,1,英国
pendiente recomendada en vapor por spirax sarco,0,1,墨西哥
perativa de creditos spirax sarco,0,1,巴西
perdida de carga spirax sarco,0,1,阿根廷
perno hueco spirax sarco,0,1,厄瓜多尔
peso valvula 3 k4 sv-80h spirax sarco,0,1,巴西
pest spirax sarco,0,1,法国
pewnie pływanie wskazań w zakresie 100 spirax sarco,0,1,波兰
pf5 spirax sarco,0,1,厄瓜多尔
pf51 spirax sarco,0,1,厄瓜多尔
pf61g2nc spirax sarco,0,1,美国
pf63g spirax sarco,0,1,比利时
pfg spirax sarco,0,1,厄瓜多尔
pfgfcyst xfcnb spirax sarco,0,1,俄罗斯
phil gebert spirax sarco usa linkedin,0,1,印度
phil scott spirax sarco,0,1,英国
philippe stasewski spirax sarco,0,1,法国
phone contact spirax sarco,0,1,英国
phone number for spirax sarco in sc,0,1,美国
photo of spirax sarco bucket trap,0,1,加拿大
piat san telmo spirax sarco,0,1,阿根廷
pid control spirax sarco,0,1,美国
piezas para instalacion de una caldera spirax sarco,0,1,墨西哥
piloto de valvula 25 pilotada spirax sarco,0,1,阿根廷
piloto de valvula 25 spirax sarco,0,1,阿根廷
piloto de valvula 25d spirax sarco,0,1,阿根廷
piloto p spirax sarco,0,2,阿根廷、巴拉圭
pioto t2 spirax sarco,0,1,巴拉圭
piotr wieczorek spirax sarco,0,1,波兰
pipe sizing spirax sarco,0,1,乌拉圭
pisiconador spirax sarco epl,0,1,巴西
pistola de lavado spirax sarco,0,1,墨西哥
pistola para vapor spirax sarco,0,2,巴西、墨西哥
piston operated valva spirax sarco,0,1,乌克兰
piston operated valve spirax sarco,0,1,乌克兰
piston valve spirax sarco,0,1,美国
placa orificio spirax sarco,0,1,巴拉圭
planilha calculo sistema de vapor spirax sarco,0,1,巴西
planta de spirax sarco en españa,0,1,阿根廷
planta de vapor spirax sarco,0,1,危地马拉
plate heat exchanger spirax sarco,0,2,瑞典、英国
plate heat exchanger spirax sarco bss,0,1,英国
plovákové odvaděče spirax sarco,0,1,捷克共和国
plovákový odvadč spirax sarco,0,1,捷克共和国
pn 5120 spirax sarco,0,1,巴拉圭
pn 9000 spirax sarco,0,1,巴拉圭
pn3000 spirax sarco,0,1,美国
pn9000 spirax sarco us ti,0,2,美国、英国
pn9100 spirax sarco,0,1,美国
pneumatic actuators pn9000 spirax sarco in ingles,0,1,阿根廷
pneumatic differential pressure spirax sarco,0,1,比利时
pneumatic differential pressure transmitter spirax sarco,0,1,比利时
portal spirax sarco,0,1,巴西
posicionador electrico valvula spirax sarco,0,1,智利
posicionador electroneumatico spirax sarco,0,1,阿根廷
posicionador eletro-pneumático epl spirax sarco,0,1,巴西
posicionador eletropneumático epl spirax sarco,0,1,巴西
posicionador eletropneumatico spirax sarco,0,1,巴西
posicionador eletropneumático spirax sarco,0,1,巴西
posicionador epc4 spirax sarco,0,1,巴西
posicionador moduladora spirax sarco,0,1,巴西
posicionador neumatico spirax sarco,0,1,阿根廷
posicionador neumatico spirax sarco en rosario,0,1,阿根廷
posicionador neumatico spirax sarco en sir,0,1,阿根廷
posicionador sp5 spirax sarco,0,1,哥伦比亚
posicionador spirax sarco el6123c,0,1,巴西
posicionador spirax sarco epl,0,1,巴西
posicionador spirax sarco sp,0,1,巴西
posicionador spirax sarco sp 2,0,1,巴西
posicionador spirax sarco sp2,0,1,巴西
posicionador spirax sarco valvulas,0,1,哥伦比亚
posicionador valvula spirax sarco,0,1,智利
posicionadores spirax sarco,0,2,巴西、秘鲁
posso usar spirax sarco,0,1,巴西
power genex electro pneumatic positioner spirax sarco,0,1,巴西
precio barometro spirax sarco,0,1,智利
precio de filtros spirax sarco,0,1,墨西哥
precio de filtros y spirax sarco,0,1,墨西哥
precio de filtros y spirax sarco en cdmx,0,1,墨西哥
precio de las acciones de spirax sarco,0,1,阿根廷
precio de trampa de vapor spirax sarco,0,1,墨西哥
precio de valvula reguladora de presion de vapor spirax sarco,0,1,墨西哥
precio valvula condensado de media spirax sarco,0,1,哥伦比亚
precio valvula condensado de media spirax sarco en colombia,0,1,哥伦比亚
precio valvula eliminadora de aire spirax sarco,0,1,墨西哥
precio válvula eliminadora de aire spirax sarco,0,1,墨西哥
preço silenciador spirax sarco sl,0,1,巴西
preço valvula spirax sarco vmf,0,1,巴西
preços válvula vapor spirax sarco,0,1,乌拉圭
preisliste spirax sarco,0,2,德国、瑞士
president and ceo of spirax sarco singapore singapore,0,1,加拿大
president and general manager at spirax sarco engineering china ltd,0,1,尼日利亚
presidente spirax sarco,0,1,巴西
presidente spirax sarco brasil,0,1,巴西
presidente spirax sarco brazil,0,1,巴西
presion de diseño de spirax sarco de calderos,0,1,玻利维亚
presion de diseño de spirax sarco para generacion de vapor,0,1,玻利维亚
presion de diseño de spirax sarco pdf calderas y accesorios,0,1,玻利维亚
presión diferencial maxima spirax sarco,0,1,智利
presión diferencial maxima spirax sarco eliminadores de aire,0,1,智利
presion vapor spirax sarco,0,1,秘鲁
pressure balance trim spirax sarco,0,1,印度
pressure control valve spirax sarco,0,1,中国香港
pressure gauge spirax sarco,0,2,澳大利亚、加拿大
pressure reducing spirax sarco,0,1,印度
pressure reducing station spirax sarco,0,6,澳大利亚、德国、加拿大、美国、印度、英国
pressure reducing valve steam spirax sarco,0,5,澳大利亚、德国、加拿大、美国、英国
prezi spirax sarco,0,1,巴西
prix d'un vases de revaporisation type fv de spirax-sarco,0,1,喀麦隆
prix de vase de revaporisation spirax sarco,0,1,喀麦隆
prix du spirax sarco td 32,0,1,瑞士
processo de fabricação sv17 spirax sarco,0,1,巴西
prodaja spirax sarco,0,1,斯洛文尼亚
product handbook spirax sarco,0,1,美国
producto mas vendido a nivel mundial por spirax sarco,0,1,秘鲁
productos spirax sarco,0,1,阿根廷
produits spirax sarco france,0,1,美国
produtos spirax sarco,0,1,巴西
produtos spirax sarco a venda,0,1,巴西
programa calculo spirax sarco,0,1,哥斯达黎加
programa spirax sarco,0,2,阿根廷、巴西
programa spirax sarco calculo de tacho de condensado,0,1,阿根廷
programa spirax sarco download free,0,1,智利
programa spirax sarco steam,0,1,智利
projeti spirax sarco,0,1,巴西
projeto de sistemas de vapor spirax sarco,0,1,巴西
projeto de tubulação spirax sarco,0,1,巴西
promati spirax sarco,0,1,阿根廷
propiedades del vapor spirax sarco,0,1,阿根廷
proveedor de spirax sarco,0,1,阿根廷
proveedores comodoro spirax sarco,0,1,阿根廷
proveedores spirax sarco,0,3,阿根廷、哥伦比亚、墨西哥
proveedores spirax sarco distribuidores,0,1,墨西哥
proveedores spirax sarco en toluca,0,1,墨西哥
proveedores spirax sarco patagonia,0,1,阿根廷
proyecto de vapor spirax sarco,0,1,阿根廷
prps.spirax.sarco,0,1,墨西哥
przepustnica sekcyjna zaporowa spirax sarco,0,1,波兰
psv calc spirax sarco,0,1,巴西
psychometric tests spirax sarco,0,1,澳大利亚
psychometric tests spirax sarco download,0,1,澳大利亚
pt 55 spirax sarco,0,1,阿根廷
pt spirax sarco indonesia adalah,0,1,美国
pt. spirax sarco indonesia,0,3,比利时、美国、英国
pt100 spirax sarco,0,2,美国、墨西哥
pt100 spirax sarco conexiones,0,1,墨西哥
pt2 spirax sarco,0,1,秘鲁
ptc spirax sarco imi,0,1,美国
pueto de presion spirax sarco,0,1,墨西哥
pulgador termodinamico spirax sarco para vapor,0,1,巴西
pump ppc spirax sarco,0,1,阿根廷
pump traps spirax sarco,0,1,乌拉圭
purga automatica spirax sarco,0,1,阿根廷
purga continua spirax sarco,0,2,厄瓜多尔、乌拉圭
purga de aire comprimido spirax sarco,0,1,乌拉圭
purga de aire spirax sarco,0,1,阿根廷
purga de fondo a caldera spirax sarco,0,1,墨西哥
purga de fondo spirax sarco,0,4,阿根廷、哥伦比亚、哥斯达黎加、秘鲁
purga de fondo spirax sarco bva,0,1,阿根廷
purga de fondo spirax sarco si2,0,1,阿根廷
purga de sales spirax sarco,0,1,墨西哥
purga de superficie spirax sarco,0,2,秘鲁、智利
purga de vapor spirax sarco,0,1,厄瓜多尔
purga de vapor y eliminacion de aire spirax sarco,0,2,阿根廷、墨西哥
purga de vapor y eliminacion de aire spirax sarco pdf,0,1,阿根廷
purga en el distribuidor de vapor spirax sarco,0,1,阿根廷
purga termodinamica tds 52 spirax sarco,0,1,玻利维亚
purgador automatico spirax sarco,0,1,阿根廷
purgador boia spirax sarco 3 4,0,1,巴西
purgador boia spirax sarco aplicação,0,1,巴西
purgador boia spirax sarco fta10-10,0,1,巴西
purgador bomba spirax sarco sp 2,0,1,巴西
purgador de aire spirax sarco,0,3,阿根廷、秘鲁、墨西哥
purgador de alta capacidade spirax sarco,0,1,巴西
purgador de ar 1 2 spirax sarco,0,1,巴西
purgador spa spirax sarco,0,1,巴拉圭
purgador spirax sarco vapor,0,1,阿根廷
purgador termodinamico spirax sarco con filtro de 1 2 precio,0,1,巴拉圭
purgador termodinamico spirax sarco precio,0,1,巴拉圭
purgador termodinamico spirax sarco td 53,0,1,秘鲁
purgadores de boia spirax sarco,0,1,葡萄牙
purgadores de boya cerrada f44 spirax sarco,0,1,阿根廷
purgas de calderas spirax sarco,0,3,阿根廷、墨西哥、智利
purgas de linea de aire comprimido spirax sarco,0,1,阿根廷
purge sonde spirax sarco,0,1,比利时
purgeur a flotteur spirax sarco,0,2,加拿大、美国
purgeur à flotteur spirax sarco,0,1,比利时
purgeur condensat vapeur spirax sarco,0,3,加拿大、喀麦隆、美国
pv6211 spirax sarco,0,1,秘鲁
ql43d spirax sarco,0,1,阿根廷
que es spirax sarco,0,2,阿根廷、墨西哥
racks de distribucion de vapor spirax sarco,0,1,阿根廷
racks reguladores de vapor spirax sarco,0,1,阿根廷
radar de onda guiada spirax sarco,0,1,阿根廷
rango de presion de valvulas reguladoras de vapor spirax sarco,0,1,墨西哥
recuperacion condensado spirax sarco,0,1,萨尔瓦多
recuperación de condensado en sistemas industriales de vapor spirax sarco,0,1,哥伦比亚
recuperación de condensado spirax sarco,0,3,阿根廷、墨西哥、乌拉圭
recuperacion de condensado spirax sarco pdf,0,1,萨尔瓦多
recuperador de condensado spirax sarco,0,1,阿根廷
recuperardo de calor gases combustion spirax sarco,0,1,乌拉圭
rediheat spirax sarco,0,2,澳大利亚、美国
reduceerventiel stoom spirax sarco type 5,0,1,比利时
reducing valve spirax sarco,0,1,南非
reductor de vapor spirax sarco,0,1,厄瓜多尔
reductor de vapor spirax sarco cad,0,1,厄瓜多尔
reductoras de presion spirax sarco,0,1,秘鲁
reduktor ciśnienia spirax sarco dn15,0,1,波兰
refacciones spirax sarco mexico,0,1,墨西哥
referencia tecnica tr gcm 05 spirax sarco,0,1,阿根廷
regulador de aire comprimido para 40 bar spirax sarco,0,1,巴拉圭
regulador de presión de vapor mca spirax sarco,0,1,墨西哥
regulador de presion gas spirax sarco,0,1,阿根廷
regulador de presion gas spirax sarco cad,0,1,阿根廷
regulador de presion para agua spirax sarco,0,1,玻利维亚
regulador de presion para vapor spirax sarco,0,3,玻利维亚、墨西哥、智利
regulador de presion para vapor spirax sarco santiago de chile,0,1,智利
regulador de presion spirax sarco,0,1,墨西哥
regulador de presion spirax sarco modulante con temperatura,0,1,阿根廷
regulador de presión spirax sarco prv,0,1,厄瓜多尔
regulador spirax sarco,0,1,厄瓜多尔
regulador spirax sarco 2,0,1,厄瓜多尔
regulador spirax sarco 56756a,0,1,墨西哥
regulador spirax sarco cca 91 km,0,1,哥斯达黎加
regulador spirax sarco cca 91 km calibración,0,1,哥斯达黎加
reguladora de presion spirax sarco lrv,0,1,阿根廷
reguladora de presion spirax sarco lrv 25,0,1,阿根廷
reguladora de presion spirax sarco lrv25,0,1,阿根廷
reguladora de vapor spirax sarco despiece,0,1,阿根廷
reguladora spirax sarco,0,1,墨西哥
reguladora spirax sarco rb,0,1,墨西哥
reguladoras de presion para vapor spirax sarco,0,1,哥斯达黎加
reguladores de presión de operación directa spirax sarco,0,1,墨西哥
reguladores de temperatura de accion directa spirax sarco,0,1,厄瓜多尔
reguladores de vapor spirax sarco,0,1,墨西哥
regulateur de pression vapeur spirax sarco,0,1,加拿大
regulateur pneumatique spirax sarco,0,1,喀麦隆
regulation presure spirax sarco price,0,1,塞尔维亚
regulation presure spirax sarco rusija,0,1,塞尔维亚
regulation presure spirax sarco rusija cena,0,1,塞尔维亚
regulation valve steam spirax sarco,0,1,波兰
regulation valve steam spirax sarco dn 250,0,1,波兰
regulation valve steam spirax sarco dn 65,0,1,波兰
regulator pritiska pare spirax sarco,0,1,塞尔维亚
regulator sondy poziomu wody lc300 spirax sarco,0,1,波兰
regulator valve spirax sarco,0,1,哥伦比亚
regulatori pritiska pare spirax sarco,0,1,塞尔维亚
reindampferzeuger spirax sarco,0,1,德国
related www.spiraxsarco.com global ru spirax sarco,0,1,俄罗斯
reparacion de valvula autopiloteada spirax sarco,0,1,哥伦比亚
representante spirax sarco bahia blanca,0,1,阿根廷
representante spirax sarco colombia,0,4,澳大利亚、哥伦比亚、美国、英国
representante spirax sarco en uruguay,0,1,乌拉圭
representante spirax sarco guatemala,0,1,危地马拉
representante spirax sarco tucuman,0,1,阿根廷
repuestos válvulas reguladoras de vapor spirax sarco,0,1,委内瑞拉
repuestos válvulas reguladoras de vapor spirax sarco colombia,0,1,委内瑞拉
resorte azul spirax sarco,0,1,阿根廷
respiradero spirax sarco catalogo pdf,0,1,墨西哥
respuestos valvula spirax sarco,0,1,阿根廷
retencion de disco spirax sarco,0,1,阿根廷
retorno de condensado spirax sarco esquema,0,1,乌拉圭
revendu spirax sarco suisse,0,1,瑞士
review spirax sarco shares,0,1,英国
revit files of spirax sarco moisture separator,0,1,美国
revit spirax sarco,0,1,美国
rf spirax sarco,0,1,阿根廷
ricardo arbelaiz spirax sarco,0,1,阿根廷
richard hildersley spirax-sarco,0,1,英国
rim 10 spirax sarco,0,2,哥伦比亚、美国
rim 10 spirax sarco im,0,1,哥伦比亚
rkfgfy spirax sarco,0,1,俄罗斯
rkfgfy spirax sarco ghjlfv,0,1,俄罗斯
rnfriador de muestras spirax sarco,0,1,墨西哥
rob king spirax sarco,0,2,美国、英国
rob king spirax sarco ase,0,1,英国
rob larner spirax sarco,0,2,美国、英国
rob spirax sarco,0,1,英国
rob stanley spirax sarco,0,1,美国
rob whittingham spirax sarco uk,0,1,阿根廷
rob wittingham spirax sarco uk,0,1,阿根廷
robinet sfera si maneta spirax sarco,0,1,罗马尼亚
robinet sfera si maneta spirax sarco pret,0,1,罗马尼亚
robineti spirax sarco,0,1,罗马尼亚
ron smith spirax sarco,0,1,美国
rta-spirax sarco rta 1 2,0,1,秘鲁
rtd spirax sarco,0,1,墨西哥
rubros spirax sarco,0,1,秘鲁
ruckschlagventile spirax sarco,0,1,德国
ruspsd01 group global spirax sarco t061036,0,1,俄罗斯
rut spirax sarco chile,0,1,智利
rweparaxcion de valvula autopiloteada spirax sarco,0,1,哥伦比亚
s 25 spirax sarco,0,1,哥伦比亚
s2000 spirax sarco,0,1,乌克兰
s30 spirax sarco,0,1,萨尔瓦多
s4a spirax sarco,0,2,哥伦比亚、墨西哥
sa control valves spirax sarco,0,1,墨西哥
safety valve installation spirax sarco,0,2,加拿大、美国
safety valve sizing spirax sarco,0,2,澳大利亚、俄罗斯
safety valve spirax sarco sv5708,0,1,厄瓜多尔
safety valves spirax sarco,0,2,芬兰、乌拉圭
sale sarco spirax miami,0,1,危地马拉
sale sarco spirax miami trampa de vapor,0,1,危地马拉
sample coler spirax sarco,0,1,乌克兰
sanitary relief valves spirax sarco,0,1,美国
sarco spirax automatic air vents for liquid systems,0,1,南非
sarco spirax convergent-divergentnozzle 500m s steam,0,1,英国
sarco spirax share price,0,1,英国
sarco spirax steam tables,0,7,澳大利亚、比利时、德国、荷兰、加拿大、以色列、英国
sattdampftabelle spirax sarco,0,1,德国
saturarion temperature spirax sarco,0,1,美国
saturated steam properties spirax sarco,0,1,美国
saturated steam spirax sarco,0,6,阿根廷、哥斯达黎加、荷兰、加拿大、美国、墨西哥
saturated steam table pdf spirax sarco,0,1,美国
sbp30 spirax sarco,0,1,印度
scaner s2000 spirax sarco,0,1,乌克兰
scanner 2000 spirax sarco,0,1,美国
scanner s2000 spirax sarco,0,1,乌克兰
scaricatore condensa spirax sarco,0,1,秘鲁
scaricatori di condensa a galleggiante spirax sarco,0,1,加拿大
schéma spirax sarco montage,0,1,比利时
schéma vapeur complet selon spirax sarco,0,1,喀麦隆
schneider spirax sarco linkedin,0,1,瑞士
scope steam spirax sarco,0,1,厄瓜多尔
scs 20 spirax sarco,0,1,俄罗斯
sdcv44 spirax sarco,0,2,阿根廷、墨西哥
sean clay spirax sarco,0,1,美国
sean morris spirax sarco,0,1,英国
seat configuration on a js1020 spirax sarco valve,0,1,南非
secador de humedad 150 spirax sarco,0,1,哥伦比亚
secador vaoir spirax sarco,0,1,乌拉圭
secador vapor spirax sarco,0,1,乌拉圭
seguimiento de ehd1ppnst-1hlg-p2 easy heat spirax sarco,0,1,墨西哥
seidelmann spirax sarco,0,1,德国
seleccion de caldera procedimiento spirax sarco,0,1,秘鲁
seleccion de juntas de expansion spirax sarco,0,1,阿根廷
seleccion de trampas de vapor spirax sarco,0,7,阿根廷、哥伦比亚、秘鲁、墨西哥、萨尔瓦多、乌拉圭、智利
seleccion de trampas de vapor spirax sarco pdf,0,1,哥伦比亚
seleccion de valvula reguladora de presion spirax sarco,0,1,阿根廷
selfacting temperature control valve spirax sarco,0,5,澳大利亚、荷兰、加拿大、美国、英国
seminar spirax sarco,0,1,德国
sensor 2683015430 spirax sarco,0,1,墨西哥
sensor de nivel spirax sarco,0,1,阿根廷
sensor de posición válvula spirax sarco,0,1,阿根廷
sensor modelo 2683015430 spirax sarco,0,1,墨西哥
sensor pt100 spirax sarco conexiones,0,1,墨西哥
separadoe vapor spirax sarco,0,1,乌拉圭
separador 2 spirax sarco,0,1,厄瓜多尔
separador de condensado s150 4 horizontal spirax sarco,0,1,阿根廷
separador de condensado spirax sarco,0,1,墨西哥
separador de gota spirax sarco,0,1,阿根廷
separador de gotas spirax sarco s11,0,1,阿根廷
separador de gotas spirax sarco s1precio,0,1,阿根廷
separador de gotas spirax sarco sanitario,0,1,阿根廷
separador de humedad 1808 spirax sarco,0,1,阿根廷
separador de humedad 1808 spirax sarco ficha tecnica,0,1,阿根廷
separador de humedad spirax sarco s,0,1,哥伦比亚
separador de humedad spirax sarco sos13,0,1,墨西哥
separador de liquido spirax sarco,0,1,阿根廷
separador de liquido spirax sarco cad,0,1,阿根廷
separador spirax sarco,0,1,厄瓜多尔
separador vapor spirax sarco,0,1,乌拉圭
separadores de condensado spirax sarco,0,1,厄瓜多尔
separadores de gotas spirax sarco,0,1,阿根廷
serie 25 spirax sarco,0,1,巴拉圭
service exchange spirax sarco drv 7b30,0,1,英国
service spirax sarco,0,1,阿根廷
service-preise bei spirax sarco,0,1,德国
servo válvulas de vapor spirax sarco,0,1,秘鲁
serwis spirax sarco,0,1,波兰
set temperatura 121 spirax sarco,0,1,厄瓜多尔
sft 125 spirax sarco trap,0,1,哥斯达黎加
sg2 spirax sarco,0,2,阿根廷、墨西哥
sh1512 spirax sarco,0,1,加拿大
share scheme spirax sarco,0,1,英国
shares spirax sarco,0,1,美国
sheldon banks spirax sarco,0,1,美国
sight check spirax sarco,0,1,荷兰
sight glass spirax sarco,0,5,澳大利亚、比利时、加拿大、美国、英国
siłownik elektryczny spirax sarco ael64221js,0,1,波兰
siłownik pneum pn9223e sk 20 mm spirax sarco,0,1,波兰
sistema alimentacion spirax sarco,0,1,乌拉圭
sistema alimentacion spirax sarco fuel oil,0,1,乌拉圭
sistema calentador agua spirax sarco,0,1,墨西哥
sistema de agua de alimentacion spirax sarco,0,1,阿根廷
sistema de calentamiento directo con vapor spirax sarco,0,1,委内瑞拉
sistema de purga spirax sarco,0,1,墨西哥
sistema de trampeo de vapor spirax-sarco,0,1,阿根廷
sistema de trampeo spirax sarco,0,3,阿根廷、墨西哥、萨尔瓦多
sistema spirax sarco,0,1,墨西哥
site spiraxsarco.com spirax sarco argentina,0,1,阿根廷
slider pipe steam spirax sarco standard,0,1,多米尼加共和国
snap four spirax sarco,0,1,德国
snap spirax sarco,0,1,美国
snapfour spirax sarco,0,1,阿根廷
software controlador spirax sarco,0,1,智利
software de dimensionamiento spirax sarco,0,1,阿根廷
software para dimensionar valvulas de control spirax sarco,0,1,玻利维亚
software pcv calc spirax sarco,0,1,阿根廷
sofware controlador spirax sarco,0,1,智利
solenoid valve spirax sarco,0,1,加拿大
sonda capacitiva de nivel spirax sarco,0,1,墨西哥
sonda de conductividad spirax sarco certificacion,0,1,阿根廷
soporte de cañerias de vapor spirax sarco,0,1,乌拉圭
soportes para linea de vapor spirax sarco,0,1,阿根廷
soupape ballon type sv604as-pn40-dn 65 100 spirax sarco,0,1,喀麦隆
soupape balon type sv604as-pn40-dn65 100 spirax sarco,0,1,喀麦隆
soupape spirax sarco,0,1,英国
speaker bluetooth hoparlör spirax sarco,0,1,土耳其
specification of spirax sarco,0,1,德国
specification of spirax sarco traps,0,1,德国
spectris spirax-sarco engineering,0,1,以色列
spirax - sarco s.r.l.,0,1,英国
spirax sarco &amp,0,1,美国
spirax sarco 0190100,0,1,美国
spirax sarco 0190192,0,1,美国
spirax sarco 0459390,0,1,美国
spirax sarco 0459490,0,1,美国
spirax sarco 1 2,0,2,美国、秘鲁
spirax sarco 1 2 lima,0,1,秘鲁
spirax sarco 1 2 safety valve,0,1,美国
spirax sarco 1 2 safety valve 58psi,0,1,美国
spirax sarco 1 2 strainer,0,1,美国
spirax sarco 1 ft-30 f&t steam trap,0,1,墨西哥
spirax sarco 1.25 25 temperature control valve,0,1,美国
spirax sarco 10 si2,0,1,智利
spirax sarco 10 si2 pdf,0,1,智利
spirax sarco 10 sl2,0,1,智利
spirax sarco 1010241475,0,1,美国
spirax sarco 102 00 praha 15,0,1,捷克共和国
spirax sarco 10k,0,1,美国
spirax sarco 1150 northpoint blvd,0,1,美国
spirax sarco 1225680,0,1,德国
spirax sarco 125 strainer,0,1,阿根廷
spirax sarco 125 yf,0,1,美国
spirax sarco 1278187,0,1,美国
spirax sarco 13 whs,0,1,墨西哥
spirax sarco 13 whs precio,0,1,墨西哥
spirax sarco 13e024,0,1,土耳其
spirax sarco 13s,0,1,墨西哥
spirax sarco 1439256,0,1,英国
spirax sarco 14hp,0,1,智利
spirax sarco 15mm steam safety valve,0,1,英国
spirax sarco 16 bar mieszacze,0,1,波兰
spirax sarco 1600 controller,0,1,挪威
spirax sarco 1637000,0,1,澳大利亚
spirax sarco 1650,0,2,德国、美国
spirax sarco 1650 manual,0,5,澳大利亚、德国、加拿大、美国、英国
spirax sarco 1673c4,0,1,美国
spirax sarco 173273,0,1,美国
spirax sarco 17619,0,1,美国
spirax sarco 1808,0,1,德国
spirax sarco 1851490,0,4,澳大利亚、加拿大、美国、英国
spirax sarco 19 bar 276 psi,0,1,玻利维亚
spirax sarco 1948,0,1,墨西哥
spirax sarco 1998,0,1,墨西哥
spirax sarco 1ct,0,4,澳大利亚、加拿大、美国、英国
spirax sarco 2 steam trap,0,3,澳大利亚、美国、英国
spirax sarco 2013 annual report,0,1,澳大利亚
spirax sarco 2016,0,1,智利
spirax sarco 2016 chile ventas,0,1,智利
spirax sarco 2016 grafico tecnico,0,1,智利
spirax sarco 2016 results,0,1,美国
spirax sarco 2017 annual report,0,2,美国、英国
spirax sarco 2018 annual report,0,1,英国
spirax sarco 2018 half year results,0,1,英国
spirax sarco 2018 results,0,1,英国
spirax sarco 205 grafico tecnico,0,1,智利
spirax sarco 211s,0,1,墨西哥
spirax sarco 220632-25-08,0,1,葡萄牙
spirax sarco 221,0,1,墨西哥
spirax sarco 25 3d dwg,0,1,厄瓜多尔
spirax sarco 25 bp,0,3,阿根廷、美国、英国
spirax sarco 25 dwg,0,1,厄瓜多尔
spirax sarco 25 mt,0,2,美国、英国
spirax sarco 25 prv,0,1,美国
spirax sarco 25 prv pressure reducing valve,0,1,美国
spirax sarco 25 prv pressure reducing valve operation,0,1,美国
spirax sarco 25 pte,0,2,美国、英国
spirax sarco 25 series dwg,0,1,厄瓜多尔
spirax sarco 25 series main valve,0,2,美国、英国
spirax sarco 25 series pressure,0,1,美国
spirax sarco 25 series regulator manual,0,3,澳大利亚、美国、英国
spirax sarco 250,0,2,阿根廷、美国
spirax sarco 250 de 2,0,1,墨西哥
spirax sarco 250 strainer,0,2,澳大利亚、美国
spirax sarco 255189,0,1,墨西哥
spirax sarco 25bp,0,2,阿根廷、美国
spirax sarco 25bp as a pressure reducing valve,0,1,美国
spirax sarco 25e,0,3,澳大利亚、美国、英国
spirax sarco 25mt,0,2,美国、英国
spirax sarco 25prv,0,1,特立尼达和多巴哥
spirax sarco 25prv pressure reducing valve,0,1,哥斯达黎加
spirax sarco 25s,0,1,美国
spirax sarco 25te,0,1,美国
spirax sarco 2700,0,1,哥伦比亚
spirax sarco 2700 uniword,0,1,哥伦比亚
spirax sarco 2700 uniworld,0,1,哥伦比亚
spirax sarco 2700 uniworld pdf,0,1,哥伦比亚
spirax sarco 2700 uniworldpdf,0,1,哥伦比亚
spirax sarco 28410-0125,0,1,美国
spirax sarco 2gd bva340,0,1,澳大利亚
spirax sarco 2v8-31107,0,1,美国
spirax sarco 3,0,1,玻利维亚
spirax sarco 3 4 ft-75,0,1,美国
spirax sarco 3 ce 43,0,1,玻利维亚
spirax sarco 3 piece ball valve,0,1,希腊
spirax sarco 3 port valve,0,1,美国
spirax sarco 3 valve,0,1,土耳其
spirax sarco 3 way ball valve,0,1,美国
spirax sarco 3.4.2019,0,1,捷克共和国
spirax sarco 3265797,0,1,巴拉圭
spirax sarco 3320,0,1,美国
spirax sarco 34hp,0,2,加拿大、美国
spirax sarco 353176,0,1,俄罗斯
spirax sarco 3764004,0,1,美国
spirax sarco 39175 fda food steam 7 bar 170,0,1,罗马尼亚
spirax sarco 3d autocad,0,1,阿根廷
spirax sarco 3d cad download,0,1,新西兰
spirax sarco 3d cad library,0,5,阿根廷、美国、墨西哥、瑞士、土耳其
spirax sarco 3d cad model,0,1,墨西哥
spirax sarco 3d download,0,1,新西兰
spirax sarco 3d library,0,1,希腊
spirax sarco 3ᄋ,0,1,韩国
spirax sarco 4 pulgadas,0,1,阿根廷
spirax sarco 4 traders,0,1,希腊
spirax sarco 4028195,0,1,美国
spirax sarco 4028858,0,1,阿根廷
spirax sarco 41574,0,1,秘鲁
spirax sarco 41574 pn 40,0,1,秘鲁
spirax sarco 4372545,0,1,阿根廷
spirax sarco 446,0,1,美国
spirax sarco 46390 steam,0,1,美国
spirax sarco 4700594,0,2,澳大利亚、美国
spirax sarco 47700 a,0,2,澳大利亚、美国
spirax sarco 47700-a,0,2,澳大利亚、美国
spirax sarco 47700a,0,1,澳大利亚
spirax sarco 5 micras,0,1,智利
spirax sarco 50926,0,2,加拿大、美国
spirax sarco 50927,0,2,澳大利亚、美国
spirax sarco 50930,0,2,澳大利亚、美国
spirax sarco 50932,0,1,美国
spirax sarco 50933,0,1,美国
spirax sarco 52,0,1,美国
spirax sarco 52043b,0,1,美国
spirax sarco 52082,0,2,澳大利亚、美国
spirax sarco 54697,0,1,美国
spirax sarco 54844,0,1,美国
spirax sarco 55222,0,1,美国
spirax sarco 55225,0,2,澳大利亚、美国
spirax sarco 55447,0,1,美国
spirax sarco 55475,0,1,美国
spirax sarco 560dcma,0,1,美国
spirax sarco 56643,0,1,美国
spirax sarco 56756 a,0,2,阿根廷、墨西哥
spirax sarco 570,0,1,美国
spirax sarco 570 hj,0,1,美国
spirax sarco 570-gg,0,1,美国
spirax sarco 57059,0,1,美国
spirax sarco 57060,0,1,美国
spirax sarco 57062,0,1,美国
spirax sarco 57063,0,1,美国
spirax sarco 57065,0,6,澳大利亚、加拿大、美国、新加坡、新西兰、印度
spirax sarco 57168,0,1,美国
spirax sarco 5801,0,1,瑞士
spirax sarco 58114,0,1,美国
spirax sarco 5817,0,1,墨西哥
spirax sarco 58173,0,1,美国
spirax sarco 58177,0,1,美国
spirax sarco 582-430,0,1,俄罗斯
spirax sarco 59083,0,1,美国
spirax sarco 59179 a,0,1,美国
spirax sarco 59231-a,0,1,澳大利亚
spirax sarco 59231a,0,1,澳大利亚
spirax sarco 59514,0,1,美国
spirax sarco 59608,0,2,澳大利亚、美国
spirax sarco 5l b1,0,1,俄罗斯
spirax sarco 5l b1 9301 ggg 403,0,1,俄罗斯
spirax sarco 600 series,0,1,美国
spirax sarco 60311,0,1,美国
spirax sarco 60312,0,1,美国
spirax sarco 60315,0,1,美国
spirax sarco 6105016,0,1,秘鲁
spirax sarco 610516,0,1,秘鲁
spirax sarco 6120362,0,1,美国
spirax sarco 6120390,0,1,美国
spirax sarco 61292,0,1,美国
spirax sarco 61467,0,1,美国
spirax sarco 61468,0,1,美国
spirax sarco 61966,0,1,美国
spirax sarco 62094,0,2,澳大利亚、美国
spirax sarco 62652,0,2,俄罗斯、美国
spirax sarco 62762,0,1,澳大利亚
spirax sarco 62800,0,1,美国
spirax sarco 62801,0,1,澳大利亚
spirax sarco 63011,0,1,美国
spirax sarco 63629,0,2,澳大利亚、美国
spirax sarco 64150,0,2,澳大利亚、美国
spirax sarco 64162,0,1,美国
spirax sarco 64168,0,1,美国
spirax sarco 66118,0,1,美国
spirax sarco 66118a,0,1,美国
spirax sarco 66130a,0,3,澳大利亚、加拿大、美国
spirax sarco 66160,0,1,美国
spirax sarco 66173c,0,2,加拿大、美国
spirax sarco 662-t1,0,1,土耳其
spirax sarco 66231,0,1,印度
spirax sarco 666-40,0,1,墨西哥
spirax sarco 66670,0,1,美国
spirax sarco 66671,0,1,美国
spirax sarco 66672,0,1,美国
spirax sarco 67236,0,1,美国
spirax sarco 67908,0,1,美国
spirax sarco 67978,0,1,美国
spirax sarco 67986,0,1,美国
spirax sarco 68525,0,2,澳大利亚、美国
spirax sarco 68530,0,1,美国
spirax sarco 685302,0,1,美国
spirax sarco 68531,0,3,澳大利亚、加拿大、美国
spirax sarco 68568c,0,1,美国
spirax sarco 68568c steam trap,0,1,委内瑞拉
spirax sarco 6902215,0,1,巴拉圭
spirax sarco 6a,0,2,澳大利亚、美国
spirax sarco 6a air vent,0,2,澳大利亚、美国
spirax sarco 70611,0,1,美国
spirax sarco 70870,0,1,美国
spirax sarco 71429,0,1,美国
spirax sarco 72117,0,2,澳大利亚、美国
spirax sarco 72147,0,2,澳大利亚、美国
spirax sarco 72962.3 amazon com,0,2,比利时、美国
spirax sarco 729623,0,3,澳大利亚、加拿大、美国
spirax sarco 72969.3,0,1,委内瑞拉
spirax sarco 72969.3 pdf,0,1,委内瑞拉
spirax sarco 74607,0,1,美国
spirax sarco 74794,0,1,美国
spirax sarco 75171,0,1,美国
spirax sarco 75470,0,1,美国
spirax sarco 75926,0,1,美国
spirax sarco 767,0,1,智利
spirax sarco 767 y strainer,0,1,智利
spirax sarco 8 x 5 mm,0,1,美国
spirax sarco 8024,0,1,阿根廷
spirax sarco 81347,0,1,加拿大
spirax sarco 850,0,1,捷克共和国
spirax sarco 8mm x 5mm,0,1,美国
spirax sarco 8x5mm powder coat tubing,0,1,美国
spirax sarco 8x5mm powder coating hose,0,1,美国
spirax sarco 8x5mm powder hose,0,2,加拿大、美国
spirax sarco 9226e,0,1,美国
spirax sarco 9301,0,1,美国
spirax sarco 9336e,0,1,美国
spirax sarco a 395,0,1,阿根廷
spirax sarco a 57651,0,1,美国
spirax sarco a-395,0,1,美国
spirax sarco a20a,0,1,塞尔维亚
spirax sarco a395,0,1,美国
spirax sarco a743 ca40,0,1,芬兰
spirax sarco about us,0,1,美国
spirax sarco academy,0,2,美国、新西兰
spirax sarco accesorios,0,1,哥斯达黎加
spirax sarco accesorios de gas natural,0,1,阿根廷
spirax sarco accesorios vapor,0,1,阿根廷
spirax sarco accumulator,0,1,澳大利亚
spirax sarco acquires chromalox,0,1,美国
spirax sarco acquires gestra,0,1,美国
spirax sarco acquires thermocoax,0,1,美国
spirax sarco acquisition,0,4,澳大利亚、比利时、加拿大、美国
spirax sarco acquisition of chromalox,0,1,美国
spirax sarco acquisitions,0,1,美国
spirax sarco activitate principala,0,1,罗马尼亚
spirax sarco actuadas,0,1,阿根廷
spirax sarco actuadas on off,0,1,阿根廷
spirax sarco actuador neumatico,0,1,阿根廷
spirax sarco actuadores,0,1,墨西哥
spirax sarco actuadores neumaticos serie pn 9000,0,1,阿根廷
spirax sarco actuated ball valve,0,2,澳大利亚、美国
spirax sarco actuator ginice,0,1,韩国
spirax sarco acummulattor,0,1,波兰
spirax sarco acumulador agua caliente,0,1,墨西哥
spirax sarco ad,0,1,美国
spirax sarco address cheltenham,0,1,美国
spirax sarco address uk,0,1,美国
spirax sarco adelaid,0,1,澳大利亚
spirax sarco adelaifr,0,1,澳大利亚
spirax sarco ael 62213 fs,0,1,俄罗斯
spirax sarco ael 63213 fx,0,1,匈牙利
spirax sarco ael51211jx,0,1,捷克共和国
spirax sarco ael62211jx,0,1,芬兰
spirax sarco ael62213 fs,0,1,俄罗斯
spirax sarco ael63213fx,0,1,匈牙利
spirax sarco ael63231js,0,1,波兰
spirax sarco ael64221js,0,1,波兰
spirax sarco af,0,1,塞尔维亚
spirax sarco af1,0,1,塞尔维亚
spirax sarco af1 a20a,0,1,塞尔维亚
spirax sarco af10,0,1,塞尔维亚
spirax sarco af250,0,1,阿根廷
spirax sarco afip,0,1,阿根廷
spirax sarco agm,0,1,美国
spirax sarco agua para calderas caracteristicas,0,1,阿根廷
spirax sarco agua sobrecalentada tuberias pdf,0,1,智利
spirax sarco aguascalientes,0,1,墨西哥
spirax sarco ahl1,0,1,俄罗斯
spirax sarco air dirt separator,0,1,美国
spirax sarco air eliminator valve,0,1,美国
spirax sarco air regulator,0,1,美国
spirax sarco air release valve,0,1,美国
spirax sarco air relief valve,0,1,美国
spirax sarco air valve,0,2,澳大利亚、美国
spirax sarco air vent 6a,0,2,澳大利亚、美国
spirax sarco air vent manifold,0,1,智利
spirax sarco air vent vacuum breaker,0,4,澳大利亚、加拿大、美国、新西兰
spirax sarco air vent valve,0,2,澳大利亚、美国
spirax sarco air vent vs 204,0,2,澳大利亚、美国
spirax sarco air vents for liquid systems,0,3,澳大利亚、加拿大、美国
spirax sarco aire 41574,0,1,秘鲁
spirax sarco aire 41574 inox,0,1,秘鲁
spirax sarco aire comprimido,0,1,阿根廷
spirax sarco aire comprimido guia tecnica,0,1,阿根廷
spirax sarco algerie,0,2,比利时、加拿大
spirax sarco alivio,0,1,阿根廷
spirax sarco and john crane,0,1,美国
spirax sarco angle seat valve,0,1,美国
spirax sarco ankara,0,1,土耳其
spirax sarco announcement,0,1,美国
spirax sarco annual report 2005,0,1,美国
spirax sarco annual report 2008,0,1,美国
spirax sarco annual report 2009,0,1,美国
spirax sarco annual report 2010,0,1,美国
spirax sarco annual report 2012,0,1,美国
spirax sarco annual report 2013,0,1,美国
spirax sarco annual report 2014,0,1,美国
spirax sarco annual report 2015,0,2,罗马尼亚、美国
spirax sarco annual report 2017,0,2,澳大利亚、美国
spirax sarco annual report 2018,0,3,澳大利亚、荷兰、美国
spirax sarco annual report 2019,0,2,澳大利亚、美国
spirax sarco annual report 2020,0,1,美国
spirax sarco annual report 2021,0,1,美国
spirax sarco annual revenue,0,1,美国
spirax sarco annual sales,0,1,美国
spirax sarco ans1300,0,1,墨西哥
spirax sarco ansi 300,0,1,匈牙利
spirax sarco ansi 300 perforaciones de 0.005 mm,0,1,玻利维亚
spirax sarco anytime portal,0,1,美国
spirax sarco aplikacje,0,1,波兰
spirax sarco applications,0,2,哥伦比亚、墨西哥
spirax sarco applications overview,0,2,哥伦比亚、墨西哥
spirax sarco apt package,0,1,美国
spirax sarco apt pump package,0,3,澳大利亚、加拿大、美国
spirax sarco apt pump trap,0,1,美国
spirax sarco apt sizing,0,1,美国
spirax sarco aptia pump trap,0,1,美国
spirax sarco ar,0,1,哥斯达黎加
spirax sarco ar16f 125 60,0,1,塞尔维亚
spirax sarco argentina catálogo,0,1,荷兰
spirax sarco argentina cuir,0,1,阿根廷
spirax sarco argentina distribuidor mendoza,0,1,阿根廷
spirax sarco argentina don torcuato buenos aires b1611 argentina,0,1,阿根廷
spirax sarco argentina eficiencia,0,1,阿根廷
spirax sarco argentina empleo,0,1,阿根廷
spirax sarco argentina ft 55,0,1,阿根廷
spirax sarco argentina ft 55 balde invertido,0,1,阿根廷
spirax sarco argentina ft550ae,0,1,阿根廷
spirax sarco argentina gerente general,0,1,阿根廷
spirax sarco argentina numero de cuit,0,1,阿根廷
spirax sarco argentina rosario,0,1,阿根廷
spirax sarco argentina rrhh,0,1,阿根廷
spirax sarco argentina sa,0,1,阿根廷
spirax sarco argentina trabajo,0,1,阿根廷
spirax sarco argentina videos,0,1,秘鲁
spirax sarco árlista,0,1,匈牙利
spirax sarco ashley wainwright,0,1,澳大利亚
spirax sarco asia,0,1,美国
spirax sarco assessment center,0,1,美国
spirax sarco assessment centre,0,1,美国
spirax sarco at,0,1,奥地利
spirax sarco atlanta ga,0,2,澳大利亚、美国
spirax sarco atp,0,1,智利
spirax sarco atpn,0,1,智利
spirax sarco attemperator desuperheater,0,1,美国
spirax sarco au,0,1,澳大利亚
spirax sarco audit,0,1,乌克兰
spirax sarco audit raport,0,1,罗马尼亚
spirax sarco audit raport 2015,0,1,罗马尼亚
spirax sarco audit raport 2015 pdf,0,1,罗马尼亚
spirax sarco aus32,0,1,阿根廷
spirax sarco auslegung,0,1,瑞士
spirax sarco australia jobs,0,2,澳大利亚、美国
spirax sarco australia offices,0,1,澳大利亚
spirax sarco authorized distributors utah,0,1,美国
spirax sarco auto clave spares,0,1,南非
spirax sarco autocad,0,6,阿根廷、俄罗斯、哥伦比亚、美国、秘鲁、土耳其
spirax sarco autocad files,0,1,塞尔维亚
spirax sarco autocad library,0,1,秘鲁
spirax sarco automatic air and gas vents,0,1,捷克共和国
spirax sarco automatic air and gas vents stainless steel,0,1,捷克共和国
spirax sarco automatic blowdown valve,0,2,澳大利亚、美国
spirax sarco automatic drain valve,0,1,乌克兰
spirax sarco automatic globe valve,0,1,克罗地亚
spirax sarco automatische ontluchter,0,1,荷兰
spirax sarco awards,0,1,美国
spirax sarco ax automatische ontluchter,0,1,荷兰
spirax sarco b series control valve,0,3,澳大利亚、加拿大、美国
spirax sarco b series steam traps,0,1,萨尔瓦多
spirax sarco b-2-180,0,1,美国
spirax sarco b-2-180 in-line horizontal bucket trap cover,0,1,美国
spirax sarco b-3 trap thermodynamic equivalent,0,1,加拿大
spirax sarco b12,0,2,澳大利亚、美国
spirax sarco b18,0,1,美国
spirax sarco b1h15,0,1,澳大利亚
spirax sarco b1h75,0,1,澳大利亚
spirax sarco b1hs 30,0,1,美国
spirax sarco b1hs-125,0,1,美国
spirax sarco b1hs-250,0,1,美国
spirax sarco b2 125,0,1,美国
spirax sarco b25,0,1,美国
spirax sarco b3-30,0,1,美国
spirax sarco b3-75,0,1,美国
spirax sarco b62,0,1,美国
spirax sarco b730,0,1,波兰
spirax sarco back pressure control valve,0,1,美国
spirax sarco back pressure regulator,0,2,澳大利亚、美国
spirax sarco bahía blanca,0,1,阿根廷
spirax sarco balanced pressure steam trap,0,1,美国
spirax sarco balanced pressure thermostatic steam trap,0,1,美国
spirax sarco balancing disc,0,1,美国
spirax sarco ball float steam trap installation,0,1,美国
spirax sarco ball float trap,0,1,美国
spirax sarco ball valve catalogue,0,3,阿根廷、美国、墨西哥
spirax sarco ball valve distributor,0,1,委内瑞拉
spirax sarco ball valve m10v,0,1,哥伦比亚
spirax sarco ball valve m10v2rb,0,1,委内瑞拉
spirax sarco ball valves dn25 to dn150 m20h data sheet,0,1,爱尔兰
spirax sarco ball valves pdf,0,1,阿根廷
spirax sarco ballon d'éclatement,0,1,瑞士
spirax sarco bangladesh,0,1,加拿大
spirax sarco baoh,0,1,罗马尼亚
spirax sarco bar,0,1,智利
spirax sarco barilotto,0,1,捷克共和国
spirax sarco barilotto snímač,0,1,捷克共和国
spirax sarco barometro,0,1,智利
spirax sarco barranquilla,0,1,哥伦比亚
spirax sarco basınç düşürücü,0,1,土耳其
spirax sarco basınç düşürücü montajı,0,1,土耳其
spirax sarco basket strainers,0,1,美国
spirax sarco bayi,0,1,土耳其
spirax sarco bayswater,0,1,澳大利亚
spirax sarco bbb,0,1,美国
spirax sarco bbu 43,0,1,智利
spirax sarco bbu43,0,1,智利
spirax sarco bc,0,1,乌拉圭
spirax sarco bc 3100 pdf,0,1,波兰
spirax sarco bc-3200 3210,0,1,白俄罗斯
spirax sarco bc3100,0,1,保加利亚
spirax sarco bc3200 manual,0,1,美国
spirax sarco bcv,0,1,乌拉圭
spirax sarco bcv 31,0,2,澳大利亚、俄罗斯
spirax sarco bcv31,0,1,俄罗斯
spirax sarco bcv41,0,1,美国
spirax sarco bcv43dn20,0,1,乌拉圭
spirax sarco bdhr,0,1,美国
spirax sarco bdv 980,0,1,南非
spirax sarco bdv1,0,1,加拿大
spirax sarco belarus,0,1,美国
spirax sarco bellows sealed stop valves,0,1,中国香港
spirax sarco benefits,0,1,美国
spirax sarco benelux in ghent,0,1,比利时
spirax sarco beta,0,7,阿根廷、比利时、哥伦比亚、哥斯达黎加、荷兰、秘鲁、墨西哥
spirax sarco bethehem,0,1,美国
spirax sarco bethlehem,0,1,美国
spirax sarco bh 754,0,1,美国
spirax sarco bh-75,0,1,美国
spirax sarco biblioteca cad,0,3,阿根廷、美国、墨西哥
spirax sarco bih,0,1,波斯尼亚和黑塞哥维那
spirax sarco bilder,0,1,瑞士
spirax sarco bimetallic steam traps,0,1,美国
spirax sarco blocks,0,1,阿根廷
spirax sarco blowdown expansion and cooling unit,0,1,塞尔维亚
spirax sarco blowdown heat recovery,0,2,美国、乌拉圭
spirax sarco blytgewood sc,0,1,美国
spirax sarco blythewood sc jobs,0,1,美国
spirax sarco blythewood sc reviews,0,1,美国
spirax sarco blythewood sharon sherbourne,0,1,美国
spirax sarco bma51 b1000117,0,1,美国
spirax sarco board,0,1,美国
spirax sarco boas course,0,2,荷兰、美国
spirax sarco boas training,0,1,美国
spirax sarco body 67986,0,1,美国
spirax sarco body cap f 316,0,1,委内瑞拉
spirax sarco body cap f316,0,1,委内瑞拉
spirax sarco bogota bogota,0,1,哥伦比亚
spirax sarco bogota colombia,0,1,哥伦比亚
spirax sarco bogota colombia nit,0,1,哥伦比亚
spirax sarco boiler automation,0,1,土耳其
spirax sarco boiler blowdown,0,3,澳大利亚、美国、印度
spirax sarco boiler blowdown calculation,0,1,印度
spirax sarco boiler blowdown valves,0,3,阿根廷、澳大利亚、美国
spirax sarco boiler chemicals,0,1,澳大利亚
spirax sarco boiler efficiency,0,2,澳大利亚、美国
spirax sarco boiler feed pump,0,1,美国
spirax sarco boiler feed tank,0,5,澳大利亚、加拿大、美国、新加坡、印度
spirax sarco boiler feed water,0,1,美国
spirax sarco boiler feed water tank,0,1,澳大利亚
spirax sarco boiler fluxogram,0,1,葡萄牙
spirax sarco boiler house,0,4,澳大利亚、美国、墨西哥、希腊
spirax sarco boiler instrumentation,0,2,澳大利亚、美国
spirax sarco boiler level controls,0,2,澳大利亚、美国
spirax sarco boiler manifold,0,1,智利
spirax sarco boiler manual,0,1,乌拉圭
spirax sarco boiler pdf,0,1,乌拉圭
spirax sarco boiler sample cooler,0,2,澳大利亚、美国
spirax sarco boiler solutions,0,1,智利
spirax sarco boiler training,0,2,澳大利亚、美国
spirax sarco boiler video,0,3,澳大利亚、美国、葡萄牙
spirax sarco boiler water treatment,0,2,澳大利亚、美国
spirax sarco boilers,0,1,美国
spirax sarco bolivia filtro,0,1,玻利维亚
spirax sarco bolsa de trabajo,0,1,墨西哥
spirax sarco bolsillo de trampeo,0,1,哥伦比亚
spirax sarco bomba de condensado,0,1,玻利维亚
spirax sarco book free download pdf,0,2,俄罗斯、美国
spirax sarco book online,0,1,丹麦
spirax sarco book pdf,0,1,美国
spirax sarco books,0,3,澳大利亚、加拿大、美国
spirax sarco boru capina gore su tablosu,0,1,土耳其
spirax sarco bottom blowdown,0,1,希腊
spirax sarco bourse,0,1,瑞士
spirax sarco bp 99 32,0,1,匈牙利
spirax sarco bpc,0,1,美国
spirax sarco bpc cv,0,1,捷克共和国
spirax sarco bpcy cv,0,1,捷克共和国
spirax sarco bps32cv,0,1,奥地利
spirax sarco brand guidelines,0,1,美国
spirax sarco brands,0,2,澳大利亚、美国
spirax sarco branża,0,1,波兰
spirax sarco brasil cnpj,0,4,阿根廷、澳大利亚、美国、墨西哥
spirax sarco brasil endereço,0,4,阿根廷、澳大利亚、美国、墨西哥
spirax sarco brasil telefone,0,4,阿根廷、澳大利亚、美国、墨西哥
spirax sarco brazil address,0,1,美国
spirax sarco brewery,0,1,美国
spirax sarco bridas,0,1,阿根廷
spirax sarco bridas dn 15,0,1,阿根廷
spirax sarco bronze safety valve,0,1,美国
spirax sarco bronze strainer,0,2,加拿大、美国
spirax sarco brv instalacion,0,1,阿根廷
spirax sarco brv-25,0,1,哥斯达黎加
spirax sarco brv25,0,2,哥斯达黎加、萨尔瓦多
spirax sarco brzi odvajač kondenzata,0,1,塞尔维亚
spirax sarco bs 7438,0,1,墨西哥
spirax sarco bs1a,0,1,澳大利亚
spirax sarco bsait dn50 pn16,0,1,美国
spirax sarco bt strainer,0,2,加拿大、美国
spirax sarco bt16 trap,0,1,澳大利亚
spirax sarco bt16b manual,0,1,澳大利亚
spirax sarco bth,0,1,匈牙利
spirax sarco bts2,0,1,阿根廷
spirax sarco btu meter,0,2,加拿大、美国
spirax sarco bucket steam traps,0,1,美国
spirax sarco buenos,0,1,捷克共和国
spirax sarco buenos aires,0,1,阿根廷
spirax sarco buhar,0,1,土耳其
spirax sarco buhar el kitabı pdf,0,1,土耳其
spirax sarco buhar laboratuvarı,0,1,土耳其
spirax sarco buhar sayacı,0,1,土耳其
spirax sarco buhar seperatörü,0,1,土耳其
spirax sarco buhar ve kondens sistemleri tasarımı,0,1,土耳其
spirax sarco burner,0,1,委内瑞拉
spirax sarco business model,0,1,波兰
spirax sarco buyer salary,0,1,美国
spirax sarco buys chromalox,0,1,美国
spirax sarco bva,0,1,哥伦比亚
spirax sarco bva325s 14,0,1,智利
spirax sarco bvl,0,1,美国
spirax sarco bvl306,0,1,美国
spirax sarco bvs2 pn25 regulator pritiska pare,0,1,塞尔维亚
spirax sarco bvs2 regulator pritiska pare,0,1,塞尔维亚
spirax sarco bx2,0,1,美国
spirax sarco bx6,0,1,美国
spirax sarco by new zealand,0,1,新西兰
spirax sarco bydrain,0,1,希腊
spirax sarco c1118 c,0,1,新西兰
spirax sarco c16 el,0,1,土耳其
spirax sarco ca 40,0,1,阿根廷
spirax sarco ca40,0,1,阿根廷
spirax sarco ca40f,0,1,美国
spirax sarco ca46s21,0,1,俄罗斯
spirax sarco cad 2d,0,1,阿根廷
spirax sarco cad 3d,0,1,美国
spirax sarco cad blocks,0,1,美国
spirax sarco cad download,0,3,荷兰、美国、新西兰
spirax sarco cad drawings,0,2,美国、土耳其
spirax sarco cad files,0,2,美国、土耳其
spirax sarco cad library return,0,1,阿根廷
spirax sarco cad libruary,0,1,乌克兰
spirax sarco cad models,0,2,美国、土耳其
spirax sarco cad pr,0,1,阿根廷
spirax sarco caida de presion de vapor,0,1,委内瑞拉
spirax sarco cake,0,1,新加坡
spirax sarco calculador de caños de vapor,0,1,阿根廷
spirax sarco calculador online,0,1,哥斯达黎加
spirax sarco calculadora vapor,0,3,阿根廷、哥伦比亚、墨西哥
spirax sarco calculation,0,2,多米尼加共和国、荷兰
spirax sarco calculator steam,0,4,澳大利亚、荷兰、加拿大、美国
spirax sarco calculators,0,5,澳大利亚、比利时、荷兰、加拿大、美国
spirax sarco calculators tank and vats,0,1,智利
spirax sarco calculo,0,1,哥伦比亚
spirax sarco calculo cañerias de vapor,0,1,阿根廷
spirax sarco calculo de cañerias de vapor,0,1,阿根廷
spirax sarco calculo de lineas devapor,0,1,阿根廷
spirax sarco calculo de manifold,0,1,委内瑞拉
spirax sarco calculo de tacho de condensado,0,1,阿根廷
spirax sarco calculo de tuberias de vapor,0,1,委内瑞拉
spirax sarco calculo de tuberias de vapor calculadora,0,1,委内瑞拉
spirax sarco calculo tuberias,0,2,阿根廷、哥斯达黎加
spirax sarco calculo vapor,0,1,阿根廷
spirax sarco calculo vapor tablas,0,1,阿根廷
spirax sarco calculos,0,2,哥伦比亚、哥斯达黎加
spirax sarco caldera,0,1,阿根廷
spirax sarco caldera video,0,1,墨西哥
spirax sarco calderas catalogo,0,1,阿根廷
spirax sarco calderas pdf,0,3,阿根廷、哥伦比亚、哥斯达黎加
spirax sarco calderas y accesorios,0,2,阿根廷、秘鲁
spirax sarco calderas y accesorios 1999,0,1,秘鲁
spirax sarco calderas y accesorios.pdf,0,1,阿根廷
spirax sarco calderas y accesoris,0,1,阿根廷
spirax sarco calderos,0,1,玻利维亚
spirax sarco calentador de agua,0,1,墨西哥
spirax sarco calgary canada,0,2,加拿大、美国
spirax sarco cali colombia,0,2,澳大利亚、美国
spirax sarco cali telefono,0,1,哥伦比亚
spirax sarco cambodia,0,1,美国
spirax sarco canada address,0,1,加拿大
spirax sarco canada careers,0,5,澳大利亚、加拿大、美国、孟加拉国、墨西哥
spirax sarco canada contact,0,2,加拿大、美国
spirax sarco canada distributors,0,2,加拿大、美国
spirax sarco canada edmonton,0,2,加拿大、美国
spirax sarco canada jobs,0,3,澳大利亚、加拿大、美国
spirax sarco canada limited calgary,0,2,加拿大、美国
spirax sarco canada ltd concord events,0,1,加拿大
spirax sarco canada ltd concord on l4k 4j3,0,2,加拿大、美国
spirax sarco canada ltd vaughan on,0,2,加拿大、美国
spirax sarco canada ltee,0,1,加拿大
spirax sarco canada ltée,0,2,加拿大、美国
spirax sarco canada montreal,0,2,加拿大、美国
spirax sarco canada phone,0,1,加拿大
spirax sarco canada phone ontario,0,1,加拿大
spirax sarco canada training,0,2,加拿大、美国
spirax sarco canzada,0,1,加拿大
spirax sarco capacitacion,0,2,阿根廷、墨西哥
spirax sarco capacitacion proyectos,0,1,墨西哥
spirax sarco capital group,0,1,波兰
spirax sarco capsule assembly,0,1,美国
spirax sarco carbon steel strainer,0,1,美国
spirax sarco carbon steel y strainer,0,2,加拿大、美国
spirax sarco careers cheltenham,0,3,澳大利亚、美国、墨西哥
spirax sarco careers egypt,0,1,美国
spirax sarco careers uk,0,3,澳大利亚、美国、墨西哥
spirax sarco carnaxide,0,1,捷克共和国
spirax sarco carrers,0,1,阿根廷
spirax sarco cast iron,0,1,巴拉圭
spirax sarco cast iron argentina,0,1,巴拉圭
spirax sarco cast iron strainer c-125,0,1,秘鲁
spirax sarco cast iron strainer f-125,0,1,秘鲁
spirax sarco cast iron strainers,0,1,美国
spirax sarco catalog,0,5,澳大利亚、比利时、加拿大、美国、以色列
spirax sarco catalog pdf,0,1,匈牙利
spirax sarco catalogo burbujeo,0,1,墨西哥
spirax sarco catalogo dp17s,0,1,委内瑞拉
spirax sarco catalogo international site,0,1,厄瓜多尔
spirax sarco catalogo manometro,0,1,阿根廷
spirax sarco catálogo pdf,0,1,秘鲁
spirax sarco catalogo trampas balde invertido,0,1,阿根廷
spirax sarco catalogo trampas balde invertido medidas,0,1,阿根廷
spirax sarco catalogus pdf,0,1,荷兰
spirax sarco ce 43,0,1,玻利维亚
spirax sarco çek vana,0,1,土耳其
spirax sarco cennik 2016,0,1,波兰
spirax sarco cennik 2017,0,1,波兰
spirax sarco cennik 2018,0,1,波兰
spirax sarco cennik 2019,0,1,波兰
spirax sarco česká republika,0,1,捷克共和国
spirax sarco cf3m,0,2,美国、乌克兰
spirax sarco cf8m,0,2,阿根廷、墨西哥
spirax sarco cfs26,0,1,澳大利亚
spirax sarco changi,0,1,美国
spirax sarco charlton house cheltenham,0,1,美国
spirax sarco check disk,0,1,土耳其
spirax sarco check va,0,2,澳大利亚、美国
spirax sarco check valve pdf,0,1,美国
spirax sarco cheltenham apprenticeships,0,2,哥伦比亚、美国
spirax sarco cheltenham careers,0,2,澳大利亚、美国
spirax sarco cheltenham gl51 9nq,0,1,美国
spirax sarco cheltenham gl53 8er,0,1,美国
spirax sarco cheltenham gloucestershire,0,1,美国
spirax sarco cheltenham job vacancies,0,1,美国
spirax sarco cheltenham postcode,0,1,美国
spirax sarco cheltenham training,0,1,美国
spirax sarco cheltenham uk,0,1,美国
spirax sarco cheltenham vacancies,0,1,美国
spirax sarco cheltenham work experience,0,1,美国
spirax sarco cheltnam courses,0,1,新西兰
spirax sarco chengelet,0,1,印度
spirax sarco chennai careers,0,2,澳大利亚、美国
spirax sarco chennai contact,0,2,澳大利亚、美国
spirax sarco chennai contact number,0,1,美国
spirax sarco chennai job vacancies,0,3,澳大利亚、美国、印度
spirax sarco chennai jobs,0,1,美国
spirax sarco chennai mahindra city,0,1,美国
spirax sarco chiba,0,1,荷兰
spirax sarco chihuahua,0,1,墨西哥
spirax sarco chile santiago de chile dirección,0,1,智利
spirax sarco chile spa,0,1,智利
spirax sarco chile telefono,0,1,智利
spirax sarco china address,0,2,澳大利亚、美国
spirax sarco china water sample cooler system,0,1,毛里求斯
spirax sarco china water sample cooler system cost,0,1,毛里求斯
spirax sarco chloorkop,0,1,美国
spirax sarco ci 125 strainer,0,1,美国
spirax sarco ci 250,0,1,美国
spirax sarco ci-125,0,1,美国
spirax sarco cienega de flores como llegar,0,1,墨西哥
spirax sarco cincinnati,0,1,美国
spirax sarco circuito retorno condensado,0,1,乌拉圭
spirax sarco cl 30,0,1,美国
spirax sarco cl51 9mo,0,1,爱尔兰
spirax sarco clean steam,0,3,澳大利亚、加拿大、美国
spirax sarco clean steam filter,0,2,澳大利亚、美国
spirax sarco clean steam parameters monitoring,0,1,乌克兰
spirax sarco clean steam regulator,0,2,澳大利亚、美国
spirax sarco clean steam sample cooler,0,1,美国
spirax sarco clean steam trap,0,2,克罗地亚、美国
spirax sarco cleveland,0,1,美国
spirax sarco cleveland ohio,0,1,美国
spirax sarco closing facility in longmont co,0,1,美国
spirax sarco cn,0,1,中国香港
spirax sarco co ltd,0,2,澳大利亚、美国
spirax sarco code of conduct,0,1,韩国
spirax sarco codigo 3601210,0,1,阿根廷
spirax sarco codument tis 5.202,0,1,美国
spirax sarco colima tor,0,1,罗马尼亚
spirax sarco collecteur,0,1,瑞士
spirax sarco colombia bogota,0,3,澳大利亚、哥伦比亚、美国
spirax sarco colombia cali,0,2,澳大利亚、美国
spirax sarco colombia cali telefono,0,1,哥伦比亚
spirax sarco colombia direccion,0,2,澳大利亚、美国
spirax sarco colombia nit,0,3,澳大利亚、哥伦比亚、美国
spirax sarco colombia s.a.s,0,5,澳大利亚、比利时、荷兰、加拿大、美国
spirax sarco colombia s.a.s telefono,0,2,澳大利亚、美国
spirax sarco colombia s.a.s.,0,1,美国
spirax sarco colombia sas bogota direccion,0,1,哥伦比亚
spirax sarco colombia sas telefono,0,2,澳大利亚、美国
spirax sarco colombia telefono,0,3,澳大利亚、哥伦比亚、美国
spirax sarco colorado,0,2,澳大利亚、美国
spirax sarco columbia,0,2,澳大利亚、美国
spirax sarco columbia sc jobs,0,1,美国
spirax sarco com ar,0,1,阿根廷
spirax sarco com us,0,1,美国
spirax sarco commercial,0,1,美国
spirax sarco commercial steam humidifier,0,1,美国
spirax sarco como funciona una caldera,0,1,墨西哥
spirax sarco compact clean steam generator,0,1,美国
spirax sarco compact clean steam generator price,0,1,美国
spirax sarco companies house,0,2,澳大利亚、美国
spirax sarco company overview,0,1,美国
spirax sarco company policies,0,1,美国
spirax sarco compressed air solenoid valve,0,1,加拿大
spirax sarco compressed air traps,0,2,美国、南非
spirax sarco compteur vapeur,0,1,比利时
spirax sarco concepcion,0,1,智利
spirax sarco concord,0,2,加拿大、美国
spirax sarco concord ontario,0,1,加拿大
spirax sarco condensado,0,2,墨西哥、乌拉圭
spirax sarco condensados,0,1,阿根廷
spirax sarco condensate at the starup,0,1,乌拉圭
spirax sarco condensate check valve,0,1,美国
spirax sarco condensate design of condendate pdf,0,1,美国
spirax sarco condensate design of condensate pdf,0,1,美国
spirax sarco condensate electric pump recovery,0,1,乌拉圭
spirax sarco condensate flow meter,0,1,美国
spirax sarco condensate handbook pdf,0,1,美国
spirax sarco condensate line design,0,1,土耳其
spirax sarco condensate line sizing,0,2,加拿大、美国
spirax sarco condensate mixer,0,1,美国
spirax sarco condensate pump and receiver,0,1,加拿大
spirax sarco condensate pump installation,0,1,美国
spirax sarco condensate pump package,0,1,美国
spirax sarco condensate pump parts,0,2,加拿大、美国
spirax sarco condensate pump ppcs,0,1,厄瓜多尔
spirax sarco condensate pump ptc,0,1,美国
spirax sarco condensate pump recovery,0,1,乌拉圭
spirax sarco condensate pump sizing,0,1,美国
spirax sarco condensate pump trap,0,3,澳大利亚、加拿大、美国
spirax sarco condensate receiver tank,0,4,澳大利亚、加拿大、美国、秘鲁
spirax sarco condensate recovery pdf,0,1,美国
spirax sarco condensate recovery pump,0,1,美国
spirax sarco condensate recovery system,0,1,美国
spirax sarco condensate return,0,1,美国
spirax sarco condensate return system,0,1,美国
spirax sarco condensate return unit,0,2,加拿大、美国
spirax sarco condensate tank,0,1,美国
spirax sarco condensate vacuum vent,0,1,美国
spirax sarco condensing vessel,0,1,塞尔维亚
spirax sarco condenspot filter,0,1,荷兰
spirax sarco conector pt2,0,1,巴拉圭
spirax sarco connectors,0,1,葡萄牙
spirax sarco consumo gas en caldera,0,1,阿根廷
spirax sarco contact email,0,1,美国
spirax sarco continuous blowdown,0,1,智利
spirax sarco continuous blowdown valve,0,1,智利
spirax sarco control software sx-uni,0,1,智利
spirax sarco control valve 93ad,0,1,波兰
spirax sarco control valve actuators and positioners,0,3,澳大利亚、加拿大、美国
spirax sarco control valve calibration,0,1,美国
spirax sarco control valve catalogue,0,1,美国
spirax sarco control valve characteristics,0,2,荷兰、美国
spirax sarco control valve ke43,0,1,美国
spirax sarco control valve open position,0,1,爱尔兰
spirax sarco control valve v93ad,0,1,波兰
spirax sarco control valves cad drawings,0,2,阿根廷、美国
spirax sarco control-valve-sizing-for-steam-systems,0,1,危地马拉
spirax sarco converter for mag 5000,0,1,美国
spirax sarco conxcepcionb,0,1,智利
spirax sarco cooling leg,0,1,丹麦
spirax sarco cooling pot,0,1,加拿大
spirax sarco cooling towers,0,1,新西兰
spirax sarco cordoba,0,1,阿根廷
spirax sarco çorlu,0,1,土耳其
spirax sarco corner horn and brine ave chloorkop,0,1,南非
spirax sarco correo,0,1,秘鲁
spirax sarco correspondence course,0,1,美国
spirax sarco country of origin,0,2,美国、新加坡
spirax sarco country origin,0,1,美国
spirax sarco cp,0,1,智利
spirax sarco cp od fluids,0,1,智利
spirax sarco cp of fluids,0,1,智利
spirax sarco cr,0,1,哥斯达黎加
spirax sarco credit union,0,1,美国
spirax sarco crn,0,1,美国
spirax sarco cross reference,0,3,澳大利亚、加拿大、美国
spirax sarco cru,0,1,中国香港
spirax sarco csf26 filter,0,2,阿根廷、美国
spirax sarco csm c 600,0,2,澳大利亚、美国
spirax sarco csm e,0,1,美国
spirax sarco csm-500,0,1,波兰
spirax sarco csm-c,0,6,澳大利亚、比利时、荷兰、加拿大、美国、以色列
spirax sarco csm-k,0,1,美国
spirax sarco csmc,0,2,澳大利亚、美国
spirax sarco ct y strainer,0,2,加拿大、美国
spirax sarco ct y-strainer,0,2,加拿大、美国
spirax sarco cuadro regulador,0,1,阿根廷
spirax sarco culinary steam,0,1,美国
spirax sarco current share price,0,1,美国
spirax sarco curso,0,1,墨西哥
spirax sarco curso de vapor,0,1,阿根廷
spirax sarco curso vapor,0,2,阿根廷、智利
spirax sarco cursos 2018,0,1,阿根廷
spirax sarco cursos 2019,0,2,阿根廷、墨西哥
spirax sarco cursos mexico,0,1,美国
spirax sarco curva de presion de trabajo,0,1,玻利维亚
spirax sarco curvas de bombas,0,1,墨西哥
spirax sarco curvas de bombas centrifugas,0,1,墨西哥
spirax sarco customers,0,2,澳大利亚、美国
spirax sarco cyber security,0,1,澳大利亚
spirax sarco cyclonic,0,1,美国
spirax sarco d363cvc,0,1,智利
spirax sarco d6 course,0,1,印度
spirax sarco dairy steam cleaner,0,1,蒙古
spirax sarco dairy steam cleaner plc serie,0,1,蒙古
spirax sarco dallas,0,1,美国
spirax sarco dampfregelventil,0,2,美国、瑞士
spirax sarco dampfregelventil mit ausgleich,0,1,美国
spirax sarco dampftabelle,0,1,瑞士
spirax sarco dampfventil,0,1,奥地利
spirax sarco dampteknologi norge 2026,0,1,澳大利亚
spirax sarco data sheets,0,2,澳大利亚、美国
spirax sarco de venta en guatemala,0,1,危地马拉
spirax sarco de venta en quito,0,1,厄瓜多尔
spirax sarco deaerator head,0,1,美国
spirax sarco dealer in dubai,0,1,美国
spirax sarco dealer in india,0,1,美国
spirax sarco dealer in usa,0,1,美国
spirax sarco dealers georgia,0,1,美国
spirax sarco dealers in uae,0,1,美国
spirax sarco deer park tx,0,1,美国
spirax sarco delhi,0,3,澳大利亚、美国、印度
spirax sarco demand specialist,0,1,美国
spirax sarco den páry,0,1,捷克共和国
spirax sarco denver,0,1,美国
spirax sarco desaireador,0,1,乌拉圭
spirax sarco descargas,0,5,阿根廷、哥伦比亚、哥斯达黎加、秘鲁、墨西哥
spirax sarco desgasificador,0,1,阿根廷
spirax sarco desgasifier,0,1,乌拉圭
spirax sarco design boiler video,0,1,玻利维亚
spirax sarco design of condensate recovery system pdf,0,1,美国
spirax sarco design of fluid,0,1,美国
spirax sarco design of fluid system pdf,0,1,美国
spirax sarco design of fluid systems hookups,0,1,美国
spirax sarco design of fluid systems hookups pdf,0,2,俄罗斯、美国
spirax sarco design of fluid systems pdf,0,1,美国
spirax sarco design of fluid systems steam utilization,0,2,哥伦比亚、美国
spirax sarco desuperheater calculations,0,1,美国
spirax sarco deutschland und österreich,0,1,瑞士
spirax sarco df,0,3,澳大利亚、加拿大、美国
spirax sarco df3,0,1,美国
spirax sarco dfg 300,0,1,丹麦
spirax sarco dfu,0,1,墨西哥
spirax sarco dfu trampa de vapor,0,1,墨西哥
spirax sarco dfu valcula de corte,0,1,墨西哥
spirax sarco di indonesia,0,1,美国
spirax sarco diagram k zjisteni mnozstvi pary po expanzi,0,1,捷克共和国
spirax sarco diagram mnozstvi pary po expanzi,0,1,捷克共和国
spirax sarco diaphragm actuator,0,1,委内瑞拉
spirax sarco diary steam cleaner,0,1,蒙古
spirax sarco diary steam cleaner working,0,1,蒙古
spirax sarco dic welded,0,1,墨西哥
spirax sarco diffuser installation,0,1,爱沙尼亚
spirax sarco diffuser installation site spiraxsarco.com,0,1,爱沙尼亚
spirax sarco digital cycle counter,0,1,美国
spirax sarco digital transformation initiatives,0,1,美国
spirax sarco dilatacion termica,0,1,哥斯达黎加
spirax sarco dimensionamiento tuberias,0,1,哥伦比亚
spirax sarco dimensionar trampa de vapor,0,1,墨西哥
spirax sarco direccion,0,2,阿根廷、墨西哥
spirax sarco direct acting pressure reducing valve,0,1,美国
spirax sarco direct acting prv,0,1,美国
spirax sarco direct acting valves,0,1,澳大利亚
spirax sarco director general,0,1,哥斯达黎加
spirax sarco director salary,0,1,美国
spirax sarco distribucion de aire comprimido,0,1,阿根廷
spirax sarco distribuidor de flujo universal,0,1,墨西哥
spirax sarco distribuidores en méxico,0,1,美国
spirax sarco distribuidores estados unidos,0,1,哥伦比亚
spirax sarco distribution,0,3,澳大利亚、加拿大、美国
spirax sarco distributor in pakistan,0,1,美国
spirax sarco distributor nigeria,0,1,尼日利亚
spirax sarco distributors california,0,2,澳大利亚、美国
spirax sarco distributors florida,0,1,美国
spirax sarco distributors in dubai,0,1,美国
spirax sarco distributors in malaysia,0,1,美国
spirax sarco distributors in missouri,0,1,美国
spirax sarco distributors ireland,0,1,美国
spirax sarco distributors jakarta,0,1,美国
spirax sarco distributors malaysia,0,1,美国
spirax sarco distributors mexico,0,1,墨西哥
spirax sarco distributors michigan,0,1,美国
spirax sarco distributors middle east,0,1,美国
spirax sarco distributors pa,0,1,美国
spirax sarco distributors qatar,0,1,美国
spirax sarco distributors saudi arabia,0,2,澳大利亚、美国
spirax sarco distributors usa locations,0,1,美国
spirax sarco diva flow meter,0,1,美国
spirax sarco diva steam meter,0,1,美国
spirax sarco dividend dates,0,1,美国
spirax sarco dividend history,0,2,荷兰、美国
spirax sarco dividend performance,0,1,荷兰
spirax sarco dividends,0,1,美国
spirax sarco dm582a,0,1,丹麦
spirax sarco dn 50,0,1,墨西哥
spirax sarco dn18,0,1,塞尔维亚
spirax sarco dn25 pn16,0,1,美国
spirax sarco dn32 pn16 25 datasheet,0,1,比利时
spirax sarco dn32 pn16/25 datasheet,0,1,比利时
spirax sarco dn40 pn16,0,2,丹麦、美国
spirax sarco dn50 zawor para,0,1,波兰
spirax sarco dn80,0,1,葡萄牙
spirax sarco dn80 pn16 flange dimensions,0,1,澳大利亚
spirax sarco dn80 valvula preço,0,1,葡萄牙
spirax sarco dn80 valvula preçp,0,1,葡萄牙
spirax sarco document tis 5.202,0,1,美国
spirax sarco downloads,0,4,荷兰、捷克共和国、美国、葡萄牙
spirax sarco dp 143dn-80,0,1,波兰
spirax sarco dp 17t,0,1,墨西哥
spirax sarco dp143e,0,1,美国
spirax sarco dp17e,0,1,美国
spirax sarco dp17r,0,1,美国
spirax sarco dp17s precio,0,1,委内瑞拉
spirax sarco dp610,0,1,中国香港
spirax sarco dpe 2-1 2 in drip pan elbow,0,1,美国
spirax sarco drain trap,0,1,乌拉圭
spirax sarco dri-line mk2,0,1,希腊
spirax sarco dri-line mk2 χρυσαφιδης,0,1,希腊
spirax sarco dri-line mk2 χρυσσαφιης,0,1,希腊
spirax sarco dri-line mk3,0,1,希腊
spirax sarco drip trap,0,1,美国
spirax sarco drv2s,0,1,俄罗斯
spirax sarco dry saturated steam,0,4,阿根廷、哥斯达黎加、美国、墨西哥
spirax sarco dry saturated steam table,0,4,澳大利亚、比利时、加拿大、美国
spirax sarco dry steam,0,1,斯洛伐克
spirax sarco dry steam table,0,8,澳大利亚、哥伦比亚、哥斯达黎加、荷兰、加拿大、美国、新加坡、新西兰
spirax sarco dueños,0,1,墨西哥
spirax sarco duitsland,0,1,荷兰
spirax sarco duplex basket strainer,0,1,美国
spirax sarco duplex condensate pump,0,2,加拿大、美国
spirax sarco duplex pump package,0,1,美国
spirax sarco duramix 8000,0,1,美国
spirax sarco dv41,0,1,委内瑞拉
spirax sarco dvc41,0,1,美国
spirax sarco dystrybutor,0,1,波兰
spirax sarco e 500,0,1,阿根廷
spirax sarco e-bay,0,1,哥伦比亚
spirax sarco e12,0,1,美国
spirax sarco ea,0,1,波兰
spirax sarco ea14e,0,1,波兰
spirax sarco early careers -,0,1,澳大利亚
spirax sarco earning date,0,1,中国香港
spirax sarco east africa,0,1,加拿大
spirax sarco ebay,0,1,尼加拉瓜
spirax sarco economizador caldersa,0,1,阿根廷
spirax sarco ecuacion de vapor,0,1,秘鲁
spirax sarco eeu,0,1,哥伦比亚
spirax sarco eğitimleri,0,1,土耳其
spirax sarco egypt address,0,1,美国
spirax sarco egypt careers,0,2,澳大利亚、美国
spirax sarco egypt llc,0,2,加拿大、美国
spirax sarco ejemplos,0,1,阿根廷
spirax sarco ekonomizer,0,1,土耳其
spirax sarco el salvador,0,1,萨尔瓦多
spirax sarco el7213ase,0,2,澳大利亚、比利时
spirax sarco electric positioner,0,1,希腊
spirax sarco electric steam generator,0,1,美国
spirax sarco electromagnetic flow meter,0,1,美国
spirax sarco eliminador de aire,0,1,墨西哥
spirax sarco eliminador de ar h 17,0,1,墨西哥
spirax sarco eliminador de condensado,0,1,秘鲁
spirax sarco email address format,0,1,美国
spirax sarco email format,0,2,加拿大、美国
spirax sarco emco,0,1,美国
spirax sarco emniyet ventili,0,1,土耳其
spirax sarco empleo,0,3,阿根廷、哥伦比亚、墨西哥
spirax sarco employee benefits,0,1,美国
spirax sarco employee reviews,0,1,美国
spirax sarco empresa,0,1,智利
spirax sarco empresa de automação,0,1,美国
spirax sarco en chile,0,1,智利
spirax sarco en españa,0,1,哥伦比亚
spirax sarco en españa empleos,0,1,哥伦比亚
spirax sarco en francia,0,1,阿根廷
spirax sarco en guayaquil,0,1,厄瓜多尔
spirax sarco en la sala de caldera,0,1,阿根廷
spirax sarco en rosario,0,1,阿根廷
spirax sarco en toluca,0,1,墨西哥
spirax sarco en-jl1040,0,1,匈牙利
spirax sarco end markets,0,1,美国
spirax sarco energy management solutions,0,1,美国
spirax sarco energy service manager,0,1,美国
spirax sarco energy solutions llc,0,1,美国
spirax sarco eng,0,1,美国
spirax sarco engineer,0,1,美国
spirax sarco engineer salary,0,1,美国
spirax sarco engineered systems,0,1,美国
spirax sarco engineereing ltd,0,1,波兰
spirax sarco engineering annual report,0,2,加拿大、美国
spirax sarco engineering annual report 2016,0,1,罗马尼亚
spirax sarco engineering annual report 2017,0,3,澳大利亚、罗马尼亚、美国
spirax sarco engineering annual report 2018,0,2,罗马尼亚、美国
spirax sarco engineering apprenticeships,0,1,美国
spirax sarco engineering board of directors,0,1,美国
spirax sarco engineering calculator,0,1,斯洛文尼亚
spirax sarco engineering careers,0,3,澳大利亚、美国、墨西哥
spirax sarco engineering ceo,0,1,美国
spirax sarco engineering cheltenham,0,1,美国
spirax sarco engineering chiel,0,1,智利
spirax sarco engineering chile,0,1,智利
spirax sarco engineering company,0,2,加拿大、美国
spirax sarco engineering contact,0,1,澳大利亚
spirax sarco engineering email,0,1,美国
spirax sarco engineering global graduate development programme,0,1,美国
spirax sarco engineering graduate,0,2,澳大利亚、美国
spirax sarco engineering grafico tecnico,0,1,智利
spirax sarco engineering group,0,2,波兰、美国
spirax sarco engineering investor relations,0,1,美国
spirax sarco engineering limited,0,1,美国
spirax sarco engineering locations,0,1,美国
spirax sarco engineering logo,0,1,美国
spirax sarco engineering london stock exchange,0,1,美国
spirax sarco engineering news,0,1,美国
spirax sarco engineering pl,0,1,美国
spirax sarco engineering plc address,0,3,加拿大、美国、新加坡
spirax sarco engineering plc analyst price target disagreement,0,1,加拿大
spirax sarco engineering plc annual report 2014,0,1,美国
spirax sarco engineering plc annual report 2017,0,1,美国
spirax sarco engineering plc annual report 2018,0,2,澳大利亚、美国
spirax sarco engineering plc bullish and bearish analyst opinions,0,1,加拿大
spirax sarco engineering plc careers,0,1,美国
spirax sarco engineering plc ceo,0,1,美国
spirax sarco engineering plc cfo,0,1,美国
spirax sarco engineering plc email,0,1,美国
spirax sarco engineering plc email address,0,1,美国
spirax sarco engineering plc forecast and analysis,0,2,澳大利亚、加拿大
spirax sarco engineering plc ft,0,2,美国、新加坡
spirax sarco engineering plc investor presentation,0,1,美国
spirax sarco engineering plc investor relations,0,1,美国
spirax sarco engineering plc linkedin,0,1,美国
spirax sarco engineering plc logo,0,1,美国
spirax sarco engineering plc podmioty zależne,0,1,波兰
spirax sarco engineering plc wiki,0,1,美国
spirax sarco engineering plc www spiraxsarcoengineering com 2017 annual report,0,2,澳大利亚、美国
spirax sarco engineering salary,0,1,美国
spirax sarco engineering stock,0,3,巴拉圭、加拿大、新加坡
spirax sarco engineering tutorials,0,2,澳大利亚、哥伦比亚
spirax sarco enjs1025,0,4,澳大利亚、比利时、荷兰、加拿大
spirax sarco entalpia,0,1,阿根廷
spirax sarco enthalpy,0,1,乌拉圭
spirax sarco enthalpy calculator,0,3,澳大利亚、南非、新西兰
spirax sarco ep 305,0,2,阿根廷、俄罗斯
spirax sarco ep 305 din 3443 dn80,0,1,阿根廷
spirax sarco ep3 positioner,0,1,墨西哥
spirax sarco ep305,0,1,阿根廷
spirax sarco epr fn2sn3ntr,0,1,阿根廷
spirax sarco ergonomia,0,1,阿根廷
spirax sarco error 4,0,1,芬兰
spirax sarco és tlv by-pass,0,1,匈牙利
spirax sarco es000110,0,1,加拿大
spirax sarco español,0,1,秘鲁
spirax sarco esperanza,0,1,阿根廷
spirax sarco espesores de aislaciones,0,1,乌拉圭
spirax sarco estacion de vapor,0,1,墨西哥
spirax sarco estacion reductora de vapor,0,1,哥伦比亚
spirax sarco ev141,0,1,比利时
spirax sarco ev41,0,1,比利时
spirax sarco evaporation rate,0,1,澳大利亚
spirax sarco expander pary,0,1,捷克共和国
spirax sarco expansion joint,0,3,澳大利亚、哥斯达黎加、加拿大
spirax sarco expansion loop,0,1,澳大利亚
spirax sarco experiencia soluciones,0,1,墨西哥
spirax sarco extranet,0,1,阿根廷
spirax sarco eyector de vapor,0,1,乌拉圭
spirax sarco f50,0,1,中国香港
spirax sarco fabrica,0,1,墨西哥
spirax sarco facebook,0,1,墨西哥
spirax sarco faltenbalg absperrventil,0,1,荷兰
spirax sarco fan,0,1,乌拉圭
spirax sarco fc50,0,1,中国香港
spirax sarco fig 106,0,1,墨西哥
spirax sarco fig 32,0,1,阿根廷
spirax sarco fig 33 strainer,0,1,中国香港
spirax sarco filter regulator,0,1,荷兰
spirax sarco filter tramp,0,1,哥伦比亚
spirax sarco filter y,0,1,荷兰
spirax sarco filtr sw,0,1,墨西哥
spirax sarco filtro 33,0,1,墨西哥
spirax sarco filtro at,0,1,阿根廷
spirax sarco filtro at 3 4 bsp,0,1,阿根廷
spirax sarco filtro at 3601210,0,1,阿根廷
spirax sarco filtro bridado ci,0,1,秘鲁
spirax sarco filtro de hierro fundido,0,1,阿根廷
spirax sarco filtro fig 14,0,1,墨西哥
spirax sarco filtro y 3 4,0,1,阿根廷
spirax sarco filtro y 3 4 dimensiones,0,1,阿根廷
spirax sarco financial calendar,0,1,加拿大
spirax sarco financials morningstar,0,1,荷兰
spirax sarco fitlros,0,1,阿根廷
spirax sarco fjw-1 sarco,0,1,阿根廷
spirax sarco flanged y strainer,0,1,加拿大
spirax sarco flash steam recovery,0,1,澳大利亚
spirax sarco flash steam recovery vessels,0,1,罗马尼亚
spirax sarco flash vessels,0,1,阿根廷
spirax sarco flexibility,0,1,墨西哥
spirax sarco float steam trap,0,1,加拿大
spirax sarco float trap selection,0,1,孟加拉国
spirax sarco float trap sizing,0,1,孟加拉国
spirax sarco flow coefficient,0,1,爱尔兰
spirax sarco flow meter manual,0,1,乌克兰
spirax sarco flow meter steam,0,1,阿根廷
spirax sarco flr,0,1,乌拉圭
spirax sarco flujo de vapor en tuberias,0,1,墨西哥
spirax sarco fole,0,1,葡萄牙
spirax sarco food and beverage,0,1,澳大利亚
spirax sarco forbes marshall split,0,1,印度
spirax sarco founded,0,1,塞尔维亚
spirax sarco france address,0,1,澳大利亚
spirax sarco ft 145,0,1,厄瓜多尔
spirax sarco ft 200,0,1,萨尔瓦多
spirax sarco ft 4 5,0,1,土耳其
spirax sarco ft 47h-08tv-dn 25,0,1,荷兰
spirax sarco ft 55,0,4,阿根廷、巴拉圭、哥伦比亚、墨西哥
spirax sarco ft 551,0,1,阿根廷
spirax sarco ft traps,0,1,澳大利亚
spirax sarco ft-15 float and thermostatic parallel pipe connections,0,1,加拿大
spirax sarco ft-185,0,1,匈牙利
spirax sarco ft-2075 steam trap,0,1,加拿大
spirax sarco ft-44v,0,1,俄罗斯
spirax sarco ft145,0,1,厄瓜多尔
spirax sarco ft14c,0,1,澳大利亚
spirax sarco ft15 capacity,0,1,加拿大
spirax sarco ft15 steam trap,0,1,加拿大
spirax sarco ft200,0,1,萨尔瓦多
spirax sarco ft2075,0,1,加拿大
spirax sarco ft2075 steam trap,0,1,加拿大
spirax sarco ft4310,0,3,澳大利亚、比利时、荷兰
spirax sarco ft43v,0,1,荷兰
spirax sarco ft55,0,1,阿根廷
spirax sarco ft55 tv,0,1,阿根廷
spirax sarco ft57,0,1,俄罗斯
spirax sarco ft57h,0,1,奥地利
spirax sarco ft75,0,1,加拿大
spirax sarco ftd,0,1,阿根廷
spirax sarco ftd 2,0,1,阿根廷
spirax sarco ftdh 2,0,1,阿根廷
spirax sarco ftgs,0,1,波兰
spirax sarco fv50,0,1,中国香港
spirax sarco gas,0,1,阿根廷
spirax sarco gas natural,0,1,阿根廷
spirax sarco gas outlet,0,1,捷克共和国
spirax sarco gate valve pn25,0,1,新西兰
spirax sarco gauge 1000kpa,0,1,澳大利亚
spirax sarco gauge 1571001000,0,1,澳大利亚
spirax sarco gaziantep,0,1,土耳其
spirax sarco generador de vapor,0,1,墨西哥
spirax sarco generadores de vapor,0,1,墨西哥
spirax sarco genleşme,0,1,土耳其
spirax sarco gerente,0,1,阿根廷
spirax sarco gestion,0,1,墨西哥
spirax sarco gestra india,0,2,澳大利亚、印度
spirax sarco gg,0,1,波兰
spirax sarco gg25,0,2,波兰、加拿大
spirax sarco ghjlfv,0,1,俄罗斯
spirax sarco gjs 100,0,1,荷兰
spirax sarco gl51,0,1,波兰
spirax sarco global graduate engineer salary,0,1,印度
spirax sarco global graduate programme salary,0,2,澳大利亚、加拿大
spirax sarco globe control valve,0,1,澳大利亚
spirax sarco globe valve installation,0,2,澳大利亚、墨西哥
spirax sarco globe valve manual,0,1,墨西哥
spirax sarco gmbh founded,0,1,塞尔维亚
spirax sarco gmbh reichenaustr 20 de-78467 konstanz,0,1,波兰
spirax sarco grad program,0,1,澳大利亚
spirax sarco gradaute salary,0,1,希腊
spirax sarco graduate program,0,1,澳大利亚
spirax sarco graduate program ability test question,0,1,印度
spirax sarco graduate program australia,0,1,澳大利亚
spirax sarco graduate programme 2019,0,1,墨西哥
spirax sarco graduate programme salary,0,5,阿根廷、澳大利亚、加拿大、南非、希腊
spirax sarco graduate programme salary melbourne,0,1,澳大利亚
spirax sarco graduate salary,0,2,澳大利亚、南非
spirax sarco graduates,0,1,澳大利亚
spirax sarco graduation program selection,0,1,印度
spirax sarco grundlagen dampf,0,2,奥地利、瑞士
spirax sarco guadalajara telefono,0,1,墨西哥
spirax sarco guadalajara teléfono,0,1,墨西哥
spirax sarco guia de referencia tecnica,0,3,阿根廷、玻利维亚、墨西哥
spirax sarco guia de referencia técnica descargar,0,1,阿根廷
spirax sarco guia de referencia tecnica distribucion del vapor,0,1,墨西哥
spirax sarco guia de referencia técnica tr-gcm-05,0,1,阿根廷
spirax sarco guide,0,1,希腊
spirax sarco guilldermo 21-24 lima,0,1,秘鲁
spirax sarco guilldermo dansey 21-24 lima,0,1,秘鲁
spirax sarco hanger,0,1,多米尼加共和国
spirax sarco hanger support,0,1,多米尼加共和国
spirax sarco hangi ülkenin malı,0,1,土耳其
spirax sarco hartmann,0,1,丹麦
spirax sarco hawkes bay,0,1,新西兰
spirax sarco heat pipe,0,1,芬兰
spirax sarco heat tables,0,1,克罗地亚
spirax sarco heating charge,0,1,乌拉圭
spirax sarco heating coil for marine applications,0,1,中国香港
spirax sarco heating with coils and jackets,0,1,加拿大
spirax sarco herramientas,0,4,阿根廷、哥伦比亚、哥斯达黎加、墨西哥
spirax sarco historia,0,2,哥伦比亚、秘鲁
spirax sarco hiter crosby,0,1,爱尔兰
spirax sarco hk,0,1,中国香港
spirax sarco hlavatý,0,1,捷克共和国
spirax sarco hm00 6,0,1,希腊
spirax sarco hm00 7,0,1,中国香港
spirax sarco hoja tecnica ti-po 17-07,0,1,智利
spirax sarco hoja tecnica ti-po 17-07 y ti-po 17-16,0,1,智利
spirax sarco hoja tecnica ti-po17-07 y ti-po17-16,0,1,智利
spirax sarco hong kong company limited,0,1,中国香港
spirax sarco hook up,0,1,厄瓜多尔
spirax sarco hook up diagrams,0,1,加拿大
spirax sarco hot well,0,1,澳大利亚
spirax sarco hotwell tank,0,1,澳大利亚
spirax sarco hotwell tanks,0,1,加拿大
spirax sarco how to ensure dry steam,0,1,南非
spirax sarco hr,0,1,加拿大
spirax sarco hr email,0,1,新加坡
spirax sarco hs-7300,0,1,葡萄牙
spirax sarco hs-7300 datasheet,0,1,葡萄牙
spirax sarco hwsus,0,1,智利
spirax sarco ib 10 condensate recovery,0,1,希腊
spirax sarco il1,0,1,俄罗斯
spirax sarco imi 2.3041,0,1,加拿大
spirax sarco in india,0,2,澳大利亚、新西兰
spirax sarco in mahindra city,0,1,印度
spirax sarco in service training 2018,0,1,南非
spirax sarco in25,0,1,立陶宛
spirax sarco inc asbestos,0,1,澳大利亚
spirax sarco incendio,0,1,阿根廷
spirax sarco india address,0,2,孟加拉国、印度
spirax sarco india contact,0,1,印度
spirax sarco india glassdoor,0,1,印度
spirax sarco india noida,0,1,印度
spirax sarco india office,0,1,印度
spirax sarco india products,0,1,印度
spirax sarco india pune,0,1,印度
spirax sarco india pvt ltd careers,0,1,印度
spirax sarco india pvt ltd credit rating,0,1,印度
spirax sarco india pvt ltd jobs,0,2,澳大利亚、印度
spirax sarco india pvt ltd linkedin,0,1,印度
spirax sarco india pvt ltd mumbai,0,1,印度
spirax sarco india pvt ltd noida,0,1,印度
spirax sarco india pvt ltd pune,0,1,印度
spirax sarco india pvt ltd zauba,0,1,印度
spirax sarco india salary,0,1,印度
spirax sarco india turnover,0,1,印度
spirax sarco industry,0,1,澳大利亚
spirax sarco industry sector,0,1,罗马尼亚
spirax sarco infiintata,0,1,罗马尼亚
spirax sarco information book the boiler house,0,1,中国香港
spirax sarco informe de sustentabilidad,0,1,阿根廷
spirax sarco inglaterra,0,1,阿根廷
spirax sarco initial condensate,0,1,乌拉圭
spirax sarco innovacion en energía,0,1,阿根廷
spirax sarco inox,0,1,秘鲁
spirax sarco inox 41574,0,1,秘鲁
spirax sarco ins15,0,1,乌拉圭
spirax sarco instalaciones dee vapor,0,1,阿根廷
spirax sarco insulation,0,1,乌拉圭
spirax sarco intercambiadores de calor,0,1,厄瓜多尔
spirax sarco international headquarters,0,4,哥伦比亚、荷兰、捷克共和国、印度
spirax sarco interview review,0,1,加拿大
spirax sarco introduces new compact heat exchanger,0,1,斯洛文尼亚
spirax sarco investments limited,0,1,韩国
spirax sarco investor,0,1,荷兰
spirax sarco inyector de vapor,0,1,阿根廷
spirax sarco ir,0,1,比利时
spirax sarco isimatik,0,1,土耳其
spirax sarco isolation valves,0,2,澳大利亚、加拿大
spirax sarco italia wiki,0,1,爱尔兰
spirax sarco italy nova milanese mb,0,1,哥伦比亚
spirax sarco ınc,0,1,土耳其
spirax sarco jackets,0,1,乌克兰
spirax sarco jalisco,0,1,墨西哥
spirax sarco japan address,0,1,韩国
spirax sarco jl1040,0,1,挪威
spirax sarco jn massachusetts,0,1,印度
spirax sarco jobs australia,0,2,澳大利亚、新西兰
spirax sarco jobs in canada,0,1,加纳
spirax sarco jobs in mahindra city,0,1,澳大利亚
spirax sarco jordan co,0,1,以色列
spirax sarco jutrzenki,0,1,波兰
spirax sarco jutrzenki 98,0,1,波兰
spirax sarco jy 2,0,1,澳大利亚
spirax sarco k series with peek seat class vi,0,1,加拿大
spirax sarco k14 npt,0,1,加拿大
spirax sarco k14 npt vent,0,1,加拿大
spirax sarco kalkulator,0,1,波兰
spirax sarco kalkulator entalpia,0,1,波兰
spirax sarco karaköy,0,1,土耳其
spirax sarco kariyer,0,1,土耳其
spirax sarco katalog dystrbutor pary sd80s,0,1,波兰
spirax sarco katalog pdf,0,1,荷兰
spirax sarco katalog produktów,0,1,波兰
spirax sarco katalog zzawory z kwasówki,0,1,波兰
spirax sarco ke31,0,1,波兰
spirax sarco ke43ptuss.2,0,1,爱沙尼亚
spirax sarco ke43ptuss.2-kvs370,0,1,爱沙尼亚
spirax sarco képviselet,0,1,匈牙利
spirax sarco kh 1071 t,0,3,澳大利亚、比利时、加拿大
spirax sarco kitap,0,1,土耳其
spirax sarco kızgın buhar,0,1,土耳其
spirax sarco klapy,0,1,波兰
spirax sarco knowledge,0,2,波兰、乌拉圭
spirax sarco kondens hatları,0,1,土耳其
spirax sarco kondens pompa,0,1,土耳其
spirax sarco kondensatavledare,0,1,瑞典
spirax sarco kondenspot,0,1,土耳其
spirax sarco kondenstop fiyat listesi,0,1,土耳其
spirax sarco kondenstop seçimi,0,1,土耳其
spirax sarco kondenstop tipi,0,1,土耳其
spirax sarco kondenzátní nádrž,0,1,捷克共和国
spirax sarco kontakt jan łątka,0,1,波兰
spirax sarco kontrol vanası,0,1,土耳其
spirax sarco koulutus,0,1,芬兰
spirax sarco kpinie,0,1,波兰
spirax sarco krs,0,1,波兰
spirax sarco kugelschwimmerkondensatableiter,0,1,澳大利亚
spirax sarco kurs,0,1,瑞士
spirax sarco kv calculator,0,1,瑞士
spirax sarco kzn,0,1,南非
spirax sarco laboratorio,0,1,墨西哥
spirax sarco laboratorio mexico,0,1,墨西哥
spirax sarco laboratorio mty,0,1,墨西哥
spirax sarco lauhteenpoistimet,0,1,芬兰
spirax sarco lc 2200 controller,0,1,澳大利亚
spirax sarco lc3000 pdf,0,1,波兰
spirax sarco lcs1000,0,1,塞尔维亚
spirax sarco learning,0,1,墨西哥
spirax sarco level probe,0,1,土耳其
spirax sarco level switch,0,1,土耳其
spirax sarco library 3d,0,1,秘鲁
spirax sarco libro español,0,1,阿根廷
spirax sarco libro gratis,0,1,阿根廷
spirax sarco lietuvoje,0,1,立陶宛
spirax sarco lima peru,0,1,秘鲁
spirax sarco limited company profile,0,1,日本
spirax sarco limited kereskedelmi képviselet,0,1,匈牙利
spirax sarco linea condensado,0,1,乌拉圭
spirax sarco lisboa,0,1,葡萄牙
spirax sarco literature,0,4,澳大利亚、加拿大、新加坡、新西兰
spirax sarco ll33 ptsuss.2,0,1,波兰
spirax sarco łódź,0,1,波兰
spirax sarco logos,0,1,阿根廷
spirax sarco lolombia,0,1,厄瓜多尔
spirax sarco loop,0,1,墨西哥
spirax sarco losses steam,0,1,乌拉圭
spirax sarco losses steam orifice,0,1,乌拉圭
spirax sarco lp 10,0,1,阿根廷
spirax sarco lp-st-4,0,1,加拿大
spirax sarco lsb 3 3v 2p 220v,0,1,阿根廷
spirax sarco lsb3 3v 2p 220v,0,1,阿根廷
spirax sarco lt 2010 pdf,0,1,波兰
spirax sarco lt10-4,0,1,墨西哥
spirax sarco lt2010 pdf,0,1,波兰
spirax sarco ltd address,0,1,澳大利亚
spirax sarco ltd denmark,0,1,丹麦
spirax sarco ltd england dansk afd,0,1,丹麦
spirax sarco ltd gl51 9nq,0,1,澳大利亚
spirax sarco ltd gl53 8er,0,1,澳大利亚
spirax sarco ltd ireland,0,1,澳大利亚
spirax sarco ltd kenya,0,1,澳大利亚
spirax sarco ltd linkedin,0,1,澳大利亚
spirax sarco ltd new zealand,0,1,澳大利亚
spirax sarco ltd romania,0,1,罗马尼亚
spirax sarco ltd uae,0,1,澳大利亚
spirax sarco luftudlader,0,1,丹麦
spirax sarco m1 v2,0,1,阿根廷
spirax sarco m10hi2,0,1,阿根廷
spirax sarco m10v2rb,0,1,委内瑞拉
spirax sarco m10vi4,0,1,阿根廷
spirax sarco m111,0,1,中国香港
spirax sarco m140,0,1,阿根廷
spirax sarco m20,0,1,阿根廷
spirax sarco m200 manual,0,1,韩国
spirax sarco m200g manual,0,1,韩国
spirax sarco m250,0,1,阿根廷
spirax sarco m33,0,1,中国香港
spirax sarco m33f2,0,1,秘鲁
spirax sarco m5,0,1,阿根廷
spirax sarco m5 3p 316 pt 3 4,0,1,阿根廷
spirax sarco m60 ti,0,1,中国香港
spirax sarco m60g,0,1,中国香港
spirax sarco m60v,0,1,中国香港
spirax sarco m7iv,0,1,葡萄牙
spirax sarco magnetic flow meter,0,2,澳大利亚、加拿大
spirax sarco magnetic level switch,0,1,罗马尼亚
spirax sarco magnetrol,0,1,阿根廷
spirax sarco magyarország,0,1,匈牙利
spirax sarco mail,0,2,比利时、智利
spirax sarco main valve assembly 114180,0,1,俄罗斯
spirax sarco maintenance,0,1,南非
spirax sarco maintenance kit 905034833,0,1,秘鲁
spirax sarco maintence,0,1,南非
spirax sarco malmö,0,1,瑞典
spirax sarco mamas,0,1,阿根廷
spirax sarco management team,0,3,澳大利亚、比利时、加拿大
spirax sarco manifold,0,2,秘鲁、委内瑞拉
spirax sarco manifold de 6 bar,0,1,秘鲁
spirax sarco manizales,0,1,哥伦比亚
spirax sarco manometer,0,1,丹麦
spirax sarco manometer with transducer,0,1,比利时
spirax sarco manometro vapor,0,1,智利
spirax sarco manual ingeniero,0,1,智利
spirax sarco manual redes de vapor,0,1,阿根廷
spirax sarco manuales,0,1,阿根廷
spirax sarco manufacturing locations,0,3,澳大利亚、荷兰、加拿大
spirax sarco marketing,0,15,阿根廷、澳大利亚、比利时、俄罗斯、哥伦比亚、韩国、荷兰、加拿大、墨西哥、南非、塞尔维亚、土耳其、乌克兰、以色列、印度
spirax sarco marketing strategy,0,1,波兰
spirax sarco markham,0,1,加拿大
spirax sarco mechanical traps,0,1,乌拉圭
spirax sarco medellin,0,1,哥伦比亚
spirax sarco medidores de agua,0,1,墨西哥
spirax sarco mejico,0,1,秘鲁
spirax sarco mendoza,0,1,阿根廷
spirax sarco mercado libre,0,1,阿根廷
spirax sarco meters,0,2,新加坡、印度
spirax sarco mexicana cienega de flores,0,1,墨西哥
spirax sarco mexicana estados financieros,0,1,墨西哥
spirax sarco mexicana face,0,1,墨西哥
spirax sarco mexicana facebook,0,1,墨西哥
spirax sarco mexicana iso,0,1,墨西哥
spirax sarco mexicana monterrey,0,1,墨西哥
spirax sarco mexicana s.a,0,1,墨西哥
spirax sarco mexicana s.a de c.v rfc,0,1,墨西哥
spirax sarco mexicana s.a p.i de c.v,0,1,墨西哥
spirax sarco mexicana s.a. de c.v,0,4,澳大利亚、比利时、加拿大、以色列
spirax sarco mexicana s.a.p.i de c.v guadalajara,0,1,墨西哥
spirax sarco mexicana s.a.p.i de c.v panjiva,0,1,墨西哥
spirax sarco mexicana sa de cv,0,2,澳大利亚、加拿大
spirax sarco mexicana sapi,0,1,墨西哥
spirax sarco mexico bolsa de trabajo,0,1,墨西哥
spirax sarco mexico catalogo,0,2,阿根廷、墨西哥
spirax sarco mexico cursos,0,1,墨西哥
spirax sarco mexico df,0,1,墨西哥
spirax sarco mexico eliminadora de aire,0,1,墨西哥
spirax sarco mexico facebook,0,1,墨西哥
spirax sarco mexico linkedin,0,1,墨西哥
spirax sarco mexico monterrey,0,1,墨西哥
spirax sarco mexico pf666100 34c,0,1,墨西哥
spirax sarco mexico precios,0,1,墨西哥
spirax sarco mexico presentacion,0,1,秘鲁
spirax sarco mexico tulticlan,0,1,墨西哥
spirax sarco mexico tultitlan,0,1,墨西哥
spirax sarco mexico valvulas,0,1,墨西哥
spirax sarco mezcladora de agua,0,1,阿根廷
spirax sarco mf regulacyjny,0,1,波兰
spirax sarco mfr14 price,0,1,希腊
spirax sarco michigan,0,2,澳大利亚、新西兰
spirax sarco microturbine,0,2,乌拉圭、匈牙利
spirax sarco middelfart,0,1,丹麦
spirax sarco milan,0,1,阿根廷
spirax sarco mini mono spi,0,1,波兰
spirax sarco minimonospi,0,1,波兰
spirax sarco mision,0,1,墨西哥
spirax sarco mixing water calculator,0,1,澳大利亚
spirax sarco mkii,0,1,阿根廷
spirax sarco model 3d,0,2,哥伦比亚、墨西哥
spirax sarco model download,0,1,新西兰
spirax sarco modelo 211s,0,1,墨西哥
spirax sarco modelo valve,0,1,墨西哥
spirax sarco modulating steam valve,0,1,澳大利亚
spirax sarco module,0,2,土耳其、乌拉圭
spirax sarco modules,0,1,阿根廷
spirax sarco montage,0,1,荷兰
spirax sarco montague gardens,0,1,南非
spirax sarco monterrey direccion,0,1,墨西哥
spirax sarco monterrey unegas,0,1,墨西哥
spirax sarco monterrey vacantes,0,1,墨西哥
spirax sarco motive steam calculator,0,1,南非
spirax sarco motorized control valve pneumatic revit,0,1,加拿大
spirax sarco ms pn16,0,1,捷克共和国
spirax sarco msds,0,1,澳大利亚
spirax sarco mst 18,0,1,阿根廷
spirax sarco mst 30 ac,0,1,阿根廷
spirax sarco mts 30 ac,0,1,阿根廷
spirax sarco mty numero,0,1,墨西哥
spirax sarco mx1m,0,1,乌克兰
spirax sarco n.v,0,2,比利时、荷兰
spirax sarco návrh pojistného ventilu,0,1,捷克共和国
spirax sarco nawilżanie,0,1,波兰
spirax sarco nedir,0,1,土耳其
spirax sarco needle valve,0,2,澳大利亚、俄罗斯
spirax sarco nelspruit,0,2,津巴布韦、纳米比亚
spirax sarco net worth,0,2,澳大利亚、加拿大
spirax sarco neuquen,0,1,阿根廷
spirax sarco nicholas j anderson,0,1,葡萄牙
spirax sarco niittytie,0,1,芬兰
spirax sarco nip,0,1,波兰
spirax sarco nit,0,1,哥伦比亚
spirax sarco nl,0,1,荷兰
spirax sarco no serial 255189,0,1,墨西哥
spirax sarco normas,0,1,墨西哥
spirax sarco northern ireland,0,1,澳大利亚
spirax sarco notice of intent florida 2026,0,1,荷兰
spirax sarco nts sxs 1703,0,1,匈牙利
spirax sarco nts sxs1703,0,1,匈牙利
spirax sarco nyomáscsökkentő,0,1,匈牙利
spirax sarco nz jobs,0,1,新西兰
spirax sarco nz msds,0,1,新西兰
spirax sarco occ,0,1,墨西哥
spirax sarco odvaděč kondenzátu,0,1,瑞典
spirax sarco odvaděč kondenzátu plovákový,0,1,瑞典
spirax sarco odwadniacz po angielsku,0,1,波兰
spirax sarco odwadnianie rurociągów,0,1,波兰
spirax sarco odwodnienie rurociągów,0,1,波兰
spirax sarco offerte lavoro,0,1,爱尔兰
spirax sarco offices,0,3,澳大利亚、加拿大、南非
spirax sarco online,0,1,加拿大
spirax sarco online sizing software,0,2,澳大利亚、乌拉圭
spirax sarco online sizing software steam jet thermocompressor,0,1,乌拉圭
spirax sarco online software,0,1,阿根廷
spirax sarco online steam table,0,2,哥伦比亚、哥斯达黎加
spirax sarco online steam tables,0,2,乌拉圭、中国香港
spirax sarco online training,0,1,澳大利亚
spirax sarco ontluchter,0,1,荷兰
spirax sarco opinie,0,1,波兰
spirax sarco opleidingen,0,1,荷兰
spirax sarco oransal vana,0,1,土耳其
spirax sarco organigrama,0,2,哥斯达黎加、智利
spirax sarco origen,0,1,阿根廷
spirax sarco oslo,0,1,挪威
spirax sarco oslo norway,0,1,印度
spirax sarco overseas limited,0,3,阿根廷、哥伦比亚、墨西哥
spirax sarco overseas ltd,0,1,波兰
spirax sarco oy,0,1,芬兰
spirax sarco p20,0,1,中国香港
spirax sarco p25 3d,0,1,墨西哥
spirax sarco p25 instrucciones vapor,0,1,哥伦比亚
spirax sarco p25 regulator instalacion,0,1,哥伦比亚
spirax sarco p58178,0,1,澳大利亚
spirax sarco p58178-a,0,1,澳大利亚
spirax sarco p58178a,0,1,澳大利亚
spirax sarco pa42p,0,1,荷兰
spirax sarco pakistan,0,4,澳大利亚、比利时、加拿大、以色列
spirax sarco para,0,1,波兰
spirax sarco paraguay,0,1,巴拉圭
spirax sarco parent company,0,1,加拿大
spirax sarco parní tabulky,0,1,捷克共和国
spirax sarco part drawings,0,1,澳大利亚
spirax sarco pendiente tuberia,0,1,智利
spirax sarco pendientes en vapor,0,1,墨西哥
spirax sarco peport,0,1,乌克兰
spirax sarco peristaltic pump,0,1,乌拉圭
spirax sarco pero,0,1,秘鲁
spirax sarco perú,0,1,秘鲁
spirax sarco peru capacitacion,0,1,秘鲁
spirax sarco peru presentacion,0,1,秘鲁
spirax sarco peru ruc,0,1,秘鲁
spirax sarco peru s.a.c 2019,0,1,秘鲁
spirax sarco peru s.a.c ruc,0,1,秘鲁
spirax sarco pf61g2nc,0,1,比利时
spirax sarco philippines careers,0,2,澳大利亚、墨西哥
spirax sarco piezas 3d,0,1,墨西哥
spirax sarco pilot bulb,0,1,厄瓜多尔
spirax sarco pilot bulb 10,0,1,厄瓜多尔
spirax sarco pilot operated pressure reducing valve,0,3,澳大利亚、荷兰、加拿大
spirax sarco pilot operated temperature regulator,0,1,澳大利亚
spirax sarco pipe design,0,1,南非
spirax sarco pipe losses,0,1,乌拉圭
spirax sarco pipe losses steam calculator,0,1,乌拉圭
spirax sarco pipe support,0,1,多米尼加共和国
spirax sarco piping,0,1,阿根廷
spirax sarco piping español,0,1,阿根廷
spirax sarco piston valve,0,1,澳大利亚
spirax sarco pistonlu vanalar,0,1,土耳其
spirax sarco planta,0,1,墨西哥
spirax sarco planta apodaca,0,1,墨西哥
spirax sarco planta en don torcuatto,0,1,阿根廷
spirax sarco plate heat exchangers,0,1,智利
spirax sarco plc annual report 2017,0,1,澳大利亚
spirax sarco plc headoffice,0,1,荷兰
spirax sarco plovákový odvaděč kondenzátu,0,2,捷克共和国、瑞典
spirax sarco pmc,0,1,阿根廷
spirax sarco pmo,0,1,阿根廷
spirax sarco pmo pdf,0,1,阿根廷
spirax sarco pn 15 80,0,1,希腊
spirax sarco pn 25 js1030,0,1,哥伦比亚
spirax sarco pn 3220,0,2,白俄罗斯、希腊
spirax sarco pn 3320,0,1,白俄罗斯
spirax sarco pn 3420,0,1,哥伦比亚
spirax sarco pn 3430,0,1,委内瑞拉
spirax sarco pn 3436,0,1,奥地利
spirax sarco pn 40,0,1,秘鲁
spirax sarco pn 420,0,1,哥伦比亚
spirax sarco pn 4420 pn16 dn32,0,1,葡萄牙
spirax sarco pn 9123,0,1,阿根廷
spirax sarco pn 9123 change e to r,0,1,乌克兰
spirax sarco pn 9123 plaqueta electronica,0,1,阿根廷
spirax sarco pn1000,0,1,墨西哥
spirax sarco pn12,0,1,哥伦比亚
spirax sarco pn16 en-js1025,0,1,墨西哥
spirax sarco pn25 cf8m 1.4408,0,1,哥伦比亚
spirax sarco pn25 ggg40,0,2,哥伦比亚、墨西哥
spirax sarco pn25 ggg40.3,0,1,墨西哥
spirax sarco pn25 ggg403,0,1,俄罗斯
spirax sarco pn3436,0,1,奥地利
spirax sarco pn61200,0,1,哥伦比亚
spirax sarco pn9000 manual,0,1,澳大利亚
spirax sarco pn9337e,0,2,阿根廷、墨西哥
spirax sarco pn9420,0,1,哥伦比亚
spirax sarco pnçmatik oransal kontrol,0,1,土耳其
spirax sarco pneumatic control valve,0,2,加拿大、新加坡
spirax sarco pnömati k pi stonlu vana,0,1,土耳其
spirax sarco pns420,0,1,哥伦比亚
spirax sarco polska kontakt,0,1,波兰
spirax sarco pompa kondensatu porcjowe,0,1,波兰
spirax sarco pompy porcjowe,0,1,波兰
spirax sarco porter,0,1,波兰
spirax sarco porto,0,1,葡萄牙
spirax sarco posicionador,0,1,厄瓜多尔
spirax sarco posicionador la llave,0,1,厄瓜多尔
spirax sarco positioner card,0,1,墨西哥
spirax sarco positioner epl,0,1,墨西哥
spirax sarco positioner epl-da15n4tl,0,1,墨西哥
spirax sarco positioner epl-da1sn4tl,0,1,墨西哥
spirax sarco positioner manual,0,3,澳大利亚、加拿大、墨西哥
spirax sarco potencia de una caldera de vapor,0,1,阿根廷
spirax sarco poznań,0,1,波兰
spirax sarco ppc pump,0,1,阿根廷
spirax sarco praca opinie,0,1,波兰
spirax sarco precios,0,1,墨西哥
spirax sarco preços,0,1,葡萄牙
spirax sarco přednáška,0,1,捷克共和国
spirax sarco presentacion,0,2,阿根廷、秘鲁
spirax sarco presion,0,1,玻利维亚
spirax sarco presion calculator,0,1,哥斯达黎加
spirax sarco presion con cantidad de generacionde vapor,0,1,玻利维亚
spirax sarco presion de diseño y,0,1,玻利维亚
spirax sarco presion de diseño y flujo de vapor,0,1,玻利维亚
spirax sarco presión diferencial maxima,0,1,智利
spirax sarco pressure powered pump pdf,0,1,加拿大
spirax sarco pressure relief valve sizing,0,1,加拿大
spirax sarco pressure safety valve,0,1,荷兰
spirax sarco price book filetype pdf,0,1,乌克兰
spirax sarco principio de funcionamiento de una caldera,0,1,墨西哥
spirax sarco product overview,0,1,加拿大
spirax sarco productos,0,3,阿根廷、哥伦比亚、秘鲁
spirax sarco products and services,0,1,加拿大
spirax sarco products manometro,0,1,阿根廷
spirax sarco products psv,0,1,南非
spirax sarco properties,0,1,厄瓜多尔
spirax sarco proyecto,0,1,墨西哥
spirax sarco prs,0,1,新西兰
spirax sarco przelicznik,0,1,波兰
spirax sarco przelicznik przepływu,0,1,波兰
spirax sarco psv,0,3,韩国、荷兰、加拿大
spirax sarco psychrometric chart download,0,1,南非
spirax sarco psyscometric exam video,0,1,印度
spirax sarco pt,0,1,捷克共和国
spirax sarco pt-25,0,1,墨西哥
spirax sarco pt1,0,1,中国香港
spirax sarco ptc 3x2,0,1,智利
spirax sarco ptc 3x2 price,0,1,智利
spirax sarco pump trap installation,0,1,智利
spirax sarco pumpp trap,0,1,智利
spirax sarco pure steam generator,0,1,匈牙利
spirax sarco purga,0,1,阿根廷
spirax sarco purga de fondo de caldera,0,1,阿根廷
spirax sarco purgador aire 41574,0,1,秘鲁
spirax sarco purgador de aire 41574,0,1,秘鲁
spirax sarco purgador de aire de 11 bar,0,1,智利
spirax sarco purgador de aire de 11 bar en agua,0,1,智利
spirax sarco push beam trolley,0,1,南非
spirax sarco pvt ltd,0,1,新加坡
spirax sarco que es,0,1,危地马拉
spirax sarco québec heure d'ouverture,0,1,加拿大
spirax sarco querétaro,0,1,墨西哥
spirax sarco quide steam and condensate services,0,1,希腊
spirax sarco quien es,0,1,墨西哥
spirax sarco r,0,1,韩国
spirax sarco ravel electronics pvt ltd,0,1,印度
spirax sarco rb12,0,1,墨西哥
spirax sarco recuperacion y condensado de vapor,0,1,阿根廷
spirax sarco recuperacion y condensado de vapor libro,0,1,阿根廷
spirax sarco recuperacion y condensado de vapor pdf,0,1,阿根廷
spirax sarco recuperador caldera,0,1,阿根廷
spirax sarco recursos,0,2,阿根廷、智利
spirax sarco recursos humanos,0,1,阿根廷
spirax sarco reduceer,0,2,比利时、荷兰
spirax sarco reduceer irv-2,0,1,荷兰
spirax sarco reducer irv2,0,1,荷兰
spirax sarco reduktor pary,0,1,波兰
spirax sarco referencia pn9123e,0,1,哥伦比亚
spirax sarco referencia sv74xn,0,1,哥伦比亚
spirax sarco refrigerant properties,0,1,厄瓜多尔
spirax sarco region centralny,0,1,波兰
spirax sarco register,0,1,哥伦比亚
spirax sarco regulador de presion,0,1,墨西哥
spirax sarco regulador de vapor tipo 25,0,1,墨西哥
spirax sarco reguladora pressure reducing 200 valve,0,1,葡萄牙
spirax sarco reguladora pressure reducing valve,0,1,葡萄牙
spirax sarco reguladoras de vapor dp25,0,1,哥伦比亚
spirax sarco reguladoras de vapor p 25,0,1,哥伦比亚
spirax sarco reguladoras de vapor pn25,0,1,哥伦比亚
spirax sarco reguladoras para aire,0,1,墨西哥
spirax sarco reguladores de vapor,0,1,厄瓜多尔
spirax sarco regulating valve,0,2,丹麦、新加坡
spirax sarco regulator pływają wskazania,0,1,波兰
spirax sarco relief valve sizing,0,1,加拿大
spirax sarco replacement greece,0,1,希腊
spirax sarco replacement kit,0,1,希腊
spirax sarco representante,0,1,阿根廷
spirax sarco research,0,1,波兰
spirax sarco resources calculator,0,1,危地马拉
spirax sarco resources calculators steam flow heat rate,0,1,哥伦比亚
spirax sarco resources steam tables,0,4,阿根廷、哥伦比亚、哥斯达黎加、墨西哥
spirax sarco resources steam tables saturated,0,7,阿根廷、哥伦比亚、加拿大、墨西哥、瑞典、新西兰、中国香港
spirax sarco reuktor pary,0,1,波兰
spirax sarco revenue 2024,0,1,加拿大
spirax sarco revit families,0,3,荷兰、加拿大、乌克兰
spirax sarco revit family,0,1,墨西哥
spirax sarco revolt,0,1,加拿大
spirax sarco robinet,0,1,荷兰
spirax sarco robinet vide,0,1,荷兰
spirax sarco rociadores,0,1,阿根廷
spirax sarco rosario,0,2,阿根廷、哥伦比亚
spirax sarco roscada,0,1,委内瑞拉
spirax sarco rp,0,1,葡萄牙
spirax sarco rp 824,0,1,葡萄牙
spirax sarco russia,0,4,比利时、荷兰、捷克共和国、拉脱维亚
spirax sarco rut,0,1,智利
spirax sarco rv12,0,1,墨西哥
spirax sarco rv2c,0,1,墨西哥
spirax sarco s,0,1,加拿大
spirax sarco s.a argentina,0,1,土耳其
spirax sarco s.a boulogne,0,1,阿根廷
spirax sarco s.a boulogne bs as,0,1,阿根廷
spirax sarco s.a cuit online,0,1,阿根廷
spirax sarco s.a gran bretaña,0,1,玻利维亚
spirax sarco sa argentina,0,4,阿根廷、哥伦比亚、墨西哥、委内瑞拉
spirax sarco sa argentina linkedin,0,1,委内瑞拉
spirax sarco sa autopista panamericana colectora,0,1,墨西哥
spirax sarco sa cuit,0,1,阿根廷
spirax sarco sa cuit online,0,1,阿根廷
spirax sarco sa kondenzno garne,0,1,保加利亚
spirax sarco sa linkedin,0,1,委内瑞拉
spirax sarco sa yellow pages,0,1,南非
spirax sarco sa8,0,1,俄罗斯
spirax sarco safety valve 570,0,1,加拿大
spirax sarco safety valve sales,0,1,印度
spirax sarco safety valve sales brochure,0,1,印度
spirax sarco safety valves warranty,0,1,立陶宛
spirax sarco sales engineer salary,0,1,智利
spirax sarco sales in mexico 2018,0,1,墨西哥
spirax sarco salgsingeniør,0,1,丹麦
spirax sarco sanitari automatic air and gas vents stainless steel,0,1,捷克共和国
spirax sarco sanitary pressure regulator,0,1,加拿大
spirax sarco saturated steam line,0,1,墨西哥
spirax sarco saturated steam properties,0,1,墨西哥
spirax sarco saturated steam table,0,4,比利时、哥斯达黎加、加拿大、墨西哥
spirax sarco saturated steam tables,0,10,比利时、俄罗斯、哥斯达黎加、荷兰、加拿大、墨西哥、南非、瑞士、土耳其、中国香港
spirax sarco saturated water,0,1,哥斯达黎加
spirax sarco saturated water table,0,4,加拿大、新加坡、新西兰、印度
spirax sarco schmutzfänger datenblatt,0,1,瑞士
spirax sarco schulung,0,1,瑞士
spirax sarco schweiz mitarbeiter,0,1,瑞士
spirax sarco scv,0,1,加拿大
spirax sarco scv cfm8,0,1,加拿大
spirax sarco scv8,0,1,加拿大
spirax sarco secunda,0,2,津巴布韦、纳米比亚
spirax sarco sedi,0,1,加拿大
spirax sarco seleccion trampas de vapor,0,1,哥伦比亚
spirax sarco selection software,0,2,哥伦比亚、加拿大
spirax sarco seleecion trampasde vapor,0,1,哥伦比亚
spirax sarco self acting temperature controls,0,1,加拿大
spirax sarco selfacting temperature control valve,0,1,加拿大
spirax sarco sello,0,1,墨西哥
spirax sarco seminar,0,1,加拿大
spirax sarco sensor chamber,0,1,中国香港
spirax sarco sensor of oxygen,0,1,秘鲁
spirax sarco separador de humedad,0,1,墨西哥
spirax sarco separador de humedad cad,0,1,墨西哥
spirax sarco separate chambers,0,1,丹麦
spirax sarco separate chambers meaning,0,1,丹麦
spirax sarco separator price,0,1,委内瑞拉
spirax sarco seperator stainless,0,1,斯洛文尼亚
spirax sarco serie-25 e-bay,0,1,哥伦比亚
spirax sarco series 25 manual,0,1,芬兰
spirax sarco series 25 type 591-22 manual,0,1,芬兰
spirax sarco service,0,1,摩尔多瓦
spirax sarco services south africa,0,1,纳米比亚
spirax sarco serwis,0,1,波兰
spirax sarco sf1,0,1,塞尔维亚
spirax sarco sf2,0,1,南非
spirax sarco sg,0,2,俄罗斯、新加坡
spirax sarco shanghai,0,1,瑞典
spirax sarco share prices,0,1,比利时
spirax sarco shares price,0,1,比利时
spirax sarco shell heat excahnger,0,1,智利
spirax sarco shell heat exchanger,0,1,智利
spirax sarco sight check,0,1,葡萄牙
spirax sarco sii,0,1,智利
spirax sarco sil,0,1,波兰
spirax sarco silencer,0,1,挪威
spirax sarco silhan,0,1,捷克共和国
spirax sarco singapore career,0,1,新加坡
spirax sarco singapore general manager,0,1,新加坡
spirax sarco singapore glassdoor,0,1,新加坡
spirax sarco singapore jobs,0,1,新加坡
spirax sarco singapore office address,0,1,孟加拉国
spirax sarco siphon,0,1,比利时
spirax sarco sistema de control nivel,0,1,乌拉圭
spirax sarco slavina,0,1,塞尔维亚
spirax sarco slavina cena,0,1,塞尔维亚
spirax sarco slope on steam,0,1,波兰
spirax sarco slovenija bolha,0,1,斯洛文尼亚
spirax sarco smart dp transmitter,0,1,尼日利亚
spirax sarco sn 203794,0,1,厄瓜多尔
spirax sarco snap 4,0,1,委内瑞拉
spirax sarco snavssamler,0,1,丹麦
spirax sarco socios,0,1,墨西哥
spirax sarco software sx-uni,0,1,智利
spirax sarco solenoid,0,1,俄罗斯
spirax sarco solenoid valve,0,1,俄罗斯
spirax sarco solenoid valves catalogue,0,1,俄罗斯
spirax sarco solidworks,0,1,哥伦比亚
spirax sarco soporte tecnico,0,1,墨西哥
spirax sarco soporteria y expansion tuberia,0,1,危地马拉
spirax sarco south africa contact,0,3,津巴布韦、纳米比亚、南非
spirax sarco south africa pty ltd,0,1,纳米比亚
spirax sarco south africa valves,0,2,津巴布韦、纳米比亚
spirax sarco sp 301,0,1,哥伦比亚
spirax sarco sp 301 tipo 4x,0,1,哥伦比亚
spirax sarco sp 303,0,2,哥伦比亚、挪威
spirax sarco sp z o.o krs,0,1,波兰
spirax sarco sp z o.o ul jutrzenki 98 02-230 warszawa,0,1,波兰
spirax sarco sp z oo,0,2,比利时、波兰
spirax sarco sp. z o.o,0,3,比利时、荷兰、以色列
spirax sarco sp2,0,1,匈牙利
spirax sarco sp2 smart positioner pdf,0,1,墨西哥
spirax sarco sp303,0,1,哥伦比亚
spirax sarco sp400ls,0,1,拉脱维亚
spirax sarco spare parts greece,0,1,希腊
spirax sarco sparge pipe,0,1,印度
spirax sarco spira pump,0,1,俄罗斯
spirax sarco spirapump,0,1,俄罗斯
spirax sarco spiratrol,0,1,巴拉圭
spirax sarco spirax sarco needle valve,0,1,俄罗斯
spirax sarco spol s ro,0,1,捷克共和国
spirax sarco sps,0,1,俄罗斯
spirax sarco srbija ar16f 125 60,0,1,塞尔维亚
spirax sarco srl italia,0,1,墨西哥
spirax sarco srl italiam milan,0,1,墨西哥
spirax sarco srv,0,1,荷兰
spirax sarco ss1,0,1,中国香港
spirax sarco ss3 strainer,0,1,厄瓜多尔
spirax sarco st17,0,1,乌拉圭
spirax sarco stainless steel ball valve,0,1,中国香港
spirax sarco staps isa100 wireless,0,1,哥伦比亚
spirax sarco staps wireless,0,1,哥伦比亚
spirax sarco station de production d'eau chaude instantanée,0,1,塞内加尔
spirax sarco steam air eliminator,0,1,智利
spirax sarco steam and condensate loop,0,1,乌拉圭
spirax sarco steam and condensate loop book download,0,1,印度
spirax sarco steam calc,0,1,捷克共和国
spirax sarco steam calculations,0,3,南非、新西兰、印度
spirax sarco steam condensate pipe sizing,0,1,印度
spirax sarco steam condensate removal,0,1,南非
spirax sarco steam condensing vessels,0,1,罗马尼亚
spirax sarco steam consumption of plant,0,1,中国香港
spirax sarco steam cooler,0,1,罗马尼亚
spirax sarco steam design manual,0,3,南非、新加坡、印度
spirax sarco steam diagram,0,1,斯洛文尼亚
spirax sarco steam engineering filetype pdf,0,1,捷克共和国
spirax sarco steam engineering principles and heat transfer filetype pdf,0,1,捷克共和国
spirax sarco steam engineering principles and heat transfers,0,1,玻利维亚
spirax sarco steam engineering tutorials pdf,0,5,荷兰、斯洛伐克、新加坡、新西兰、印度
spirax sarco steam expansion,0,3,新加坡、新西兰、印度
spirax sarco steam expantion joint,0,1,新西兰
spirax sarco steam expantion joint nz,0,1,新西兰
spirax sarco steam handbook,0,2,比利时、荷兰
spirax sarco steam header design,0,1,新西兰
spirax sarco steam impurity filter strainer,0,1,智利
spirax sarco steam jacket,0,1,尼日利亚
spirax sarco steam jet thermocompressor calculator,0,1,哥伦比亚
spirax sarco steam line design,0,1,土耳其
spirax sarco steam lock release,0,1,哥斯达黎加
spirax sarco steam main,0,1,乌拉圭
spirax sarco steam mains and drainage,0,2,厄瓜多尔、乌拉圭
spirax sarco steam manifolds,0,1,芬兰
spirax sarco steam news,0,1,哥伦比亚
spirax sarco steam non return valve,0,1,荷兰
spirax sarco steam pipe slope,0,2,墨西哥、智利
spirax sarco steam pressure,0,1,墨西哥
spirax sarco steam pressure regulator,0,1,墨西哥
spirax sarco steam recovery vessels,0,1,罗马尼亚
spirax sarco steam reducing valve,0,1,尼加拉瓜
spirax sarco steam strainer,0,4,荷兰、希腊、以色列、印度
spirax sarco steam table pdf,0,1,比利时
spirax sarco steam table saturated,0,9,比利时、哥伦比亚、哥斯达黎加、墨西哥、南非、瑞士、新加坡、新西兰、印度
spirax sarco steam tables calculator,0,14,比利时、丹麦、俄罗斯、哥伦比亚、哥斯达黎加、荷兰、墨西哥、南非、瑞典、瑞士、土耳其、乌拉圭、新西兰、中国香港
spirax sarco steam tables free download,0,1,哥斯达黎加
spirax sarco steam tables malaysia,0,1,哥斯达黎加
spirax sarco steam tables online,0,10,比利时、俄罗斯、哥伦比亚、哥斯达黎加、荷兰、墨西哥、南非、瑞士、新加坡、中国香港
spirax sarco steam tables uk,0,12,比利时、俄罗斯、哥伦比亚、哥斯达黎加、荷兰、墨西哥、南非、瑞典、瑞士、新加坡、新西兰、中国香港
spirax sarco steam tables us,0,10,比利时、俄罗斯、哥伦比亚、哥斯达黎加、墨西哥、南非、瑞士、新加坡、新西兰、中国香港
spirax sarco steam tables usa,0,1,哥斯达黎加
spirax sarco steam tank water heater,0,1,墨西哥
spirax sarco steam tools,0,1,墨西哥
spirax sarco steam tools app,0,2,哥伦比亚、墨西哥
spirax sarco steam trap app,0,1,墨西哥
spirax sarco steam trap cad,0,1,印度
spirax sarco steam trap ft-15 1 in bm 50927,0,1,墨西哥
spirax sarco steam trap image,0,1,孟加拉国
spirax sarco steam trap monitoring system,0,2,荷兰、以色列
spirax sarco steam trap orifice size,0,1,新西兰
spirax sarco steam trap safety factor,0,1,哥斯达黎加
spirax sarco steam trap tables,0,1,哥伦比亚
spirax sarco steam trap types,0,2,荷兰、印度
spirax sarco steam traps distributors,0,1,印度
spirax sarco steam traps ft 15,0,2,新西兰、印度
spirax sarco steam traps price list,0,1,印度
spirax sarco steam traps uk,0,1,印度
spirax sarco steam tutorial,0,1,荷兰
spirax sarco steam valve specification,0,1,爱尔兰
spirax sarco steam valves spain,0,1,尼加拉瓜
spirax sarco steam water heater,0,1,墨西哥
spirax sarco steam water mixer,0,1,厄瓜多尔
spirax sarco steam water washdown unit,0,1,厄瓜多尔
spirax sarco steam y strainers,0,1,荷兰
spirax sarco steam/water mixing valve,0,1,以色列
spirax sarco steamtables,0,1,荷兰
spirax sarco stellenangebote,0,1,瑞士
spirax sarco stgs14,0,1,白俄罗斯
spirax sarco stockholm,0,1,瑞典
spirax sarco stoom,0,1,荷兰
spirax sarco stoom tabel,0,1,荷兰
spirax sarco stoomcursus,0,2,比利时、荷兰
spirax sarco stoomfilter,0,1,荷兰
spirax sarco stoomtabel,0,1,荷兰
spirax sarco stoomtabellen,0,1,荷兰
spirax sarco straight strainer type fig 12sg,0,1,哥伦比亚
spirax sarco strainer fig 33,0,1,荷兰
spirax sarco strainer india,0,1,印度
spirax sarco strainer mesh,0,1,印度
spirax sarco straps isa100 wireless,0,1,哥伦比亚
spirax sarco strategy analyse,0,1,波兰
spirax sarco strategy analysis,0,1,波兰
spirax sarco strategy marketing product custumer,0,1,波兰
spirax sarco structure of group,0,1,波兰
spirax sarco stw 24,0,1,波兰
spirax sarco stw24,0,1,波兰
spirax sarco su vanası,0,1,土耳其
spirax sarco sub saturated water,0,2,哥斯达黎加、墨西哥
spirax sarco subcooled liquid,0,1,哥斯达黎加
spirax sarco subcooled water,0,1,哥斯达黎加
spirax sarco sucursales,0,1,墨西哥
spirax sarco superheated,0,1,荷兰
spirax sarco superheated steam table,0,1,哥斯达黎加
spirax sarco superheated steam tables,0,13,俄罗斯、哥伦比亚、哥斯达黎加、荷兰、墨西哥、南非、瑞士、土耳其、新加坡、新西兰、以色列、印度、中国香港
spirax sarco superheated steam tables pdf,0,8,俄罗斯、哥伦比亚、哥斯达黎加、墨西哥、南非、瑞士、新加坡、中国香港
spirax sarco supplier contract,0,1,南非
spirax sarco supports,0,1,多米尼加共和国
spirax sarco sv,0,1,挪威
spirax sarco sv 900,0,1,瑞士
spirax sarco sv5601,0,1,巴拉圭
spirax sarco sv606,0,1,乌克兰
spirax sarco sv80,0,1,印度
spirax sarco swing check valve,0,1,印度
spirax sarco swot,0,1,波兰
spirax sarco swot analysis,0,1,波兰
spirax sarco sx 65,0,1,葡萄牙
spirax sarco sx uni manual español,0,1,智利
spirax sarco sx95,0,1,波兰
spirax sarco szkolenia,0,1,波兰
spirax sarco t a125,0,2,比利时、以色列
spirax sarco t25,0,1,智利
spirax sarco t3,0,1,荷兰
spirax sarco tabel,0,1,荷兰
spirax sarco tabla 2 capacidades de tuberias,0,1,危地马拉
spirax sarco tabla de conversiones,0,1,危地马拉
spirax sarco tabla de vapor,0,2,厄瓜多尔、墨西哥
spirax sarco tabla vapor saturado,0,2,哥伦比亚、萨尔瓦多
spirax sarco tablas de agua,0,1,哥伦比亚
spirax sarco tablas de vapor vapor saturado,0,1,乌拉圭
spirax sarco tablas liquido comprimido,0,1,哥伦比亚
spirax sarco tablas vapor saturado,0,1,哥伦比亚
spirax sarco tablas vapor sobrecalentado,0,1,乌拉圭
spirax sarco table,0,1,乌克兰
spirax sarco table of steam,0,1,乌克兰
spirax sarco tablice parowe,0,1,波兰
spirax sarco tank heat loss,0,1,土耳其
spirax sarco tank surface heat loss,0,1,土耳其
spirax sarco tank water heater,0,1,墨西哥
spirax sarco tanque de agua caliente,0,1,墨西哥
spirax sarco tanque de condensado,0,1,秘鲁
spirax sarco tanque flash 38 kg,0,1,乌拉圭
spirax sarco tax id,0,1,墨西哥
spirax sarco td 32,0,1,瑞士
spirax sarco td4252,0,1,哥伦比亚
spirax sarco td43l,0,1,韩国
spirax sarco tds 52 iso tapa dn25 1,0,1,秘鲁
spirax sarco tds52,0,1,秘鲁
spirax sarco tds52 iso tapa 1,0,1,秘鲁
spirax sarco tds52 iso tapa dn25 1,0,1,秘鲁
spirax sarco team loop,0,1,墨西哥
spirax sarco technical manual,0,1,希腊
spirax sarco teknik bilgiler,0,1,土耳其
spirax sarco telefonos,0,1,智利
spirax sarco temperature control software,0,1,智利
spirax sarco temperature control software sx-uni,0,1,智利
spirax sarco temperature pilot,0,1,新加坡
spirax sarco temperature regulators,0,1,芬兰
spirax sarco termocompresor,0,1,委内瑞拉
spirax sarco termocompresores,0,1,墨西哥
spirax sarco termodinamik kondenstop,0,1,土耳其
spirax sarco termodyanmic steam traps,0,1,乌拉圭
spirax sarco texas,0,1,墨西哥
spirax sarco tf14,0,1,智利
spirax sarco tf14 manual,0,1,智利
spirax sarco th-125,0,1,俄罗斯
spirax sarco th25,0,1,俄罗斯
spirax sarco the boiler house,0,1,中国香港
spirax sarco the steam and concendensate loop,0,1,乌拉圭
spirax sarco the steam and condensate loop,0,2,哥斯达黎加、乌拉圭
spirax sarco thermocompressor,0,1,以色列
spirax sarco thermodynamic steam trap cad drawing,0,1,南非
spirax sarco thermodynamische condenspot,0,1,荷兰
spirax sarco thermostatic steam traps,0,1,芬兰
spirax sarco threaded strainer,0,1,尼日利亚
spirax sarco thremal relief valve,0,1,爱尔兰
spirax sarco throttle valve,0,1,新加坡
spirax sarco throttle valve comparison,0,1,新加坡
spirax sarco throttle valve comparison filetype pdf,0,1,新加坡
spirax sarco ti-2-314 ft-200,0,1,厄瓜多尔
spirax sarco ti-p192-01,0,1,墨西哥
spirax sarco ti-p403-57,0,1,中国香港
spirax sarco ti-p403-57 ab issue 8,0,1,中国香港
spirax sarco ti-p404-03,0,1,中国香港
spirax sarco ti-p404-03 ab issue 8,0,1,中国香港
spirax sarco ti-po 17-07,0,1,智利
spirax sarco ti-po17-07,0,1,智利
spirax sarco ti/p,0,3,比利时、荷兰、以色列
spirax sarco tis 3.030,0,1,厄瓜多尔
spirax sarco tlv7,0,1,墨西哥
spirax sarco tochterunternehmen,0,1,瑞士
spirax sarco toluca,0,1,墨西哥
spirax sarco tools,0,4,哥伦比亚、哥斯达黎加、秘鲁、墨西哥
spirax sarco torreon,0,1,墨西哥
spirax sarco tosic,0,1,波兰
spirax sarco tosic mirosław,0,1,波兰
spirax sarco tosik,0,1,波兰
spirax sarco totalisateur,0,1,比利时
spirax sarco tour 2017,0,1,捷克共和国
spirax sarco trackid sp-006,0,1,墨西哥
spirax sarco trade nosis,0,1,委内瑞拉
spirax sarco training 2019,0,1,荷兰
spirax sarco training b1,0,1,荷兰
spirax sarco training center,0,1,荷兰
spirax sarco training pdf,0,1,巴拉圭
spirax sarco tramp,0,2,哥伦比亚、墨西哥
spirax sarco trampa de cubeta invertida,0,1,墨西哥
spirax sarco trampa de cubeta invertida serie b,0,1,墨西哥
spirax sarco trampa de vapor flotador,0,1,墨西哥
spirax sarco trampa termodinámica,0,1,墨西哥
spirax sarco trampas,0,1,哥伦比亚
spirax sarco trampas de vapor catalogo,0,1,墨西哥
spirax sarco trampas de vapor termostaticacatalogo,0,1,墨西哥
spirax sarco trampas kits,0,1,萨尔瓦多
spirax sarco trap safety factor,0,1,智利
spirax sarco trnava,0,1,斯洛伐克
spirax sarco tultitlan,0,1,墨西哥
spirax sarco turkmenistan,0,1,瑞典
spirax sarco tutorial cad 2010,0,1,委内瑞拉
spirax sarco tutorial cad pdf,0,1,委内瑞拉
spirax sarco tutorial pdf,0,1,委内瑞拉
spirax sarco twin float steam trap,0,1,尼日利亚
spirax sarco työpaikat,0,1,芬兰
spirax sarco type 20,0,1,乌克兰
spirax sarco type 20 for clean steam,0,1,乌克兰
spirax sarco type 4,0,1,芬兰
spirax sarco type 4 dn100,0,1,芬兰
spirax sarco type 4 dn16 dn100,0,1,芬兰
spirax sarco type 4 pressure,0,1,芬兰
spirax sarco type 4 repair,0,1,芬兰
spirax sarco type 40,0,1,芬兰
spirax sarco type pn933oe,0,1,墨西哥
spirax sarco type s,0,1,丹麦
spirax sarco typical site steam leaks,0,1,南非
spirax sarco ukraine,0,1,荷兰
spirax sarco unit converter,0,1,荷兰
spirax sarco uruguay valvula mariposa,0,1,乌拉圭
spirax sarco usa careers,0,1,墨西哥
spirax sarco usa locations,0,1,比利时
spirax sarco usa owler,0,1,印度
spirax sarco usa tables,0,1,墨西哥
spirax sarco usa zoominfo,0,1,印度
spirax sarco uv,0,1,葡萄牙
spirax sarco uv rp,0,1,葡萄牙
spirax sarco uv rp 824,0,1,葡萄牙
spirax sarco v93ad,0,1,波兰
spirax sarco vacantes,0,1,墨西哥
spirax sarco vacature,0,2,比利时、荷兰
spirax sarco vacatures,0,1,荷兰
spirax sarco vadodara,0,2,新西兰、印度
spirax sarco vakuumbrecher,0,1,瑞士
spirax sarco valf sanayi ve ticaret a.ş,0,1,土耳其
spirax sarco valores,0,1,墨西哥
spirax sarco valores mision vision,0,1,墨西哥
spirax sarco valve calculator,0,1,荷兰
spirax sarco valve catalogue pdf,0,1,荷兰
spirax sarco valve dimensions,0,1,乌克兰
spirax sarco valve logo,0,1,孟加拉国
spirax sarco valve positioner,0,1,荷兰
spirax sarco valve price list,0,1,荷兰
spirax sarco valves data sheet,0,1,爱尔兰
spirax sarco valves pdf,0,1,荷兰
spirax sarco valves uk,0,1,荷兰
spirax sarco valvula alivio,0,1,墨西哥
spirax sarco valvula anti retorno,0,1,智利
spirax sarco valvula antirretorno,0,1,智利
spirax sarco valvula con fuelle,0,1,秘鲁
spirax sarco valvula d alivio,0,1,哥伦比亚
spirax sarco valvula de control,0,1,哥伦比亚
spirax sarco valvula de purga,0,1,葡萄牙
spirax sarco valvula de purga dn20,0,1,葡萄牙
spirax sarco valvula de purga dn20 preço,0,1,葡萄牙
spirax sarco valvula de purga dn22,0,1,葡萄牙
spirax sarco valvula de retencion,0,1,乌拉圭
spirax sarco valvula de seguridad 2,0,1,墨西哥
spirax sarco valvula globo,0,1,墨西哥
spirax sarco valvula inclinada,0,1,哥伦比亚
spirax sarco valvula neumatica,0,1,哥伦比亚
spirax sarco valvulas 3d,0,1,秘鲁
spirax sarco valvulas 6150001,0,1,厄瓜多尔
spirax sarco valvulas 6150001 de 3 4,0,1,厄瓜多尔
spirax sarco valvulas 6150001 de 3 4 desarmadas,0,1,厄瓜多尔
spirax sarco valvulas 6150001 de 3 4 mantenimiento,0,1,厄瓜多尔
spirax sarco valvulas 6150001 mantenimiento,0,1,厄瓜多尔
spirax sarco valvulas de control,0,2,墨西哥、乌拉圭
spirax sarco valvulas de control montae,0,1,墨西哥
spirax sarco valvulas de control montaje,0,1,墨西哥
spirax sarco valvulas esfericas,0,2,墨西哥、乌拉圭
spirax sarco valvulas filtros,0,1,厄瓜多尔
spirax sarco valvulas globo,0,1,墨西哥
spirax sarco valvulas reductoras de presion,0,2,厄瓜多尔、墨西哥
spirax sarco valvulas reguladora,0,1,厄瓜多尔
spirax sarco valvulas trampas,0,1,厄瓜多尔
spirax sarco vana,0,1,土耳其
spirax sarco vanalar,0,1,土耳其
spirax sarco vandudlader,0,1,丹麦
spirax sarco vapeur,0,2,比利时、荷兰
spirax sarco vapor posicionador,0,1,玻利维亚
spirax sarco vapor recalentado,0,2,墨西哥、乌拉圭
spirax sarco vapor sobrecalentado,0,1,墨西哥
spirax sarco vapor válvula,0,1,乌拉圭
spirax sarco vb14instal,0,1,哥斯达黎加
spirax sarco vcv-2,0,1,委内瑞拉
spirax sarco venta en guanajuato,0,1,墨西哥
spirax sarco ventas,0,1,墨西哥
spirax sarco ventiladores,0,1,乌拉圭
spirax sarco ventiler,0,1,瑞典
spirax sarco venttiili,0,1,芬兰
spirax sarco venturi steam trap,0,1,斯洛文尼亚
spirax sarco versus,0,1,罗马尼亚
spirax sarco vessel,0,1,墨西哥
spirax sarco vht2,0,1,斯洛文尼亚
spirax sarco vht8,0,1,荷兰
spirax sarco video caldeiras,0,1,巴拉圭
spirax sarco video interview,0,1,印度
spirax sarco video interview questions,0,2,爱尔兰、印度
spirax sarco videos,0,1,墨西哥
spirax sarco viscosity control unit,0,1,印度
spirax sarco visor de flujo,0,1,秘鲁
spirax sarco visor de fluxo,0,1,秘鲁
spirax sarco vm13,0,1,捷克共和国
spirax sarco vmd,0,1,俄罗斯
spirax sarco vrv-25,0,1,哥斯达黎加
spirax sarco vs-204 instal,0,1,哥斯达黎加
spirax sarco výpočetní,0,1,捷克共和国
spirax sarco vzla,0,1,委内瑞拉
spirax sarco warszawa fosa,0,1,波兰
spirax sarco water,0,1,哥斯达黎加
spirax sarco water properties,0,2,哥斯达黎加、印度
spirax sarco water properties calculator,0,1,哥斯达黎加
spirax sarco water treatment automatic,0,1,新西兰
spirax sarco wcv,0,1,中国香港
spirax sarco wcv2v,0,1,中国香港
spirax sarco webinar,0,1,罗马尼亚
spirax sarco webshop,0,1,荷兰
spirax sarco wet steam table,0,5,哥伦比亚、哥斯达黎加、南非、新加坡、新西兰
spirax sarco wfi generator,0,1,匈牙利
spirax sarco wfi stiller,0,1,匈牙利
spirax sarco what is steam,0,1,芬兰
spirax sarco wytwornica pary,0,1,波兰
spirax sarco wzierniki,0,1,波兰
spirax sarco xs,0,1,秘鲁
spirax sarco y strainer dimensions,0,1,印度
spirax sarco y-strainer catalog,0,2,比利时、荷兰
spirax sarco yhteystiedot,0,1,芬兰
spirax sarco youla,0,1,俄罗斯
spirax sarco základy páry,0,1,捷克共和国
spirax sarco zawóe kątowy,0,1,波兰
spirax sarco zawór,0,1,波兰
spirax sarco zawór kątowy,0,1,波兰
spirax sarco zawór mieszkowy,0,1,波兰
spirax sarco zawór pf63-3bd,0,1,波兰
spirax sarco zawór regulacyjny,0,1,波兰
spirax sarco zawory kulowe,0,1,波兰
spirax sarco zawory odmulajace,0,1,波兰
spirax sarco zg,0,1,俄罗斯
spirax sarco zg 25,0,1,俄罗斯
spirax sarco zvedac kondenzatu,0,1,捷克共和国
spirax sarco ανταλλακτικα greece,0,1,希腊
spirax sarco εγχειριδιο,0,1,希腊
spirax sarco ελλαδα,0,1,希腊
spirax sarco σεμιναριο,0,1,希腊
spirax sarco автоматический дренаж конденсатоотводчика,0,1,乌克兰
spirax sarco бумаг,0,1,乌克兰
spirax sarco в беларуси,0,1,白俄罗斯
spirax sarco в россии,0,1,俄罗斯
spirax sarco ваканси,0,1,俄罗斯
spirax sarco вакансии,0,1,俄罗斯
spirax sarco вакансия руководитель,0,1,俄罗斯
spirax sarco вакансия руководитель отдела продаж в архиве,0,1,俄罗斯
spirax sarco дистрибьюторы,0,1,俄罗斯
spirax sarco емкостной датчик уровня,0,1,乌克兰
spirax sarco запчасти,0,1,俄罗斯
spirax sarco калькулятор,0,1,俄罗斯
spirax sarco киев,0,1,乌克兰
spirax sarco клапан,0,1,俄罗斯
spirax sarco клапан предохранительный,0,1,乌克兰
spirax sarco клапан шариковый с пневмоприводом,0,1,乌克兰
spirax sarco манометр,0,1,哈萨克斯坦
spirax sarco минск,0,2,白俄罗斯、俄罗斯
spirax sarco непрерывная продувка,0,1,乌克兰
spirax sarco новосибирск,0,1,俄罗斯
spirax sarco отводчик газа,0,1,捷克共和国
spirax sarco отводчика газов,0,1,捷克共和国
spirax sarco отзывы сотрудников,0,1,俄罗斯
spirax sarco пиво,0,1,乌克兰
spirax sarco поплавковый,0,1,俄罗斯
spirax sarco представители,0,1,俄罗斯
spirax sarco продам,0,1,俄罗斯
spirax sarco продаю,0,1,俄罗斯
spirax sarco производство,0,1,俄罗斯
spirax sarco расчетная программа,0,1,俄罗斯
spirax sarco регулирование давления после себя,0,1,俄罗斯
spirax sarco регулирующие клапаны,0,1,乌克兰
spirax sarco регулирующие клапаны pdf,0,1,乌克兰
spirax sarco редукционный клапан прямого действия,0,1,荷兰
spirax sarco редукционый клапан,0,1,白俄罗斯
spirax sarco россия контакты,0,1,俄罗斯
spirax sarco сп 400 позиционер инструкция на русском,0,1,俄罗斯
spirax sarco спб,0,1,俄罗斯
spirax sarco спиракс сарко,0,1,荷兰
spirax sarco таблиці,0,1,乌克兰
spirax sarco тендер,0,1,俄罗斯
spirax sarco теплосчетчики,0,1,俄罗斯
spirax sarco теплосчетчики на пар,0,1,俄罗斯
spirax sarco теплота фазового перехода,0,1,乌克兰
spirax sarco фильтр ti-p164-02,0,1,哈萨克斯坦
spirax sarco цены,0,2,俄罗斯、乌克兰
spirax sarco юла,0,1,俄罗斯
spirax sarco 가습기 영업 과장,0,1,韩国
spirax sarco 교육,0,1,韩国
spirax sarco 박재민,0,1,韩国
spirax sarco 본사,0,1,韩国
spirax sarco 스팀트랩,0,1,韩国
spirax sarco 열량계산,0,1,韩国
spirax sarco 자회사,0,1,韩国
spirax sarco 전기식 구동기,0,1,韩国
spirax sarco 한국지사,0,1,韩国
spirax sarco スチームトラップ,0,1,荷兰
spirax sarco.,0,2,比利时、荷兰
spirax sarco.c,0,1,乌克兰
spirax sarco.com,0,2,比利时、荷兰
spirax sarcon,0,1,芬兰
spirax sarcos usa distributor,0,1,委内瑞拉
spirax-sarco 4037990 1 2,0,1,俄罗斯
spirax-sarco 4037990 1 4,0,1,俄罗斯
spirax-sarco aktiebolag,0,1,瑞典
spirax-sarco aktiebolag vd,0,1,瑞典
spirax-sarco assurecnce,0,1,罗马尼亚
spirax-sarco audit report,0,1,罗马尼亚
spirax-sarco audit report 2015,0,1,罗马尼亚
spirax-sarco audit report 2016,0,1,罗马尼亚
spirax-sarco audit report 2017,0,1,罗马尼亚
spirax-sarco chiba,0,1,希腊
spirax-sarco chile limitada chile,0,1,哥伦比亚
spirax-sarco chile limitada chile chile,0,1,哥伦比亚
spirax-sarco chile limitada maipú,0,1,智利
spirax-sarco company profile,0,1,荷兰
spirax-sarco competitors,0,1,荷兰
spirax-sarco dividend,0,1,比利时
spirax-sarco dividend performance,0,1,荷兰
spirax-sarco eng,0,1,韩国
spirax-sarco engineering p l c,0,2,比利时、荷兰
spirax-sarco engineering plc companies house,0,1,新加坡
spirax-sarco engineering plc review,0,1,新加坡
spirax-sarco engineering plc stock,0,2,比利时、荷兰
spirax-sarco engineering plc zoominfo,0,1,印度
spirax-sarco engineering share price,0,1,比利时
spirax-sarco engineering stock price,0,1,荷兰
spirax-sarco engineering subsidiaries,0,1,比利时
spirax-sarco engineering watson-marlow pty limited,0,1,中国香港
spirax-sarco engineering 子公司,0,1,中国香港
spirax-sarco engr,0,1,葡萄牙
spirax-sarco engr company,0,1,葡萄牙
spirax-sarco honeywell,0,1,波兰
spirax-sarco inc clean steam separator,0,1,斯洛伐克
spirax-sarco indeed,0,1,墨西哥
spirax-sarco india baroda office,0,1,印度
spirax-sarco india mumbai office,0,1,印度
spirax-sarco india pvt ltd,0,1,荷兰
spirax-sarco india pvt ltd thirutheri r.f tamil nadu,0,1,印度
spirax-sarco istoric,0,1,罗马尼亚
spirax-sarco limited 66387,0,1,哥伦比亚
spirax-sarco limited charlton house cheltenham gloucestershire gl53 8er uk,0,2,孟加拉国、印度
spirax-sarco mexico indeed,0,1,墨西哥
spirax-sarco monterrey indeed,0,1,墨西哥
spirax-sarco n.v industriepark 5 9052 zwijnaarde,0,1,比利时
spirax-sarco overseas ltd shareholder,0,1,波兰
spirax-sarco share price spx market cap,0,1,保加利亚
spirax-sarco software pscs,0,1,俄罗斯
spirax-sarco stock,0,1,荷兰
spirax.sarco,0,3,比利时、荷兰、以色列
spirax/sarco,0,3,比利时、荷兰、以色列
sprzedam spirax sarco odwadniacz,0,1,波兰
spx spirax sarco,0,1,新加坡
st14 spirax sarco,0,1,危地马拉
staps spirax sarco,0,1,墨西哥
steam accumulator spirax sarco,0,1,印度
steam and condensate loop spirax sarco,0,1,哥伦比亚
steam and condensate loop spirax sarco amazon,0,1,哥伦比亚
steam bellow spirax sarco,0,1,津巴布韦
steam calculator spirax sarco,0,8,爱沙尼亚、保加利亚、俄罗斯、荷兰、拉脱维亚、挪威、葡萄牙、斯洛伐克
steam condensate pump spirax sarco convert to compressed air,0,1,南非
steam diffuser installation spirax sarco,0,1,爱沙尼亚
steam ejector control spirax sarco,0,1,南非
steam engineering spirax sarco,0,1,荷兰
steam engineering tutorials spirax sarco,0,4,哥伦比亚、哥斯达黎加、秘鲁、墨西哥
steam filter pn63 spirax sarco,0,1,白俄罗斯
steam filter spirax sarco,0,1,白俄罗斯
steam flow sheet spirax sarco,0,1,葡萄牙
steam flow through prv spirax sarco,0,1,印度
steam line sizing spirax sarco,0,3,南非、新西兰、印度
steam main spirax sarco pdf,0,1,乌拉圭
steam properties spirax sarco,0,2,荷兰、印度
steam spirax sarco,0,2,比利时、荷兰
steam spirax sarco pdf,0,1,乌拉圭
steam spirax sarco red,0,1,厄瓜多尔
steam system spirax sarco,0,1,墨西哥
steam table calculator spirax sarco,0,2,哥伦比亚、墨西哥
steam table calculator spirax sarco quality,0,1,墨西哥
steam table spirax sarco pdf,0,1,印度
steam trap calculator spirax sarco,0,1,墨西哥
steam trap pipe design spirax sarco,0,1,南非
steam trap spirax sarco ft 30 installation,0,1,哥伦比亚
steam trap spirax sarco ft30,0,1,哥伦比亚
steam trap spirax sarco ft30 instalation,0,1,哥伦比亚
steam trap thermodynamic spirax sarco,0,1,墨西哥
steam tutorial spirax sarco,0,1,印度
steam tutorial spirax sarco pdf,0,1,墨西哥
steam valve spirax sarco,0,2,拉脱维亚、挪威
steamtrap spirax sarco,0,1,比利时
steamtrap spirax sarco tri clamp,0,1,比利时
sterilization of air filter spirax sarco,0,1,印度
stms spirax sarco descargar,0,1,委内瑞拉
stoomtabel spirax sarco,0,1,荷兰
strainer 33 spirax sarco,0,1,波兰
strainer spirax sarco,0,3,比利时、荷兰、以色列
strainer y spirax sarco 767,0,1,智利
strategie 3 diagram product customer spirax sarco,0,1,波兰
stream buffer spirax sarco,0,1,保加利亚
sts13 spirax sarco,0,1,墨西哥
sts17 spirax sarco,0,2,比利时、荷兰
stvm spirax sarco,0,1,哥斯达黎加
sungyoon baek spirax sarco,0,1,韩国
superheated steam spirax sarco,0,1,哥斯达黎加
superheated steam table spirax sarco,0,3,荷兰、新西兰、印度
surveillance purge sonde spirax sarco,0,1,比利时
surveillance purge spirax sarco,0,1,比利时
sv 56 spirax sarco,0,1,巴拉圭
sv 5708 spirax sarco,0,1,秘鲁
sv56 spirax sarco,0,1,巴拉圭
sv5708 spirax sarco,0,2,厄瓜多尔、秘鲁
sv604 spirax sarco,0,1,芬兰
sv69l spirax sarco,0,1,巴拉圭
swp 01 spirax sarco,0,1,波兰
sx2000 spirax sarco,0,1,乌克兰
sx40 spirax sarco,0,1,乌克兰
sygnalizator lc3000 spirax sarco,0,1,波兰
sygnalizator lc3000 spirax sarco cena,0,1,波兰
t-p022-01 spirax sarco,0,1,巴拉圭
t2 spirax sarco,0,1,厄瓜多尔
tabela de preços spirax sarco,0,1,葡萄牙
tabla agua subenfriada spirax sarco,0,1,哥伦比亚
tabla de calculo spirax sarco,0,1,巴拉圭
tabla de conversiones spirax sarco,0,1,墨西哥
tabla de vapor de spirax sarco,0,1,哥伦比亚
tabla vapor sobrecalentado spirax sarco,0,1,乌拉圭
tabla vapor spirax sarco,0,1,哥伦比亚
tablas de agua spirax sarco,0,1,哥伦比亚
tablas de vapor de agua spirax sarco,0,1,乌拉圭
tablas de vapor sobrecalentado spirax sarco,0,3,哥伦比亚、墨西哥、乌拉圭
tablas de vapor spirax sarco españa,0,1,秘鲁
tablas de vapor spirax sarco online,0,1,哥伦比亚
tablas termodinamicas spirax sarco,0,1,秘鲁
tablas vapor spirax sarco,0,2,墨西哥、乌拉圭
tank shell heat coefficient spirax sarco,0,1,土耳其
tanque alimentacion spirax sarco,0,1,智利
tanque de alimentacion spirax sarco,0,2,哥伦比亚、墨西哥
tanque de condensado spirax sarco,0,1,厄瓜多尔
tanque de condensados spirax sarco,0,2,厄瓜多尔、墨西哥
tanque de purgas spirax sarco,0,2,哥伦比亚、墨西哥
tanque fv8 spirax sarco,0,1,哥伦比亚
tanque vapor flash spirax sarco,0,1,哥斯达黎加
tanques de alimentacion para calderas spirax sarco,0,1,乌拉圭
td 32 fa spirax sarco,0,1,土耳其
tds 52 spirax sarco pdf,0,1,墨西哥
telefono spirax sarco,0,2,墨西哥、智利
temperature control system spirax sarco,0,1,孟加拉国
temperature control valve spirax sarco,0,1,以色列
termocompresor spirax sarco,0,1,哥伦比亚
tf14 spirax sarco,0,1,墨西哥
the steam and condensate loop book spirax sarco 2014,0,1,哥伦比亚
the steam and condensate loop book spirax sarco pdf,0,1,哥伦比亚
thermal gauge spirax sarco,0,1,乌克兰
thermodynamics steam traps horizontal vertical spirax sarco,0,1,乌拉圭
thermostatic spirax sarco,0,1,匈牙利
thermoton spirax sarco,0,1,哥伦比亚
tiendas spirax sarco,0,1,墨西哥
tip d17 g spirax sarco,0,1,塞尔维亚
tip d17 g spirax sarco cena,0,1,塞尔维亚
tip d17 spirax sarco cena,0,1,塞尔维亚
tipos de trampas de vapor spirax sarco,0,2,玻利维亚、秘鲁
tipos de valvulas de seguridad spirax sarco,0,1,秘鲁
tipos de vapor de agua spirax sarco,0,1,墨西哥
tlv o spirax sarco,0,1,墨西哥
tlv spirax sarco,0,1,毛里求斯
tlv vs spirax sarco,0,1,秘鲁
tom sharpe spirax sarco,0,1,印度
tom sharpe spirax sarco contact,0,1,印度
top news spirax-sarco in gbp139 million takeover bid for thermocoax,0,1,新加坡
topol spirax sarco,0,1,斯洛文尼亚
trabajo en spirax sarco,0,1,秘鲁
trabajo en spirax sarco peru,0,1,秘鲁
traducir spirax sarco straight strainer,0,1,哥伦比亚
traductor spirax sarco,0,1,墨西哥
trama de vapor spirax sarco ft 75,0,1,哥伦比亚
trama de vapor spirax sarco ft75,0,1,哥伦比亚
tramapas de vapor spirax sarco,0,1,墨西哥
trampa a flotador spirax sarco,0,2,哥伦比亚、墨西哥
trampa a125 spirax sarco,0,1,哥伦比亚
trampa balde invertido b pdf spirax sarco,0,1,哥伦比亚
trampa balde invertido marca spirax sarco,0,1,哥伦比亚
trampa balde invertido serie b pdf spirax sarco,0,1,哥伦比亚
trampa bomba de vapor spirax sarco,0,1,哥斯达黎加
trampa bomba spirax sarco costo,0,1,墨西哥
trampa de aire spirax sarco,0,2,哥伦比亚、墨西哥
trampa de aire spirax sarco ac,0,1,哥伦比亚
trampa de aire spirax sarco sa,0,1,哥伦比亚
trampa de condensado de1 2 pulgada spirax sarco mercado libre,0,1,哥伦比亚
trampa de condensado spirax sarco,0,1,智利
trampa de condensado spirax sarco cas,0,1,智利
trampa de condensados tipo bola spirax sarco,0,1,墨西哥
trampa de cubeta invertida spirax sarco tipo b,0,1,墨西哥
trampa de flote spirax sarco,0,1,洪都拉斯
trampa de vapor de1 2 pulgada spirax sarco mercado libre,0,1,哥伦比亚
trampa de vapor flotador spirax sarco,0,1,乌拉圭
trampa de vapor spirax sarco 1 4,0,1,哥伦比亚
trampa de vapor spirax sarco 1 4 14305,0,1,哥伦比亚
trampa de vapor spirax sarco 14305,0,1,哥伦比亚
trampa de vapor spirax sarco 58014 a,0,1,秘鲁
trampa de vapor spirax sarco de 1 2 modelo vpc32y,0,1,委内瑞拉
trampa de vapor spirax sarco vertical,0,1,哥伦比亚
trampa de vapor td5225mm-1 marca spirax sarco presion 43 kg,0,1,墨西哥
trampa de vapor termodinamica spirax sarco td3-3,0,1,智利
trampa de vapor termostatica spirax sarco,0,1,智利
trampa flotador fti spirax sarco,0,1,哥伦比亚
trampa flotador spirax sarco a126,0,1,墨西哥
trampa ftd spirax sarco,0,1,墨西哥
trampa fti200 spirax sarco,0,1,哥伦比亚
trampa j3x equivalente en spirax sarco,0,1,秘鲁
trampa para aire comprimido spirax sarco,0,1,墨西哥
trampa para condensados spirax sarco,0,1,墨西哥
trampa para serpentin spirax sarco,0,1,智利
trampa para vapor spirax sarco distribuidor en ciudad de mexico,0,1,墨西哥
trampa spirax sarco 216 wcb,0,1,哥伦比亚
trampa spirax sarco a126,0,1,墨西哥
trampa spirax sarco a216 wcb,0,1,哥伦比亚
trampa spirax sarco ca 550 precio,0,1,墨西哥
trampa spirax sarco ca550 precio,0,1,墨西哥
trampa spirax sarco dn25,0,1,委内瑞拉
trampa spirax sarco ftb,0,1,墨西哥
trampa tdc spirax sarco,0,1,哥伦比亚
trampa termodinamica con filtro spirax sarco,0,1,哥伦比亚
trampa termodinamica de 1 2 spirax sarco p vapor usa,0,1,秘鲁
trampa termodinamica de laberinto spirax sarco,0,1,乌拉圭
trampa termodinamica de vapor de laberinto spirax sarco,0,1,乌拉圭
trampa termodinamica de vapor tipo laberinto spirax sarco,0,1,乌拉圭
trampa termodinamica roscada 3 8 spirax sarco,0,1,哥伦比亚
trampa termodinámica spirax sarco,0,2,哥伦比亚、墨西哥
trampa termodinamica spirax sarco 3 4,0,1,墨西哥
trampa termodinámica spirax sarco 3 4,0,1,墨西哥
trampa termodinamica spirax sarco 3 4 150 lbs,0,1,墨西哥
trampa termodinamica spirax sarco ficha tecnica,0,1,墨西哥
trampa termodinamica spirax sarco funcionamiento,0,3,哥伦比亚、墨西哥、智利
trampa termodinámica spirax sarco funcionamiento,0,1,哥伦比亚
trampa termodinamica spirax sarco peru,0,1,秘鲁
trampa termodinamica spirax sarco precio,0,1,墨西哥
trampa termodinamica spirax sarco proveedores,0,1,墨西哥
trampa termodinamica spirax sarco tapa azul,0,1,哥伦比亚
trampa termodinamica spirax sarco tds 52,0,1,墨西哥
trampa termodinamica vapor spirax sarco,0,1,墨西哥
trampa termostatica bp spirax sarco,0,1,秘鲁
trampa termostatica spirax sarco 3 4,0,1,墨西哥
trampa tipo flotador spirax sarco,0,1,秘鲁
trampa vapor flotador spirax sarco,0,1,智利
trampas balde invertido spirax sarco,0,1,哥伦比亚
trampas de cubeta invertida spirax sarco,0,1,墨西哥
trampas de flotador spirax sarco,0,2,哥伦比亚、墨西哥
trampas de flotador termostatica spirax sarco,0,1,厄瓜多尔
trampas de spirax sarco mexico,0,1,墨西哥
trampas de vapor balde invertido spirax sarco fallas,0,1,哥伦比亚
trampas de vapor spirax sarco 925 10,0,1,哥伦比亚
trampas de vapor spirax sarco fallas,0,1,哥伦比亚
trampas de vapor spirax sarco mantenimiento,0,1,哥伦比亚
trampas de vapor tds 52 spirax sarco instalacion pdf,0,1,玻利维亚
trampas de vapor tds 52 spirax sarco pdf,0,1,玻利维亚
trampas de vapor termodinamica strainer spirax sarco,0,1,墨西哥
trampas de vapor termodinamicas spirax sarco+,0,1,墨西哥
trampas de vapor termostaticas spirax sarco,0,1,墨西哥
trampas ded vapor spirax sarco,0,1,智利
trampas mecanicas de vapor spirax sarco,0,1,墨西哥
trampas para condensados spirax sarco,0,1,墨西哥
trampas spirax sarco con flange,0,1,智利
trampas spirax sarco con flange figura l02,0,1,智利
trampas spirax sarco con flanged figura l02,0,1,智利
trampas spirax sarco peru,0,1,秘鲁
trampas termodinámicas spirax sarco,0,1,墨西哥
trampas termodinamicas spirax sarco tdc,0,1,墨西哥
trampas termostaticas spirax sarco ebay,0,1,墨西哥
trampas termostaticas spirax sarco tipo h ebay,0,1,墨西哥
trampas termostaticas spirax sarco videos,0,1,墨西哥
trampas termostaticas tipo h spirax sarco ebay,0,1,墨西哥
trampas vapor spirax sarco catalogo,0,1,秘鲁
transmisor temperatura pt100 spirax-sarco,0,1,智利
transmitter differentielle spirax sarco,0,1,比利时
transmitter spirax sarco,0,1,比利时
trap location spirax sarco,0,1,乌拉圭
trap spirax sarco,0,1,墨西哥
trap steam 3 4 ft-15 spirax sarco,0,1,墨西哥
tuberias de vapor spirax sarco,0,1,委内瑞拉
turbinas spirax sarco,0,1,哥斯达黎加
tutorial spirax sarco,0,1,哥伦比亚
up1-124-hl-sp spirax sarco,0,1,俄罗斯
vacantes spirax sarco cali,0,1,哥伦比亚
vacuum pump spirax sarco,0,1,乌拉圭
valbula reguladora de vapor spirax sarco,0,1,秘鲁
value discipline spirax sarco,0,1,波兰
valv reductora spirax sarco,0,1,秘鲁
valve cryogenic spirax sarco,0,1,危地马拉
valves spirax sarco in chile,0,1,智利
valvula aire comprimido spirax sarco,0,1,乌拉圭
valvula antirretorno spirax sarco gnc,0,1,哥伦比亚
valvula autoreguladora p25 spirax sarco,0,1,哥伦比亚
válvula autoreguladora spirax sarco 3 4,0,1,哥伦比亚
valvula bola spirax sarco 1 2,0,1,哥伦比亚
valvula brv spirax sarco,0,1,智利
valvula check inox spirax sarco,0,1,厄瓜多尔
valvula control spirax sarco,0,1,哥伦比亚
valvula de bola 3d spirax sarco,0,1,秘鲁
valvula de bola para vapor spirax sarco,0,1,智利
valvula de condensado de1 2 pulgada spirax sarco mercado libre,0,1,哥伦比亚
valvula de condensado spirax sarco mercado libre,0,1,哥伦比亚
valvula de control de temperatura spirax sarco,0,1,哥伦比亚
valvula de control de tres vias kv 35 spirax sarco,0,1,秘鲁
valvula de control modulante con actuador neumatico marca spirax sarco,0,1,秘鲁
valvula de control modulante spirax sarco,0,1,葡萄牙
válvula de control spirax sarco,0,1,哥伦比亚
valvula de corte spirax sarco,0,1,哥伦比亚
válvula de retencion spirax sarco,0,1,秘鲁
válvula de retencion spirax sarco lima,0,1,秘鲁
valvula de retencion tipo disco resorte spirax-sarco,0,1,智利
válvula de retorno simple laton spirax sarco,0,1,秘鲁
valvula de segurança spirax sarco slo,0,1,葡萄牙
valvula de seguridad 211s spirax sarco,0,1,哥伦比亚
valvula de seguridad hoja téncica spirax sarco,0,1,乌拉圭
valvula de seguridad spirax sarco 56,0,1,巴拉圭
valvula de seguridad sv72 spirax sarco,0,1,哥伦比亚
valvula de seguridad tanque spirax sarco,0,1,乌拉圭
válvula de seguridad y alivio spirax sarco,0,1,智利
valvula de venteo spirax sarco,0,1,哥斯达黎加
valvula eliminadora de aire marca spirax sarco,0,1,多米尼加共和国
valvula esferica spirax sarco aire,0,1,乌拉圭
valvula esferica spirax sarco de 2 pulgadas inoxidable,0,1,乌拉圭
valvula fuelle spirax sarco,0,1,哥伦比亚
valvula mezcladora spirax sarco,0,1,哥伦比亚
valvula modulante spirax sarco chile,0,1,智利
valvula neumatica spirax sarco,0,1,哥伦比亚
valvula on off spirax sarco,0,1,巴拉圭
valvula pav spirax sarco instalacion,0,1,哥伦比亚
valvula pg spirax sarco,0,1,哥伦比亚
valvula piston asiento inclinado spirax sarco,0,1,厄瓜多尔
valvula proporcional ael 6321 spirax sarco,0,1,哥伦比亚
valvula proporcional ael6321 spirax sarco,0,1,哥伦比亚
valvula proporcional neumatica spirax sarco,0,1,哥伦比亚
valvula proporcional spirax sarco,0,1,玻利维亚
valvula purga automatica spirax sarco,0,1,哥伦比亚
valvula pv6211 spirax sarco,0,1,秘鲁
valvula reductora de presion de 10 para aire spirax sarco,0,1,秘鲁
valvula reductora de presion de accion directa spirax sarco,0,1,乌拉圭
valvula reductora de presion simbolo spirax sarco,0,1,智利
valvula reductora de presion simbolo spirax sarco bdv,0,1,智利
valvula reductora de presion spirax sarco ti-p470-01,0,1,哥斯达黎加
valvula regulador de presion spirax sarco,0,1,秘鲁
valvula reguladora de aire spirax sarco,0,1,秘鲁
valvula reguladora de presion de vapor spirax sarco precio,0,2,洪都拉斯、危地马拉
valvula reguladora de presion para vapor spirax sarco,0,1,秘鲁
valvula reguladora de presion spirax sarco 2 250,0,1,秘鲁
valvula reguladora de temperatura spirax sarco,0,2,哥伦比亚、委内瑞拉
valvula reguladora de vapor dp 25 spirax sarco,0,1,委内瑞拉
valvula reguladora de vapor dp 25 spirax sarco ebay,0,1,委内瑞拉
valvula reguladora de vapor spirax sarco precio,0,1,洪都拉斯
valvula reguladora de vapor spirax sarco sello amarillo,0,1,哥伦比亚
valvula reguladora spirax sarco despiece,0,1,哥伦比亚
valvula reguladora spirax sarco seccionada,0,1,哥伦比亚
valvula reguladora spirax sarco serie 25,0,1,委内瑞拉
valvula retenção bola spirax sarco,0,1,葡萄牙
valvula retenção bola spirax sarco modelo f 14,0,1,葡萄牙
valvula rompe vacio spirax sarco,0,3,巴拉圭、秘鲁、萨尔瓦多
valvula solenoide 3 2 spirax-sarco,0,1,智利
valvula solenoide 3 2 vias spirax-sarco,0,1,智利
valvula spirax sarco 1 2,0,1,哥伦比亚
valvula spirax sarco 3 2 vias,0,1,厄瓜多尔
valvula spirax sarco 3 2 vias 581,0,1,厄瓜多尔
valvula spirax sarco 539134,0,1,厄瓜多尔
valvula spirax sarco 581,0,1,厄瓜多尔
valvula spirax sarco 581-15,0,1,厄瓜多尔
valvula spirax sarco 59181p,0,1,委内瑞拉
valvula spirax sarco 9123e,0,1,危地马拉
valvula spirax sarco angular,0,1,哥伦比亚
valvula spirax sarco best2 gb6,0,1,厄瓜多尔
valvula spirax sarco con bulbo de temperatura 25 s,0,1,哥斯达黎加
valvula spirax sarco con bulbo de temperatura25 s,0,1,哥斯达黎加
valvula spirax sarco condensado,0,1,厄瓜多尔
valvula spirax sarco delpin,0,1,萨尔瓦多
valvula spirax sarco dn 65 pn 16,0,1,智利
valvula spirax sarco en colombia,0,1,哥伦比亚
valvula spirax sarco inox dos pulgadas,0,1,乌拉圭
valvula spirax sarco m5 v4,0,1,玻利维亚
valvula spirax sarco mercado libre,0,1,哥伦比亚
valvula spirax sarco pm,0,1,哥伦比亚
valvula spirax sarco pmo-tmo 150 psig pma-tma 150 psig-450o f,0,1,多米尼加共和国
valvula spirax sarco pmo-tmo 150 psig pma-tma 150psig-450o f,0,1,多米尼加共和国
valvula spirax sarco pn 16,0,1,智利
valvula spirax sarco trampas de fuelle,0,1,厄瓜多尔
valvula spirax sarco vcv,0,1,委内瑞拉
valvula tipo pistón actuada spirax-sarco,0,1,智利
valvula tipo pn9126e spirax sarco,0,1,玻利维亚
valvula tipo pn9126e spirax sarco funcionamiento,0,1,玻利维亚
valvula trampa de vapor spirax sarco,0,1,多米尼加共和国
valvula trampa de vapor spirax sarco dibujo,0,1,多米尼加共和国
valvulas de 3 vias para agua spirax sarco,0,1,乌拉圭
valvulas de bola spirax sarco,0,1,哥伦比亚
valvulas de contril spirax sarco,0,1,巴拉圭
valvulas de control spirax sarco,0,2,哥伦比亚、委内瑞拉
valvulas de control spirax sarco 90,0,1,巴拉圭
valvulas de fuelle spirax sarco,0,1,洪都拉斯
valvulas de globo spirax sarco,0,1,葡萄牙
válvulas de seguridad 560 spirax sarco,0,1,秘鲁
valvulas de seguridad para calderas spirax sarco,0,1,多米尼加共和国
valvulas de seguridad para calderas spirax sarco 1 2,0,1,哥伦比亚
válvulas de seguridad spirax sarco,0,1,秘鲁
válvulas de seguridad sv spirax sarco,0,1,秘鲁
válvulas de seguridad sv5 spirax sarco,0,1,秘鲁
válvulas de seguridad sv560 spirax sarco,0,1,秘鲁
valvulas de seguridad y alivio spirax sarco,0,1,多米尼加共和国
válvulas de vapor spirax sarco,0,1,秘鲁
valvulas globo para vapor spirax sarco,0,1,玻利维亚
valvulas reductoras de presion spirax sarco lima,0,1,秘鲁
valvulas reductoras de presion spirax sarco ventas lima,0,1,秘鲁
valvulas reguladoras de presion spirax sarco modelo antiguo para vapor,0,1,智利
valvulas reguladoras spirax sarco,0,1,秘鲁
valvulas spirax sarco distribuidor,0,1,秘鲁
valvulas spirax sarco ecuador,0,1,厄瓜多尔
valvulas spirax sarco preços,0,1,葡萄牙
valvulas spirax sarco sanitaria reguladora,0,1,委内瑞拉
válvulas spirax sarco tres vias lacteos,0,1,厄瓜多尔
valvulas spirax sarco vapor,0,1,智利
valvulas spirax sarco venezuela,0,1,委内瑞拉
valvulas vapor spirax sarco,0,1,智利
valvuloa reductora de presion spirax sarco,0,1,哥斯达黎加
vanne électropneumatique spring 2.0-4.0 bar 20-60 psi de spirax sarco,0,1,喀麦隆
vapor recalentado spirax sarco,0,1,乌拉圭
vapor saturado spirax sarco,0,2,哥伦比亚、乌拉圭
vapor spirax sarco pdf,0,1,智利
vaso de condensado spirax sarco,0,1,哥伦比亚
venta de valvulas spirax sarco,0,1,委内瑞拉
ventil spirax sarco,0,1,瑞典
vertriebsingenieur spirax sarco,0,1,瑞士
vertriebsingenieur spirax sarco schweiz,0,1,瑞士
video calderas spirax sarco,0,1,智利
video de calderas spirax sarco,0,1,秘鲁
video trampa de vapor con flotador spirax sarco,0,1,哥伦比亚
video trampa de vapor spirax sarco,0,1,哥伦比亚
videos de spirax sarco,0,1,厄瓜多尔
videos spirax sarco español,0,1,秘鲁
videos spirax sarco vapor,0,1,秘鲁
videos spirax sarco vapor en español,0,1,秘鲁
visor condensado spirax sarco,0,1,智利
visor de 1 spirax sarco,0,1,乌拉圭
visor de condensado spirax sarco veneficios,0,1,秘鲁
visor de flujo1 spirax sarco,0,1,巴拉圭
visor doble mirilla spirax sarco,0,1,秘鲁
visor doble ventana bronce spirax sarco,0,1,秘鲁
vs204 spirax sarco,0,1,哥伦比亚
vtgo arm pil p vap 6902215 spirax sarco,0,1,巴拉圭
vtgo arm pil p vap spirax sarco,0,1,巴拉圭
warm up condensate spirax sarco,0,1,乌拉圭
water flow indicator spirax sarco,0,1,印度
water separator spirax sarco,0,1,韩国
water separator spirax sarco pressure drop,0,1,韩国
water separator spirax sarco pressure drop 12,0,1,韩国
watson marlow ltd spirax sarco,0,1,荷兰
watson-marlow division spirax-sarco indonesia,0,1,加纳
wav spirax sarco,0,1,俄罗斯
weakness analyse spirax sarco,0,1,波兰
weakness analysis spirax sarco,0,1,波兰
weakness spirax sarco,0,1,波兰
węzeł cieplny spirax sarco,0,1,波兰
what is spirax sarco,0,2,比利时、南非
where can a buy spirax sarco products,0,1,南非
where doi use spirax sarco products,0,1,南非
why to join spirax sarco,0,1,印度
wiki spirax-sarco,0,1,波兰
www spirax sarco com,0,2,比利时、荷兰
www.spirax sarco.com ar,0,1,哥斯达黎加
yahoo spirax sarco engineering plc,0,1,葡萄牙
yrampas de flotador termostatica spirax sarco,0,1,厄瓜多尔
zalany zawór bezpieczeństwa spirax sarco,0,1,波兰
zastopstvo spirax sarco,0,1,斯洛文尼亚
zawór bezpieczeństwa spirax sarco,0,1,波兰
zawór bezpieczeństwasv 615 spirax sarco,0,1,波兰
zawór bezpośredniego działania spirax sarco,0,1,波兰
zawór dn 125 pn 25 spirax sarco,0,1,波兰
zawór międzykołnierzowy zwrotny spirax sarco pn63,0,1,波兰
zawór odmulający spirax sarco,0,1,波兰
zawór pływakowy spirax sarco,0,1,波兰
zawór redukcyjny spirax sarco,0,1,波兰
zawór regulacyjny spirax sarco,0,1,波兰
αυτόνομη θερμοστατική βαλβίδα ατμού τύπου spirax sarco bx6 1 2,0,1,希腊
νομογραφήματα spirax sarco,0,1,希腊
арматура регулирующая ду 25 ру16 250 с spirax sarco описание,0,1,哈萨克斯坦
вентиль spirax sarco,0,1,俄罗斯
вентиль игольчатый spirax sarco,0,1,俄罗斯
вентиль регулирующии ду 25 ру16 250 с spirax sarco описание,0,1,哈萨克斯坦
водомерное стекло spirax sarco,0,1,白俄罗斯
воздушник spirax sarco,0,1,俄罗斯
датчик wls spirax sarco,0,1,俄罗斯
ду 25 ру16 250 с spirax sarco,0,1,哈萨克斯坦
евгений наумов spirax sarco,0,1,哈萨克斯坦
запасные части spirax sarco,0,1,俄罗斯
запорная арматура spirax sarco ду 25,0,1,哈萨克斯坦
запорная арматура spirax sarco ду 25 габариты,0,1,哈萨克斯坦
запчасти spirax sarco,0,1,俄罗斯
илья глыбин spirax sarco linkedin moscow,0,1,俄罗斯
инжектор spirax sarco type 20 model 3,0,1,俄罗斯
канальный осушитель воздуха spirax sarco,0,1,乌克兰
клапан spirax sarco продам,0,1,俄罗斯
клапан spirax sarco продаю,0,1,俄罗斯
клапан предохранительный spirax sarco,0,1,乌克兰
клапан регулируемый ду 25 ру16 spirax sarco,0,1,哈萨克斯坦
клапан регулирующии ду 25 ру16 250 с spirax sarco описание,0,1,哈萨克斯坦
клапан регулирующии ду 25 ру16 spirax sarco описание,0,1,哈萨克斯坦
клапан регулирующий паровой spirax sarco dn65,0,1,乌克兰
компания spirax sarco,0,1,俄罗斯
компания spirax sarco стремиться быть лидером,0,1,俄罗斯
конденсатооводчик по типу spirax sarco,0,1,乌克兰
конденсатоотводчик spirax sarco stgs14,0,1,白俄罗斯
конденсатоотводчики spirax sarco ftgs1,0,1,俄罗斯
конденсатоотводчики spirax sarco официальные дилеры,0,1,俄罗斯
контроллер уровня spirax sarco,0,1,俄罗斯
наталья воропаева spirax sarco,0,1,俄罗斯
оборудование spirax sarco,0,1,俄罗斯
обратный клапан фланцевый дн 50 spirax sarco regbnm,0,1,乌克兰
официальный представитель spirax sarco в украине,0,1,乌克兰
паровые системы и отвод конденсата spirax sarco,0,1,俄罗斯
перетворювач gthtgfle тиску spirax sarco купити,0,1,捷克共和国
перетворювач перепаду тиску spirax sarco купити,0,1,捷克共和国
перетворювач тиску spirax sarco купити,0,1,捷克共和国
позиционер spirax sarco sp303,0,1,白俄罗斯
представитель spirax sarco,0,1,白俄罗斯
продукция spirax sarco,0,1,俄罗斯
прокладки spirax sarco,0,1,俄罗斯
регулирующие клапана spirax sarco,0,2,白俄罗斯、俄罗斯
регулирующик клапан с нз пневмоприводом spirax sarco,0,1,乌克兰
регулятор давления spirax sarco,0,1,俄罗斯
регулятор давления пара spirax sarco,0,1,俄罗斯
редукционный клапан spirax sarco,0,2,比利时、荷兰
сайт компании spirax sarco,0,1,俄罗斯
сепаратор пара spirax sarco,0,1,俄罗斯
станция перекачки парового конденсата spirax sarco,0,1,俄罗斯
стекло смотровое spirax sarco,0,1,俄罗斯
термодистилятор spirax sarco,0,1,乌克兰
учебник по пароснабжению от spirax sarco,0,1,俄罗斯
шкаф управления spirax sarco,0,1,俄罗斯
斯派莎克ft疏水阀,0,1,中国
斯派莎克汽水分离器,0,1,中国
斯派莎克电动阀,0,1,中国
斯派莎克疏水阀,0,1,中国
英国斯派莎克调节阀,0,1,中国
