存在页面,Keyword,Volume,国家数,来源国家,当前是否已存在
,spirax sarco,4400,82,阿尔巴尼亚、阿根廷、阿塞拜疆、爱尔兰、爱沙尼亚、安哥拉、奥地利、澳大利亚、巴拉圭、巴西、白俄罗斯、保加利亚、比利时、波兰、波斯尼亚和黑塞哥维那、玻利维亚、丹麦、德国、多米尼加共和国、俄罗斯、厄瓜多尔、法国、芬兰、哥伦比亚、哥斯达黎加、格鲁吉亚、哈萨克斯坦、海地、韩国、荷兰、洪都拉斯、加拿大、加纳、捷克共和国、津巴布韦、喀麦隆、克罗地亚、拉脱维亚、立陶宛、卢森堡、罗马尼亚、马耳他、毛里求斯、美国、孟加拉国、秘鲁、摩尔多瓦、莫桑比亚、墨西哥、纳米比亚、南非、尼加拉瓜、尼日利亚、挪威、葡萄牙、日本、瑞典、瑞士、萨尔瓦多、塞尔维亚、塞内加尔、塞浦路斯、斯洛伐克、斯洛文尼亚、特立尼达和多巴哥、土耳其、危地马拉、委内瑞拉、乌克兰、乌拉圭、西班牙、希腊、新加坡、新西兰、匈牙利、亚美尼亚、以色列、意大利、印度、英国、智利、中国香港,否
,spirax sarco share price,4400,22,阿根廷、爱尔兰、澳大利亚、巴西、比利时、丹麦、德国、法国、荷兰、加拿大、津巴布韦、罗马尼亚、美国、葡萄牙、日本、塞浦路斯、西班牙、新加坡、新西兰、意大利、印度、英国,否
,spirax sarco inc.,1600,9,澳大利亚、巴西、比利时、德国、法国、荷兰、加拿大、美国、英国,否
,spirax sarco company,880,12,澳大利亚、巴西、比利时、德国、法国、荷兰、加拿大、美国、葡萄牙、西班牙、意大利、英国,否
,spirax sarco engineering share price,720,12,阿根廷、澳大利亚、巴西、比利时、德国、法国、荷兰、加拿大、美国、西班牙、意大利、英国,否
,spirax sarco inc,480,18,澳大利亚、巴西、保加利亚、比利时、德国、韩国、荷兰、洪都拉斯、加拿大、美国、孟加拉国、墨西哥、西班牙、新西兰、以色列、意大利、印度、英国,否
有,spirax sarco steam traps,480,42,阿根廷、阿塞拜疆、爱尔兰、奥地利、澳大利亚、巴西、比利时、波兰、丹麦、德国、俄罗斯、法国、芬兰、哥斯达黎加、韩国、荷兰、黑山共和国、加拿大、加纳、津巴布韦、罗马尼亚、毛里求斯、美国、墨西哥、纳米比亚、南非、挪威、葡萄牙、日本、瑞典、瑞士、塞浦路斯、乌克兰、乌拉圭、西班牙、新加坡、新西兰、以色列、意大利、印度、英国、智利,是（ID 355）
,spirax sarco ftse 100,260,9,澳大利亚、比利时、荷兰、加拿大、美国、孟加拉国、墨西哥、新加坡、英国,否
,spirax sarco shares,260,5,美国、葡萄牙、西班牙、意大利、英国,否
,spirax sarco pte ltd,210,15,澳大利亚、比利时、德国、厄瓜多尔、荷兰、加拿大、美国、墨西哥、日本、委内瑞拉、乌克兰、新加坡、印度、英国、中国香港,否
,spirax sarco steam trap,210,8,澳大利亚、巴西、比利时、荷兰、加拿大、美国、以色列、英国,是（ID 355）
,spirax sarco engineering,170,44,阿根廷、爱尔兰、奥地利、澳大利亚、巴拉圭、巴西、保加利亚、比利时、波兰、波斯尼亚和黑塞哥维那、丹麦、德国、俄罗斯、法国、芬兰、荷兰、加拿大、捷克共和国、津巴布韦、克罗地亚、美国、孟加拉国、秘鲁、墨西哥、纳米比亚、南非、挪威、日本、瑞典、瑞士、塞内加尔、斯洛文尼亚、土耳其、委内瑞拉、乌克兰、西班牙、希腊、新加坡、新西兰、以色列、意大利、印度、英国、智利,否
,spirax sarco jobs,170,28,阿尔巴尼亚、阿根廷、爱尔兰、安哥拉、澳大利亚、比利时、波兰、丹麦、德国、俄罗斯、法国、荷兰、加拿大、津巴布韦、美国、墨西哥、南非、日本、土耳其、危地马拉、乌克兰、西班牙、新加坡、新西兰、以色列、意大利、印度、英国,否
,spirax sarco pty ltd,170,7,澳大利亚、韩国、荷兰、加拿大、美国、意大利、英国,否
,spirax sarco steam tables,170,49,阿根廷、阿塞拜疆、爱尔兰、爱沙尼亚、奥地利、澳大利亚、巴西、比利时、波兰、丹麦、德国、俄罗斯、厄瓜多尔、法国、芬兰、哥伦比亚、哥斯达黎加、韩国、荷兰、加拿大、捷克共和国、津巴布韦、克罗地亚、美国、秘鲁、墨西哥、纳米比亚、南非、挪威、葡萄牙、日本、瑞典、瑞士、萨尔瓦多、塞浦路斯、斯洛文尼亚、土耳其、乌拉圭、西班牙、希腊、新加坡、新西兰、匈牙利、以色列、意大利、印度、英国、智利、中国香港,否
,hiter controls - grupo spirax sarco,140,1,巴西,否
,spirax sarco engineering plc,140,37,阿根廷、阿塞拜疆、爱尔兰、奥地利、澳大利亚、巴西、保加利亚、比利时、波兰、波斯尼亚和黑塞哥维那、德国、俄罗斯、法国、哥伦比亚、格鲁吉亚、荷兰、加拿大、捷克共和国、克罗地亚、美国、孟加拉国、秘鲁、墨西哥、日本、瑞典、瑞士、斯洛伐克、土耳其、乌克兰、西班牙、希腊、新加坡、以色列、意大利、印度、英国、中国香港,否
,spirax sarco steam check valve,140,5,比利时、荷兰、加拿大、美国、英国,是（ID 354）
,spirax-sarco,140,10,巴西、比利时、德国、法国、荷兰、加拿大、西班牙、以色列、意大利、英国,否
,spirax sarco ag,110,12,澳大利亚、比利时、德国、法国、荷兰、加拿大、美国、瑞士、西班牙、意大利、印度、英国,否
,spirax sarco aktie,110,7,奥地利、澳大利亚、德国、荷兰、美国、瑞士、意大利,否
,spirax sarco careers,110,32,阿根廷、爱尔兰、澳大利亚、巴西、比利时、波斯尼亚和黑塞哥维那、丹麦、德国、俄罗斯、厄瓜多尔、法国、哥伦比亚、韩国、荷兰、加拿大、津巴布韦、美国、孟加拉国、秘鲁、墨西哥、南非、尼日利亚、塞浦路斯、土耳其、新加坡、新西兰、匈牙利、意大利、印度、英国、智利、中国香港,否
,spirax sarco ggg40,110,8,阿根廷、澳大利亚、巴西、比利时、法国、加拿大、美国、英国,否
,spirax sarco srl,110,23,阿尔巴尼亚、巴西、比利时、波兰、德国、俄罗斯、法国、荷兰、加拿大、津巴布韦、罗马尼亚、美国、墨西哥、纳米比亚、南非、塞尔维亚、西班牙、新加坡、新西兰、以色列、意大利、印度、英国,否
,sarco spirax,90,9,澳大利亚、巴西、比利时、德国、法国、荷兰、加拿大、以色列、英国,否
,spirax sarco limited,90,29,阿根廷、澳大利亚、巴西、白俄罗斯、比利时、波兰、丹麦、德国、俄罗斯、法国、哥伦比亚、韩国、荷兰、加拿大、美国、秘鲁、墨西哥、南非、尼加拉瓜、日本、土耳其、乌克兰、西班牙、新加坡、匈牙利、以色列、意大利、印度、英国,否
,spirax sarco ltd,90,28,爱尔兰、澳大利亚、巴西、比利时、波兰、玻利维亚、丹麦、德国、俄罗斯、法国、芬兰、哥伦比亚、韩国、荷兰、加拿大、克罗地亚、美国、墨西哥、挪威、瑞典、乌克兰、西班牙、新西兰、匈牙利、以色列、意大利、印度、英国,否
,spirax sarco valves,90,29,阿根廷、爱尔兰、澳大利亚、巴西、比利时、德国、法国、韩国、荷兰、加拿大、津巴布韦、美国、孟加拉国、墨西哥、纳米比亚、南非、塞尔维亚、塞浦路斯、土耳其、委内瑞拉、乌克兰、乌拉圭、西班牙、新加坡、新西兰、以色列、意大利、印度、英国,是（ID 354）
,spirax sarco condensate pump,70,15,澳大利亚、巴西、比利时、德国、厄瓜多尔、法国、荷兰、加拿大、美国、乌拉圭、西班牙、匈牙利、以色列、意大利、英国,否
,spirax sarco distributors,70,30,阿根廷、爱尔兰、安哥拉、澳大利亚、巴哈马群岛、巴西、比利时、波斯尼亚和黑塞哥维那、德国、俄罗斯、法国、哥伦比亚、荷兰、加拿大、津巴布韦、美国、墨西哥、纳米比亚、南非、尼日利亚、塞浦路斯、土耳其、西班牙、希腊、新加坡、新西兰、以色列、意大利、印度、英国,否
,spirax sarco en js1025,70,6,比利时、荷兰、加拿大、美国、西班牙、英国,否
,spirax sarco pressure reducing valve,70,20,阿尔巴尼亚、澳大利亚、巴西、保加利亚、比利时、德国、法国、哥斯达黎加、荷兰、加拿大、美国、葡萄牙、瑞典、乌拉圭、西班牙、以色列、意大利、印度、英国、中国香港,是（ID 354）
,spirax sarco pty limited,70,2,澳大利亚、美国,否
,spirax sarco steam separator,70,26,爱尔兰、澳大利亚、白俄罗斯、比利时、波兰、德国、俄罗斯、哥伦比亚、荷兰、加拿大、美国、墨西哥、尼日利亚、挪威、葡萄牙、日本、瑞士、土耳其、希腊、新西兰、以色列、意大利、印度、英国、智利、中国香港,否
,spirax sarco valve,70,11,澳大利亚、巴西、比利时、德国、荷兰、加拿大、美国、西班牙、以色列、意大利、英国,是（ID 354）
,steam tables spirax sarco,70,5,比利时、荷兰、加拿大、以色列、英国,否
,spirax sarco csm c,50,2,美国、西班牙,否
,spirax sarco dealers,50,1,美国,否
,spirax sarco graduate programme,50,12,阿根廷、澳大利亚、比利时、俄罗斯、荷兰、加拿大、美国、墨西哥、南非、瑞典、印度、英国,否
,spirax sarco pressure regulator,50,9,澳大利亚、巴西、比利时、德国、加拿大、美国、西班牙、意大利、英国,否
,spirax sarco pressure relief valve,50,12,爱尔兰、澳大利亚、巴西、比利时、波斯尼亚和黑塞哥维那、德国、法国、荷兰、加拿大、美国、意大利、英国,是（ID 354）
,spirax sarco prv,50,13,澳大利亚、巴西、比利时、法国、荷兰、加拿大、美国、墨西哥、西班牙、以色列、意大利、印度、英国,否
,spirax sarco regulator,50,14,澳大利亚、巴西、比利时、德国、法国、哥伦比亚、荷兰、加拿大、美国、孟加拉国、西班牙、以色列、意大利、英国,否
,spirax sarco steam regulator,50,9,澳大利亚、比利时、荷兰、加拿大、美国、新加坡、以色列、意大利、英国,否
,spirax sarco store,50,2,加拿大、美国,否
,spirax sarco traps,50,9,巴西、比利时、荷兰、加拿大、美国、以色列、意大利、印度、英国,是（ID 355）
,spirax sarco us,50,9,巴西、比利时、德国、荷兰、美国、西班牙、以色列、意大利、英国,否
,spirax-sarco engineering plc,50,11,澳大利亚、巴西、比利时、德国、法国、荷兰、加拿大、西班牙、以色列、意大利、英国,否
,ball float steam trap spirax sarco,40,15,澳大利亚、巴西、比利时、德国、法国、韩国、荷兰、加拿大、美国、墨西哥、西班牙、以色列、意大利、印度、英国,是（ID 355）
,separador de vapor spirax sarco,40,10,阿根廷、巴西、德国、厄瓜多尔、哥伦比亚、美国、秘鲁、墨西哥、西班牙、智利,否
,spirax sarco air vent,40,13,澳大利亚、比利时、丹麦、德国、荷兰、加拿大、美国、西班牙、新西兰、以色列、意大利、英国、智利,否
,spirax sarco anytime,40,4,澳大利亚、比利时、加拿大、美国,否
,spirax sarco control valve,40,18,澳大利亚、巴西、比利时、德国、法国、荷兰、加拿大、捷克共和国、美国、墨西哥、南非、西班牙、新西兰、匈牙利、以色列、意大利、印度、英国,是（ID 354）
,spirax sarco float and thermostatic steam traps,40,8,澳大利亚、荷兰、加拿大、美国、南非、以色列、印度、英国,是（ID 355）
,spirax sarco gmbh regelapparate,40,8,比利时、德国、荷兰、加拿大、美国、意大利、印度、英国,否
,spirax sarco inverted bucket steam trap,40,11,澳大利亚、比利时、德国、荷兰、加拿大、美国、塞尔维亚、委内瑞拉、以色列、印度、英国,是（ID 355）
,spirax sarco linkedin,40,8,爱尔兰、比利时、波兰、法国、加拿大、美国、意大利、英国,否
,spirax sarco products,40,32,阿根廷、爱尔兰、澳大利亚、巴西、保加利亚、比利时、丹麦、德国、俄罗斯、法国、韩国、荷兰、加拿大、津巴布韦、美国、孟加拉国、墨西哥、纳米比亚、南非、塞尔维亚、塞内加尔、塞浦路斯、特立尼达和多巴哥、土耳其、乌克兰、西班牙、新加坡、新西兰、以色列、意大利、印度、英国,否
,spirax sarco rep locator,40,7,比利时、荷兰、加拿大、美国、南非、印度、英国,否
,spirax sarco steam,40,36,爱尔兰、澳大利亚、巴西、比利时、波斯尼亚和黑塞哥维那、德国、俄罗斯、厄瓜多尔、法国、芬兰、哥伦比亚、哥斯达黎加、格鲁吉亚、韩国、荷兰、加拿大、津巴布韦、罗马尼亚、美国、墨西哥、纳米比亚、南非、日本、瑞典、塞尔维亚、塞浦路斯、危地马拉、乌克兰、乌拉圭、西班牙、新加坡、新西兰、以色列、意大利、印度、英国,否
,spirax sarco stock,40,16,阿根廷、澳大利亚、巴西、保加利亚、比利时、德国、法国、韩国、荷兰、加拿大、美国、西班牙、以色列、意大利、印度、英国,否
,spirax sarco thermodynamic steam trap,40,13,澳大利亚、巴西、比利时、德国、芬兰、荷兰、加拿大、美国、南非、以色列、意大利、印度、英国,是（ID 355）
,spirax sarco thermostatic steam trap,40,16,澳大利亚、比利时、芬兰、荷兰、加拿大、美国、孟加拉国、墨西哥、南非、土耳其、乌克兰、西班牙、以色列、意大利、印度、英国,是（ID 355）
,spirax sarco universal connector,40,1,美国,否
,steam traps spirax sarco,40,6,比利时、荷兰、加拿大、美国、以色列、英国,是（ID 355）
,tt4 spirax sarco,40,2,墨西哥、尼加拉瓜,否
,apt spirax sarco,30,8,阿根廷、巴西、比利时、德国、加拿大、美国、西班牙、英国,否
,cuit spirax sarco,30,2,阿根廷、美国,否
,distribuidores spirax sarco,30,3,阿根廷、巴西、西班牙,否
,filtro spirax sarco,30,13,阿根廷、澳大利亚、巴西、玻利维亚、哥伦比亚、加拿大、美国、墨西哥、挪威、委内瑞拉、西班牙、意大利、英国,否
,filtro y spirax sarco,30,17,阿根廷、澳大利亚、巴拉圭、巴西、德国、法国、哥伦比亚、美国、秘鲁、墨西哥、葡萄牙、委内瑞拉、乌克兰、西班牙、意大利、英国、智利,否
,inverted bucket steam trap spirax sarco,30,11,澳大利亚、巴西、比利时、德国、法国、荷兰、加拿大、美国、意大利、印度、英国,是（ID 355）
,manual spirax sarco,30,4,阿根廷、巴西、墨西哥、西班牙,否
,odwadniacz spirax sarco,30,2,巴西、波兰,否
,rompedor de vacio spirax sarco,30,3,墨西哥、西班牙、智利,否
,separador de gotas spirax sarco,30,8,阿根廷、德国、哥斯达黎加、韩国、美国、西班牙、英国、智利,否
,separador de humedad spirax sarco,30,8,阿根廷、哥伦比亚、美国、秘鲁、墨西哥、西班牙、英国、智利,否
,spirax sarco 3d,30,27,阿根廷、澳大利亚、巴西、比利时、波兰、丹麦、德国、俄罗斯、厄瓜多尔、法国、哥伦比亚、哥斯达黎加、韩国、荷兰、加拿大、美国、秘鲁、墨西哥、瑞典、斯洛文尼亚、土耳其、乌拉圭、西班牙、匈牙利、以色列、意大利、智利,否
,spirax sarco air eliminator,30,12,澳大利亚、巴西、比利时、荷兰、加拿大、美国、新西兰、以色列、意大利、英国、智利、中国香港,否
,spirax sarco app,30,10,澳大利亚、巴西、比利时、哥伦比亚、荷兰、加拿大、美国、墨西哥、西班牙、英国,否
,spirax sarco cennik,30,1,波兰,否
,spirax sarco check valve,30,13,澳大利亚、比利时、德国、法国、哥伦比亚、荷兰、加拿大、捷克共和国、美国、西班牙、以色列、意大利、英国,是（ID 354）
,spirax sarco condensate pump manual,30,7,澳大利亚、比利时、荷兰、加拿大、美国、以色列、英国,否
,spirax sarco condensate recovery unit,30,10,澳大利亚、比利时、荷兰、加拿大、美国、孟加拉国、塞尔维亚、以色列、意大利、英国,否
,spirax sarco control valve pdf,30,8,澳大利亚、比利时、加拿大、美国、南非、以色列、印度、英国,是（ID 354）
,spirax sarco distribuidores,30,9,阿根廷、巴西、哥伦比亚、加拿大、美国、秘鲁、墨西哥、西班牙、智利,否
,spirax sarco distributors near me,30,8,澳大利亚、荷兰、加拿大、美国、新加坡、以色列、印度、英国,否
,spirax sarco email address,30,7,澳大利亚、德国、加拿大、美国、南非、印度、英国,否
,spirax sarco filtro,30,4,阿根廷、巴拉圭、西班牙、意大利,否
,spirax sarco ft,30,13,澳大利亚、巴西、比利时、德国、法国、荷兰、加拿大、美国、挪威、土耳其、以色列、意大利、英国,否
,spirax sarco ft 15,30,6,澳大利亚、俄罗斯、加拿大、美国、秘鲁、英国,否
,spirax sarco ft 15 steam trap,30,2,加拿大、美国,是（ID 355）
,spirax sarco ft-15,30,4,澳大利亚、加拿大、美国、英国,否
,spirax sarco gasket,30,2,加拿大、美国,否
,spirax sarco glassdoor,30,12,澳大利亚、巴西、比利时、法国、荷兰、加拿大、津巴布韦、美国、新加坡、意大利、印度、英国,否
,spirax sarco heat exchanger,30,16,澳大利亚、比利时、波兰、德国、法国、荷兰、加拿大、毛里求斯、美国、孟加拉国、挪威、新加坡、以色列、意大利、英国、智利,否
,spirax sarco history,30,9,阿根廷、澳大利亚、巴西、哥伦比亚、加拿大、美国、瑞士、印度、英国,否
,spirax sarco investor relations,30,8,澳大利亚、比利时、加拿大、津巴布韦、瑞典、新加坡、印度、英国,否
,spirax sarco kft,30,2,德国、匈牙利,否
,spirax sarco local distributor,30,11,爱尔兰、澳大利亚、冰岛、加拿大、津巴布韦、美国、南非、新加坡、以色列、印度、英国,否
,spirax sarco logo,30,24,阿尔巴尼亚、阿根廷、澳大利亚、巴拉圭、巴西、比利时、德国、法国、哥伦比亚、荷兰、加拿大、捷克共和国、美国、墨西哥、葡萄牙、瑞典、乌拉圭、西班牙、新加坡、匈牙利、以色列、意大利、英国、赞比亚,否
,spirax sarco logo png,30,8,巴西、比利时、哥伦比亚、荷兰、美国、墨西哥、新加坡、英国,否
,spirax sarco nigeria,30,1,尼日利亚,否
,spirax sarco pressure powered pump,30,5,澳大利亚、荷兰、加拿大、美国、英国,否
,spirax sarco pump trap,30,10,澳大利亚、巴西、比利时、荷兰、加拿大、美国、西班牙、以色列、英国、智利,否
,spirax sarco pumps,30,4,澳大利亚、加拿大、美国、英国,否
,spirax sarco safety relief valve,30,7,澳大利亚、巴西、比利时、加拿大、美国、意大利、英国,否
,spirax sarco safety valve,30,21,澳大利亚、巴哈马群岛、巴西、比利时、伯利兹、德国、厄瓜多尔、法国、荷兰、加拿大、美国、挪威、瑞士、西班牙、新西兰、匈牙利、以色列、意大利、印度、英国、智利,是（ID 354）
,spirax sarco schweiz,30,7,比利时、德国、法国、荷兰、美国、瑞士、英国,否
,spirax sarco separator,30,18,爱尔兰、澳大利亚、巴西、比利时、波兰、德国、厄瓜多尔、法国、韩国、荷兰、洪都拉斯、加拿大、加纳、美国、委内瑞拉、西班牙、意大利、英国,否
,spirax sarco steam calculator,30,21,爱尔兰、澳大利亚、巴西、比利时、丹麦、俄罗斯、哥斯达黎加、荷兰、加拿大、美国、墨西哥、南非、瑞典、土耳其、西班牙、新加坡、新西兰、以色列、意大利、印度、英国,否
,spirax sarco steam control valve,30,11,爱尔兰、澳大利亚、比利时、哈萨克斯坦、荷兰、加拿大、美国、新西兰、以色列、印度、英国,是（ID 354）
,spirax sarco steam filter,30,12,澳大利亚、比利时、多米尼加共和国、芬兰、荷兰、加拿大、美国、孟加拉国、希腊、以色列、印度、英国,否
,spirax sarco steam pipe sizing calculator,30,7,澳大利亚、荷兰、美国、新加坡、新西兰、印度、英国,否
,spirax sarco steam powered condensate pump,30,6,爱尔兰、比利时、韩国、荷兰、毛里求斯、美国,否
,spirax sarco steam table,30,6,比利时、荷兰、加拿大、美国、以色列、英国,否
,spirax sarco steam trap catalog pdf,30,11,澳大利亚、比利时、德国、荷兰、加拿大、美国、西班牙、以色列、意大利、印度、英国,是（ID 355）
,spirax sarco steam trap distributors,30,6,荷兰、加拿大、美国、以色列、印度、英国,是（ID 355）
,spirax sarco steam trap rebuild kits,30,3,美国、印度、英国,是（ID 355）
,spirax sarco steam valves,30,10,爱尔兰、澳大利亚、比利时、格鲁吉亚、荷兰、加拿大、美国、尼加拉瓜、尼日利亚、英国,是（ID 354）
,spirax sarco strainer,30,27,爱尔兰、澳大利亚、巴西、比利时、丹麦、德国、多米尼加共和国、法国、哥伦比亚、韩国、荷兰、加拿大、津巴布韦、立陶宛、美国、莫桑比亚、墨西哥、瑞士、斯洛文尼亚、乌拉圭、西班牙、新加坡、新西兰、以色列、意大利、印度、英国,否
,spirax sarco temperature control valve,30,8,澳大利亚、比利时、德国、荷兰、加拿大、美国、印度、英国,是（ID 354）
,spirax sarco thermostatic air vent,30,3,加拿大、美国、英国,否
,spirax sarco training,30,17,爱尔兰、澳大利亚、比利时、荷兰、加拿大、津巴布韦、美国、墨西哥、南非、塞浦路斯、乌克兰、新加坡、新西兰、以色列、意大利、印度、英国,否
,spirax sarco vapor,30,11,阿根廷、巴西、玻利维亚、哥伦比亚、哥斯达黎加、荷兰、秘鲁、墨西哥、尼加拉瓜、乌拉圭、西班牙,否
,spirax sarco wiki,30,25,爱尔兰、奥地利、澳大利亚、巴西、比利时、波兰、丹麦、德国、俄罗斯、法国、荷兰、加拿大、津巴布韦、美国、南非、日本、瑞士、乌克兰、西班牙、希腊、新加坡、以色列、意大利、印度、英国,否
,spirax-sarco engineering,30,6,比利时、德国、法国、荷兰、以色列、英国,否
,steam condensate pump spirax sarco,30,8,比利时、荷兰、加拿大、美国、南非、以色列、印度、英国,否
,steam silencer spirax sarco,30,7,比利时、荷兰、加拿大、美国、以色列、意大利、印度,否
,vapor flash spirax sarco,30,4,阿根廷、巴西、墨西哥、乌拉圭,否
,apostila de vapor spirax sarco pdf,20,1,巴西,否
,atuador spirax sarco,20,1,巴西,否
,ball valve spirax sarco,20,14,阿根廷、澳大利亚、巴西、比利时、德国、法国、哥伦比亚、荷兰、加拿大、美国、土耳其、西班牙、意大利、英国,是（ID 354）
,bomba de condensados spirax sarco,20,2,巴西、西班牙,否
,brv spirax sarco,20,12,澳大利亚、巴西、比利时、德国、法国、荷兰、加拿大、美国、瑞士、西班牙、意大利、英国,否
,calderas spirax sarco,20,7,阿根廷、巴西、德国、美国、墨西哥、西班牙、智利,否
,catalogue spirax sarco,20,2,比利时、法国,否
,catalogue spirax sarco pdf,20,10,巴西、比利时、德国、法国、荷兰、加拿大、美国、西班牙、以色列、意大利,否
,chromalox spirax sarco,20,7,澳大利亚、巴西、法国、荷兰、美国、西班牙、英国,否
,clean steam generator spirax sarco,20,14,澳大利亚、巴西、比利时、德国、法国、荷兰、加拿大、立陶宛、美国、委内瑞拉、乌克兰、西班牙、意大利、英国,否
,condensate cooler spirax sarco,20,7,澳大利亚、比利时、法国、荷兰、加拿大、美国、英国,否
,condensate pump spirax sarco,20,11,澳大利亚、巴西、比利时、德国、法国、荷兰、加拿大、美国、西班牙、意大利、英国,否
,condenspot spirax sarco,20,7,巴西、比利时、德国、荷兰、加拿大、美国、英国,否
,cursos spirax sarco,20,2,墨西哥、西班牙,否
,deaerator spirax sarco,20,2,巴西、加拿大,否
,desaireador spirax sarco,20,12,阿根廷、厄瓜多尔、哥伦比亚、美国、秘鲁、墨西哥、尼加拉瓜、挪威、萨尔瓦多、委内瑞拉、乌拉圭、智利,否
,dfu spirax sarco,20,4,阿根廷、巴西、比利时、墨西哥,否
,distribuidor de fluxo universal spirax sarco,20,1,巴西,否
,distribuidor spirax sarco,20,7,阿根廷、巴西、加拿大、美国、墨西哥、西班牙、英国,否
,drv spirax sarco,20,7,澳大利亚、巴西、德国、法国、西班牙、意大利、英国,否
,dynafluid spirax sarco,20,2,巴西、墨西哥,否
,easy heat spirax sarco,20,6,巴西、德国、荷兰、加拿大、墨西哥、西班牙,否
,eliminador de aire spirax sarco,20,10,阿根廷、巴拉圭、巴西、德国、法国、美国、秘鲁、墨西哥、西班牙、智利,否
,eliminador de ar spirax sarco,20,3,巴西、加拿大、美国,否
,eliminadora de aire spirax sarco,20,1,墨西哥,否
,empresa spirax sarco,20,5,阿根廷、巴西、秘鲁、西班牙、智利,否
,filtre spirax sarco,20,2,法国、加拿大,否
,filtre y spirax sarco,20,2,法国、罗马尼亚,否
,filtro canasta spirax sarco,20,3,阿根廷、哥伦比亚、墨西哥,否
,filtro culinario para vapor spirax sarco,20,3,巴西、玻利维亚、美国,否
,filtro culinario spirax sarco,20,10,阿根廷、巴西、哥伦比亚、美国、秘鲁、墨西哥、委内瑞拉、西班牙、意大利、智利,否
,filtro de vapor spirax sarco,20,8,阿根廷、巴西、美国、秘鲁、墨西哥、西班牙、意大利、智利,否
,filtro spirax sarco tipo y,20,4,阿根廷、哥伦比亚、墨西哥、西班牙,否
,filtro tipo y spirax sarco,20,14,阿根廷、澳大利亚、巴西、比利时、德国、法国、洪都拉斯、美国、墨西哥、委内瑞拉、西班牙、意大利、英国、智利,否
,filtro y spirax sarco pdf,20,8,阿根廷、巴西、德国、哥伦比亚、美国、墨西哥、意大利、智利,否
,ftb 175 spirax sarco,20,1,美国,否
,gestra spirax sarco,20,11,澳大利亚、巴西、比利时、德国、法国、荷兰、加拿大、美国、西班牙、意大利、英国,否
,hiter controls grupo spirax sarco,20,1,巴西,否
,hiter spirax sarco,20,9,澳大利亚、巴西、比利时、德国、法国、荷兰、加拿大、美国、英国,否
,imagens de spirax sarco caiapia,20,1,巴西,否
,listino prezzi spirax sarco,20,2,美国、意大利,否
,listino spirax sarco,20,2,美国、意大利,否
,logo spirax sarco,20,17,阿根廷、巴西、比利时、丹麦、德国、法国、哥伦比亚、荷兰、加拿大、美国、秘鲁、墨西哥、西班牙、以色列、意大利、英国、智利,否
,manual controlador spirax sarco sx uni,20,1,巴西,否
,mirilla spirax sarco,20,2,墨西哥、西班牙,否
,nimesh patel spirax sarco,20,8,比利时、德国、法国、加拿大、美国、西班牙、意大利、英国,否
,ogden pump spirax sarco,20,3,巴西、比利时、英国,否
,posicionador spirax sarco,20,4,巴西、荷兰、美国、西班牙,否
,pressure reducing valve for steam spirax sarco,20,14,澳大利亚、巴西、白俄罗斯、比利时、德国、韩国、加拿大、美国、瑞典、特立尼达和多巴哥、乌克兰、意大利、印度、英国,是（ID 354）
,pressure relief valve spirax sarco,20,6,澳大利亚、巴西、荷兰、加拿大、美国、英国,是（ID 354）
,prv spirax sarco,20,9,澳大利亚、巴西、比利时、德国、荷兰、加拿大、美国、意大利、英国,否
,ptc spirax sarco,20,5,澳大利亚、巴西、加拿大、美国、英国,否
,pump trap spirax sarco,20,10,澳大利亚、巴西、比利时、德国、荷兰、加拿大、美国、西班牙、以色列、英国,否
,purgadores de vapor spirax sarco,20,2,巴西、西班牙,否
,purgadores spirax sarco,20,5,巴西、德国、美国、西班牙、英国,否
,representante spirax sarco,20,2,巴西、乌拉圭,否
,rivenditori spirax sarco,20,1,意大利,否
,sample cooler spirax sarco,20,8,澳大利亚、比利时、德国、荷兰、加拿大、美国、以色列、英国,否
,self acting temperature control valve spirax sarco,20,5,澳大利亚、荷兰、加拿大、美国、英国,是（ID 354）
,separador de umidade spirax sarco,20,1,巴西,否
,share price spirax sarco,20,2,比利时、英国,否
,spirax sarco 1 2 steam trap,20,4,澳大利亚、加拿大、美国、英国,是（ID 355）
,spirax sarco 1/2 steam trap,20,4,澳大利亚、加拿大、美国、英国,是（ID 355）
,spirax sarco 25,20,2,美国、英国,否
,spirax sarco 25 main valve,20,2,美国、英国,否
,spirax sarco 25 series,20,2,美国、英国,否
,spirax sarco 25 series pressure reducing valve,20,1,美国,是（ID 354）
,spirax sarco 25 series regulator,20,4,澳大利亚、德国、加拿大、美国,否
,spirax sarco 3 4 steam trap,20,6,澳大利亚、荷兰、加拿大、美国、以色列、英国,是（ID 355）
,spirax sarco 3/4 steam trap,20,3,澳大利亚、加拿大、美国,是（ID 355）
,spirax sarco 3d models,20,24,爱尔兰、澳大利亚、巴西、比利时、德国、法国、哥伦比亚、荷兰、加拿大、津巴布韦、美国、墨西哥、南非、日本、瑞士、塞浦路斯、乌克兰、西班牙、新加坡、新西兰、以色列、意大利、印度、英国,否
,spirax sarco 54819,20,2,加拿大、美国,否
,spirax sarco 55223,20,2,澳大利亚、美国,否
,spirax sarco 55224,20,4,澳大利亚、加拿大、美国、英国,否
,spirax sarco 55226,20,3,澳大利亚、加拿大、美国,否
,spirax sarco 55227,20,6,澳大利亚、比利时、加拿大、美国、新西兰、英国,否
,spirax sarco 59607,20,2,加拿大、美国,否
,spirax sarco 69843,20,4,澳大利亚、加拿大、美国、印度,否
,spirax sarco 86,20,1,法国,否
,spirax sarco a743 ca40f,20,8,澳大利亚、比利时、德国、荷兰、加拿大、美国、西班牙、英国,否
,spirax sarco ab,20,5,荷兰、加拿大、美国、瑞典、英国,否
,spirax sarco actuator,20,10,阿根廷、澳大利亚、保加利亚、德国、荷兰、加拿大、美国、以色列、印度、英国,否
,spirax sarco air separator,20,2,加拿大、美国,否
,spirax sarco air trap,20,6,澳大利亚、比利时、韩国、加拿大、美国、英国,否
,spirax sarco annual report,20,16,澳大利亚、比利时、德国、多米尼加共和国、俄罗斯、法国、韩国、荷兰、加拿大、美国、蒙古、瑞典、西班牙、意大利、印度、英国,否
,spirax sarco anytime login,20,1,美国,否
,spirax sarco apprenticeships,20,6,澳大利亚、哥伦比亚、美国、墨西哥、印度、英国,否
,spirax sarco apt,20,5,澳大利亚、加拿大、美国、乌克兰、英国,否
,spirax sarco as,20,8,比利时、德国、荷兰、加拿大、美国、挪威、瑞典、英国,否
,spirax sarco automatic air vent,20,8,阿根廷、澳大利亚、比利时、德国、荷兰、加拿大、美国、英国,否
,spirax sarco automatic pump trap,20,2,美国、英国,否
,spirax sarco ball float steam trap,20,8,澳大利亚、比利时、荷兰、加拿大、美国、以色列、意大利、英国,是（ID 355）
,spirax sarco ball valve,20,15,澳大利亚、巴西、比利时、德国、哥伦比亚、荷兰、加拿大、美国、墨西哥、乌克兰、西班牙、以色列、印度、英国、中国香港,是（ID 354）
,spirax sarco basket strainer,20,6,澳大利亚、加拿大、美国、新西兰、印度、英国,否
,spirax sarco bim,20,11,澳大利亚、巴西、比利时、德国、法国、荷兰、加拿大、美国、西班牙、意大利、英国,否
,spirax sarco bimetallic steam trap,20,8,澳大利亚、比利时、波兰、荷兰、加拿大、克罗地亚、美国、英国,是（ID 355）
,spirax sarco blowdown valve,20,8,澳大利亚、比利时、荷兰、加拿大、捷克共和国、美国、尼日利亚、英国,否
,spirax sarco blowdown vessel,20,7,澳大利亚、比利时、荷兰、加拿大、美国、意大利、英国,否
,spirax sarco blue book,20,1,美国,否
,spirax sarco board of directors,20,4,德国、加拿大、美国、英国,否
,spirax sarco boiler,20,10,澳大利亚、巴西、比利时、法国、荷兰、加拿大、美国、以色列、意大利、英国,否
,spirax sarco boiler controls,20,1,美国,否
,spirax sarco book,20,11,澳大利亚、巴西、比利时、荷兰、加拿大、美国、西班牙、希腊、新加坡、新西兰、英国,否
,spirax sarco br,20,2,巴西、美国,否
,spirax sarco brv,20,10,澳大利亚、巴西、比利时、德国、加拿大、美国、日本、西班牙、亚美尼亚、英国,否
,spirax sarco bucket steam trap,20,1,美国,是（ID 355）
,spirax sarco bucket trap,20,6,澳大利亚、比利时、荷兰、加拿大、美国、英国,是（ID 355）
,spirax sarco cad,20,36,阿根廷、爱尔兰、奥地利、澳大利亚、巴拉圭、巴西、比利时、波兰、丹麦、德国、俄罗斯、法国、哥伦比亚、哥斯达黎加、荷兰、加拿大、捷克共和国、美国、秘鲁、墨西哥、南非、挪威、瑞典、瑞士、土耳其、委内瑞拉、乌克兰、西班牙、新加坡、新西兰、匈牙利、以色列、意大利、印度、英国、智利,否
,spirax sarco cad library,20,11,澳大利亚、巴西、比利时、哥伦比亚、荷兰、加拿大、美国、墨西哥、土耳其、乌克兰、英国,否
,spirax sarco calculator,20,39,阿根廷、爱尔兰、澳大利亚、巴西、比利时、波兰、丹麦、德国、多米尼加共和国、俄罗斯、厄瓜多尔、法国、芬兰、哥伦比亚、哥斯达黎加、韩国、荷兰、加拿大、津巴布韦、美国、秘鲁、墨西哥、纳米比亚、南非、瑞典、塞尔维亚、塞浦路斯、土耳其、委内瑞拉、乌拉圭、西班牙、新加坡、新西兰、匈牙利、以色列、意大利、印度、英国、智利,否
,spirax sarco calderas,20,7,阿根廷、玻利维亚、哥伦比亚、墨西哥、危地马拉、委内瑞拉、西班牙,否
,spirax sarco catalogue,20,20,澳大利亚、比利时、俄罗斯、法国、韩国、荷兰、加拿大、津巴布韦、喀麦隆、克罗地亚、美国、纳米比亚、南非、挪威、日本、瑞士、乌克兰、匈牙利、以色列、英国,否
,spirax sarco catalogue pdf,20,15,爱尔兰、澳大利亚、巴西、比利时、法国、韩国、荷兰、加拿大、喀麦隆、美国、秘鲁、西班牙、以色列、意大利、英国,否
,spirax sarco cc491km,20,1,英国,否
,spirax sarco ceo,20,7,澳大利亚、德国、荷兰、加拿大、美国、意大利、英国,否
,spirax sarco cfo,20,3,澳大利亚、美国、英国,否
,spirax sarco ch,20,1,德国,否
,spirax sarco charlton house,20,8,阿根廷、澳大利亚、荷兰、加拿大、美国、土耳其、印度、英国,否
,spirax sarco chromalox,20,5,澳大利亚、法国、荷兰、美国、英国,否
,spirax sarco clean steam generator,20,10,澳大利亚、比利时、荷兰、加拿大、美国、墨西哥、希腊、以色列、意大利、英国,否
,spirax sarco cnpj,20,2,巴西、葡萄牙,否
,spirax sarco competitors,20,8,澳大利亚、比利时、荷兰、加拿大、美国、西班牙、意大利、英国,否
,spirax sarco condensate,20,4,澳大利亚、加拿大、美国、英国,否
,spirax sarco condensate cooler,20,2,加拿大、美国,否
,spirax sarco condensate pipe sizing,20,4,加拿大、美国、英国、智利,否
,spirax sarco condensate pumps,20,4,澳大利亚、加拿大、美国、英国,否
,spirax sarco condensate receiver,20,6,比利时、荷兰、加拿大、美国、英国、中国香港,否
,spirax sarco condensate recovery,20,7,澳大利亚、比利时、荷兰、加拿大、美国、西班牙、英国,否
,spirax sarco condensate return pump,20,1,美国,否
,spirax sarco condensate trap,20,8,澳大利亚、比利时、德国、荷兰、加拿大、美国、意大利、英国,是（ID 355）
,spirax sarco condenspot,20,4,比利时、荷兰、加拿大、美国,否
,spirax sarco contact,20,8,澳大利亚、比利时、法国、荷兰、加拿大、美国、印度、英国,否
,spirax sarco contact number,20,4,澳大利亚、美国、以色列、英国,否
,spirax sarco contatti,20,1,意大利,否
,spirax sarco control valve manual,20,9,澳大利亚、比利时、荷兰、加拿大、美国、匈牙利、以色列、印度、英国,是（ID 354）
,spirax sarco control valves,20,11,澳大利亚、巴西、比利时、德国、法国、荷兰、加拿大、美国、西班牙、以色列、意大利,是（ID 354）
,spirax sarco controller,20,2,美国、英国,否
,spirax sarco core values,20,3,加拿大、美国、英国,否
,spirax sarco costa rica,20,1,哥斯达黎加,否
,spirax sarco courses,20,7,荷兰、津巴布韦、美国、墨西哥、纳米比亚、南非、英国,否
,spirax sarco csf26 steam filter,20,7,澳大利亚、比利时、玻利维亚、哥伦比亚、加拿大、美国、亚美尼亚,否
,spirax sarco ct strainer,20,5,阿根廷、澳大利亚、比利时、加拿大、美国,否
,spirax sarco cuit,20,1,阿根廷,否
,spirax sarco culinary steam filter,20,10,澳大利亚、比利时、俄罗斯、哥伦比亚、加拿大、美国、秘鲁、墨西哥、塞浦路斯、印度,否
,spirax sarco cursos,20,5,阿根廷、巴西、哥伦比亚、墨西哥、西班牙,否
,spirax sarco customer service,20,4,澳大利亚、比利时、美国、英国,否
,spirax sarco cz,20,1,捷克共和国,否
,spirax sarco deaerator,20,11,澳大利亚、比利时、荷兰、加拿大、美国、墨西哥、西班牙、以色列、意大利、印度、英国,否
,spirax sarco design of fluid systems,20,3,加拿大、美国、英国,否
,spirax sarco desuperheater,20,14,澳大利亚、巴西、比利时、德国、法国、荷兰、加拿大、美国、墨西哥、乌拉圭、西班牙、以色列、意大利、英国,否
,spirax sarco diffuser,20,7,爱沙尼亚、澳大利亚、比利时、德国、加拿大、美国、英国,否
,spirax sarco disc check valve,20,5,澳大利亚、比利时、加拿大、美国、英国,是（ID 354）
,spirax sarco distribuidor,20,1,墨西哥,否
,spirax sarco distributeur,20,3,比利时、法国、喀麦隆,否
,spirax sarco dividend,20,7,澳大利亚、比利时、德国、法国、美国、西班牙、英国,否
,spirax sarco dn25,20,7,澳大利亚、巴西、比利时、德国、加拿大、美国、英国,否
,spirax sarco dn50,20,4,澳大利亚、波兰、罗马尼亚、美国,否
,spirax sarco double block and bleed,20,4,澳大利亚、加拿大、美国、英国,否
,spirax sarco double block and bleed valve,20,6,澳大利亚、比利时、荷兰、加拿大、美国、英国,否
,spirax sarco download,20,4,巴西、荷兰、美国、意大利,否
,spirax sarco drip leg,20,1,美国,否
,spirax sarco drip pan elbow,20,6,澳大利亚、比利时、加拿大、美国、以色列、英国,否
,spirax sarco druckminderer,20,3,奥地利、德国、瑞士,否
,spirax sarco durex,20,2,荷兰、美国,否
,spirax sarco dwg,20,16,澳大利亚、巴西、比利时、波兰、俄罗斯、厄瓜多尔、法国、荷兰、加拿大、罗马尼亚、美国、墨西哥、塞尔维亚、土耳其、以色列、意大利,否
,spirax sarco early careers,20,7,澳大利亚、比利时、荷兰、加拿大、美国、墨西哥、英国,否
,spirax sarco ecuador,20,2,厄瓜多尔、秘鲁,否
,spirax sarco electric actuator,20,3,加拿大、美国、英国,否
,spirax sarco electric condensate pump,20,1,美国,否
,spirax sarco email,20,10,澳大利亚、巴西、比利时、德国、法国、荷兰、加拿大、美国、意大利、英国,否
,spirax sarco employees,20,8,澳大利亚、比利时、波兰、德国、荷兰、加拿大、美国、英国,否
,spirax sarco engineering plc annual report,20,6,德国、荷兰、加拿大、美国、新加坡、英国,否
,spirax sarco engineering plc share price,20,7,比利时、加拿大、美国、瑞士、新加坡、印度、英国,否
,spirax sarco equipamentos industriais lda,20,1,葡萄牙,否
,spirax sarco ersatzteile,20,2,奥地利、德国,否
,spirax sarco esd,20,1,美国,否
,spirax sarco f&t steam trap,20,2,加拿大、美国,是（ID 355）
,spirax sarco f&t steam traps,20,1,美国,是（ID 355）
,spirax sarco f&t trap,20,3,澳大利亚、加拿大、美国,是（ID 355）
,spirax sarco fatturato,20,2,加拿大、意大利,否
,spirax sarco filter,20,16,阿根廷、澳大利亚、巴西、比利时、德国、法国、哥伦比亚、荷兰、加拿大、美国、墨西哥、挪威、瑞典、西班牙、意大利、英国,否
,spirax sarco fiyat listesi,20,1,土耳其,否
,spirax sarco flash tank,20,8,澳大利亚、比利时、荷兰、加拿大、美国、西班牙、以色列、印度,否
,spirax sarco flash vessel,20,7,澳大利亚、比利时、荷兰、加拿大、美国、塞尔维亚、英国,否
,spirax sarco float & thermostatic steam traps,20,3,加拿大、美国、英国,是（ID 355）
,spirax sarco float trap,20,5,澳大利亚、比利时、加拿大、美国、英国,是（ID 355）
,spirax sarco flow meter,20,9,澳大利亚、比利时、荷兰、加拿大、美国、尼日利亚、西班牙、意大利、英国,否
,spirax sarco formation,20,1,法国,否
,spirax sarco ft 15 capacity,20,2,加拿大、美国,否
,spirax sarco ft 75,20,3,澳大利亚、加拿大、美国,否
,spirax sarco ft15,20,2,澳大利亚、加拿大,否
,spirax sarco ftb 175,20,2,澳大利亚、美国,否
,spirax sarco fti 15,20,1,美国,否
,spirax sarco g series condensate pump,20,1,美国,否
,spirax sarco gate valve,20,12,澳大利亚、比利时、荷兰、加拿大、津巴布韦、美国、塞尔维亚、新加坡、新西兰、以色列、印度、英国,否
,spirax sarco gestra,20,14,澳大利亚、巴西、比利时、波兰、德国、法国、荷兰、加拿大、捷克共和国、美国、瑞士、西班牙、印度、英国,否
,spirax sarco ggg40 3,20,8,澳大利亚、比利时、荷兰、加拿大、美国、西班牙、意大利、英国,否
,spirax sarco global graduate programme,20,9,澳大利亚、白俄罗斯、德国、加拿大、美国、墨西哥、希腊、印度、英国,否
,spirax sarco globe valve,20,16,澳大利亚、巴西、比利时、德国、荷兰、加拿大、捷克共和国、津巴布韦、美国、墨西哥、乌拉圭、西班牙、亚美尼亚、以色列、意大利、英国,否
,spirax sarco graduate,20,4,澳大利亚、俄罗斯、南非、英国,否
,spirax sarco group,20,12,澳大利亚、巴西、比利时、德国、法国、荷兰、加拿大、美国、西班牙、以色列、意大利、英国,否
,spirax sarco handbook pdf,20,12,澳大利亚、比利时、德国、俄罗斯、荷兰、加拿大、美国、新西兰、以色列、意大利、印度、英国,否
,spirax sarco hook up book,20,3,厄瓜多尔、加拿大、美国,否
,spirax sarco hook up book pdf,20,4,加拿大、美国、印度、智利,否
,spirax sarco humidifiers,20,1,美国,否
,spirax sarco ind com ltda,20,1,巴西,否
,spirax sarco ind e com ltda,20,1,巴西,否
,spirax sarco interview questions,20,3,澳大利亚、美国、英国,否
,spirax sarco investors,20,5,澳大利亚、比利时、美国、西班牙、英国,否
,spirax sarco job,20,2,德国、英国,否
,spirax sarco job vacancies,20,1,英国,否
,spirax sarco karriere,20,1,德国,否
,spirax sarco kondenstop,20,2,荷兰、土耳其,否
,spirax sarco kontakt,20,7,比利时、波兰、德国、荷兰、捷克共和国、瑞典、瑞士,否
,spirax sarco lavora con noi,20,1,意大利,否
,spirax sarco learn about steam,20,16,爱尔兰、澳大利亚、巴西、比利时、德国、俄罗斯、荷兰、加拿大、美国、墨西哥、西班牙、新西兰、以色列、意大利、印度、英国,否
,spirax sarco lift check valve,20,3,澳大利亚、加拿大、美国,是（ID 354）
,spirax sarco liquid drain trap,20,3,加拿大、美国、英国,否
,spirax sarco login,20,3,加拿大、美国、英国,否
,spirax sarco manual,20,14,阿根廷、澳大利亚、巴西、比利时、芬兰、荷兰、加拿大、美国、秘鲁、乌拉圭、西班牙、希腊、英国、智利,否
,spirax sarco manual pdf,20,11,澳大利亚、巴西、比利时、荷兰、加拿大、美国、秘鲁、西班牙、以色列、意大利、英国,否
,spirax sarco market cap,20,5,德国、法国、美国、意大利、英国,否
,spirax sarco mixing valve,20,3,澳大利亚、芬兰、美国,否
,spirax sarco moisture separator,20,4,德国、加拿大、美国、英国,否
,spirax sarco news,20,11,澳大利亚、比利时、德国、荷兰、加拿大、美国、西班牙、新加坡、意大利、印度、英国,否
,spirax sarco non return valve,20,10,澳大利亚、比利时、荷兰、加拿大、美国、尼日利亚、西班牙、新西兰、以色列、英国,否
,spirax sarco nova,20,1,意大利,否
,spirax sarco number of employees,20,5,澳大利亚、美国、以色列、印度、英国,否
,spirax sarco nv,20,4,比利时、波兰、荷兰、卢森堡,否
,spirax sarco ogden pump,20,2,美国、英国,否
,spirax sarco opleiding,20,2,比利时、荷兰,否
,spirax sarco orifice plate,20,2,加拿大、美国,否
,spirax sarco part numbers,20,3,澳大利亚、津巴布韦、美国,否
,spirax sarco parts,20,11,澳大利亚、比利时、荷兰、加拿大、津巴布韦、美国、纳米比亚、新加坡、新西兰、印度、英国,否
,spirax sarco pdf,20,22,阿尔巴尼亚、阿根廷、澳大利亚、巴西、比利时、德国、厄瓜多尔、法国、韩国、荷兰、加拿大、罗马尼亚、美国、秘鲁、墨西哥、尼加拉瓜、土耳其、乌克兰、西班牙、以色列、意大利、英国,否
,spirax sarco perth,20,2,澳大利亚、英国,否
,spirax sarco phone number,20,4,加拿大、美国、希腊、英国,否
,spirax sarco pilot operated pressure regulator,20,4,澳大利亚、加拿大、美国、英国,否
,spirax sarco pilot valve,20,1,美国,否
,spirax sarco pipe sizing calculator,20,8,澳大利亚、比利时、德国、荷兰、加拿大、美国、西班牙、英国,否
,spirax sarco pl,20,2,波兰、新加坡,否
,spirax sarco plate heat exchanger,20,3,加拿大、美国、英国,否
,spirax sarco plc,20,29,阿根廷、爱尔兰、澳大利亚、巴拉圭、巴西、保加利亚、比利时、波兰、波斯尼亚和黑塞哥维那、德国、俄罗斯、法国、哈萨克斯坦、韩国、荷兰、加拿大、津巴布韦、立陶宛、美国、孟加拉国、墨西哥、土耳其、乌克兰、希腊、新加坡、以色列、意大利、印度、英国,否
,spirax sarco pn16,20,11,澳大利亚、巴西、比利时、法国、荷兰、加拿大、罗马尼亚、美国、日本、匈牙利、英国,否
,spirax sarco pn16 steam trap,20,3,加拿大、美国、英国,是（ID 355）
,spirax sarco pn25,20,4,哥伦比亚、荷兰、加拿大、美国,否
,spirax sarco pn9000,20,6,法国、美国、墨西哥、西班牙、意大利、英国,否
,spirax sarco pn9123e,20,15,阿根廷、澳大利亚、巴西、比利时、波兰、德国、俄罗斯、法国、荷兰、加拿大、拉脱维亚、美国、西班牙、意大利、英国,否
,spirax sarco pn9123e manual,20,10,澳大利亚、巴西、比利时、德国、荷兰、加拿大、美国、西班牙、意大利、英国,否
,spirax sarco pneumatic actuator,20,8,澳大利亚、比利时、哥伦比亚、荷兰、加拿大、美国、以色列、英国,否
,spirax sarco positioner,20,12,澳大利亚、巴西、比利时、荷兰、加拿大、美国、墨西哥、希腊、以色列、意大利、印度、英国,否
,spirax sarco ppec,20,4,澳大利亚、荷兰、加拿大、美国,否
,spirax sarco preisliste,20,2,德国、瑞士,否
,spirax sarco pressure gauge,20,7,澳大利亚、比利时、荷兰、加拿大、美国、以色列、英国,否
,spirax sarco pressure powered pump ppec,20,2,加拿大、美国,否
,spirax sarco pressure reducing station,20,3,加拿大、美国、英国,否
,spirax sarco pressure reducing valve manual,20,6,澳大利亚、比利时、荷兰、加拿大、美国、英国,是（ID 354）
,spirax sarco price book,20,2,美国、乌克兰,否
,spirax sarco price list,20,8,比利时、荷兰、加拿大、美国、南非、新加坡、以色列、英国,否
,spirax sarco private limited,20,5,阿根廷、美国、土耳其、新加坡、英国,否
,spirax sarco product handbook,20,2,美国、英国,否
,spirax sarco produtos,20,2,巴西、葡萄牙,否
,spirax sarco ptc,20,2,加拿大、美国,否
,spirax sarco pump,20,9,澳大利亚、比利时、荷兰、加拿大、罗马尼亚、美国、亚美尼亚、以色列、英国,否
,spirax sarco recrutement,20,2,比利时、法国,否
,spirax sarco red book,20,2,加拿大、美国,否
,spirax sarco rediheat,20,2,加拿大、美国,否
,spirax sarco reducing valve,20,2,荷兰、美国,否
,spirax sarco redundancies,20,1,英国,否
,spirax sarco regelventil,20,3,奥地利、德国、瑞士,否
,spirax sarco relief valve,20,9,澳大利亚、巴西、比利时、荷兰、加拿大、美国、以色列、意大利、英国,否
,spirax sarco rep,20,5,比利时、荷兰、加拿大、美国、以色列,否
,spirax sarco results,20,2,德国、英国,否
,spirax sarco revenue,20,9,澳大利亚、比利时、德国、法国、加拿大、美国、西班牙、意大利、英国,否
,spirax sarco reviews,20,1,美国,否
,spirax sarco sa,20,26,阿根廷、巴拉圭、巴西、比利时、玻利维亚、德国、俄罗斯、法国、荷兰、洪都拉斯、加拿大、津巴布韦、美国、孟加拉国、墨西哥、纳米比亚、南非、塞内加尔、土耳其、委内瑞拉、西班牙、新加坡、新西兰、以色列、印度、英国,否
,spirax sarco salary,20,4,荷兰、加拿大、美国、英国,否
,spirax sarco sales,20,4,比利时、加拿大、美国、英国,否
,spirax sarco sample cooler,20,11,澳大利亚、比利时、芬兰、荷兰、加拿大、美国、瑞士、新加坡、以色列、印度、英国,否
,spirax sarco sas,20,14,奥地利、比利时、德国、俄罗斯、法国、哥伦比亚、荷兰、加拿大、美国、瑞士、新西兰、意大利、印度、英国,否
,spirax sarco saturated steam,20,12,澳大利亚、比利时、哥伦比亚、哥斯达黎加、荷兰、加拿大、美国、墨西哥、瑞典、西班牙、印度、英国,否
,spirax sarco saturated steam calculator,20,8,荷兰、加拿大、美国、墨西哥、塞尔维亚、新西兰、印度、英国,否
,spirax sarco sau,20,1,西班牙,否
,spirax sarco scs20,20,2,澳大利亚、英国,否
,spirax sarco sdn bhd,20,5,荷兰、美国、新加坡、英国、中国香港,否
,spirax sarco self acting temperature control valve,20,4,加拿大、美国、印度、英国,是（ID 354）
,spirax sarco self-acting temperature control valve,20,4,加拿大、美国、以色列、英国,是（ID 354）
,spirax sarco share,20,5,澳大利亚、美国、西班牙、意大利、英国,否
,spirax sarco share chat,20,1,英国,否
,spirax sarco share price chart,20,2,美国、英国,否
,spirax sarco share price forecast,20,3,比利时、加拿大、英国,否
,spirax sarco share price history,20,2,美国、英国,否
,spirax sarco share price lse,20,1,英国,否
,spirax sarco share price today,20,2,加拿大、英国,否
,spirax sarco sicherheitsventil,20,3,奥地利、德国、瑞士,否
,spirax sarco sight glass,20,19,奥地利、澳大利亚、比利时、伯利兹、法国、荷兰、加拿大、罗马尼亚、美国、孟加拉国、秘鲁、墨西哥、斯洛文尼亚、西班牙、新西兰、以色列、意大利、英国、智利,否
,spirax sarco software,20,8,巴西、哥伦比亚、哥斯达黎加、荷兰、美国、墨西哥、西班牙、意大利,否
,spirax sarco spare parts,20,3,荷兰、美国、英国,否
,spirax sarco spares,20,1,英国,否
,spirax sarco srl official website,20,1,美国,否
,spirax sarco srv6,20,1,美国,否
,spirax sarco steam accumulator,20,7,比利时、荷兰、加拿大、美国、西班牙、意大利、英国,否
,spirax sarco steam air vent,20,2,荷兰、美国,否
,spirax sarco steam and condensate loop book pdf,20,8,比利时、荷兰、加拿大、罗马尼亚、美国、塞尔维亚、新西兰、英国,否
,spirax sarco steam book,20,3,澳大利亚、美国、英国,否
,spirax sarco steam book pdf,20,10,澳大利亚、巴西、比利时、德国、荷兰、加拿大、美国、以色列、意大利、英国,否
,spirax sarco steam control valves,20,4,澳大利亚、加拿大、美国、英国,是（ID 354）
,spirax sarco steam engineering tutorials,20,8,巴西、荷兰、美国、秘鲁、墨西哥、以色列、意大利、印度,否
,spirax sarco steam flow meter,20,8,澳大利亚、比利时、荷兰、加拿大、美国、以色列、印度、英国,否
,spirax sarco steam generator,20,2,比利时、美国,否
,spirax sarco steam injector,20,12,澳大利亚、巴西、比利时、德国、法国、荷兰、加拿大、美国、乌克兰、以色列、意大利、英国,否
,spirax sarco steam meter,20,3,加拿大、美国、英国,否
,spirax sarco steam moisture separator,20,1,美国,否
,spirax sarco steam pipe sizing,20,7,澳大利亚、比利时、丹麦、荷兰、加拿大、美国、英国,否
,spirax sarco steam pressure reducing station,20,2,美国、印度,否
,spirax sarco steam pressure reducing valve,20,6,澳大利亚、比利时、荷兰、加拿大、美国、英国,是（ID 354）
,spirax sarco steam properties,20,3,巴西、美国、英国,否
,spirax sarco steam pump,20,6,比利时、加拿大、美国、希腊、以色列、英国,否
,spirax sarco steam regulating valve,20,1,美国,否
,spirax sarco steam regulator adjustment,20,1,美国,否
,spirax sarco steam sparger,20,1,美国,否
,spirax sarco steam system optimisation,20,2,荷兰、英国,否
,spirax sarco steam table calculator,20,6,澳大利亚、比利时、荷兰、加拿大、美国、英国,否
,spirax sarco steam training,20,5,澳大利亚、比利时、加拿大、美国、英国,否
,spirax sarco steam trap assembly,20,7,澳大利亚、荷兰、加拿大、美国、乌拉圭、以色列、英国,是（ID 355）
,spirax sarco steam trap catalog,20,5,哥斯达黎加、美国、乌拉圭、以色列、英国,是（ID 355）
,spirax sarco steam trap ft 15,20,1,美国,是（ID 355）
,spirax sarco steam trap installation,20,2,澳大利亚、美国,是（ID 355）
,spirax sarco steam trap installation guide,20,9,阿塞拜疆、澳大利亚、比利时、荷兰、加拿大、美国、南非、印度、英国,是（ID 355）
,spirax sarco steam trap manual,20,2,比利时、美国,是（ID 355）
,spirax sarco steam trap price list,20,5,阿尔巴尼亚、美国、新西兰、印度、英国,是（ID 355）
,spirax sarco steam trap selection guide,20,6,比利时、荷兰、加拿大、美国、印度、英国,是（ID 355）
,spirax sarco steam trap set,20,1,英国,是（ID 355）
,spirax sarco steam trap sizing,20,8,澳大利亚、比利时、荷兰、加拿大、美国、以色列、意大利、英国,是（ID 355）
,spirax sarco steam trap tester,20,10,爱尔兰、芬兰、荷兰、加拿大、立陶宛、美国、葡萄牙、新西兰、以色列、印度,是（ID 355）
,spirax sarco steam trap thermodynamic,20,3,澳大利亚、美国、印度,是（ID 355）
,spirax sarco steam traps pdf,20,9,爱尔兰、芬兰、荷兰、加拿大、美国、乌克兰、新西兰、印度、英国,是（ID 355）
,spirax sarco steam tutorials,20,9,比利时、俄罗斯、芬兰、美国、南非、挪威、新西兰、印度、英国,否
,spirax sarco steam water mixing valve,20,2,美国、以色列,否
,spirax sarco stock price,20,12,澳大利亚、巴西、比利时、丹麦、德国、法国、韩国、荷兰、加拿大、美国、意大利、英国,否
,spirax sarco strainer catalog,20,10,澳大利亚、比利时、韩国、荷兰、加拿大、美国、新加坡、意大利、印度、英国,否
,spirax sarco superheated steam,20,8,丹麦、芬兰、哥斯达黎加、美国、墨西哥、瑞典、印度、英国,否
,spirax sarco supplier,20,2,美国、英国,否
,spirax sarco suppliers,20,3,澳大利亚、美国、英国,否
,spirax sarco sustainability,20,4,比利时、荷兰、美国、英国,否
,spirax sarco sx uni,20,1,巴西,否
,spirax sarco tabela vapor,20,1,巴西,否
,spirax sarco telefone,20,2,巴西、意大利,否
,spirax sarco telefono,20,6,阿根廷、哥伦比亚、墨西哥、西班牙、意大利、智利,否
,spirax sarco temperature controller,20,4,澳大利亚、美国、英国、智利,否
,spirax sarco trabalhe conosco,20,1,巴西,否
,spirax sarco training courses,20,2,美国、英国,否
,spirax sarco trap,20,5,巴西、比利时、加拿大、美国、英国,是（ID 355）
,spirax sarco turnover,20,1,英国,否
,spirax sarco tutorials,20,25,比利时、波兰、俄罗斯、法国、芬兰、哥伦比亚、荷兰、加拿大、津巴布韦、美国、秘鲁、墨西哥、纳米比亚、南非、挪威、斯洛伐克、乌拉圭、西班牙、希腊、新加坡、新西兰、匈牙利、印度、英国、智利,否
,spirax sarco vacancies,20,2,荷兰、英国,否
,spirax sarco vacuum breaker,20,16,澳大利亚、比利时、德国、法国、哥伦比亚、韩国、荷兰、加拿大、美国、秘鲁、墨西哥、西班牙、以色列、意大利、英国、智利,否
,spirax sarco vagas,20,2,巴西、葡萄牙,否
,spirax sarco values,20,2,墨西哥、英国,否
,spirax sarco valve catalogue,20,10,澳大利亚、比利时、荷兰、加拿大、津巴布韦、美国、蒙古、乌拉圭、印度、英国,是（ID 354）
,spirax sarco valve sizing,20,4,荷兰、捷克共和国、美国、墨西哥,否
,spirax sarco valves catalogue,20,5,比利时、荷兰、美国、以色列、英国,是（ID 354）
,spirax sarco vent head,20,5,比利时、荷兰、加拿大、美国、英国,否
,spirax sarco vortex flow meter,20,2,比利时、美国,否
,spirax sarco vs 204,20,12,阿塞拜疆、波兰、俄罗斯、哥伦比亚、哥斯达黎加、格鲁吉亚、韩国、美国、孟加拉国、墨西哥、日本、匈牙利,否
,spirax sarco vs204,20,3,比利时、加拿大、美国,否
,spirax sarco watson marlow,20,1,英国,否
,spirax sarco website,20,3,加拿大、美国、英国,否
,spirax sarco wikipedia,20,22,阿根廷、澳大利亚、巴西、保加利亚、比利时、德国、厄瓜多尔、法国、哥伦比亚、荷兰、洪都拉斯、加拿大、罗马尼亚、美国、孟加拉国、秘鲁、墨西哥、西班牙、匈牙利、意大利、印度、英国,否
,spirax sarco work experience,20,2,印度、英国,否
,spirax sarco y strainer,20,15,爱尔兰、澳大利亚、巴西、比利时、法国、荷兰、加拿大、美国、秘鲁、塞尔维亚、西班牙、以色列、意大利、印度、英国,否
,spirax sarco y strainer catalog,20,3,荷兰、美国、英国,否
,spirax sarco y strainer stainless,20,5,美国、塞尔维亚、新西兰、印度、英国,否
,spirax sarco y type strainer,20,4,荷兰、加拿大、美国、英国,否
,spirax sarco youtube,20,3,德国、美国、英国,否
,spirax sarco zawory regulacyjne,20,1,波兰,否
,spirax-sarco engineering plc annual report,20,2,荷兰、英国,否
,spirax-sarco engineering plc share price,20,2,比利时、英国,否
,spirax-sarco limited,20,4,比利时、荷兰、以色列、英国,否
,spirax-sarco share price,20,2,比利时、英国,否
,spirax-sarco share price forecast,20,2,比利时、英国,否
,steam injector spirax sarco,20,11,澳大利亚、巴西、比利时、德国、法国、荷兰、加拿大、美国、以色列、意大利、英国,否
,steam pressure reducing valve spirax sarco,20,7,澳大利亚、比利时、荷兰、加拿大、美国、以色列、英国,是（ID 354）
,steam regulator spirax sarco,20,6,澳大利亚、荷兰、加拿大、美国、意大利、英国,否
,steam table spirax sarco,20,6,比利时、荷兰、美国、以色列、意大利、英国,否
,steam trap selection guide spirax sarco,20,8,比利时、荷兰、加拿大、美国、墨西哥、以色列、印度、英国,是（ID 355）
,steam trap sizing spirax sarco,20,10,澳大利亚、荷兰、加拿大、美国、墨西哥、南非、新西兰、以色列、印度、英国,是（ID 355）
,steam trap spirax sarco,20,9,澳大利亚、比利时、法国、荷兰、加拿大、美国、以色列、意大利、英国,是（ID 355）
,sx uni spirax sarco,20,1,巴西,否
,tabela de vapor saturado spirax sarco,20,1,巴西,否
,tabla de vapor spirax sarco,20,2,阿根廷、墨西哥,否
,tablas de vapor saturado spirax sarco,20,4,哥伦比亚、秘鲁、墨西哥、乌拉圭,否
,tablas de vapor spirax sarco,20,14,阿根廷、玻利维亚、厄瓜多尔、哥伦比亚、哥斯达黎加、美国、秘鲁、墨西哥、尼加拉瓜、危地马拉、委内瑞拉、乌拉圭、西班牙、智利,否
,tanque flash spirax sarco,20,5,阿根廷、巴西、墨西哥、乌拉圭、西班牙,否
,tarifa spirax sarco,20,1,西班牙,否
,tds 52 spirax sarco,20,2,巴西、墨西哥,否
,tds52 spirax sarco,20,4,巴西、德国、美国、墨西哥,否
,telefone spirax sarco,20,1,巴西,否
,turflow spirax sarco,20,8,巴西、比利时、德国、荷兰、加拿大、美国、意大利、英国,否
,vakuumbrecher spirax sarco,20,1,德国,否
,valve spirax sarco,20,12,阿根廷、澳大利亚、巴西、德国、法国、荷兰、加拿大、美国、西班牙、以色列、意大利、英国,是（ID 354）
,vapor spirax sarco,20,3,阿根廷、巴西、西班牙,否
,visor de fluxo spirax sarco,20,1,巴西,否
,watson marlow spirax sarco,20,7,比利时、荷兰、美国、西班牙、匈牙利、英国、中国香港,否
,what does spirax sarco do,20,4,澳大利亚、加拿大、美国、英国,否
,why are spirax sarco shares falling,20,1,英国,否
,air vent spirax sarco,10,11,澳大利亚、巴西、比利时、德国、法国、荷兰、加拿大、美国、西班牙、意大利、英国,否
,automatic pump trap spirax sarco,10,4,澳大利亚、巴西、美国、英国,否
,bc 3200 spirax sarco,10,1,哥伦比亚,否
,blowdown vessel spirax sarco,10,4,美国、乌拉圭、意大利、英国,否
,check valve spirax sarco,10,11,澳大利亚、巴西、比利时、德国、法国、荷兰、加拿大、美国、西班牙、意大利、英国,是（ID 354）
,companies similar to spirax-sarco engineering plc publicly traded,10,1,加拿大,否
,control valve spirax sarco,10,10,澳大利亚、巴西、比利时、德国、法国、荷兰、加拿大、美国、意大利、英国,是（ID 354）
,design of fluid systems spirax sarco newest editions list,10,1,美国,否
,drip pan elbow spirax sarco,10,7,澳大利亚、巴西、比利时、荷兰、加拿大、美国、英国,否
,fig 33 spirax sarco,10,12,阿根廷、澳大利亚、巴西、比利时、德国、法国、荷兰、加拿大、美国、西班牙、意大利、英国,否
,filtro autolimpante spirax sarco,10,1,巴西,否
,filtro yee spirax sarco,10,1,墨西哥,否
,flash vessel spirax sarco,10,11,澳大利亚、巴西、比利时、德国、法国、荷兰、加拿大、美国、乌拉圭、意大利、英国,否
,generador de vapor limpio spirax sarco,10,1,西班牙,否
,ke43 spirax sarco,10,4,比利时、德国、法国、美国,否
,manual de vapor spirax sarco,10,2,巴西、美国,否
,mark vernon spirax sarco,10,2,美国、英国,否
,neil daws spirax sarco,10,1,英国,否
,nick anderson spirax sarco,10,6,巴西、德国、法国、美国、以色列、英国,否
,pn9000 spirax sarco,10,5,澳大利亚、巴西、比利时、美国、英国,否
,pn9123e spirax sarco,10,9,澳大利亚、巴西、比利时、德国、荷兰、加拿大、美国、以色列、英国,否
,pressure reducing valve spirax sarco,10,8,澳大利亚、巴西、比利时、德国、荷兰、加拿大、美国、英国,是（ID 354）
,psv spirax sarco,10,1,巴西,否
,safety valve spirax sarco,10,7,澳大利亚、比利时、德国、荷兰、加拿大、美国、英国,是（ID 354）
,sarco spirax steam traps,10,7,澳大利亚、比利时、德国、荷兰、加拿大、以色列、英国,是（ID 355）
,saturated steam table spirax sarco,10,11,澳大利亚、丹麦、俄罗斯、厄瓜多尔、韩国、荷兰、加拿大、美国、乌拉圭、印度、英国,否
,scs20 spirax sarco,10,2,比利时、俄罗斯,否
,self-acting temperature control valve spirax sarco,10,7,澳大利亚、比利时、德国、荷兰、加拿大、美国、英国,是（ID 354）
,separator spirax sarco,10,12,澳大利亚、比利时、德国、法国、哥伦比亚、哥斯达黎加、荷兰、加拿大、美国、以色列、印度、英国,否
,simon sprackling spirax sarco,10,2,美国、英国,否
,sizing suite spirax sarco,10,3,法国、加拿大、意大利,否
,spirax - sarco s.r.l,10,7,澳大利亚、比利时、德国、荷兰、加拿大、以色列、英国,否
,spirax sarco 121,10,3,美国、墨西哥、英国,否
,spirax sarco 3 way control valve,10,1,美国,是（ID 354）
,spirax sarco 3 way valve,10,2,美国、英国,否
,spirax sarco 3d model library,10,6,奥地利、比利时、加拿大、秘鲁、匈牙利、意大利,否
,spirax sarco 66669,10,1,美国,否
,spirax sarco 67049,10,1,美国,否
,spirax sarco 72962.3 amazon.com,10,3,比利时、美国、英国,否
,spirax sarco 72969 3,10,1,美国,否
,spirax sarco annual report 2016,10,1,美国,否
,spirax sarco annual report 2023,10,1,英国,否
,spirax sarco annual report 2024,10,3,法国、加拿大、美国,否
,spirax sarco authorized distributors,10,6,澳大利亚、加拿大、津巴布韦、美国、新加坡、印度,否
,spirax sarco auto air vent,10,5,澳大利亚、比利时、加拿大、美国、英国,否
,spirax sarco b series,10,1,美国,否
,spirax sarco ball float,10,5,澳大利亚、比利时、加拿大、美国、意大利,否
,spirax sarco bellow seal globe valve,10,5,澳大利亚、津巴布韦、美国、墨西哥、英国,否
,spirax sarco berechnungsprogramme,10,1,德国,否
,spirax sarco bh,10,1,巴西,否
,spirax sarco butterfly valve,10,3,加拿大、美国、印度,否
,spirax sarco bva 325,10,2,加拿大、英国,否
,spirax sarco check valves,10,8,澳大利亚、比利时、荷兰、加拿大、美国、西班牙、意大利、英国,是（ID 354）
,spirax sarco com,10,5,澳大利亚、比利时、荷兰、加拿大、美国,否
,spirax sarco company profile,10,4,澳大利亚、美国、日本、英国,否
,spirax sarco compressed air guide,10,2,澳大利亚、美国,否
,spirax sarco condensate pump skid,10,1,美国,否
,spirax sarco contact details,10,3,澳大利亚、美国、南非,否
,spirax sarco control valve sizing,10,3,加拿大、捷克共和国、美国,是（ID 354）
,spirax sarco decarbonisation technology,10,4,荷兰、加拿大、美国、英国,否
,spirax sarco direct steam injection,10,3,澳大利亚、美国、英国,否
,spirax sarco distributor,10,4,澳大利亚、比利时、加拿大、美国,否
,spirax sarco download 3d,10,2,巴西、日本,否
,spirax sarco drv,10,2,德国、意大利,否
,spirax sarco en-js1025,10,8,澳大利亚、比利时、法国、荷兰、加拿大、美国、以色列、英国,否
,spirax sarco energy efficiency solutions,10,4,荷兰、加拿大、美国、英国,否
,spirax sarco engineering bv,10,3,美国、日本、英国,否
,spirax sarco engineering plc stock,10,4,比利时、荷兰、加拿大、美国,否
,spirax sarco engineering subsidiaries,10,10,澳大利亚、比利时、哈萨克斯坦、加拿大、津巴布韦、美国、塞尔维亚、新加坡、印度、英国,否
,spirax sarco fig 33,10,10,澳大利亚、比利时、德国、法国、加拿大、美国、西班牙、意大利、英国、中国香港,否
,spirax sarco filtro y,10,2,巴西、加拿大,否
,spirax sarco flash recovery vessel,10,2,加拿大、印度,否
,spirax sarco flash steam,10,5,澳大利亚、荷兰、加拿大、美国、斯洛伐克,否
,spirax sarco flash steam calculator,10,5,澳大利亚、芬兰、加拿大、美国、英国,否
,spirax sarco float and thermostatic steam trap,10,1,美国,是（ID 355）
,spirax sarco float trap capacity,10,1,美国,是（ID 355）
,spirax sarco ft-15 capacity,10,1,加拿大,否
,spirax sarco ft-15 steam trap,10,2,加拿大、美国,是（ID 355）
,spirax sarco ft-75,10,2,加拿大、美国,否
,spirax sarco g-series condensate pump,10,1,美国,否
,spirax sarco ggg40.3,10,5,澳大利亚、比利时、德国、荷兰、加拿大,否
,spirax sarco ggg403,10,1,美国,否
,spirax sarco global,10,6,澳大利亚、波兰、加拿大、美国、墨西哥、印度,否
,spirax sarco globe valve pdf,10,4,澳大利亚、美国、墨西哥、以色列,否
,spirax sarco graduate scheme,10,5,阿根廷、加拿大、南非、新西兰、英国,否
,spirax sarco high pressure sample cooler,10,1,美国,否
,spirax sarco hookups,10,1,美国,否
,spirax sarco international,10,2,澳大利亚、英国,否
,spirax sarco katalog,10,5,奥地利、波兰、德国、捷克共和国、瑞士,否
,spirax sarco kauft gestra,10,1,德国,否
,spirax sarco ke43,10,4,爱沙尼亚、德国、美国、英国,否
,spirax sarco lc3000,10,4,比利时、秘鲁、西班牙、英国,否
,spirax sarco libro,10,4,阿根廷、哥伦比亚、乌拉圭、西班牙,否
,spirax sarco listino prezzi,10,1,意大利,否
,spirax sarco manufacturing,10,8,澳大利亚、加拿大、津巴布韦、美国、新加坡、新西兰、印度、英国,否
,spirax sarco mx,10,1,墨西哥,否
,spirax sarco myynti,10,1,芬兰,否
,spirax sarco net zero services,10,3,澳大利亚、比利时、英国,否
,spirax sarco odwadniacz,10,1,波兰,否
,spirax sarco official website,10,4,澳大利亚、比利时、加拿大、美国,否
,spirax sarco online store,10,3,澳大利亚、加拿大、美国,否
,spirax sarco origin,10,1,澳大利亚,否
,spirax sarco p25,10,1,阿根廷,否
,spirax sarco photos,10,1,法国,否
,spirax sarco pipe sizing,10,14,阿根廷、澳大利亚、比利时、哥伦比亚、哥斯达黎加、加拿大、美国、墨西哥、南非、乌拉圭、希腊、印度、英国、智利,否
,spirax sarco pn16 ggg40,10,4,加拿大、美国、西班牙、英国,否
,spirax sarco pn40,10,1,澳大利亚,否
,spirax sarco pressure reducing valve catalogue,10,5,比利时、荷兰、加拿大、美国、英国,是（ID 354）
,spirax sarco product handbook pdf,10,2,加拿大、美国,否
,spirax sarco products catalogue,10,5,比利时、荷兰、加拿大、美国、英国,否
,spirax sarco pump parts,10,1,美国,否
,spirax sarco purgadores,10,1,巴西,否
,spirax sarco redundancy,10,1,英国,否
,spirax sarco resources,10,11,阿根廷、哥伦比亚、哥斯达黎加、荷兰、加拿大、美国、墨西哥、危地马拉、新西兰、英国、智利,否
,spirax sarco revit,10,1,意大利,否
,spirax sarco rj,10,1,巴西,否
,spirax sarco s.a,10,4,比利时、加拿大、美国、以色列,否
,spirax sarco s.a.,10,3,荷兰、加拿大、西班牙,否
,spirax sarco s.a.u,10,3,比利时、加拿大、西班牙,否
,spirax sarco sac 54531c,10,1,美国,否
,spirax sarco sac 66173c,10,1,美国,否
,spirax sarco sac 66669,10,1,美国,否
,spirax sarco sac 67049,10,1,美国,否
,spirax sarco safety valve catalogue,10,3,加拿大、美国、英国,是（ID 354）
,spirax sarco safety valve sizing,10,4,加拿大、美国、塞尔维亚、英国,是（ID 354）
,spirax sarco safety valves,10,6,澳大利亚、巴西、德国、加拿大、西班牙、意大利,是（ID 354）
,spirax sarco sample coolers,10,1,美国,否
,spirax sarco scambiatori,10,1,意大利,否
,spirax sarco sdn. bhd.,10,1,英国,否
,spirax sarco share price news,10,1,英国,否
,spirax sarco share price yahoo,10,1,英国,否
,spirax sarco sizing suite,10,5,哥伦比亚、哥斯达黎加、捷克共和国、美国、墨西哥,否
,spirax sarco sk,10,1,斯洛伐克,否
,spirax sarco steam and condensate loop book,10,2,美国、新加坡,否
,spirax sarco steam condensate pump,10,2,美国、英国,否
,spirax sarco steam handbook pdf,10,2,美国、土耳其,否
,spirax sarco steam humidifier,10,1,美国,否
,spirax sarco steam pressure relief valve,10,1,美国,是（ID 354）
,spirax sarco steam regulator troubleshooting,10,1,美国,否
,spirax sarco steam system design,10,4,爱尔兰、荷兰、美国、新西兰,否
,spirax sarco steam tables pdf,10,13,俄罗斯、哥伦比亚、哥斯达黎加、美国、墨西哥、南非、瑞典、瑞士、土耳其、新加坡、新西兰、印度、中国香港,否
,spirax sarco steam trap 1 2,10,1,美国,是（ID 355）
,spirax sarco steam trap 1/2,10,1,美国,是（ID 355）
,spirax sarco steam trap maintenance,10,5,爱尔兰、美国、南非、印度、英国,是（ID 355）
,spirax sarco steam trap monitoring,10,2,美国、英国,是（ID 355）
,spirax sarco steam traps ft-15,10,1,美国,是（ID 355）
,spirax sarco steam traps parts,10,3,美国、新西兰、印度,是（ID 355）
,spirax sarco steam valve,10,7,澳大利亚、比利时、荷兰、加拿大、美国、以色列、英国,是（ID 354）
,spirax sarco steam water mixing station,10,4,比利时、荷兰、美国、以色列,否
,spirax sarco strainer y type,10,2,荷兰、加拿大,否
,spirax sarco strainers,10,6,比利时、荷兰、加拿大、美国、以色列、英国,否
,spirax sarco subsidiaries,10,4,津巴布韦、美国、新加坡、英国,否
,spirax sarco superheated steam calculator,10,5,荷兰、美国、南非、新西兰、印度,否
,spirax sarco sustainable steam management,10,2,荷兰、英国,否
,spirax sarco sx100-1 manual,10,1,英国,否
,spirax sarco tables,10,2,巴西、西班牙,否
,spirax sarco thermocoax,10,1,法国,否
,spirax sarco thermodynamic steam traps,10,1,荷兰,是（ID 355）
,spirax sarco treinamento,10,1,巴西,否
,spirax sarco tutorial,10,6,比利时、法国、荷兰、美国、西班牙、英国,否
,spirax sarco valves steam,10,4,澳大利亚、荷兰、加拿大、美国,否
,spirax sarco vapor saturado,10,1,西班牙,否
,spirax sarco venttiilit,10,1,芬兰,否
,spirax sarco vs-204,10,2,加拿大、美国,否
,spirax sarco vulcanic,10,7,比利时、德国、法国、荷兰、美国、西班牙、英国,否
,spirax sarco water trap,10,4,澳大利亚、美国、以色列、英国,否
,spirax sarco webinars,10,1,美国,否
,spirax sarco zoominfo,10,3,比利时、荷兰、美国,否
,spirax-sarco engineering plc analyst price target disagreement,10,1,加拿大,否
,spirax-sarco engineering plc bullish and bearish analyst opinions,10,1,加拿大,否
,spirax-sarco engineering plc linkedin,10,1,英国,否
,spirax-sarco ltd,10,3,比利时、以色列、英国,否
,spirax-sarco share price news,10,1,英国,否
,steam control valve spirax sarco,10,2,波兰、美国,是（ID 354）
,steam flow meter spirax sarco,10,3,荷兰、美国、印度,否
,steam separator spirax sarco,10,5,比利时、荷兰、美国、以色列、英国,否
,steam sparger spirax sarco,10,2,美国、印度,否
,steam trap spirax sarco pdf,10,1,美国,是（ID 355）
,tablas vapor saturado spirax sarco,10,4,哥伦比亚、哥斯达黎加、乌拉圭、西班牙,否
,thermocoax spirax sarco,10,1,法国,否
,thermodynamic steam trap spirax sarco,10,4,比利时、荷兰、加拿大、以色列,是（ID 355）
,thermostatic steam trap spirax sarco,10,1,加拿大,是（ID 355）
,vacuum breaker spirax sarco,10,4,澳大利亚、比利时、荷兰、以色列,否
,visor de flujo spirax sarco,10,3,秘鲁、墨西哥、智利,否
,vulcanic spirax sarco,10,3,法国、美国、英国,否
,webinar spirax sarco,10,2,巴西、荷兰,否
,what do spirax sarco do,10,1,英国,否
,www esp portal com clients spirax sarco,10,1,英国,否
,www spirax sarco,10,1,巴西,否
,y strainer spirax sarco,10,4,澳大利亚、比利时、荷兰、加拿大,否
,07 8g spirax sarco,0,1,巴西,否
,09460003 spirax sarco,0,1,喀麦隆,否
,1 1 2 strainer spirax sarco,0,1,英国,否
,1 2 b-45 spirax sarco,0,1,墨西哥,否
,1 spirax sarco,0,1,俄罗斯,否
,10009386 spirax sarco,0,1,西班牙,否
,10009386 spirax sarco fig 105,0,1,西班牙,否
,10009386 spirax sarco fig 106,0,1,西班牙,否
,11 2 x 21 2 spirax sarco pressure relief valve,0,1,美国,是（ID 354）
,14432517 spirax sarco,0,1,巴拉圭,否
,151799168 spirax sarco,0,1,巴拉圭,否
,1840500 spirax sarco,0,1,波兰,否
,1bd spirax sarco,0,1,哥伦比亚,否
,1td52 trap spirax sarco,0,1,巴西,是（ID 355）
,2 inch spirax sarco steam traps,0,1,美国,是（ID 355）
,2 spirax sarco ft-185,0,1,匈牙利,否
,2 spirax sarco steam trap,0,1,匈牙利,是（ID 355）
,211s spirax sarco,0,1,墨西哥,否
,250 spirax sarco,0,2,玻利维亚、美国,否
,27 p spirax sarco,0,1,墨西哥,否
,27p spirax sarco,0,1,墨西哥,否
,2d spirax sarco,0,1,秘鲁,否
,3 4 spirax sarco prv valve,0,1,尼日利亚,否
,3 way valve spirax sarco,0,1,阿根廷,否
,3.530.5275.150 spirax sarco,0,1,西班牙,否
,3321310 spirax sarco,0,1,巴拉圭,否
,360 spirax sarco,0,1,法国,否
,3c.525 spirax sarco 3d,0,1,意大利,否
,3d spirax sarco,0,1,法国,否
,3d spirax sarco model venteo vs204,0,1,哥伦比亚,否
,3d spirax sarco vs204,0,1,哥伦比亚,否
,4421 spirax sarco,0,1,意大利,否
,442144 spirax sarco,0,1,意大利,否
,44214415 spirax sarco,0,1,意大利,否
,4527 spirax sarco,0,1,哥伦比亚,否
,4m310 spirax sarco,0,1,巴西,否
,5000 kg h de vapor spirax sarco,0,1,巴西,否
,5044165 spirax sarco,0,1,英国,否
,50928 spirax sarco,0,1,美国,否
,511s spirax sarco,0,1,美国,否
,55223 spirax sarco,0,2,美国、印度,否
,55224 spirax sarco regulator,0,4,韩国、美国、墨西哥、印度,否
,55226 spirax sarco,0,2,阿根廷、墨西哥,否
,570 spirax sarco,0,1,美国,否
,5s spirax sarco,0,1,阿根廷,否
,63354 stock spirax sarco,0,1,俄罗斯,否
,64170 spirax sarco,0,1,加拿大,否
,64262 spirax sarco,0,1,加拿大,否
,655175 spirax sarco,0,1,加拿大,否
,6902220 spirax sarco,0,1,巴拉圭,否
,6902246 spirax sarco,0,1,巴拉圭,否
,6902252 spirax sarco,0,1,巴拉圭,否
,69956 spirax sarco pump,0,1,美国,否
,73491 9 registro spirax sarco,0,1,巴西,否
,73j2t spirax sarco,0,1,加拿大,否
,75470 spirax sarco,0,1,墨西哥,否
,7887-tk-e-b05d-h-v spirax sarco,0,1,意大利,否
,82pde spirax sarco,0,1,法国,否
,9263040300 spirax sarco,0,1,俄罗斯,否
,a full port ball valve types pdf from spirax sarco,0,1,南非,是（ID 354）
,a quoi consiste spirax sarco,0,1,法国,否
,a spirax sarco,0,1,巴西,否
,a spirax sarco engineering company,0,2,德国、美国,否
,a-395 spirax sarco,0,3,澳大利亚、巴西、西班牙,否
,a395 spirax sarco,0,1,澳大利亚,否
,abaco de spirax sarco,0,1,阿根廷,否
,abkmnh-htuekznjh c fnjuj djple f spirax sarco,0,1,俄罗斯,否
,about spirax sarco,0,1,英国,否
,abv 40 spirax sarco,0,2,美国、西班牙,否
,abv spirax sarco,0,1,巴西,否
,accesorios calderas spirax sarco,0,1,阿根廷,否
,accesorios de calderas spirax sarco fenercom 2017,0,1,阿根廷,否
,accesorios spirax sarco,0,2,阿根廷、墨西哥,否
,acciones spirax-sarco engineering plc,0,1,墨西哥,否
,acoples rapidos spirax sarco,0,1,巴拉圭,否
,acqua surriscaldata spirax sarco,0,1,意大利,否
,action spirax sarco,0,1,法国,否
,actuador 7213a spirax sarco,0,1,哥伦比亚,否
,actuador 9320 spirax sarco,0,1,哥伦比亚,否
,actuador anm 107 r spirax sarco,0,1,巴拉圭,否
,actuador lectrico spirax sarco,0,1,阿根廷,否
,actuador pn9000 spirax sarco,0,2,阿根廷、西班牙,否
,actuador pn9000 spirax sarco diametro,0,1,西班牙,否
,actuador pn9000 spirax sarco en ingles,0,1,阿根廷,否
,actuador rotativo spirax sarco 320d,0,1,阿根廷,否
,actuador rotativos spirax sarco,0,1,阿根廷,否
,actuador spirax sarco,0,1,秘鲁,否
,actuador spirax sarco 325,0,1,智利,否
,actuador spirax sarco converter 4 a20 ma 3 a15 psi,0,1,墨西哥,否
,actuador spirax sarco posiconador,0,1,秘鲁,否
,actuadores electricos spirax sarco,0,1,阿根廷,否
,actuadores neumaticos spirax sarco,0,2,阿根廷、哥伦比亚,否
,actuadores neumaticos spirax sarco autocad,0,1,阿根廷,否
,actuadores spirax sarco,0,1,哥伦比亚,否
,acumulador de vapor spirax sarco,0,2,巴西、智利,否
,acumuladores de vapor spirax sarco,0,1,西班牙,否
,adjustment spring blue t15 3.027 spirax sarco,0,1,美国,否
,af 250 spirax sarco,0,2,阿根廷、巴拉圭,否
,agent de ligne spirax sarco,0,1,法国,否
,agenzia spirax sarco,0,1,意大利,否
,agm online vote spirax-sarco,0,1,英国,否
,air and gas trap spirax sarco,0,1,西班牙,是（ID 355）
,air eliminators spirax sarco,0,1,美国,否
,aire comprimido spirax sarco,0,2,阿根廷、乌拉圭,否
,alarmas de alta seguridad para vigilancia indirecta spirax sarco,0,1,墨西哥,否
,aliexpress spirax sarco,0,1,俄罗斯,否
,alliage spirax sarco,0,1,法国,否
,alternativa a spirax sarco,0,1,西班牙,否
,analisador vazamento spirax sarco,0,1,巴西,否
,analisi finanziaria spirax sarco,0,1,意大利,否
,analista de engenharia de produto spirax sarco love mondays salario,0,1,巴西,否
,analizador de condensados spirax sarco,0,1,西班牙,否
,analizador de oxigeno spirax sarco,0,1,秘鲁,否
,andrew baddeley spirax sarco,0,1,加拿大,否
,andrew prew spirax sarco,0,1,英国,否
,andrew robson spirax sarco,0,1,英国,否
,andrew spirax sarco,0,1,加拿大,否
,andrew stewart spirax sarco,0,1,加拿大,否
,andy robson spirax sarco,0,1,英国,否
,angelina rangel spirax sarco,0,1,墨西哥,否
,annual report 2018 spirax sarco,0,1,英国,否
,annual report spirax sarco,0,1,波兰,否
,anytime spirax sarco,0,1,美国,否
,apostila de vapor spirax sarco,0,1,巴西,否
,apostila de vapor spirax sarco ppt,0,1,巴西,否
,apostila spirax sarco,0,1,巴西,否
,apostila spirax sarco pdf,0,1,巴西,否
,apostila spirax sarco slide share,0,1,巴西,否
,apostila spirax-sarco,0,1,巴西,否
,apply for spirax sarco jobs,0,1,加拿大,否
,apprenti spirax sarco,0,1,法国,否
,aprovechar vapor flash spirax sarco,0,1,西班牙,否
,aproveitamento de descarga de fundo spirax sarco,0,1,巴西,否
,apt 8 spirax sarco,0,1,乌克兰,否
,apt-spi spirax sarco,0,1,德国,否
,ari armaturen x spirax sarco,0,1,巴西,否
,armado de ehd1ppnst-1hlg-p2 easy heat spirax sarco,0,1,墨西哥,否
,armstrong steam traps spirax sarco,0,1,美国,是（ID 355）
,aspire spirax sarco,0,1,英国,否
,assessment center spirax sarco,0,1,爱尔兰,否
,assessment centre spirax sarco,0,1,美国,否
,assistente tecnico spirax sarco,0,1,巴西,否
,astm a395 spirax sarco,0,1,巴西,否
,atemperadores spirax sarco,0,2,厄瓜多尔、美国,否
,attuatore pneumatico spirax sarco,0,1,意大利,否
,attuatore pneumatico spirax sarco pn,0,1,意大利,否
,attuatore pneumatico spirax sarco pn 32,0,1,意大利,否
,attuatore pneumatico spirax sarco pn 3232,0,1,意大利,否
,attuatore pneumatico spirax sarco pn3232,0,1,意大利,否
,attuatore spinatrol spirax sarco,0,1,意大利,否
,attuatore spirax sarco pn3326,0,1,意大利,否
,attuatore spirax sarco spinatrol,0,1,意大利,否
,atuador 3120 spirax sarco,0,1,巴西,否
,atuador spirax sarco pn 9123e,0,1,巴西,否
,atuador spirax sarco pn 9123e explodida,0,1,巴西,否
,atuador spirax sarco pn 9123e youtube,0,1,巴西,否
,atuador spirax sarco pn9123e explodida,0,1,巴西,否
,atuadores spirax sarco,0,1,巴西,否
,auctuaores neumaticos spirax sarco,0,1,阿根廷,否
,aurelie pignard spirax sarco,0,1,法国,否
,autocad spirax sarco,0,2,比利时、荷兰,否
,autorizada spirax sarco,0,1,巴西,否
,av 713 spirax sarco,0,1,美国,否
,avantages spirax sarco,0,1,法国,否
,aw2000 spirax sarco,0,1,墨西哥,否
,awareness spirax sarco,0,1,法国,否
,azul ral 5010 spirax sarco,0,1,巴西,否
,b.o.a.s evaluation spirax sarco,0,1,英国,否
,b3-250 spirax sarco trap 1,0,1,美国,是（ID 355）
,b3s spirax sarco,0,1,英国,否
,balanced pressure thermostatic steam trap spirax sarco,0,1,葡萄牙,是（ID 355）
,balde invertido spirax sarco,0,2,阿根廷、乌拉圭,否
,ball float steam trap spirax sarco pdf,0,1,美国,是（ID 355）
,ball float termostatic trap spirax sarco,0,1,墨西哥,是（ID 355）
,ball valve 3d model spirax sarco,0,1,美国,是（ID 354）
,ball valve globe butterfly spirax sarco filetype pdf,0,1,新加坡,是（ID 354）
,ball valve sizing software spirax sarco,0,1,巴西,是（ID 354）
,ball valves dimensions spirax sarco,0,1,巴西,是（ID 354）
,banzatto spirax sarco,0,1,巴西,否
,banzatto spirax sarco linkedin,0,1,巴西,否
,banzzato spirax sarco,0,1,巴西,否
,bar.r spirax sarco,0,1,阿根廷,否
,barilotto d168 di separazione spirax sarco,0,1,意大利,否
,barilotto spirax sarco,0,1,意大利,否
,bbva spirax sarco,0,1,西班牙,否
,bc3050 spirax sarco,0,2,阿根廷、智利,否
,bcs 2 spirax sarco,0,1,西班牙,否
,bcv spirax sarco,0,1,巴西,否
,bellows sealed valve spirax sarco,0,3,澳大利亚、芬兰、美国,否
,bem vindo ao mundo do vapor spirax sarco,0,1,巴西,否
,ben frisby spirax sarco,0,1,美国,否
,berdien uytterhaegen spirax sarco,0,1,比利时,否
,bernd schneider spirax sarco,0,2,德国、瑞士,否
,beta spirax sarco,0,4,丹麦、土耳其、意大利、智利,否
,beta.spirax sarco,0,2,墨西哥、以色列,否
,bi-annual refresh spirax sarco,0,1,英国,否
,bico spirax sarco,0,1,巴西,否
,bill harms spirax sarco,0,1,美国,否
,bill whiteley spirax sarco,0,1,英国,否
,bimetallic steam trap spirax sarco,0,8,澳大利亚、巴西、加拿大、美国、西班牙、意大利、印度、英国,是（ID 355）
,bloco 3d spirax sarco,0,1,巴西,否
,bloques spirax sarco,0,1,阿根廷,否
,blowdown heat recovery spirax sarco,0,1,美国,否
,blowdown tank spirax sarco,0,1,美国,否
,blowdown valve spirax sarco,0,6,加拿大、美国、西班牙、意大利、印度、英国,否
,bm7 spirax sarco,0,1,西班牙,否
,bobina posicionador pneumatico spirax sarco,0,1,巴西,否
,bobina spirax sarco 2600,0,1,巴西,否
,boiler p&id spirax sarco,0,1,英国,否
,boiler service spirax sarco,0,1,澳大利亚,否
,boiler steam take off spirax sarco,0,1,美国,否
,boletin spirax sarco compensadores de dilatacion termica,0,1,哥斯达黎加,否
,boletin spirax sarco im-g37-33,0,1,哥斯达黎加,否
,bomba centrifuga spirax sarco,0,1,阿根廷,否
,bomba de condensados vapor industrial spirax sarco,0,1,西班牙,否
,bomba de consensados spirax sarco,0,1,墨西哥,否
,bomba de vapor spirax sarco,0,2,阿根廷、墨西哥,否
,bomba de.condrnsado spirax sarco,0,1,巴西,否
,bomba para condensados de vapor industrial spirax sarco,0,1,西班牙,否
,bomba ptc spirax sarco,0,2,阿根廷、墨西哥,否
,bomba spirax sarco,0,1,阿根廷,否
,bomba spirax sarco para condensados a-395 69229 poincht down,0,1,多米尼加共和国,否
,bombas con ptc spirax sarco,0,1,西班牙,否
,bombas de agua spirax sarco,0,1,阿根廷,否
,bombas spirax sarco,0,2,阿根廷、法国,否
,bombas verticales spirax sarco cloacales,0,1,阿根廷,否
,bp 13 spirax sarco,0,1,巴西,否
,bp 25 spirax sarco,0,1,巴西,否
,bp 30 spirax sarco,0,1,巴西,否
,bp 99 spirax sarco,0,1,巴西,否
,bpm ti spirax sarco,0,1,印度,否
,bpm2il steam trap spirax sarco,0,1,美国,是（ID 355）
,bps 32ycv spirax sarco,0,1,德国,否
,bpt spirax sarco,0,1,印度,否
,bpt1 ax 1 2 bsp cap nts spirax sarco,0,1,巴西,否
,br.spirax sarco,0,1,巴西,否
,brc2s spirax sarco,0,1,秘鲁,否
,brian mccarthy spirax sarco,0,1,美国,否
,bribing case spirax sarco,0,1,法国,否
,brv 2sp spirax sarco,0,1,波兰,否
,brv 5s spirax sarco,0,1,罗马尼亚,否
,brv25 spirax sarco,0,1,白俄罗斯,否
,bsc4 spirax sarco,0,1,西班牙,否
,bt 37 spirax sarco,0,1,巴西,否
,bulbo tipo colita de raton spirax sarco,0,1,阿根廷,否
,bumeran spirax sarco,0,1,阿根廷,否
,busco trabajo en spirax sarco,0,1,阿根廷,否
,business model canvas spirax sarco,0,1,波兰,否
,busqueda spirax sarco,0,1,阿根廷,否
,bva 325 spirax sarco,0,1,阿根廷,否
,byron thomas spirax sarco,0,1,英国,否
,c15055 spirax sarco,0,1,墨西哥,否
,cabezal electronico spirax sarco,0,1,西班牙,否
,cabezal mezclador spirax sarco,0,2,哥斯达黎加、西班牙,否
,cad library spirax sarco,0,1,墨西哥,否
,cad spirax sarco,0,1,西班牙,否
,cade gov spirax sarco adquire hiter,0,1,巴西,否
,cade spirax sarco,0,1,巴西,否
,calculador de serpentines spirax sarco,0,1,萨尔瓦多,否
,calculadora de vapor spirax sarco,0,2,阿根廷、哥斯达黎加,否
,calculadora propiedades vapor saturado spirax sarco,0,1,西班牙,否
,calculadora spirax sarco,0,8,阿根廷、巴西、哥伦比亚、哥斯达黎加、秘鲁、墨西哥、西班牙、智利,否
,calculadora spirax sarco para aislamientos,0,1,哥斯达黎加,否
,calcular diametro tuberia spirax sarco,0,1,西班牙,否
,calcular spirax sarco para aislamientos,0,1,哥斯达黎加,否
,calculator spirax sarco,0,3,巴西、斯洛伐克、西班牙,否
,calderas de vapor spirax sarco,0,4,阿根廷、墨西哥、西班牙、智利,否
,calderas de vapor-spirax-sarco parte 1,0,1,阿根廷,否
,calderas spirax sarco pdf,0,4,阿根廷、墨西哥、西班牙、智利,否
,calderas y accesorios spirax sarco,0,4,阿根廷、墨西哥、西班牙、智利,否
,calderas_de_vapor-spirax-sarco_parte 1,0,1,阿根廷,否
,calector de vapor spirax sarco,0,1,阿根廷,否
,calentador agua spirax sarco,0,1,墨西哥,否
,calidad de vapor spirax sarco,0,1,哥伦比亚,否
,camara sensor spirax sarco,0,1,厄瓜多尔,否
,camara sensora s11 spirax sarco,0,1,乌拉圭,否
,camara sensora spirax sarco,0,1,墨西哥,否
,camara sensora st-141 spirax sarco,0,1,墨西哥,否
,captador vacio spirax sarco,0,1,西班牙,否
,cara ella spirax sarco,0,1,意大利,否
,cara pemasangan steam trap berdasarkan name plate spirax sarco,0,1,美国,是（ID 355）
,caravella ella spirax sarco,0,1,意大利,否
,career at spirax sarco,0,1,美国,否
,carel saktbh0000 spirax sarco,0,1,匈牙利,否
,caroline johnson spirax sarco,0,1,英国,否
,casse vide spirax sarco,0,1,法国,否
,cassio spirax sarco,0,1,阿根廷,否
,cast iron strainer spirax sarco ti,0,1,美国,否
,cast iron strainer spirax sarco usti,0,1,美国,否
,catalago spirax sarco,0,1,巴西,否
,catalgo spirax sarco,0,1,阿根廷,否
,catalogos calderas spirax sarco,0,1,阿根廷,否
,catalogos de calderas spirax sarco,0,1,哥斯达黎加,否
,catalogos de spirax sarco,0,1,巴西,否
,catalogos spirax sarco,0,1,阿根廷,否
,caudalimetro ultrasonico spirax sarco,0,1,阿根廷,否
,caudalimetro vapor spirax sarco,0,3,玻利维亚、秘鲁、西班牙,否
,ccd spirax sarco,0,1,巴西,否
,cd spirax sarco pdf,0,1,萨尔瓦多,否
,cennik spirax sarco,0,1,波兰,否
,cennik spirax sarco 2016,0,1,波兰,否
,central agua quente spirax sarco,0,1,巴西,否
,centre de formation spirax sarco,0,1,比利时,否
,ceo of spirax-sarco engineering plc,0,2,法国、尼日利亚,否
,certificado de qualidade de produto spirax sarco,0,1,巴西,否
,certificado de qualidade spirax sarco,0,1,巴西,否
,charlton house spirax sarco,0,2,德国、英国,否
,charola spirax sarco modelo dpe,0,1,墨西哥,否
,charola spirax sarco modelo dpe 1 1 4,0,1,墨西哥,否
,charola spirax sarco modelo dpe 2,0,1,墨西哥,否
,check spirax sarco,0,2,阿根廷、墨西哥,否
,check valve dcv6464 spirax sarco,0,1,印度,是（ID 354）
,check valve dcv6464 spirax sarco imi,0,1,印度,是（ID 354）
,chemical map spirax sarco,0,1,法国,否
,cheque de 2 spirax sarco bs7438,0,1,哥伦比亚,否
,cheque de 2 x 300 lb spirax sarco bs 7438,0,1,哥伦比亚,否
,cheque de 2 x 300 lib spirax sarco bs7438,0,1,哥伦比亚,否
,cheque inox spirax sarco,0,1,哥伦比亚,否
,cheque visor spirax sarco,0,1,哥伦比亚,否
,cheque visor spirax sarco precio,0,1,哥伦比亚,否
,chinese investment spirax sarco,0,1,英国,否
,chip stokes spirax sarco,0,1,美国,否
,ci-125 spirax sarco,0,2,美国、西班牙,否
,citrix spirax sarco,0,1,墨西哥,否
,clean and pure steam systems biopharmaceutical industry spirax sarco,0,1,美国,否
,clean steam generator-spirax sarco model blu-800-2000-6000,0,1,法国,否
,cnpj spirax sarco,0,1,巴西,否
,cnpj spirax sarco marechal deodoro,0,1,巴西,否
,colector de vapor spirax sarco,0,1,阿根廷,否
,coletor de vapor spirax sarco,0,1,巴西,否
,colocacion aireador spirax sarco,0,1,西班牙,否
,come diseganre un schema idraulico spirax sarco,0,1,意大利,否
,como descargar los manuales de spirax sarco,0,1,乌拉圭,否
,como e trabalha na spirax sarco,0,1,巴西,否
,como es su funcionamiento del contador de ciclos spirax sarco,0,1,玻利维亚,否
,como llegar spirax sarco,0,1,墨西哥,否
,como se pronuncia spirax sarco,0,1,厄瓜多尔,否
,companies similar to spirax sarco engineering plc publicly traded,0,1,加拿大,否
,compensatori di dilatazione spirax sarco,0,2,哥伦比亚、意大利,否
,competencia de spirax sarco,0,1,秘鲁,否
,competencias de spirax sarco,0,1,智利,否
,competitors of spirax sarco,0,1,英国,否
,components of pressure reducing station spirax sarco,0,1,印度,否
,compressed air drain trap spirax sarco,0,3,澳大利亚、美国、英国,是（ID 355）
,compressed air manual spirax sarco,0,1,巴西,否
,compressed air separator spirax sarco,0,1,德国,否
,condensaatpomp spirax sarco,0,1,荷兰,否
,condensados spirax sarco,0,1,阿根廷,否
,condensate contamination detection system spirax sarco,0,1,美国,否
,condensate line sizing spirax sarco,0,2,美国、智利,否
,condensate recovery unit spirax sarco,0,2,美国、英国,否
,condensate tank spirax sarco,0,1,秘鲁,否
,condensate valve spirax sarco,0,1,乌拉圭,否
,condensino spirax sarco,0,1,意大利,否
,condesated valve spirax sarco,0,1,乌拉圭,否
,conexion de spirax sarco,0,1,阿根廷,否
,conexion de spirax sarco vl2m20,0,1,阿根廷,否
,conjunto lubrificador spirax sarco,0,1,巴西,否
,conjunto sede spirax sarco,0,1,巴西,否
,contact spirax sarco,0,1,法国,否
,contacto spirax sarco,0,1,墨西哥,否
,contador de ciclos spirax sarco,0,1,阿根廷,否
,contador de vapor spirax sarco,0,1,智利,否
,contato spirax sarco,0,1,巴西,否
,contato spirax sarco rj,0,1,巴西,否
,control spirax sarco controlador sx-uni,0,1,智利,否
,control spirax sarco uni,0,1,智利,否
,control valve body spirax sarco,0,1,墨西哥,是（ID 354）
,control valve characteristics spirax sarco,0,2,澳大利亚、美国,是（ID 354）
,control valve diagram spirax sarco,0,1,厄瓜多尔,是（ID 354）
,control valve dwg spirax sarco,0,1,意大利,是（ID 354）
,control valve sizing spirax sarco,0,2,美国、意大利,是（ID 354）
,control valves spirax sarco,0,1,乌拉圭,是（ID 354）
,controlador spirax sarco,0,2,阿根廷、危地马拉,否
,controlador spirax sarco software sx-uni,0,1,智利,否
,controlador spirax sarco sx-uni,0,2,巴西、智利,否
,controlador spirax sarco sx-uni manual,0,2,巴西、智利,否
,controlador sx uni spirax sarco,0,1,巴西,否
,controlador sx-uni spirax sarco,0,2,巴西、智利,否
,controlador universal spirax-sarco,0,1,智利,否
,controladores de purga spirax sarco,0,1,玻利维亚,否
,controladores spirax sarco,0,1,玻利维亚,否
,controlalador sx-uni spirax sarco,0,1,智利,否
,controle de solidos totais spirax sarco,0,1,巴西,否
,controleur de circulation spirax sarco,0,1,法国,否
,controleur de purge spirax sarco,0,1,比利时,否
,cooperativa de creditos spirax sarco,0,1,巴西,否
,core team work spirax sarco,0,1,巴西,否
,corsi spirax sarco,0,1,意大利,否
,cost of self acting temperature control valve spirax sarco,0,1,印度,是（ID 354）
,cost of spirax sarco mes2000 4 unit,0,1,英国,否
,cost spirax sarco steam traps,0,1,美国,是（ID 355）
,cotizacion spirax sarco,0,1,阿根廷,否
,cours spirax sarco,0,1,比利时,否
,cru spirax sarco,0,1,意大利,否
,csf spirax sarco,0,1,意大利,否
,csm e spirax sarco,0,1,巴西,否
,cto spirax sarco linkedin,0,1,英国,否
,cuadros de vapor spirax sarco,0,1,阿根廷,否
,cuadros reguladores de vapor spirax sarco,0,1,阿根廷,否
,cuanto vale barometro spirax sarco,0,1,智利,否
,cuit de spirax sarco,0,1,阿根廷,否
,cuit online spirax sarco sa,0,1,阿根廷,否
,curso basico de spirax sarco,0,1,智利,否
,curso basico spirax sarco,0,1,智利,否
,curso de projetos de sistemas de vapor spirax sarco,0,1,巴西,否
,curso sistema de vapor spirax sarco,0,1,巴西,否
,curso spirax sarco,0,2,阿根廷、巴西,否
,curso spirax sarco 2019,0,1,巴西,否
,curso spirax sarco cmp,0,1,巴西,否
,curso spirax sarco misiones facultad ciencias exactas,0,1,阿根廷,否
,curso spirax sarco misiones posadas facultad ciencias exactas,0,1,阿根廷,否
,curso vapor spirax sarco pdf,0,2,巴西、哥伦比亚,否
,cursos de vapor spirax sarco,0,2,巴拉圭、玻利维亚,否
,cursos spirax sarco 2017,0,2,阿根廷、巴西,否
,cursos spirax sarco 2018,0,2,阿根廷、墨西哥,否
,cursos spirax sarco 2019,0,3,阿根廷、巴西、墨西哥,否
,cursos spirax sarco 2020,0,1,巴西,否
,curvas de vapor spirax sarco,0,1,阿根廷,否
,cv calc spirax sarco,0,1,巴西,否
,d16 spirax sarco,0,1,美国,否
,d16 spirax sarco ft1-125,0,1,美国,否
,d27 spirax sarco cena,0,1,塞尔维亚,否
,d27 spirax sarco price,0,1,塞尔维亚,否
,dampfventil spirax sarco,0,2,德国、瑞士,否
,dampfventil spirax sarco 24v motor,0,1,德国,否
,dan harvey spirax sarco,0,1,美国,否
,danny kingston spirax sarco,0,1,美国,否
,dashboard excel spirax sarco,0,1,巴西,否
,data sell spirax sarco,0,1,波兰,否
,data spirax sarco,0,1,波兰,否
,dawn dukes spirax sarco,0,1,美国,否
,dcaricatore aria spirax sarco,0,1,意大利,否
,deaerator principle spirax sarco,0,1,美国,否
,dean stephens spirax sarco,0,1,美国,否
,degasatore spirax sarco,0,1,意大利,否
,densidade do vapor spirax sarco,0,1,巴西,否
,desaireador automatico moda 145 spirax sarco,0,1,阿根廷,否
,desaireador spirax sarco hoja de especificacion,0,1,墨西哥,否
,descargar libro spirax sarco gratis,0,1,阿根廷,否
,descargar modelos spirax sarco,0,1,哥伦比亚,否
,descargar steam tools mobile spirax sarco,0,1,智利,否
,descargar steam tools mobile spirax sarco gratis,0,1,智利,否
,desenhos spirax sarco,0,1,巴西,否
,deshumedecedor spirax sarco,0,1,秘鲁,否
,design of fluid systems spirax sarco pdf,0,7,巴西、德国、加拿大、美国、以色列、意大利、英国,否
,dessuperaquecedor spirax sarco,0,1,巴西,否
,desuperheater in boiler spirax sarco,0,1,印度,否
,desuperheater spirax sarco,0,11,澳大利亚、巴西、比利时、德国、法国、荷兰、加拿大、美国、以色列、意大利、英国,否
,detector vazamento purgadores spirax sarco,0,1,巴西,否
,dexis spirax sarco,0,1,法国,否
,df27 dn 40 pn16 25 spirax sarco,0,1,乌克兰,否
,dfu quatro vias spirax sarco,0,1,巴西,否
,diafragma spirax sarco,0,1,巴西,否
,diafragmas spirax sarco,0,1,巴西,否
,diagram pressure drop in schedule spirax sarco,0,1,危地马拉,否
,diagrama ehd1ppnst-1hlg-p2 easy heat spirax sarco,0,1,墨西哥,否
,diagramme des 5m spirax sarco,0,1,法国,否
,dibujo de recuper de vapor spirax sarco,0,1,阿根廷,否
,differential pressure transmitter spirax sarco,0,1,比利时,否
,differentielle pressure transmitter spirax sarco,0,1,比利时,否
,difusor spirax sarco,0,1,墨西哥,否
,digital cycle counter spirax sarco,0,1,美国,否
,din 32 pn 16 spirax sarco ball valve,0,1,尼加拉瓜,是（ID 354）
,din 32 pn 16 spirax sarco ball valve for sale,0,1,尼加拉瓜,是（ID 354）
,diploma spirax sarco,0,1,阿根廷,否
,direct steam injection spirax sarco,0,2,澳大利亚、美国,否
,diretor spirax sarco,0,1,巴西,否
,disc check valve spirax sarco,0,6,澳大利亚、芬兰、荷兰、加拿大、美国、英国,是（ID 354）
,disco rompedor de vacio spirax sarco,0,1,墨西哥,否
,disegni 3d spirax sarco,0,1,意大利,否
,distribuidor de spirax sarco,0,3,阿根廷、秘鲁、墨西哥,否
,distribuidor de spirax sarco en toluca,0,1,墨西哥,否
,distribuidor de vapor spirax sarco,0,2,阿根廷、巴西,否
,distribuidor marca spirax sarco,0,1,墨西哥,否
,distribuidor spirax sarco mva,0,1,巴西,否
,distribuidor spirax-sarco modelo dfu cf8m pn50,0,1,智利,否
,distribuidores autorisados spirax sarco en ecuador,0,1,厄瓜多尔,否
,distribuidores marca spirax sarco,0,1,墨西哥,否
,distribuidores spirax sarco df,0,1,墨西哥,否
,distribuidores spirax sarco dumont,0,1,巴西,否
,distribuidores spirax sarco estados unidos,0,1,哥伦比亚,否
,distribuidores spirax sarco jalisco,0,1,墨西哥,否
,distribuidores spirax sarco mg,0,1,巴西,否
,distribuidores spirax sarco representante,0,1,巴西,否
,distribuidores spirax sarco representantes em bh,0,1,巴西,否
,distributeur spirax sarco,0,2,法国、加拿大,否
,distributeur spirax sarco bretagne,0,1,法国,否
,distributor spirax sarco,0,1,加拿大,否
,dlv 75 spirax sarco,0,1,巴西,否
,dn25 1 flanged steam rated globe valve spirax sarco,0,1,爱沙尼亚,否
,dn25 spirax sarco,0,1,美国,否
,documentation spirax sarco,0,1,法国,否
,domestic hot water heater spirax sarco,0,1,加拿大,否
,domestic hot water heater spirax sarco steam,0,1,加拿大,否
,don harrison spirax sarco,0,1,美国,否
,dourados spirax sarco,0,1,巴西,否
,download livro spirax sarco,0,1,巴西,否
,download nanual posicionador spirax sarco epl,0,1,巴西,否
,download spirax sarco,0,2,巴西、意大利,否
,dp spirax sarco,0,1,墨西哥,否
,dp23 spirax sarco,0,1,哥伦比亚,否
,dp25 spirax sarco,0,1,美国,否
,dpe spirax sarco,0,1,墨西哥,否
,dpy27y spirax sarco,0,1,意大利,否
,dr 5801 ggg spirax sarco,0,1,法国,否
,drain pan elbow spirax sarco,0,1,美国,否
,draining and relaying steam main spirax sarco,0,1,厄瓜多尔,否
,druckreduzierstation spirax sarco,0,1,德国,否
,drv 4b spirax sarco,0,2,澳大利亚、美国,否
,drv3 spirax sarco,0,1,巴拉圭,否
,dtm ubar700 spirax sarco,0,1,巴西,否
,dts-300 spirax sarco,0,1,美国,否
,durex spirax sarco,0,2,法国、美国,否
,duyar dn80 spirax sarco,0,1,意大利,否
,duyar spirax sarco,0,1,意大利,否
,dynafluid 2000 spirax sarco,0,1,墨西哥,否
,e portal spirax sarco,0,1,巴西,否
,early careers at spirax sarco,0,2,法国、葡萄牙,否
,easy heat spirax sarco energy economics,0,1,巴西,否
,easy heat spirax sarco in spanish,0,1,墨西哥,否
,easy heat spirax sarco r,0,1,巴西,否
,easyheat spirax sarco,0,2,巴西、意大利,否
,easyheater spirax sarco,0,1,巴西,否
,econoimia petroleo spirax sarco,0,1,巴西,否
,economia combustivel spirax sarco,0,1,巴西,否
,ecv spirax sarco,0,1,智利,否
,ehs advisor honda and spirax sarco linkedin,0,1,英国,否
,ehs advisor spirax sarco linkedin,0,1,英国,否
,ehs advisro spirax sarco linkedin,0,1,英国,否
,ejemplo instalacion de vapor spirax sarco,0,1,阿根廷,否
,electro pneumatic positioner spirax sarco,0,2,阿根廷、墨西哥,否
,electro-pneumatic positioner spirax sarco,0,1,墨西哥,否
,electro-pneumatic positioner spirax sarco function,0,1,墨西哥,否
,electrovalvula 3 vias spirax sarco,0,1,墨西哥,否
,electrovalvula spirax sarco,0,1,墨西哥,否
,electrovalvulas spirax sarco,0,1,阿根廷,否
,elemento filtrante spirax sarco,0,1,巴西,否
,elemento filtrante spirax sarco p-gs 15 30,0,1,巴西,否
,elemento spirax sarco 3.81,0,1,巴西,否
,elemento spirax sarco csf 162.1 2 1 micra,0,1,巴西,否
,elemento spirax sarco csf162.1 2 1micra,0,1,巴西,否
,eliminador aire spirax sarco,0,1,阿根廷,否
,eliminador de aire spirax sarco pv4,0,1,墨西哥,否
,eliminador de aire spirax sarco sm-3-3672,0,1,墨西哥,否
,eliminador de aire termostatico spirax sarco,0,2,阿根廷、墨西哥,否
,eliminador de aire tipo boya spirax sarco,0,1,巴拉圭,否
,eliminador de ar bp 21 spirax sarco,0,1,巴西,否
,eliminador de ar para vapor spirax sarco,0,1,巴西,否
,eliminador de ar tigre spirax sarco,0,1,巴西,否
,eliminador de ar twrmostatico spirax sarco,0,1,巴西,否
,eliminador de umidade spirax sarco,0,1,巴西,否
,eliminador termostatico de aire spirax sarco,0,1,阿根廷,否
,eliminadora de aire spirax sarco 3 4 pmo 150 psig,0,1,墨西哥,否
,eliminadora de aire spirax sarco precio,0,1,墨西哥,否
,eliminadora de airte spirax sarco,0,1,墨西哥,否
,eliminatore aria spirax sarco,0,1,意大利,否
,eliminatore d'aria spirax sarco,0,1,意大利,否
,elizabeth spry spirax sarco,0,1,加拿大,否
,email address for spirax sarco customer assistance,0,1,美国,否
,email spirax sarco,0,1,意大利,否
,emco flow systems spirax sarco,0,1,美国,否
,emco spirax sarco,0,2,美国、英国,否
,emily han spirax sarco,0,1,澳大利亚,否
,emma harrington spirax sarco,0,1,法国,否
,empleo ventas spirax sarco,0,1,玻利维亚,否
,employer de spirax sarco,0,1,法国,否
,empregos na spirax sarco,0,1,巴西,否
,empresa hiter by spirax sarco,0,1,巴西,否
,empresa hiter spirax sarco,0,1,巴西,否
,empresas spirax sarco,0,1,阿根廷,否
,emptegos na spirax sarco,0,1,巴西,否
,enfriador de muestras spirax sarco,0,2,阿根廷、墨西哥,否
,enfriador muestras spirax sarco muestras scs20,0,1,墨西哥,否
,enfriador spirax sarco muestras scs20,0,1,墨西哥,否
,entalpia spirax sarco,0,1,波兰,否
,ep 400 spirax sarco,0,1,阿根廷,否
,ep 400 spirax sarco ebay,0,1,阿根廷,否
,ep400 spirax sarco,0,1,阿根廷,否
,eporta spirax sarco,0,1,巴西,否
,epr fn2sn3ntr spirax sarco,0,1,阿根廷,否
,equiniti spirax sarco,0,1,英国,否
,equiniti spirax sarco scheme login,0,1,英国,否
,equipo de sala de calderas spirax sarco,0,1,秘鲁,否
,equipos spirax sarco,0,1,阿根廷,否
,escuela de manejo en spirax sarco,0,1,墨西哥,否
,esp portal spirax sarco,0,2,美国、英国,否
,estacion de purga compacta spirax sarco,0,1,阿根廷,否
,estacion mezcladora agua vapor marca spirax sarco,0,1,委内瑞拉,否
,estacion reguladoras de vapor spirax sarco,0,1,墨西哥,否
,estaciones de vapor spirax sarco bypass,0,1,哥伦比亚,否
,evaporador vessels para vapor spirax sarco,0,1,阿根廷,否
,eventos spirax sarco 2019,0,1,哥伦比亚,否
,expansion joint spirax sarco,0,2,多米尼加共和国、黑山共和国,否
,extranet spirax sarco,0,1,阿根廷,否
,f34 spirax sarco,0,1,墨西哥,否
,fabricacion de ehd1ppnst-1hlg-p2 easy heat spirax sarco,0,1,墨西哥,否
,fabricante junta spirax sarco,0,1,巴西,否
,factura electronica spirax sarco,0,1,秘鲁,否
,facturas electronicas spirax sarco,0,1,秘鲁,否
,feed pump spirax sarco,0,1,乌拉圭,否
,feed water tank spirax sarco,0,1,荷兰,否
,ferreimportaciones dial s.a.s dist aut spirax sarco,0,1,哥伦比亚,否
,fiancial data spirax sarco,0,1,波兰,否
,fig 13 spirax sarco,0,1,巴西,否
,fig 14 spirax sarco,0,3,阿根廷、哥伦比亚、墨西哥,否
,fig 3716 spirax sarco,0,2,美国、意大利,否
,fig33 spirax sarco,0,5,澳大利亚、巴西、比利时、法国、意大利,否
,figura 14 spirax sarco,0,1,巴西,否
,figura 34 spirax sarco,0,1,阿根廷,否
,filme spirax sarco,0,1,巴西,否
,filter spirax sarco fig.33,0,1,智利,否
,filter tipe y spirax sarco,0,1,美国,否
,filtr gruszkowy spirax sarco,0,1,波兰,否
,filtre spirax sarco dn100,0,1,法国,否
,filtre spirax sarco fig 7,0,1,法国,否
,filtre t spirax sarco fig 7,0,1,法国,否
,filtre tamis spirax sarco fig 7,0,1,法国,否
,filtre y dn 65 spirax sarco,0,1,比利时,否
,filtre y spirax sarco 16l,0,1,法国,否
,filtro acero al carbono spirax sarco,0,1,阿根廷,否
,filtro agua spirax sarco,0,1,阿根廷,否
,filtro ata spirax sarco,0,1,墨西哥,否
,filtro bridado spirax sarco,0,1,阿根廷,否
,filtro ct 1 bspt spirax sarco,0,1,阿根廷,否
,filtro ct spirax sarco,0,5,阿根廷、巴拉圭、哥伦比亚、墨西哥、智利,否
,filtro culinario spirax sarco 1.1 2,0,1,巴西,否
,filtro de 4 in spirax sarco,0,1,阿根廷,否
,filtro de 4in spirax sarco,0,1,阿根廷,否
,filtro de riego por goteo marca spirax sarco,0,1,秘鲁,否
,filtro de spirax sarco de 5 micrones en y,0,1,玻利维亚,否
,filtro de spirax sarco de 5 micrones filtro en y,0,1,玻利维亚,否
,filtro de vapor spirax sarco longitud equivalente,0,1,阿根廷,否
,filtro en fundicion nodular spirax sarco,0,1,阿根廷,否
,filtro en y acero inoxidable spirax sarco,0,1,墨西哥,否
,filtro en y para aire comprimido spirax sarco,0,1,阿根廷,否
,filtro en y spirax sarco 0.5 mm,0,1,玻利维亚,否
,filtro en y spirax sarco 0.5 mm ansi 300,0,1,玻利维亚,否
,filtro en yee spirax sarco 3,0,1,墨西哥,否
,filtro fig 1 spirax sarco,0,1,阿根廷,否
,filtro fig 11 spirax sarco,0,1,阿根廷,否
,filtro fig 14 spirax sarco,0,1,阿根廷,否
,filtro fig 15 spirax sarco,0,1,阿根廷,否
,filtro figura 34 spirax sarco,0,1,巴西,否
,filtro fti200 spirax sarco,0,1,哥伦比亚,否
,filtro fundicion spirax sarco,0,1,阿根廷,否
,filtro para vapor spirax sarco,0,2,墨西哥、乌拉圭,否
,filtro para vapor spirax sarco 5mic p-gs ve1530,0,1,巴西,否
,filtro para vapor spirax sarco 805,0,1,巴西,否
,filtro para vapor spirax sarco w15858601,0,1,巴西,否
,filtro reductor spirax sarco,0,1,阿根廷,否
,filtro rotativo spirax sarco,0,1,巴西,否
,filtro rotativo spirax sarco efluentes,0,1,巴西,否
,filtro sanitario modelo css16 spirax sarco de 3 4,0,1,墨西哥,否
,filtro sanitario spirax sarco,0,1,巴西,否
,filtro spirax sarco 3 4 para gas lp,0,1,墨西哥,否
,filtro spirax sarco 5 mic p-gs ve 05 25 w14307278,0,1,巴西,否
,filtro spirax sarco at,0,1,阿根廷,否
,filtro spirax sarco at 250,0,1,墨西哥,否
,filtro spirax sarco at 250 3 4,0,1,墨西哥,否
,filtro spirax sarco bridado,0,1,墨西哥,否
,filtro spirax sarco fig 14,0,3,阿根廷、哥伦比亚、墨西哥,否
,filtro spirax sarco fig 33,0,3,阿根廷、哥伦比亚、墨西哥,否
,filtro spirax sarco figura 12,0,1,智利,否
,filtro spirax sarco medidas,0,1,巴西,否
,filtro spirax sarco modelo 3116,0,1,智利,否
,filtro spirax sarco pm16-12 6b 2,0,1,巴西,否
,filtro spirax sarco pn 40 td32s,0,1,意大利,否
,filtro strainer spirax sarco,0,2,阿根廷、墨西哥,否
,filtro tipo canasta spirax sarco,0,3,阿根廷、墨西哥、智利,否
,filtro tipo y bridado spirax sarco,0,4,阿根廷、巴西、墨西哥、智利,否
,filtro tipo y de particulas spirax-sarco,0,1,智利,否
,filtro tipo y roscado spirax sarco,0,5,阿根廷、巴西、玻利维亚、墨西哥、智利,否
,filtro tipo y spirax sarco figura 12,0,1,墨西哥,否
,filtro y 4 spirax sarco,0,1,巴西,否
,filtro y 4-300 spirax sarco,0,1,阿根廷,否
,filtro y bridas spirax sarco,0,1,墨西哥,否
,filtro y ci 3 250 spirax sarco,0,1,巴西,否
,filtro y de bronce spirax sarco,0,1,墨西哥,否
,filtro y flangeado spirax sarco,0,1,巴西,否
,filtro y marca spirax sarco,0,1,墨西哥,否
,filtro y modelo ci spirax sarco,0,1,巴西,否
,filtro y pn16 dn 100 spirax sarco,0,1,巴西,否
,filtro y seco para gas spirax sarco,0,1,阿根廷,否
,filtro y seco ret 80 mirones spirax sarco,0,1,阿根廷,否
,filtro y seco spirax sarco,0,1,阿根廷,否
,filtro y secxo spirax sarco,0,1,阿根廷,否
,filtro y semi automatico spirax sarco,0,1,巴西,否
,filtro y spirax sarco 4,0,3,阿根廷、巴西、美国,否
,filtro y spirax sarco acero al carbon,0,5,阿根廷、巴西、美国、墨西哥、智利,否
,filtro y spirax sarco acero inoxidable,0,5,阿根廷、巴西、美国、墨西哥、智利,否
,filtro y spirax sarco dwg,0,1,巴西,否
,filtro y spirax sarco fig 33,0,1,阿根廷,否
,filtro y spirax sarco flangeada,0,1,巴西,否
,filtro y spirax sarco inox,0,1,巴西,否
,filtro y spirax sarco inox 304 300 libras,0,1,巴西,否
,filtro y spirax sarco inox 304 300 libras figura,0,1,巴西,否
,filtro y spirax sarco precio,0,6,阿根廷、巴西、哥伦比亚、美国、墨西哥、智利,否
,filtro y vapor spirax sarco,0,1,美国,否
,filtro yee 1-1 2 spirax sarco,0,1,委内瑞拉,否
,filtro yee de 4 npt spirax sarco acero al carbon,0,1,墨西哥,否
,filtro yee spirax sarco flanchado,0,1,哥伦比亚,否
,filtros bridados spirax sarco,0,1,秘鲁,否
,filtros culinarios spirax sarco,0,2,巴西、智利,否
,filtros de vapor spirax sarco,0,1,巴西,否
,filtros if2 spirax sarco,0,1,阿根廷,否
,filtros vapor spirax sarco,0,1,阿根廷,否
,finding condensate precentage based on tds spirax sarco,0,1,美国,否
,fire tube boiler spirax sarco,0,2,澳大利亚、美国,否
,firetube vs watertube boiler spirax sarco,0,1,澳大利亚,否
,firma spirax sarco,0,2,德国、罗马尼亚,否
,flangia tarata spirax sarco,0,1,意大利,否
,flash steam spirax sarco,0,1,乌拉圭,否
,float and thermostatic steam trap spirax sarco,0,4,澳大利亚、加拿大、美国、英国,是（ID 355）
,float steam trap spirax sarco,0,1,美国,是（ID 355）
,float termostatic spirax sarco,0,1,墨西哥,否
,float trap spirax sarco,0,1,美国,是（ID 355）
,float type steam trap spirax sarco,0,3,澳大利亚、美国、印度,是（ID 355）
,flow meter spirax sarco m1000,0,1,阿根廷,否
,flow through spirax sarco,0,1,意大利,否
,fluid properties from spirax sarco steam tables,0,2,阿根廷、哥伦比亚,否
,flujo de ehd1ppnst-1hlg-p2 easy heat spirax sarco,0,1,墨西哥,否
,flujometro spirax sarco,0,1,墨西哥,否
,formation spirax sarco,0,2,比利时、法国,否
,fornecedor spirax sarco,0,1,巴西,否
,foto's van spirax sarco ag,0,1,荷兰,否
,fotos de eliminadores de aire spirax sarco,0,1,秘鲁,否
,fotos de separadores spirax sarco,0,1,秘鲁,否
,fotos de trocadores de calor spirax sarco,0,1,巴西,否
,fotos van spirax sarco ag,0,1,荷兰,否
,francisco jose garcia spirax sarco,0,1,巴西,否
,francisco pedrosa spirax sarco,0,1,巴西,否
,frank richardson spirax sarco,0,1,美国,否
,free float steam trap spirax sarco,0,2,阿根廷、美国,是（ID 355）
,from where is spirax sarco,0,1,毛里求斯,否
,ft 010 spirax sarco,0,1,哥伦比亚,否
,ft 15 spirax sarco,0,1,美国,否
,ft 20 spirax sarco,0,1,巴西,否
,ft 20 steam trap spirax sarco,0,1,尼日利亚,是（ID 355）
,ft 200 spirax sarco,0,1,哥伦比亚,否
,ft 54h spirax sarco,0,1,墨西哥,否
,ft 55 spirax sarco,0,1,阿根廷,否
,ft 553 tv spirax sarco,0,1,巴拉圭,否
,ft ranking spirax-sarco engineering plc,0,1,英国,否
,ft-150 spirax sarco,0,2,巴西、墨西哥,否
,ft-30 spirax sarco,0,2,美国、英国,否
,ft100 market cap ranking spirax-sarco engineering plc,0,1,英国,否
,ft100 ranking spirax-sarco engineering plc,0,1,英国,否
,ft1414 spirax sarco,0,1,美国,否
,ft17 spirax sarco,0,1,波兰,否
,ft20 spirax sarco,0,1,巴西,否
,ft3221 spirax sarco,0,1,哥伦比亚,否
,ft4310 spirax sarco,0,4,比利时、法国、美国、英国,否
,ft461 spirax sarco,0,1,哥伦比亚,否
,ft461-4htb spirax sarco,0,1,哥伦比亚,否
,ft75 spirax sarco,0,1,美国,否
,fta 552 spirax sarco,0,1,巴西,否
,ftb spirax sarco,0,1,美国,否
,ftb-125 spirax sarco,0,1,美国,否
,ftb-200 spirax sarco,0,3,澳大利亚、加拿大、美国,否
,ftb17597 spirax sarco,0,1,墨西哥,否
,ftb200 spirax sarco,0,1,澳大利亚,否
,ftd spirax sarco,0,1,巴西,否
,fte spirax sarco,0,1,墨西哥,否
,fti 200 spirax sarco,0,1,美国,否
,ftse 100 changes march 2019 spirax sarco,0,1,英国,否
,ftse 100 index spirax sarco,0,1,韩国,否
,ftse 100 spirax sarco share analysis,0,1,英国,否
,ftse 100 spirax-sarco share analysis,0,3,德国、法国、英国,否
,ftsg14 spirax sarco,0,1,波兰,否
,fuelles spirax sarco,0,1,阿根廷,否
,gafas de vista spirax sarco,0,1,墨西哥,否
,gasket spirax sarco,0,1,俄罗斯,否
,gate valve spirax sarco,0,1,美国,否
,gem sapphire steam trap spirax sarco,0,1,美国,是（ID 355）
,generacion de vapor spirax sarco,0,2,哥斯达黎加、秘鲁,否
,generador de vapor spirax sarco,0,1,墨西哥,否
,general counsel of spirax-sarco engineering plc,0,1,英国,否
,gestra ag spirax sarco,0,5,澳大利亚、德国、加拿大、美国、英国,否
,gestra ag spirax-sarco engineering,0,1,塞尔维亚,否
,gestra spirax sarco employees,0,1,比利时,否
,gestra x spirax sarco,0,1,巴西,否
,gl519n spirax sarco,0,1,哥伦比亚,否
,gl519nq spirax sarco,0,1,哥伦比亚,否
,glass door spirax sarco,0,1,加拿大,否
,global graduate development program spirax-sarco,0,1,加拿大,否
,global graduate development programme spirax sarco engineering,0,1,美国,否
,global graduate development programme spirax sarco engineering salary,0,1,美国,否
,global graduate engineering development programme spirax sarco,0,1,墨西哥,否
,globe valve spirax sarco,0,10,澳大利亚、巴西、比利时、德国、法国、荷兰、加拿大、美国、以色列、英国,否
,globo gsa spirax sarco,0,1,巴西,否
,gowork spirax sarco kpinie,0,1,波兰,否
,gradcracker spirax sarco,0,1,英国,否
,grafico capacidades purgadores de boya cerrada spirax sarco,0,1,阿根廷,否
,grasa 85w140 spirax sarco,0,1,阿根廷,否
,gremio spirax sarco,0,1,巴西,否
,groupe spirax sarco,0,1,法国,否
,grupo spirax sarco,0,1,巴西,否
,gsa 33 spirax sarco,0,1,巴西,否
,gsa spirax sarco,0,1,巴西,否
,gsa33 spirax sarco,0,1,巴西,否
,guide pratique spirax sarco,0,1,法国,否
,guide technique spirax sarco,0,1,法国,否
,h12 69b43 spirax sarco,0,1,墨西哥,否
,h12 spirax sarco,0,1,墨西哥,否
,head of development spirax sarco linkedin,0,1,英国,否
,head of marekting spirax-sarco,0,1,英国,否
,head of spirax sarco linkedin,0,1,英国,否
,heat and mass balance spirax sarco,0,1,印度,否
,heat excahnger steam trap safety factor spirax sarco,0,1,智利,是（ID 355）
,heat exchanger steam trap spirax sarco,0,1,荷兰,是（ID 355）
,heat loss tank heating vertical cylinder tank spirax sarco,0,1,厄瓜多尔,否
,heat transfer spirax sarco,0,1,澳大利亚,否
,historia de spirax sarco,0,1,阿根廷,否
,history of spirax sarco,0,1,丹麦,否
,hite spirax-sarco recursos humanos,0,1,巴西,否
,hiter by spirax sarco,0,1,巴西,否
,hiter spirax-sarco recursos humanos,0,1,巴西,否
,hiter valve spirax sarco,0,1,萨尔瓦多,否
,hl spirax sarco,0,1,英国,否
,hook cat spirax sarco,0,1,萨尔瓦多,否
,hook up spirax sarco,0,2,厄瓜多尔、哥伦比亚,否
,hook-ups spirax sarco,0,1,厄瓜多尔,否
,hookup spirax sarco,0,1,多米尼加共和国,否
,hookup.pdf spirax sarco,0,1,多米尼加共和国,否
,hoop-ups spirax sarco,0,1,厄瓜多尔,否
,horizontal separator spirax sarco,0,1,英国,否
,hortencia spirax sarco san luis,0,1,墨西哥,否
,hortensia spirax sarco san luis,0,1,墨西哥,否
,how does a spirax sarco steam trap work,0,7,澳大利亚、巴西、比利时、荷兰、加拿大、美国、英国,是（ID 355）
,how does the spirax sarco automatic pump trap work,0,1,美国,否
,how to fit spirax sarco td thermo traps,0,1,英国,是（ID 355）
,how to fit spirax sarco thermo traps,0,1,英国,是（ID 355）
,how to test spirax sarco condensate trap,0,1,加拿大,是（ID 355）
,how to test spirax sarco condensate trap m07,0,1,加拿大,是（ID 355）
,hr director spirax sarco,0,1,英国,否
,https sites.google.com a velocitycloud.com velocity-jde jde-lob spirax-sarco,0,1,印度,否
,https www.spirax sarco cz,0,1,捷克共和国,否
,humberto tenorio de albuquerque junior spirax sarco,0,1,墨西哥,否
,humidificadores spirax sarco,0,1,墨西哥,否
,hwat is spirax sarco,0,1,南非,否
,hydraulic safety valve spirax sarco pdf,0,1,美国,是（ID 354）
,hygromatik spirax sarco inc,0,1,美国,否
,ibv c series spirax sarco,0,1,印度,否
,ij-vgl-fl-020 spirax sarco,0,1,智利,否
,imagen 3d spirax sarco,0,1,阿根廷,否
,imi spirax sarco,0,1,法国,否
,importances of pressure reducing station spirax sarco,0,1,印度,否
,indeed spirax sarco,0,1,美国,否
,indeed spirax sarco jobs,0,1,加拿大,否
,indicador de temperatura spirax sarco,0,1,墨西哥,否
,industrial flow metering spirax sarco srl,0,1,厄瓜多尔,否
,ingenieria vapor pdf spirax sarco,0,1,智利,否
,injetor de vapor spirax sarco,0,1,巴西,否
,instalacion de actuadas spirax sarco,0,1,乌拉圭,否
,instalation instructions for spirax sarco d series noise diffuser,0,1,美国,否
,instituto do vapor spirax sarco,0,1,巴西,否
,instrumentation spirax sarco,0,1,法国,否
,intercambiador de calor gases combustion spirax sarco,0,1,乌拉圭,否
,intercambiador de calor spirax sarco,0,2,阿根廷、哥伦比亚,否
,internos anti cavitante spirax sarco,0,1,巴西,否
,inverted bucket parts spirax sarco,0,1,厄瓜多尔,否
,inverted bucket trap spirax sarco,0,1,美国,是（ID 355）
,inverted buckut spirax sarco,0,1,厄瓜多尔,否
,inyector de vapor spirax sarco,0,2,阿根廷、乌拉圭,否
,inyector de vapor spirax sarco in 25,0,1,乌拉圭,否
,ipek spirax sarco,0,1,土耳其,否
,ishare spirax sarco,0,2,哥伦比亚、墨西哥,否
,ishgare spirax sarco,0,1,英国,否
,j pn9000 spirax sarco,0,1,法国,否
,j3x tlv equivalente spirax sarco,0,1,秘鲁,否
,jamie pike spirax sarco,0,4,澳大利亚、美国、挪威、英国,否
,jamie pike spirax-sarco,0,1,英国,否
,jane kingston spirax sarco,0,1,美国,否
,jemin park spirax sarco,0,1,韩国,否
,jenny francis spirax sarco,0,1,加拿大,否
,jeremy butterfield spirax sarco,0,1,美国,否
,jeremy miller spirax sarco,0,1,英国,否
,jim devine spirax sarco,0,3,加拿大、美国、英国,否
,jobs at spirax sarco,0,1,英国,否
,john mcfadden spirax sarco,0,1,德国,否
,jovenes profesionales spirax sarco,0,1,阿根廷,否
,jucker spirax sarco,0,1,克罗地亚,否
,judith willi spirax sarco,0,1,墨西哥,否
,judith willy spirax sarco,0,1,墨西哥,否
,junta elastica spirax sarco,0,1,阿根廷,否
,juntas de expansion spirax sarco,0,1,墨西哥,否
,juntas de teflon spirax sarco,0,1,阿根廷,否
,juntas spirax sarco,0,1,阿根廷,否
,justin o'dowd spirax sarco,0,1,澳大利亚,否
,justin odowd spirax sarco,0,1,澳大利亚,否
,karin gregory spirax sarco,0,1,美国,否
,katalog spirax sarco,0,2,德国、瑞士,否
,kbv 20 spirax sarco,0,1,墨西哥,否
,ke71 spirax sarco,0,1,加拿大,否
,kened spirax sarco,0,1,巴西,否
,kened spirax sarco ipatinga,0,1,巴西,否
,kennedy nerony oliveira spirax sarco,0,1,巴西,否
,kennedy oliveira spirax sarco,0,1,巴西,否
,kerry gibson spirax sarco,0,2,澳大利亚、美国,否
,kevin boyd spirax sarco,0,1,英国,否
,kit de bombeamento spirax sarco,0,1,巴西,否
,kit spirax sarco pn 3430,0,1,委内瑞拉,否
,knowledge service products the history of spirax sarco,0,1,法国,否
,kondensathebeanlage spirax sarco,0,1,德国,否
,kondensomat spirax sarco,0,1,德国,否
,kondensomat spirax sarco anleitung,0,1,德国,否
,kondenstop spirax sarco,0,1,土耳其,否
,kondenzni lonac spirax sarco,0,1,塞尔维亚,否
,kondezni garneta spirax sarco,0,1,保加利亚,否
,kondezni garneta spirax sarco ggg40,0,1,保加利亚,否
,kotlownie parowe spirax sarco,0,1,波兰,否
,kotlownie parowe technologiczne spirax sarco szkolenie,0,1,波兰,否
,kris brown spirax sarco,0,1,美国,否
,kris brown spirax sarco email address,0,1,美国,否
,kugelventil tri clamp spirax sarco,0,1,德国,否
,kugelventil triclamp spirax sarco,0,1,德国,否
,kunnunu spirax sarco,0,1,瑞士,否
,la llave spirax sarco,0,1,厄瓜多尔,否
,lanzas spirax sarco,0,1,阿根廷,否
,lauren sullivan spirax sarco,0,1,爱尔兰,否
,lc 1000 spirax sarco,0,1,阿尔巴尼亚,否
,lc 2500 spirax sarco,0,1,美国,否
,lc 3000 spirax sarco,0,3,波兰、美国、秘鲁,否
,lc 3000 spirax sarco manual de instalacion y mantenimiento,0,1,秘鲁,否
,lc1000 spirax sarco,0,4,法国、美国、以色列、英国,否
,lc1130 spirax sarco,0,1,俄罗斯,否
,lc3000 spirax sarco,0,3,比利时、法国、秘鲁,否
,lcv spirax sarco,0,1,墨西哥,否
,lcv4 spirax sarco,0,2,巴拉圭、墨西哥,否
,le3 spirax sarco,0,1,秘鲁,否
,lea63 spirax sarco,0,1,墨西哥,否
,learn about steam spirax sarco,0,1,墨西哥,否
,leverancier spirax sarco,0,1,荷兰,否
,library spirax sarco,0,2,巴西、法国,否
,libreria cad spirax sarco,0,1,阿根廷,否
,libro spirax sarco,0,1,乌拉圭,否
,lift check valve lcv4 spirax sarco,0,1,阿根廷,是（ID 354）
,lift check valve spirax sarco,0,1,阿根廷,是（ID 354）
,ligne purge sonde spirax sarco,0,1,比利时,否
,lindsey hudson spirax sarco,0,1,美国,否
,linkedin kennedy nerony oliveira spirax sarco,0,1,巴西,否
,linkedin kennedy oliveira spirax sarco,0,1,巴西,否
,liquid drain trap spirax sarco,0,1,美国,否
,liquid drain traps spirax sarco,0,1,印度,否
,lira o herradura spirax sarco,0,1,阿根廷,否
,list down common type of flow meter spirax sarco,0,1,印度,否
,lista de manuales de spirax sarco,0,1,阿根廷,否
,lista de precios spirax sarco,0,1,巴西,否
,livro spirax sarco,0,1,巴西,否
,livro spirax sarco pdf,0,1,巴西,否
,llave de paso spirax sarco esferica de 1 1 2,0,1,阿根廷,否
,llave de tres cuerpos spirax sarco,0,1,阿根廷,否
,llave de tres cuerpos spirax sarco 3,0,1,阿根廷,否
,logo spirax sarco blanco,0,1,哥伦比亚,否
,logo spirax sarco en blanco,0,1,哥伦比亚,否
,loop spirax sarco,0,1,墨西哥,否
,los separadores spirax sarco,0,1,墨西哥,否
,los separadores spirax sarco mantenimiento,0,1,墨西哥,否
,lsb 31 spirax sarco,0,1,阿根廷,否
,luiz octavio de souza spirax sarco espanha,0,1,巴西,否
,m s spirax sarco,0,2,美国、英国,否
,m&m international by spirax sarco,0,1,罗马尼亚,否
,m10ti iso spirax sarco,0,1,美国,否
,m10v spirax sarco,0,1,阿根廷,否
,m10v2 spirax sarco,0,1,巴西,否
,m10vi iso spirax sarco manual pdf,0,1,阿根廷,否
,m200 spirax sarco,0,1,英国,否
,m33 spirax sarco,0,1,玻利维亚,否
,m33 v2 iso acero carbono spirax sarco,0,1,巴拉圭,否
,m40i spirax sarco,0,1,阿根廷,否
,m40s spirax sarco,0,1,墨西哥,否
,m452i 4 dn 150 spirax sarco,0,1,阿根廷,否
,m452i 4 dn150 spirax sarco,0,1,阿根廷,否
,m60 spirax sarco,0,1,中国香港,否
,magnetrol spirax sarco,0,1,阿根廷,否
,mail de spirax sarco,0,1,阿根廷,否
,malha de controle novus1100 ifm su7000 spirax sarco,0,1,巴西,否
,manifold industrial spirax sarco,0,1,巴西,否
,manometros spirax sarco,0,2,哥伦比亚、危地马拉,否
,manometros spirax sarco 4 kg,0,1,阿根廷,否
,manual controlador sx uni spirax sarco,0,1,巴西,否
,manual de calderas spirax sarco,0,4,阿根廷、墨西哥、危地马拉、智利,否
,manual de redes de vapor spirax sarco,0,1,危地马拉,否
,manual de redes de vapor spirax sarco tablas,0,1,危地马拉,否
,manual de spirax sarco,0,1,阿根廷,否
,manual do controlador sx-uni spirax sarco,0,1,巴西,否
,manual em pdf sx uni spirax sarco v3,0,1,巴西,否
,manual epl spirax sarco,0,1,巴西,否
,manual pdf spirax sarco sx-uni,0,1,巴西,否
,manual posicionador spirax sarco,0,1,巴西,否
,manual practico de spirax sarco,0,1,玻利维亚,否
,manual spirax sarco a36,0,1,阿根廷,否
,manual spirax sarco brv,0,1,阿根廷,否
,manual spirax sarco m15 dimensionamiento,0,1,阿根廷,否
,manual spirax sarco pdf,0,3,阿根廷、巴西、美国,否
,manual spirax sarco pn 9123,0,1,阿根廷,否
,manual spirax sarco sx-uni,0,1,巴西,否
,manual sx-uni spirax sarco,0,1,巴西,否
,manual vapor spirax sarco,0,1,阿根廷,否
,manuales de spirax sarco,0,1,阿根廷,否
,marca alternativa a spirax sarco,0,1,阿根廷,否
,marca spirax sarco,0,3,阿根廷、巴西、墨西哥,否
,marca spirax sarco em mg,0,1,巴西,否
,marcelo ormandes spirax sarco,0,1,巴西,否
,marcio pena spirax sarco,0,1,巴西,否
,marcus steel ceo spirax sarco,0,1,英国,否
,marcus steel director spirax sarco,0,1,英国,否
,martin lamaison y spirax sarco,0,1,阿根廷,否
,maxine davis email at spirax sarco,0,1,英国,否
,mechanical soicificatio of spirax sarco,0,1,德国,否
,mechanical steam trap spirax sarco,0,1,美国,是（ID 355）
,medidor conductividad spirax sarco,0,1,阿根廷,否
,medidor de conductividad spirax sarco,0,1,墨西哥,否
,medidor de gas spirax sarco,0,1,墨西哥,否
,medidor de vapor spirax sarco adquisicion de datos,0,1,厄瓜多尔,否
,medidor temperatura spirax sarco,0,1,墨西哥,否
,menbrana bp 99 spirax sarco,0,1,巴西,否
,meridian spirax sarco,0,1,英国,否
,mesh 270 spirax sarco,0,1,俄罗斯,否
,mesothelioma spirax sarco inc,0,6,巴西、比利时、德国、荷兰、加拿大、美国,否
,methods to recover condensate spirax sarco,0,1,印度,否
,mezclador de vapor spirax sarco,0,1,哥伦比亚,否
,michelle norris spirax sarco,0,1,英国,否
,michelle norris spirax sarco linked in,0,1,英国,否
,mike maslanka spirax sarco email,0,1,英国,否
,mike vernon spirax sarco,0,1,英国,否
,mirilla de spirax sarco,0,1,墨西哥,否
,mirilla spirax sarco 1 2,0,1,墨西哥,否
,mirilla spirax sarco acero al carbon 1 2,0,1,墨西哥,否
,mirillas spirax sarco,0,1,墨西哥,否
,mirillas spirax sarco english,0,1,墨西哥,否
,mirillas spirax sarco english con check,0,1,墨西哥,否
,mirillas spirax sarco enlish,0,1,墨西哥,否
,misturador de agua e vapor spirax sarco,0,1,巴西,否
,mixing valve spirax sarco,0,1,哥伦比亚,否
,mkii spirax sarco,0,2,墨西哥、委内瑞拉,否
,mkii valve spirax sarco,0,1,萨尔瓦多,否
,mod ct-1 filtro y spirax sarco,0,1,墨西哥,否
,modelo csx spirax sarco,0,1,巴西,否
,modelo de controle de qualidade spirax sarco,0,1,巴西,否
,modelo vmf 4 spirax sarco,0,1,巴西,否
,modelo vmr 2 spirax sarco,0,1,巴西,否
,modelos spirax sarco,0,1,阿根廷,否
,modelos spirax sarco codigos,0,1,阿根廷,否
,modul schimbator de caldura spirax sarco,0,1,罗马尼亚,否
,moduladora de vapor spirax sarco,0,1,巴西,否
,modulating feed water control spirax sarco,0,1,智利,否
,modulating valve spirax sarco bim,0,1,巴西,否
,moisture separator cad spirax sarco,0,1,孟加拉国,否
,monika sprenger spirax sarco,0,1,瑞士,否
,montador tecnico spirax sarco,0,1,巴西,否
,montaje spirax sarco tds 52,0,1,乌拉圭,否
,mos spirax sarco,0,1,巴西,否
,mpc2 spirax sarco,0,1,俄罗斯,否
,ms102 spirax sarco,0,1,秘鲁,否
,ms30 spirax sarco,0,1,阿根廷,否
,mst 18 spirax sarco,0,1,德国,否
,mst21h spirax sarco,0,1,德国,否
,mv11 spirax sarco,0,1,乌克兰,否
,n2000 spirax sarco,0,1,巴西,否
,new 1.5 inch spirax sarco steam reducing regulator 1.5 inch,0,1,美国,否
,new spirax sarco steam reducing regulator 1.5 inch,0,1,美国,否
,nicholas anderson spirax sarco,0,10,阿根廷、澳大利亚、巴西、德国、法国、加拿大、美国、新西兰、以色列、英国,否
,nick anderson spirax sarco salary,0,1,英国,否
,nick spirax sarco,0,1,英国,否
,nick willetts spirax sarco,0,1,美国,否
,nilson sobrinho e-mail spirax sarco,0,1,巴西,否
,nilson sobrinho spirax sarco,0,1,巴西,否
,nilson spirax sarco linkedin,0,1,巴西,否
,nimesh patel spirax-sarco engineering plc,0,2,法国、英国,否
,niple a c soldable 19x300 spirax sarco precio,0,1,墨西哥,否
,niple para gas natural spirax sarco,0,1,墨西哥,否
,non-return valve function spirax sarco product type mst21h,0,1,克罗地亚,否
,norauto spirax sarco,0,1,阿根廷,否
,nr13 comentada spirax sarco,0,1,巴西,否
,o parze wodnej i jej wykorzystaniu spirax sarco,0,1,波兰,否
,o que a empresa hiter by spirax sarco faz,0,1,巴西,否
,o que faz a spirax sarco,0,1,巴西,否
,occ spirax sarco,0,1,墨西哥,否
,oceanwood spirax sarco,0,1,法国,否
,odwadniacze spirax sarco,0,1,波兰,否
,one planet spirax sarco,0,1,英国,否
,op 151 spirax sarco,0,1,巴西,否
,outlook spirax sarco,0,1,法国,否
,outlook.spirax sarco.com,0,1,法国,否
,pari bhatt spirax sarco,0,1,英国,否
,partes de repuesto spirax sarco,0,1,墨西哥,否
,pascal louis spirax sarco,0,1,比利时,否
,paul channon spirax sarco,0,1,英国,否
,paul lee spirax sarco,0,1,新加坡,否
,pdf apostila de vapor spirax sarco,0,1,巴西,否
,pdf mantenimiento calderas spirax sarco,0,1,哥斯达黎加,否
,pdf spirax sarco ftd 2,0,1,阿根廷,否
,pdf spirax sarco ftdv 2,0,1,阿根廷,否
,pdf spirax sarco ti-p404-03 ab issue 8,0,1,中国香港,否
,pdg spirax sarco emeric,0,1,法国,否
,peg prospective spirax-sarco engineering plc sharecast,0,1,英国,否
,pendiente recomendada en vapor por spirax sarco,0,1,墨西哥,否
,perativa de creditos spirax sarco,0,1,巴西,否
,perdida de carga spirax sarco,0,1,阿根廷,否
,perno hueco spirax sarco,0,1,厄瓜多尔,否
,pest spirax sarco,0,1,法国,否
,pf5 spirax sarco,0,1,厄瓜多尔,否
,pf51 spirax sarco,0,1,厄瓜多尔,否
,pf61g2nc spirax sarco,0,1,美国,否
,pf63g spirax sarco,0,1,比利时,否
,pfg spirax sarco,0,1,厄瓜多尔,否
,pfgfcyst xfcnb spirax sarco,0,1,俄罗斯,否
,phil scott spirax sarco,0,1,英国,否
,philippe stasewski spirax sarco,0,1,法国,否
,phone contact spirax sarco,0,1,英国,否
,phone number for spirax sarco in sc,0,1,美国,否
,photo of spirax sarco bucket trap,0,1,加拿大,是（ID 355）
,piat san telmo spirax sarco,0,1,阿根廷,否
,pid control spirax sarco,0,1,美国,否
,piloto p spirax sarco,0,2,阿根廷、巴拉圭,否
,pioto t2 spirax sarco,0,1,巴拉圭,否
,piotr wieczorek spirax sarco,0,1,波兰,否
,pipe sizing spirax sarco,0,1,乌拉圭,否
,pisiconador spirax sarco epl,0,1,巴西,否
,pistola de lavado spirax sarco,0,1,墨西哥,否
,pistola para vapor spirax sarco,0,2,巴西、墨西哥,否
,piston operated valva spirax sarco,0,1,乌克兰,否
,piston operated valve spirax sarco,0,1,乌克兰,否
,piston valve spirax sarco,0,1,美国,否
,placa orificio spirax sarco,0,1,巴拉圭,否
,planta de vapor spirax sarco,0,1,危地马拉,否
,plate heat exchanger spirax sarco,0,2,瑞典、英国,否
,plate heat exchanger spirax sarco bss,0,1,英国,否
,pn 5120 spirax sarco,0,1,巴拉圭,否
,pn 9000 spirax sarco,0,1,巴拉圭,否
,pn3000 spirax sarco,0,1,美国,否
,pn9000 spirax sarco us ti,0,2,美国、英国,否
,pn9100 spirax sarco,0,1,美国,否
,pneumatic actuators pn9000 spirax sarco in ingles,0,1,阿根廷,否
,pneumatic differential pressure spirax sarco,0,1,比利时,否
,pneumatic differential pressure transmitter spirax sarco,0,1,比利时,否
,portal spirax sarco,0,1,巴西,否
,posicionador electroneumatico spirax sarco,0,1,阿根廷,否
,posicionador eletropneumatico spirax sarco,0,1,巴西,否
,posicionador epc4 spirax sarco,0,1,巴西,否
,posicionador moduladora spirax sarco,0,1,巴西,否
,posicionador neumatico spirax sarco,0,1,阿根廷,否
,posicionador neumatico spirax sarco en sir,0,1,阿根廷,否
,posicionador sp5 spirax sarco,0,1,哥伦比亚,否
,posicionador spirax sarco el6123c,0,1,巴西,否
,posicionador spirax sarco epl,0,1,巴西,否
,posicionador spirax sarco sp,0,1,巴西,否
,posicionador spirax sarco sp 2,0,1,巴西,否
,posicionador spirax sarco sp2,0,1,巴西,否
,posicionadores spirax sarco,0,2,巴西、秘鲁,否
,posso usar spirax sarco,0,1,巴西,否
,power genex electro pneumatic positioner spirax sarco,0,1,巴西,否
,precio barometro spirax sarco,0,1,智利,否
,precio de filtros spirax sarco,0,1,墨西哥,否
,precio de las acciones de spirax sarco,0,1,阿根廷,否
,preisliste spirax sarco,0,2,德国、瑞士,否
,presidente spirax sarco,0,1,巴西,否
,pressure balance trim spirax sarco,0,1,印度,否
,pressure control valve spirax sarco,0,1,中国香港,是（ID 354）
,pressure gauge spirax sarco,0,2,澳大利亚、加拿大,否
,pressure reducing spirax sarco,0,1,印度,否
,pressure reducing station spirax sarco,0,6,澳大利亚、德国、加拿大、美国、印度、英国,否
,pressure reducing valve steam spirax sarco,0,5,澳大利亚、德国、加拿大、美国、英国,是（ID 354）
,prezi spirax sarco,0,1,巴西,否
,prix d'un vases de revaporisation type fv de spirax-sarco,0,1,喀麦隆,否
,prix de vase de revaporisation spirax sarco,0,1,喀麦隆,否
,prix du spirax sarco td 32,0,1,瑞士,否
,prodaja spirax sarco,0,1,斯洛文尼亚,否
,product handbook spirax sarco,0,1,美国,否
,productos spirax sarco,0,1,阿根廷,否
,produtos spirax sarco,0,1,巴西,否
,produtos spirax sarco a venda,0,1,巴西,否
,programa spirax sarco,0,2,阿根廷、巴西,否
,programa spirax sarco download free,0,1,智利,否
,programa spirax sarco steam,0,1,智利,否
,projeti spirax sarco,0,1,巴西,否
,projeto de sistemas de vapor spirax sarco,0,1,巴西,否
,promati spirax sarco,0,1,阿根廷,否
,propiedades del vapor spirax sarco,0,1,阿根廷,否
,proveedor de spirax sarco,0,1,阿根廷,否
,proveedores comodoro spirax sarco,0,1,阿根廷,否
,proveedores spirax sarco,0,3,阿根廷、哥伦比亚、墨西哥,否
,proveedores spirax sarco distribuidores,0,1,墨西哥,否
,proveedores spirax sarco en toluca,0,1,墨西哥,否
,proveedores spirax sarco patagonia,0,1,阿根廷,否
,proyecto de vapor spirax sarco,0,1,阿根廷,否
,prps.spirax.sarco,0,1,墨西哥,否
,przepustnica sekcyjna zaporowa spirax sarco,0,1,波兰,否
,psv calc spirax sarco,0,1,巴西,否
,psychometric tests spirax sarco,0,1,澳大利亚,否
,psychometric tests spirax sarco download,0,1,澳大利亚,否
,pt 55 spirax sarco,0,1,阿根廷,否
,pt100 spirax sarco,0,2,美国、墨西哥,否
,pt100 spirax sarco conexiones,0,1,墨西哥,否
,pt2 spirax sarco,0,1,秘鲁,否
,ptc spirax sarco imi,0,1,美国,否
,pump ppc spirax sarco,0,1,阿根廷,否
,pump traps spirax sarco,0,1,乌拉圭,否
,purga automatica spirax sarco,0,1,阿根廷,否
,purga continua spirax sarco,0,2,厄瓜多尔、乌拉圭,否
,purga de aire comprimido spirax sarco,0,1,乌拉圭,否
,purga de aire spirax sarco,0,1,阿根廷,否
,purga de fondo spirax sarco,0,4,阿根廷、哥伦比亚、哥斯达黎加、秘鲁,否
,purga de fondo spirax sarco bva,0,1,阿根廷,否
,purga de fondo spirax sarco si2,0,1,阿根廷,否
,purga de sales spirax sarco,0,1,墨西哥,否
,purga de superficie spirax sarco,0,2,秘鲁、智利,否
,purga de vapor spirax sarco,0,1,厄瓜多尔,否
,purga de vapor y eliminacion de aire spirax sarco,0,2,阿根廷、墨西哥,否
,purga de vapor y eliminacion de aire spirax sarco pdf,0,1,阿根廷,否
,purga en el distribuidor de vapor spirax sarco,0,1,阿根廷,否
,purgadores de boya cerrada f44 spirax sarco,0,1,阿根廷,否
,purgas de calderas spirax sarco,0,3,阿根廷、墨西哥、智利,否
,purge sonde spirax sarco,0,1,比利时,否
,pv6211 spirax sarco,0,1,秘鲁,否
,ql43d spirax sarco,0,1,阿根廷,否
,que es spirax sarco,0,2,阿根廷、墨西哥,否
,racks reguladores de vapor spirax sarco,0,1,阿根廷,否
,radar de onda guiada spirax sarco,0,1,阿根廷,否
,recuperardo de calor gases combustion spirax sarco,0,1,乌拉圭,否
,rediheat spirax sarco,0,2,澳大利亚、美国,否
,reducing valve spirax sarco,0,1,南非,否
,reductor de vapor spirax sarco,0,1,厄瓜多尔,否
,reductor de vapor spirax sarco cad,0,1,厄瓜多尔,否
,reguladores de temperatura de accion directa spirax sarco,0,1,厄瓜多尔,否
,reguladores de vapor spirax sarco,0,1,墨西哥,否
,regulateur pneumatique spirax sarco,0,1,喀麦隆,否
,regulation presure spirax sarco price,0,1,塞尔维亚,否
,regulation presure spirax sarco rusija,0,1,塞尔维亚,否
,regulation presure spirax sarco rusija cena,0,1,塞尔维亚,否
,regulation valve steam spirax sarco,0,1,波兰,否
,regulation valve steam spirax sarco dn 250,0,1,波兰,否
,regulation valve steam spirax sarco dn 65,0,1,波兰,否
,regulator pritiska pare spirax sarco,0,1,塞尔维亚,否
,regulator sondy poziomu wody lc300 spirax sarco,0,1,波兰,否
,regulator valve spirax sarco,0,1,哥伦比亚,否
,regulatori pritiska pare spirax sarco,0,1,塞尔维亚,否
,reindampferzeuger spirax sarco,0,1,德国,否
,related www.spiraxsarco.com global ru spirax sarco,0,1,俄罗斯,否
,representante spirax sarco tucuman,0,1,阿根廷,否
,resorte azul spirax sarco,0,1,阿根廷,否
,retencion de disco spirax sarco,0,1,阿根廷,否
,review spirax sarco shares,0,1,英国,否
,revit files of spirax sarco moisture separator,0,1,美国,否
,revit spirax sarco,0,1,美国,否
,rf spirax sarco,0,1,阿根廷,否
,ricardo arbelaiz spirax sarco,0,1,阿根廷,否
,richard hildersley spirax-sarco,0,1,英国,否
,rim 10 spirax sarco,0,2,哥伦比亚、美国,否
,rim 10 spirax sarco im,0,1,哥伦比亚,否
,rkfgfy spirax sarco,0,1,俄罗斯,否
,rkfgfy spirax sarco ghjlfv,0,1,俄罗斯,否
,rnfriador de muestras spirax sarco,0,1,墨西哥,否
,rob king spirax sarco,0,2,美国、英国,否
,rob king spirax sarco ase,0,1,英国,否
,rob larner spirax sarco,0,2,美国、英国,否
,rob spirax sarco,0,1,英国,否
,rob stanley spirax sarco,0,1,美国,否
,robineti spirax sarco,0,1,罗马尼亚,否
,ron smith spirax sarco,0,1,美国,否
,rta-spirax sarco rta 1 2,0,1,秘鲁,否
,rtd spirax sarco,0,1,墨西哥,否
,rubros spirax sarco,0,1,秘鲁,否
,ruckschlagventile spirax sarco,0,1,德国,否
,ruspsd01 group global spirax sarco t061036,0,1,俄罗斯,否
,s 25 spirax sarco,0,1,哥伦比亚,否
,s2000 spirax sarco,0,1,乌克兰,否
,s30 spirax sarco,0,1,萨尔瓦多,否
,s4a spirax sarco,0,2,哥伦比亚、墨西哥,否
,sa control valves spirax sarco,0,1,墨西哥,是（ID 354）
,safety valve installation spirax sarco,0,2,加拿大、美国,是（ID 354）
,safety valve sizing spirax sarco,0,2,澳大利亚、俄罗斯,是（ID 354）
,safety valve spirax sarco sv5708,0,1,厄瓜多尔,是（ID 354）
,safety valves spirax sarco,0,2,芬兰、乌拉圭,是（ID 354）
,sale sarco spirax miami,0,1,危地马拉,否
,sample coler spirax sarco,0,1,乌克兰,否
,sanitary relief valves spirax sarco,0,1,美国,否
,sarco spirax automatic air vents for liquid systems,0,1,南非,否
,sarco spirax convergent-divergentnozzle 500m s steam,0,1,英国,否
,sarco spirax share price,0,1,英国,否
,sarco spirax steam tables,0,7,澳大利亚、比利时、德国、荷兰、加拿大、以色列、英国,否
,sattdampftabelle spirax sarco,0,1,德国,否
,saturarion temperature spirax sarco,0,1,美国,否
,saturated steam properties spirax sarco,0,1,美国,否
,saturated steam spirax sarco,0,6,阿根廷、哥斯达黎加、荷兰、加拿大、美国、墨西哥,否
,saturated steam table pdf spirax sarco,0,1,美国,否
,sbp30 spirax sarco,0,1,印度,否
,scaner s2000 spirax sarco,0,1,乌克兰,否
,scanner 2000 spirax sarco,0,1,美国,否
,scanner s2000 spirax sarco,0,1,乌克兰,否
,schneider spirax sarco linkedin,0,1,瑞士,否
,scope steam spirax sarco,0,1,厄瓜多尔,否
,scs 20 spirax sarco,0,1,俄罗斯,否
,sdcv44 spirax sarco,0,2,阿根廷、墨西哥,否
,sean clay spirax sarco,0,1,美国,否
,sean morris spirax sarco,0,1,英国,否
,seat configuration on a js1020 spirax sarco valve,0,1,南非,否
,secador de humedad 150 spirax sarco,0,1,哥伦比亚,否
,secador vaoir spirax sarco,0,1,乌拉圭,否
,secador vapor spirax sarco,0,1,乌拉圭,否
,seguimiento de ehd1ppnst-1hlg-p2 easy heat spirax sarco,0,1,墨西哥,否
,seidelmann spirax sarco,0,1,德国,否
,seleccion de juntas de expansion spirax sarco,0,1,阿根廷,否
,selfacting temperature control valve spirax sarco,0,5,澳大利亚、荷兰、加拿大、美国、英国,是（ID 354）
,seminar spirax sarco,0,1,德国,否
,sensor 2683015430 spirax sarco,0,1,墨西哥,否
,sensor modelo 2683015430 spirax sarco,0,1,墨西哥,否
,sensor pt100 spirax sarco conexiones,0,1,墨西哥,否
,separadoe vapor spirax sarco,0,1,乌拉圭,否
,separador 2 spirax sarco,0,1,厄瓜多尔,否
,separador de gota spirax sarco,0,1,阿根廷,否
,separador de gotas spirax sarco s11,0,1,阿根廷,否
,separador de gotas spirax sarco s1precio,0,1,阿根廷,否
,separador de gotas spirax sarco sanitario,0,1,阿根廷,否
,separador de humedad 1808 spirax sarco,0,1,阿根廷,否
,separador de humedad spirax sarco s,0,1,哥伦比亚,否
,separador de humedad spirax sarco sos13,0,1,墨西哥,否
,separador spirax sarco,0,1,厄瓜多尔,否
,separador vapor spirax sarco,0,1,乌拉圭,否
,separadores de gotas spirax sarco,0,1,阿根廷,否
,serie 25 spirax sarco,0,1,巴拉圭,否
,service exchange spirax sarco drv 7b30,0,1,英国,否
,service spirax sarco,0,1,阿根廷,否
,service-preise bei spirax sarco,0,1,德国,否
,serwis spirax sarco,0,1,波兰,否
,set temperatura 121 spirax sarco,0,1,厄瓜多尔,否
,sft 125 spirax sarco trap,0,1,哥斯达黎加,是（ID 355）
,sg2 spirax sarco,0,2,阿根廷、墨西哥,否
,sh1512 spirax sarco,0,1,加拿大,否
,share scheme spirax sarco,0,1,英国,否
,shares spirax sarco,0,1,美国,否
,sheldon banks spirax sarco,0,1,美国,否
,sight check spirax sarco,0,1,荷兰,否
,sight glass spirax sarco,0,5,澳大利亚、比利时、加拿大、美国、英国,否
,sistema alimentacion spirax sarco,0,1,乌拉圭,否
,sistema alimentacion spirax sarco fuel oil,0,1,乌拉圭,否
,sistema calentador agua spirax sarco,0,1,墨西哥,否
,sistema de agua de alimentacion spirax sarco,0,1,阿根廷,否
,sistema de calentamiento directo con vapor spirax sarco,0,1,委内瑞拉,否
,sistema de purga spirax sarco,0,1,墨西哥,否
,sistema de trampeo de vapor spirax-sarco,0,1,阿根廷,否
,sistema de trampeo spirax sarco,0,3,阿根廷、墨西哥、萨尔瓦多,否
,sistema spirax sarco,0,1,墨西哥,否
,slider pipe steam spirax sarco standard,0,1,多米尼加共和国,否
,snap four spirax sarco,0,1,德国,否
,snap spirax sarco,0,1,美国,否
,snapfour spirax sarco,0,1,阿根廷,否
,software controlador spirax sarco,0,1,智利,否
,software de dimensionamiento spirax sarco,0,1,阿根廷,否
,software pcv calc spirax sarco,0,1,阿根廷,否
,sofware controlador spirax sarco,0,1,智利,否
,solenoid valve spirax sarco,0,1,加拿大,否
,sonda de conductividad spirax sarco certificacion,0,1,阿根廷,否
,specification of spirax sarco,0,1,德国,否
,specification of spirax sarco traps,0,1,德国,是（ID 355）
,spectris spirax-sarco engineering,0,1,以色列,否
,spirax - sarco s.r.l.,0,1,英国,否
,spirax sarco &amp,0,1,美国,否
,spirax sarco 0190100,0,1,美国,否
,spirax sarco 0190192,0,1,美国,否
,spirax sarco 0459390,0,1,美国,否
,spirax sarco 0459490,0,1,美国,否
,spirax sarco 1 2,0,2,美国、秘鲁,否
,spirax sarco 1 2 safety valve,0,1,美国,是（ID 354）
,spirax sarco 1 2 safety valve 58psi,0,1,美国,是（ID 354）
,spirax sarco 1 2 strainer,0,1,美国,否
,spirax sarco 1 ft-30 f&t steam trap,0,1,墨西哥,是（ID 355）
,spirax sarco 1.25 25 temperature control valve,0,1,美国,是（ID 354）
,spirax sarco 10 si2,0,1,智利,否
,spirax sarco 10 si2 pdf,0,1,智利,否
,spirax sarco 10 sl2,0,1,智利,否
,spirax sarco 1010241475,0,1,美国,否
,spirax sarco 10k,0,1,美国,否
,spirax sarco 1150 northpoint blvd,0,1,美国,否
,spirax sarco 1225680,0,1,德国,否
,spirax sarco 125 strainer,0,1,阿根廷,否
,spirax sarco 125 yf,0,1,美国,否
,spirax sarco 1278187,0,1,美国,否
,spirax sarco 13 whs,0,1,墨西哥,否
,spirax sarco 13 whs precio,0,1,墨西哥,否
,spirax sarco 13e024,0,1,土耳其,否
,spirax sarco 13s,0,1,墨西哥,否
,spirax sarco 1439256,0,1,英国,否
,spirax sarco 14hp,0,1,智利,否
,spirax sarco 15mm steam safety valve,0,1,英国,是（ID 354）
,spirax sarco 16 bar mieszacze,0,1,波兰,否
,spirax sarco 1600 controller,0,1,挪威,否
,spirax sarco 1637000,0,1,澳大利亚,否
,spirax sarco 1650,0,2,德国、美国,否
,spirax sarco 1650 manual,0,5,澳大利亚、德国、加拿大、美国、英国,否
,spirax sarco 1673c4,0,1,美国,否
,spirax sarco 173273,0,1,美国,否
,spirax sarco 17619,0,1,美国,否
,spirax sarco 1808,0,1,德国,否
,spirax sarco 1851490,0,4,澳大利亚、加拿大、美国、英国,否
,spirax sarco 19 bar 276 psi,0,1,玻利维亚,否
,spirax sarco 1948,0,1,墨西哥,否
,spirax sarco 1998,0,1,墨西哥,否
,spirax sarco 1ct,0,4,澳大利亚、加拿大、美国、英国,否
,spirax sarco 2 steam trap,0,3,澳大利亚、美国、英国,是（ID 355）
,spirax sarco 2013 annual report,0,1,澳大利亚,否
,spirax sarco 2016,0,1,智利,否
,spirax sarco 2016 grafico tecnico,0,1,智利,否
,spirax sarco 2016 results,0,1,美国,否
,spirax sarco 2017 annual report,0,2,美国、英国,否
,spirax sarco 2018 annual report,0,1,英国,否
,spirax sarco 2018 half year results,0,1,英国,否
,spirax sarco 2018 results,0,1,英国,否
,spirax sarco 205 grafico tecnico,0,1,智利,否
,spirax sarco 211s,0,1,墨西哥,否
,spirax sarco 220632-25-08,0,1,葡萄牙,否
,spirax sarco 221,0,1,墨西哥,否
,spirax sarco 25 3d dwg,0,1,厄瓜多尔,否
,spirax sarco 25 bp,0,3,阿根廷、美国、英国,否
,spirax sarco 25 dwg,0,1,厄瓜多尔,否
,spirax sarco 25 mt,0,2,美国、英国,否
,spirax sarco 25 prv,0,1,美国,否
,spirax sarco 25 prv pressure reducing valve,0,1,美国,是（ID 354）
,spirax sarco 25 prv pressure reducing valve operation,0,1,美国,是（ID 354）
,spirax sarco 25 pte,0,2,美国、英国,否
,spirax sarco 25 series dwg,0,1,厄瓜多尔,否
,spirax sarco 25 series main valve,0,2,美国、英国,否
,spirax sarco 25 series pressure,0,1,美国,否
,spirax sarco 25 series regulator manual,0,3,澳大利亚、美国、英国,否
,spirax sarco 250,0,2,阿根廷、美国,否
,spirax sarco 250 de 2,0,1,墨西哥,否
,spirax sarco 250 strainer,0,2,澳大利亚、美国,否
,spirax sarco 255189,0,1,墨西哥,否
,spirax sarco 25bp,0,2,阿根廷、美国,否
,spirax sarco 25bp as a pressure reducing valve,0,1,美国,是（ID 354）
,spirax sarco 25e,0,3,澳大利亚、美国、英国,否
,spirax sarco 25mt,0,2,美国、英国,否
,spirax sarco 25prv,0,1,特立尼达和多巴哥,否
,spirax sarco 25prv pressure reducing valve,0,1,哥斯达黎加,是（ID 354）
,spirax sarco 25s,0,1,美国,否
,spirax sarco 25te,0,1,美国,否
,spirax sarco 2700,0,1,哥伦比亚,否
,spirax sarco 2700 uniword,0,1,哥伦比亚,否
,spirax sarco 2700 uniworld,0,1,哥伦比亚,否
,spirax sarco 2700 uniworld pdf,0,1,哥伦比亚,否
,spirax sarco 2700 uniworldpdf,0,1,哥伦比亚,否
,spirax sarco 28410-0125,0,1,美国,否
,spirax sarco 2gd bva340,0,1,澳大利亚,否
,spirax sarco 2v8-31107,0,1,美国,否
,spirax sarco 3,0,1,玻利维亚,否
,spirax sarco 3 4 ft-75,0,1,美国,否
,spirax sarco 3 ce 43,0,1,玻利维亚,否
,spirax sarco 3 piece ball valve,0,1,希腊,是（ID 354）
,spirax sarco 3 port valve,0,1,美国,否
,spirax sarco 3 valve,0,1,土耳其,否
,spirax sarco 3 way ball valve,0,1,美国,是（ID 354）
,spirax sarco 3.4.2019,0,1,捷克共和国,否
,spirax sarco 3265797,0,1,巴拉圭,否
,spirax sarco 3320,0,1,美国,否
,spirax sarco 34hp,0,2,加拿大、美国,否
,spirax sarco 353176,0,1,俄罗斯,否
,spirax sarco 3764004,0,1,美国,否
,spirax sarco 39175 fda food steam 7 bar 170,0,1,罗马尼亚,否
,spirax sarco 3d autocad,0,1,阿根廷,否
,spirax sarco 3d cad download,0,1,新西兰,否
,spirax sarco 3d cad library,0,5,阿根廷、美国、墨西哥、瑞士、土耳其,否
,spirax sarco 3d cad model,0,1,墨西哥,否
,spirax sarco 3d download,0,1,新西兰,否
,spirax sarco 3d library,0,1,希腊,否
,spirax sarco 4 pulgadas,0,1,阿根廷,否
,spirax sarco 4 traders,0,1,希腊,否
,spirax sarco 4028195,0,1,美国,否
,spirax sarco 4028858,0,1,阿根廷,否
,spirax sarco 41574,0,1,秘鲁,否
,spirax sarco 41574 pn 40,0,1,秘鲁,否
,spirax sarco 4372545,0,1,阿根廷,否
,spirax sarco 446,0,1,美国,否
,spirax sarco 46390 steam,0,1,美国,否
,spirax sarco 4700594,0,2,澳大利亚、美国,否
,spirax sarco 47700 a,0,2,澳大利亚、美国,否
,spirax sarco 47700-a,0,2,澳大利亚、美国,否
,spirax sarco 47700a,0,1,澳大利亚,否
,spirax sarco 5 micras,0,1,智利,否
,spirax sarco 50926,0,2,加拿大、美国,否
,spirax sarco 50927,0,2,澳大利亚、美国,否
,spirax sarco 50930,0,2,澳大利亚、美国,否
,spirax sarco 50932,0,1,美国,否
,spirax sarco 50933,0,1,美国,否
,spirax sarco 52,0,1,美国,否
,spirax sarco 52043b,0,1,美国,否
,spirax sarco 52082,0,2,澳大利亚、美国,否
,spirax sarco 54697,0,1,美国,否
,spirax sarco 54844,0,1,美国,否
,spirax sarco 55222,0,1,美国,否
,spirax sarco 55225,0,2,澳大利亚、美国,否
,spirax sarco 55447,0,1,美国,否
,spirax sarco 55475,0,1,美国,否
,spirax sarco 560dcma,0,1,美国,否
,spirax sarco 56643,0,1,美国,否
,spirax sarco 56756 a,0,2,阿根廷、墨西哥,否
,spirax sarco 570,0,1,美国,否
,spirax sarco 570 hj,0,1,美国,否
,spirax sarco 570-gg,0,1,美国,否
,spirax sarco 57059,0,1,美国,否
,spirax sarco 57060,0,1,美国,否
,spirax sarco 57062,0,1,美国,否
,spirax sarco 57063,0,1,美国,否
,spirax sarco 57065,0,6,澳大利亚、加拿大、美国、新加坡、新西兰、印度,否
,spirax sarco 57168,0,1,美国,否
,spirax sarco 5801,0,1,瑞士,否
,spirax sarco 58114,0,1,美国,否
,spirax sarco 5817,0,1,墨西哥,否
,spirax sarco 58173,0,1,美国,否
,spirax sarco 58177,0,1,美国,否
,spirax sarco 582-430,0,1,俄罗斯,否
,spirax sarco 59083,0,1,美国,否
,spirax sarco 59179 a,0,1,美国,否
,spirax sarco 59231-a,0,1,澳大利亚,否
,spirax sarco 59231a,0,1,澳大利亚,否
,spirax sarco 59514,0,1,美国,否
,spirax sarco 59608,0,2,澳大利亚、美国,否
,spirax sarco 5l b1,0,1,俄罗斯,否
,spirax sarco 5l b1 9301 ggg 403,0,1,俄罗斯,否
,spirax sarco 600 series,0,1,美国,否
,spirax sarco 60311,0,1,美国,否
,spirax sarco 60312,0,1,美国,否
,spirax sarco 60315,0,1,美国,否
,spirax sarco 6105016,0,1,秘鲁,否
,spirax sarco 610516,0,1,秘鲁,否
,spirax sarco 6120362,0,1,美国,否
,spirax sarco 6120390,0,1,美国,否
,spirax sarco 61292,0,1,美国,否
,spirax sarco 61467,0,1,美国,否
,spirax sarco 61468,0,1,美国,否
,spirax sarco 61966,0,1,美国,否
,spirax sarco 62094,0,2,澳大利亚、美国,否
,spirax sarco 62652,0,2,俄罗斯、美国,否
,spirax sarco 62762,0,1,澳大利亚,否
,spirax sarco 62800,0,1,美国,否
,spirax sarco 62801,0,1,澳大利亚,否
,spirax sarco 63011,0,1,美国,否
,spirax sarco 63629,0,2,澳大利亚、美国,否
,spirax sarco 64150,0,2,澳大利亚、美国,否
,spirax sarco 64162,0,1,美国,否
,spirax sarco 64168,0,1,美国,否
,spirax sarco 66118,0,1,美国,否
,spirax sarco 66118a,0,1,美国,否
,spirax sarco 66130a,0,3,澳大利亚、加拿大、美国,否
,spirax sarco 66160,0,1,美国,否
,spirax sarco 66173c,0,2,加拿大、美国,否
,spirax sarco 662-t1,0,1,土耳其,否
,spirax sarco 66231,0,1,印度,否
,spirax sarco 666-40,0,1,墨西哥,否
,spirax sarco 66670,0,1,美国,否
,spirax sarco 66671,0,1,美国,否
,spirax sarco 66672,0,1,美国,否
,spirax sarco 67236,0,1,美国,否
,spirax sarco 67908,0,1,美国,否
,spirax sarco 67978,0,1,美国,否
,spirax sarco 67986,0,1,美国,否
,spirax sarco 68525,0,2,澳大利亚、美国,否
,spirax sarco 68530,0,1,美国,否
,spirax sarco 685302,0,1,美国,否
,spirax sarco 68531,0,3,澳大利亚、加拿大、美国,否
,spirax sarco 68568c,0,1,美国,否
,spirax sarco 68568c steam trap,0,1,委内瑞拉,是（ID 355）
,spirax sarco 6902215,0,1,巴拉圭,否
,spirax sarco 6a,0,2,澳大利亚、美国,否
,spirax sarco 6a air vent,0,2,澳大利亚、美国,否
,spirax sarco 70611,0,1,美国,否
,spirax sarco 70870,0,1,美国,否
,spirax sarco 71429,0,1,美国,否
,spirax sarco 72117,0,2,澳大利亚、美国,否
,spirax sarco 72147,0,2,澳大利亚、美国,否
,spirax sarco 72962.3 amazon com,0,2,比利时、美国,否
,spirax sarco 729623,0,3,澳大利亚、加拿大、美国,否
,spirax sarco 72969.3,0,1,委内瑞拉,否
,spirax sarco 72969.3 pdf,0,1,委内瑞拉,否
,spirax sarco 74607,0,1,美国,否
,spirax sarco 74794,0,1,美国,否
,spirax sarco 75171,0,1,美国,否
,spirax sarco 75470,0,1,美国,否
,spirax sarco 75926,0,1,美国,否
,spirax sarco 767,0,1,智利,否
,spirax sarco 767 y strainer,0,1,智利,否
,spirax sarco 8 x 5 mm,0,1,美国,否
,spirax sarco 8024,0,1,阿根廷,否
,spirax sarco 81347,0,1,加拿大,否
,spirax sarco 850,0,1,捷克共和国,否
,spirax sarco 8mm x 5mm,0,1,美国,否
,spirax sarco 8x5mm powder coat tubing,0,1,美国,否
,spirax sarco 8x5mm powder coating hose,0,1,美国,否
,spirax sarco 8x5mm powder hose,0,2,加拿大、美国,否
,spirax sarco 9226e,0,1,美国,否
,spirax sarco 9301,0,1,美国,否
,spirax sarco 9336e,0,1,美国,否
,spirax sarco a 395,0,1,阿根廷,否
,spirax sarco a 57651,0,1,美国,否
,spirax sarco a-395,0,1,美国,否
,spirax sarco a20a,0,1,塞尔维亚,否
,spirax sarco a395,0,1,美国,否
,spirax sarco a743 ca40,0,1,芬兰,否
,spirax sarco about us,0,1,美国,否
,spirax sarco academy,0,2,美国、新西兰,否
,spirax sarco accesorios,0,1,哥斯达黎加,否
,spirax sarco accesorios de gas natural,0,1,阿根廷,否
,spirax sarco accesorios vapor,0,1,阿根廷,否
,spirax sarco accumulator,0,1,澳大利亚,否
,spirax sarco acquires chromalox,0,1,美国,否
,spirax sarco acquires gestra,0,1,美国,否
,spirax sarco acquires thermocoax,0,1,美国,否
,spirax sarco acquisition,0,4,澳大利亚、比利时、加拿大、美国,否
,spirax sarco acquisition of chromalox,0,1,美国,否
,spirax sarco acquisitions,0,1,美国,否
,spirax sarco activitate principala,0,1,罗马尼亚,否
,spirax sarco actuadas,0,1,阿根廷,否
,spirax sarco actuadas on off,0,1,阿根廷,否
,spirax sarco actuadores,0,1,墨西哥,否
,spirax sarco actuadores neumaticos serie pn 9000,0,1,阿根廷,否
,spirax sarco actuated ball valve,0,2,澳大利亚、美国,是（ID 354）
,spirax sarco actuator ginice,0,1,韩国,否
,spirax sarco acummulattor,0,1,波兰,否
,spirax sarco acumulador agua caliente,0,1,墨西哥,否
,spirax sarco ad,0,1,美国,否
,spirax sarco adelaid,0,1,澳大利亚,否
,spirax sarco adelaifr,0,1,澳大利亚,否
,spirax sarco ael 62213 fs,0,1,俄罗斯,否
,spirax sarco ael 63213 fx,0,1,匈牙利,否
,spirax sarco ael51211jx,0,1,捷克共和国,否
,spirax sarco ael62211jx,0,1,芬兰,否
,spirax sarco ael62213 fs,0,1,俄罗斯,否
,spirax sarco ael63213fx,0,1,匈牙利,否
,spirax sarco ael63231js,0,1,波兰,否
,spirax sarco ael64221js,0,1,波兰,否
,spirax sarco af,0,1,塞尔维亚,否
,spirax sarco af1,0,1,塞尔维亚,否
,spirax sarco af1 a20a,0,1,塞尔维亚,否
,spirax sarco af10,0,1,塞尔维亚,否
,spirax sarco af250,0,1,阿根廷,否
,spirax sarco afip,0,1,阿根廷,否
,spirax sarco agm,0,1,美国,否
,spirax sarco agua para calderas caracteristicas,0,1,阿根廷,否
,spirax sarco aguascalientes,0,1,墨西哥,否
,spirax sarco ahl1,0,1,俄罗斯,否
,spirax sarco air dirt separator,0,1,美国,否
,spirax sarco air eliminator valve,0,1,美国,否
,spirax sarco air regulator,0,1,美国,否
,spirax sarco air release valve,0,1,美国,否
,spirax sarco air relief valve,0,1,美国,否
,spirax sarco air valve,0,2,澳大利亚、美国,否
,spirax sarco air vent 6a,0,2,澳大利亚、美国,否
,spirax sarco air vent manifold,0,1,智利,否
,spirax sarco air vent vacuum breaker,0,4,澳大利亚、加拿大、美国、新西兰,否
,spirax sarco air vent valve,0,2,澳大利亚、美国,否
,spirax sarco air vent vs 204,0,2,澳大利亚、美国,否
,spirax sarco air vents for liquid systems,0,3,澳大利亚、加拿大、美国,否
,spirax sarco aire 41574,0,1,秘鲁,否
,spirax sarco aire 41574 inox,0,1,秘鲁,否
,spirax sarco aire comprimido,0,1,阿根廷,否
,spirax sarco and john crane,0,1,美国,否
,spirax sarco angle seat valve,0,1,美国,否
,spirax sarco ankara,0,1,土耳其,否
,spirax sarco announcement,0,1,美国,否
,spirax sarco annual report 2005,0,1,美国,否
,spirax sarco annual report 2008,0,1,美国,否
,spirax sarco annual report 2009,0,1,美国,否
,spirax sarco annual report 2010,0,1,美国,否
,spirax sarco annual report 2012,0,1,美国,否
,spirax sarco annual report 2013,0,1,美国,否
,spirax sarco annual report 2014,0,1,美国,否
,spirax sarco annual report 2015,0,2,罗马尼亚、美国,否
,spirax sarco annual report 2017,0,2,澳大利亚、美国,否
,spirax sarco annual report 2018,0,3,澳大利亚、荷兰、美国,否
,spirax sarco annual report 2019,0,2,澳大利亚、美国,否
,spirax sarco annual report 2020,0,1,美国,否
,spirax sarco annual report 2021,0,1,美国,否
,spirax sarco annual revenue,0,1,美国,否
,spirax sarco annual sales,0,1,美国,否
,spirax sarco ans1300,0,1,墨西哥,否
,spirax sarco ansi 300,0,1,匈牙利,否
,spirax sarco ansi 300 perforaciones de 0.005 mm,0,1,玻利维亚,否
,spirax sarco anytime portal,0,1,美国,否
,spirax sarco aplikacje,0,1,波兰,否
,spirax sarco applications,0,2,哥伦比亚、墨西哥,否
,spirax sarco applications overview,0,2,哥伦比亚、墨西哥,否
,spirax sarco apt package,0,1,美国,否
,spirax sarco apt pump package,0,3,澳大利亚、加拿大、美国,否
,spirax sarco apt pump trap,0,1,美国,否
,spirax sarco apt sizing,0,1,美国,否
,spirax sarco aptia pump trap,0,1,美国,否
,spirax sarco ar,0,1,哥斯达黎加,否
,spirax sarco ar16f 125 60,0,1,塞尔维亚,否
,spirax sarco ashley wainwright,0,1,澳大利亚,否
,spirax sarco assessment center,0,1,美国,否
,spirax sarco assessment centre,0,1,美国,否
,spirax sarco at,0,1,奥地利,否
,spirax sarco atlanta ga,0,2,澳大利亚、美国,否
,spirax sarco atp,0,1,智利,否
,spirax sarco atpn,0,1,智利,否
,spirax sarco attemperator desuperheater,0,1,美国,否
,spirax sarco au,0,1,澳大利亚,否
,spirax sarco audit,0,1,乌克兰,否
,spirax sarco audit raport,0,1,罗马尼亚,否
,spirax sarco audit raport 2015,0,1,罗马尼亚,否
,spirax sarco audit raport 2015 pdf,0,1,罗马尼亚,否
,spirax sarco aus32,0,1,阿根廷,否
,spirax sarco auslegung,0,1,瑞士,否
,spirax sarco authorized distributors utah,0,1,美国,否
,spirax sarco auto clave spares,0,1,南非,否
,spirax sarco autocad,0,6,阿根廷、俄罗斯、哥伦比亚、美国、秘鲁、土耳其,否
,spirax sarco autocad files,0,1,塞尔维亚,否
,spirax sarco autocad library,0,1,秘鲁,否
,spirax sarco automatic air and gas vents,0,1,捷克共和国,否
,spirax sarco automatic air and gas vents stainless steel,0,1,捷克共和国,否
,spirax sarco automatic blowdown valve,0,2,澳大利亚、美国,否
,spirax sarco automatic drain valve,0,1,乌克兰,否
,spirax sarco automatic globe valve,0,1,克罗地亚,否
,spirax sarco automatische ontluchter,0,1,荷兰,否
,spirax sarco awards,0,1,美国,否
,spirax sarco ax automatische ontluchter,0,1,荷兰,否
,spirax sarco b series control valve,0,3,澳大利亚、加拿大、美国,是（ID 354）
,spirax sarco b series steam traps,0,1,萨尔瓦多,是（ID 355）
,spirax sarco b-2-180,0,1,美国,否
,spirax sarco b-2-180 in-line horizontal bucket trap cover,0,1,美国,是（ID 355）
,spirax sarco b12,0,2,澳大利亚、美国,否
,spirax sarco b18,0,1,美国,否
,spirax sarco b1h15,0,1,澳大利亚,否
,spirax sarco b1h75,0,1,澳大利亚,否
,spirax sarco b1hs 30,0,1,美国,否
,spirax sarco b1hs-125,0,1,美国,否
,spirax sarco b1hs-250,0,1,美国,否
,spirax sarco b2 125,0,1,美国,否
,spirax sarco b25,0,1,美国,否
,spirax sarco b3-30,0,1,美国,否
,spirax sarco b3-75,0,1,美国,否
,spirax sarco b62,0,1,美国,否
,spirax sarco b730,0,1,波兰,否
,spirax sarco back pressure control valve,0,1,美国,是（ID 354）
,spirax sarco back pressure regulator,0,2,澳大利亚、美国,否
,spirax sarco balanced pressure steam trap,0,1,美国,是（ID 355）
,spirax sarco balanced pressure thermostatic steam trap,0,1,美国,是（ID 355）
,spirax sarco balancing disc,0,1,美国,否
,spirax sarco ball float steam trap installation,0,1,美国,是（ID 355）
,spirax sarco ball float trap,0,1,美国,是（ID 355）
,spirax sarco ball valve catalogue,0,3,阿根廷、美国、墨西哥,是（ID 354）
,spirax sarco ball valve distributor,0,1,委内瑞拉,是（ID 354）
,spirax sarco ball valve m10v,0,1,哥伦比亚,是（ID 354）
,spirax sarco ball valve m10v2rb,0,1,委内瑞拉,是（ID 354）
,spirax sarco ball valves dn25 to dn150 m20h data sheet,0,1,爱尔兰,是（ID 354）
,spirax sarco ball valves pdf,0,1,阿根廷,是（ID 354）
,spirax sarco bangladesh,0,1,加拿大,否
,spirax sarco baoh,0,1,罗马尼亚,否
,spirax sarco bar,0,1,智利,否
,spirax sarco barilotto,0,1,捷克共和国,否
,spirax sarco barometro,0,1,智利,否
,spirax sarco barranquilla,0,1,哥伦比亚,否
,spirax sarco basket strainers,0,1,美国,否
,spirax sarco bayi,0,1,土耳其,否
,spirax sarco bayswater,0,1,澳大利亚,否
,spirax sarco bbb,0,1,美国,否
,spirax sarco bbu 43,0,1,智利,否
,spirax sarco bbu43,0,1,智利,否
,spirax sarco bc,0,1,乌拉圭,否
,spirax sarco bc 3100 pdf,0,1,波兰,否
,spirax sarco bc-3200 3210,0,1,白俄罗斯,否
,spirax sarco bc3100,0,1,保加利亚,否
,spirax sarco bc3200 manual,0,1,美国,否
,spirax sarco bcv,0,1,乌拉圭,否
,spirax sarco bcv 31,0,2,澳大利亚、俄罗斯,否
,spirax sarco bcv31,0,1,俄罗斯,否
,spirax sarco bcv41,0,1,美国,否
,spirax sarco bcv43dn20,0,1,乌拉圭,否
,spirax sarco bdhr,0,1,美国,否
,spirax sarco bdv 980,0,1,南非,否
,spirax sarco bdv1,0,1,加拿大,否
,spirax sarco belarus,0,1,美国,否
,spirax sarco bellows sealed stop valves,0,1,中国香港,否
,spirax sarco benefits,0,1,美国,否
,spirax sarco benelux in ghent,0,1,比利时,否
,spirax sarco beta,0,7,阿根廷、比利时、哥伦比亚、哥斯达黎加、荷兰、秘鲁、墨西哥,否
,spirax sarco bethehem,0,1,美国,否
,spirax sarco bethlehem,0,1,美国,否
,spirax sarco bh 754,0,1,美国,否
,spirax sarco bh-75,0,1,美国,否
,spirax sarco biblioteca cad,0,3,阿根廷、美国、墨西哥,否
,spirax sarco bih,0,1,波斯尼亚和黑塞哥维那,否
,spirax sarco bilder,0,1,瑞士,否
,spirax sarco bimetallic steam traps,0,1,美国,是（ID 355）
,spirax sarco blocks,0,1,阿根廷,否
,spirax sarco blowdown expansion and cooling unit,0,1,塞尔维亚,否
,spirax sarco blowdown heat recovery,0,2,美国、乌拉圭,否
,spirax sarco blytgewood sc,0,1,美国,否
,spirax sarco bma51 b1000117,0,1,美国,否
,spirax sarco board,0,1,美国,否
,spirax sarco boas course,0,2,荷兰、美国,否
,spirax sarco boas training,0,1,美国,否
,spirax sarco body 67986,0,1,美国,否
,spirax sarco body cap f 316,0,1,委内瑞拉,否
,spirax sarco body cap f316,0,1,委内瑞拉,否
,spirax sarco boiler automation,0,1,土耳其,否
,spirax sarco boiler blowdown,0,3,澳大利亚、美国、印度,否
,spirax sarco boiler blowdown calculation,0,1,印度,否
,spirax sarco boiler blowdown valves,0,3,阿根廷、澳大利亚、美国,否
,spirax sarco boiler chemicals,0,1,澳大利亚,否
,spirax sarco boiler efficiency,0,2,澳大利亚、美国,否
,spirax sarco boiler feed pump,0,1,美国,否
,spirax sarco boiler feed tank,0,5,澳大利亚、加拿大、美国、新加坡、印度,否
,spirax sarco boiler feed water,0,1,美国,否
,spirax sarco boiler feed water tank,0,1,澳大利亚,否
,spirax sarco boiler fluxogram,0,1,葡萄牙,否
,spirax sarco boiler house,0,4,澳大利亚、美国、墨西哥、希腊,否
,spirax sarco boiler instrumentation,0,2,澳大利亚、美国,否
,spirax sarco boiler level controls,0,2,澳大利亚、美国,否
,spirax sarco boiler manifold,0,1,智利,否
,spirax sarco boiler manual,0,1,乌拉圭,否
,spirax sarco boiler pdf,0,1,乌拉圭,否
,spirax sarco boiler sample cooler,0,2,澳大利亚、美国,否
,spirax sarco boiler solutions,0,1,智利,否
,spirax sarco boiler training,0,2,澳大利亚、美国,否
,spirax sarco boiler video,0,3,澳大利亚、美国、葡萄牙,否
,spirax sarco boiler water treatment,0,2,澳大利亚、美国,否
,spirax sarco boilers,0,1,美国,否
,spirax sarco bolsa de trabajo,0,1,墨西哥,否
,spirax sarco bolsillo de trampeo,0,1,哥伦比亚,否
,spirax sarco book free download pdf,0,2,俄罗斯、美国,否
,spirax sarco book online,0,1,丹麦,否
,spirax sarco book pdf,0,1,美国,否
,spirax sarco books,0,3,澳大利亚、加拿大、美国,否
,spirax sarco boru capina gore su tablosu,0,1,土耳其,否
,spirax sarco bottom blowdown,0,1,希腊,否
,spirax sarco bourse,0,1,瑞士,否
,spirax sarco bp 99 32,0,1,匈牙利,否
,spirax sarco bpc,0,1,美国,否
,spirax sarco bpc cv,0,1,捷克共和国,否
,spirax sarco bpcy cv,0,1,捷克共和国,否
,spirax sarco bps32cv,0,1,奥地利,否
,spirax sarco brand guidelines,0,1,美国,否
,spirax sarco brands,0,2,澳大利亚、美国,否
,spirax sarco brewery,0,1,美国,否
,spirax sarco bridas,0,1,阿根廷,否
,spirax sarco bridas dn 15,0,1,阿根廷,否
,spirax sarco bronze safety valve,0,1,美国,是（ID 354）
,spirax sarco bronze strainer,0,2,加拿大、美国,否
,spirax sarco brv instalacion,0,1,阿根廷,否
,spirax sarco brv-25,0,1,哥斯达黎加,否
,spirax sarco brv25,0,2,哥斯达黎加、萨尔瓦多,否
,spirax sarco bs 7438,0,1,墨西哥,否
,spirax sarco bs1a,0,1,澳大利亚,否
,spirax sarco bsait dn50 pn16,0,1,美国,否
,spirax sarco bt strainer,0,2,加拿大、美国,否
,spirax sarco bt16 trap,0,1,澳大利亚,是（ID 355）
,spirax sarco bt16b manual,0,1,澳大利亚,否
,spirax sarco bth,0,1,匈牙利,否
,spirax sarco bts2,0,1,阿根廷,否
,spirax sarco btu meter,0,2,加拿大、美国,否
,spirax sarco bucket steam traps,0,1,美国,是（ID 355）
,spirax sarco buenos,0,1,捷克共和国,否
,spirax sarco burner,0,1,委内瑞拉,否
,spirax sarco business model,0,1,波兰,否
,spirax sarco buyer salary,0,1,美国,否
,spirax sarco buys chromalox,0,1,美国,否
,spirax sarco bva,0,1,哥伦比亚,否
,spirax sarco bva325s 14,0,1,智利,否
,spirax sarco bvl,0,1,美国,否
,spirax sarco bvl306,0,1,美国,否
,spirax sarco bvs2 pn25 regulator pritiska pare,0,1,塞尔维亚,否
,spirax sarco bvs2 regulator pritiska pare,0,1,塞尔维亚,否
,spirax sarco bx2,0,1,美国,否
,spirax sarco bx6,0,1,美国,否
,spirax sarco bydrain,0,1,希腊,否
,spirax sarco c1118 c,0,1,新西兰,否
,spirax sarco c16 el,0,1,土耳其,否
,spirax sarco ca 40,0,1,阿根廷,否
,spirax sarco ca40,0,1,阿根廷,否
,spirax sarco ca40f,0,1,美国,否
,spirax sarco ca46s21,0,1,俄罗斯,否
,spirax sarco cad 2d,0,1,阿根廷,否
,spirax sarco cad 3d,0,1,美国,否
,spirax sarco cad blocks,0,1,美国,否
,spirax sarco cad download,0,3,荷兰、美国、新西兰,否
,spirax sarco cad drawings,0,2,美国、土耳其,否
,spirax sarco cad files,0,2,美国、土耳其,否
,spirax sarco cad library return,0,1,阿根廷,否
,spirax sarco cad libruary,0,1,乌克兰,否
,spirax sarco cad models,0,2,美国、土耳其,否
,spirax sarco cad pr,0,1,阿根廷,否
,spirax sarco cake,0,1,新加坡,否
,spirax sarco calculador online,0,1,哥斯达黎加,否
,spirax sarco calculadora vapor,0,3,阿根廷、哥伦比亚、墨西哥,否
,spirax sarco calculation,0,2,多米尼加共和国、荷兰,否
,spirax sarco calculator steam,0,4,澳大利亚、荷兰、加拿大、美国,否
,spirax sarco calculators,0,5,澳大利亚、比利时、荷兰、加拿大、美国,否
,spirax sarco calculators tank and vats,0,1,智利,否
,spirax sarco calculos,0,2,哥伦比亚、哥斯达黎加,否
,spirax sarco calderas pdf,0,3,阿根廷、哥伦比亚、哥斯达黎加,否
,spirax sarco calderas y accesorios,0,2,阿根廷、秘鲁,否
,spirax sarco calderas y accesorios 1999,0,1,秘鲁,否
,spirax sarco calderas y accesorios.pdf,0,1,阿根廷,否
,spirax sarco calderas y accesoris,0,1,阿根廷,否
,spirax sarco calderos,0,1,玻利维亚,否
,spirax sarco calentador de agua,0,1,墨西哥,否
,spirax sarco cambodia,0,1,美国,否
,spirax sarco canzada,0,1,加拿大,否
,spirax sarco capacitacion,0,2,阿根廷、墨西哥,否
,spirax sarco capacitacion proyectos,0,1,墨西哥,否
,spirax sarco capital group,0,1,波兰,否
,spirax sarco capsule assembly,0,1,美国,否
,spirax sarco carbon steel strainer,0,1,美国,否
,spirax sarco carbon steel y strainer,0,2,加拿大、美国,否
,spirax sarco carnaxide,0,1,捷克共和国,否
,spirax sarco carrers,0,1,阿根廷,否
,spirax sarco cast iron,0,1,巴拉圭,否
,spirax sarco cast iron strainer c-125,0,1,秘鲁,否
,spirax sarco cast iron strainer f-125,0,1,秘鲁,否
,spirax sarco cast iron strainers,0,1,美国,否
,spirax sarco catalog,0,5,澳大利亚、比利时、加拿大、美国、以色列,否
,spirax sarco catalog pdf,0,1,匈牙利,否
,spirax sarco catalogus pdf,0,1,荷兰,否
,spirax sarco ce 43,0,1,玻利维亚,否
,spirax sarco cennik 2016,0,1,波兰,否
,spirax sarco cennik 2017,0,1,波兰,否
,spirax sarco cennik 2018,0,1,波兰,否
,spirax sarco cennik 2019,0,1,波兰,否
,spirax sarco cf3m,0,2,美国、乌克兰,否
,spirax sarco cf8m,0,2,阿根廷、墨西哥,否
,spirax sarco cfs26,0,1,澳大利亚,否
,spirax sarco changi,0,1,美国,否
,spirax sarco check disk,0,1,土耳其,否
,spirax sarco check va,0,2,澳大利亚、美国,否
,spirax sarco check valve pdf,0,1,美国,是（ID 354）
,spirax sarco cheltnam courses,0,1,新西兰,否
,spirax sarco chengelet,0,1,印度,否
,spirax sarco chiba,0,1,荷兰,否
,spirax sarco chihuahua,0,1,墨西哥,否
,spirax sarco chloorkop,0,1,美国,否
,spirax sarco ci 125 strainer,0,1,美国,否
,spirax sarco ci 250,0,1,美国,否
,spirax sarco ci-125,0,1,美国,否
,spirax sarco cl 30,0,1,美国,否
,spirax sarco cl51 9mo,0,1,爱尔兰,否
,spirax sarco clean steam,0,3,澳大利亚、加拿大、美国,否
,spirax sarco clean steam filter,0,2,澳大利亚、美国,否
,spirax sarco clean steam parameters monitoring,0,1,乌克兰,否
,spirax sarco clean steam regulator,0,2,澳大利亚、美国,否
,spirax sarco clean steam sample cooler,0,1,美国,否
,spirax sarco clean steam trap,0,2,克罗地亚、美国,是（ID 355）
,spirax sarco cn,0,1,中国香港,否
,spirax sarco co ltd,0,2,澳大利亚、美国,否
,spirax sarco code of conduct,0,1,韩国,否
,spirax sarco codigo 3601210,0,1,阿根廷,否
,spirax sarco codument tis 5.202,0,1,美国,否
,spirax sarco collecteur,0,1,瑞士,否
,spirax sarco columbia,0,2,澳大利亚、美国,否
,spirax sarco com ar,0,1,阿根廷,否
,spirax sarco com us,0,1,美国,否
,spirax sarco commercial,0,1,美国,否
,spirax sarco commercial steam humidifier,0,1,美国,否
,spirax sarco compact clean steam generator,0,1,美国,否
,spirax sarco compact clean steam generator price,0,1,美国,否
,spirax sarco companies house,0,2,澳大利亚、美国,否
,spirax sarco company overview,0,1,美国,否
,spirax sarco company policies,0,1,美国,否
,spirax sarco compressed air solenoid valve,0,1,加拿大,否
,spirax sarco compressed air traps,0,2,美国、南非,否
,spirax sarco condensados,0,1,阿根廷,否
,spirax sarco condensate at the starup,0,1,乌拉圭,否
,spirax sarco condensate check valve,0,1,美国,是（ID 354）
,spirax sarco condensate design of condendate pdf,0,1,美国,否
,spirax sarco condensate design of condensate pdf,0,1,美国,否
,spirax sarco condensate electric pump recovery,0,1,乌拉圭,否
,spirax sarco condensate flow meter,0,1,美国,否
,spirax sarco condensate handbook pdf,0,1,美国,否
,spirax sarco condensate line design,0,1,土耳其,否
,spirax sarco condensate line sizing,0,2,加拿大、美国,否
,spirax sarco condensate mixer,0,1,美国,否
,spirax sarco condensate pump and receiver,0,1,加拿大,否
,spirax sarco condensate pump installation,0,1,美国,否
,spirax sarco condensate pump package,0,1,美国,否
,spirax sarco condensate pump parts,0,2,加拿大、美国,否
,spirax sarco condensate pump ppcs,0,1,厄瓜多尔,否
,spirax sarco condensate pump ptc,0,1,美国,否
,spirax sarco condensate pump recovery,0,1,乌拉圭,否
,spirax sarco condensate pump sizing,0,1,美国,否
,spirax sarco condensate pump trap,0,3,澳大利亚、加拿大、美国,否
,spirax sarco condensate receiver tank,0,4,澳大利亚、加拿大、美国、秘鲁,否
,spirax sarco condensate recovery pdf,0,1,美国,否
,spirax sarco condensate recovery pump,0,1,美国,否
,spirax sarco condensate recovery system,0,1,美国,否
,spirax sarco condensate return,0,1,美国,否
,spirax sarco condensate return system,0,1,美国,否
,spirax sarco condensate return unit,0,2,加拿大、美国,否
,spirax sarco condensate tank,0,1,美国,否
,spirax sarco condensate vacuum vent,0,1,美国,否
,spirax sarco condensing vessel,0,1,塞尔维亚,否
,spirax sarco condenspot filter,0,1,荷兰,否
,spirax sarco conector pt2,0,1,巴拉圭,否
,spirax sarco connectors,0,1,葡萄牙,否
,spirax sarco contact email,0,1,美国,否
,spirax sarco continuous blowdown,0,1,智利,否
,spirax sarco continuous blowdown valve,0,1,智利,否
,spirax sarco control software sx-uni,0,1,智利,否
,spirax sarco control valve 93ad,0,1,波兰,是（ID 354）
,spirax sarco control valve actuators and positioners,0,3,澳大利亚、加拿大、美国,是（ID 354）
,spirax sarco control valve calibration,0,1,美国,是（ID 354）
,spirax sarco control valve catalogue,0,1,美国,是（ID 354）
,spirax sarco control valve characteristics,0,2,荷兰、美国,是（ID 354）
,spirax sarco control valve ke43,0,1,美国,是（ID 354）
,spirax sarco control valve open position,0,1,爱尔兰,是（ID 354）
,spirax sarco control valve v93ad,0,1,波兰,是（ID 354）
,spirax sarco control valves cad drawings,0,2,阿根廷、美国,是（ID 354）
,spirax sarco control-valve-sizing-for-steam-systems,0,1,危地马拉,是（ID 354）
,spirax sarco converter for mag 5000,0,1,美国,否
,spirax sarco conxcepcionb,0,1,智利,否
,spirax sarco cooling leg,0,1,丹麦,否
,spirax sarco cooling pot,0,1,加拿大,否
,spirax sarco cooling towers,0,1,新西兰,否
,spirax sarco cordoba,0,1,阿根廷,否
,spirax sarco corner horn and brine ave chloorkop,0,1,南非,否
,spirax sarco correo,0,1,秘鲁,否
,spirax sarco correspondence course,0,1,美国,否
,spirax sarco country of origin,0,2,美国、新加坡,否
,spirax sarco country origin,0,1,美国,否
,spirax sarco cp,0,1,智利,否
,spirax sarco cp od fluids,0,1,智利,否
,spirax sarco cp of fluids,0,1,智利,否
,spirax sarco cr,0,1,哥斯达黎加,否
,spirax sarco credit union,0,1,美国,否
,spirax sarco crn,0,1,美国,否
,spirax sarco cross reference,0,3,澳大利亚、加拿大、美国,否
,spirax sarco cru,0,1,中国香港,否
,spirax sarco csf26 filter,0,2,阿根廷、美国,否
,spirax sarco csm c 600,0,2,澳大利亚、美国,否
,spirax sarco csm e,0,1,美国,否
,spirax sarco csm-500,0,1,波兰,否
,spirax sarco csm-c,0,6,澳大利亚、比利时、荷兰、加拿大、美国、以色列,否
,spirax sarco csm-k,0,1,美国,否
,spirax sarco csmc,0,2,澳大利亚、美国,否
,spirax sarco ct y strainer,0,2,加拿大、美国,否
,spirax sarco ct y-strainer,0,2,加拿大、美国,否
,spirax sarco culinary steam,0,1,美国,否
,spirax sarco current share price,0,1,美国,否
,spirax sarco curso,0,1,墨西哥,否
,spirax sarco curso vapor,0,2,阿根廷、智利,否
,spirax sarco cursos 2018,0,1,阿根廷,否
,spirax sarco cursos 2019,0,2,阿根廷、墨西哥,否
,spirax sarco curvas de bombas,0,1,墨西哥,否
,spirax sarco curvas de bombas centrifugas,0,1,墨西哥,否
,spirax sarco customers,0,2,澳大利亚、美国,否
,spirax sarco cyber security,0,1,澳大利亚,否
,spirax sarco cyclonic,0,1,美国,否
,spirax sarco d363cvc,0,1,智利,否
,spirax sarco d6 course,0,1,印度,否
,spirax sarco dairy steam cleaner,0,1,蒙古,否
,spirax sarco dairy steam cleaner plc serie,0,1,蒙古,否
,spirax sarco dallas,0,1,美国,否
,spirax sarco dampfregelventil,0,2,美国、瑞士,否
,spirax sarco dampfregelventil mit ausgleich,0,1,美国,否
,spirax sarco dampftabelle,0,1,瑞士,否
,spirax sarco dampfventil,0,1,奥地利,否
,spirax sarco data sheets,0,2,澳大利亚、美国,否
,spirax sarco de venta en quito,0,1,厄瓜多尔,否
,spirax sarco deaerator head,0,1,美国,否
,spirax sarco dealers georgia,0,1,美国,否
,spirax sarco deer park tx,0,1,美国,否
,spirax sarco delhi,0,3,澳大利亚、美国、印度,否
,spirax sarco demand specialist,0,1,美国,否
,spirax sarco denver,0,1,美国,否
,spirax sarco desaireador,0,1,乌拉圭,否
,spirax sarco descargas,0,5,阿根廷、哥伦比亚、哥斯达黎加、秘鲁、墨西哥,否
,spirax sarco desgasificador,0,1,阿根廷,否
,spirax sarco desgasifier,0,1,乌拉圭,否
,spirax sarco design boiler video,0,1,玻利维亚,否
,spirax sarco design of condensate recovery system pdf,0,1,美国,否
,spirax sarco design of fluid,0,1,美国,否
,spirax sarco design of fluid system pdf,0,1,美国,否
,spirax sarco design of fluid systems hookups,0,1,美国,否
,spirax sarco design of fluid systems hookups pdf,0,2,俄罗斯、美国,否
,spirax sarco design of fluid systems pdf,0,1,美国,否
,spirax sarco design of fluid systems steam utilization,0,2,哥伦比亚、美国,否
,spirax sarco desuperheater calculations,0,1,美国,否
,spirax sarco df,0,3,澳大利亚、加拿大、美国,否
,spirax sarco df3,0,1,美国,否
,spirax sarco dfg 300,0,1,丹麦,否
,spirax sarco dfu,0,1,墨西哥,否
,spirax sarco dfu valcula de corte,0,1,墨西哥,否
,spirax sarco diaphragm actuator,0,1,委内瑞拉,否
,spirax sarco diary steam cleaner,0,1,蒙古,否
,spirax sarco diary steam cleaner working,0,1,蒙古,否
,spirax sarco dic welded,0,1,墨西哥,否
,spirax sarco diffuser installation,0,1,爱沙尼亚,否
,spirax sarco diffuser installation site spiraxsarco.com,0,1,爱沙尼亚,否
,spirax sarco digital cycle counter,0,1,美国,否
,spirax sarco digital transformation initiatives,0,1,美国,否
,spirax sarco dilatacion termica,0,1,哥斯达黎加,否
,spirax sarco direct acting pressure reducing valve,0,1,美国,是（ID 354）
,spirax sarco direct acting prv,0,1,美国,否
,spirax sarco direct acting valves,0,1,澳大利亚,否
,spirax sarco director general,0,1,哥斯达黎加,否
,spirax sarco director salary,0,1,美国,否
,spirax sarco distribuidor de flujo universal,0,1,墨西哥,否
,spirax sarco distribuidores estados unidos,0,1,哥伦比亚,否
,spirax sarco distribution,0,3,澳大利亚、加拿大、美国,否
,spirax sarco distributor nigeria,0,1,尼日利亚,否
,spirax sarco distributors california,0,2,澳大利亚、美国,否
,spirax sarco distributors florida,0,1,美国,否
,spirax sarco distributors in missouri,0,1,美国,否
,spirax sarco distributors jakarta,0,1,美国,否
,spirax sarco distributors michigan,0,1,美国,否
,spirax sarco distributors pa,0,1,美国,否
,spirax sarco diva flow meter,0,1,美国,否
,spirax sarco diva steam meter,0,1,美国,否
,spirax sarco dividend dates,0,1,美国,否
,spirax sarco dividend history,0,2,荷兰、美国,否
,spirax sarco dividend performance,0,1,荷兰,否
,spirax sarco dividends,0,1,美国,否
,spirax sarco dm582a,0,1,丹麦,否
,spirax sarco dn 50,0,1,墨西哥,否
,spirax sarco dn18,0,1,塞尔维亚,否
,spirax sarco dn25 pn16,0,1,美国,否
,spirax sarco dn32 pn16 25 datasheet,0,1,比利时,否
,spirax sarco dn32 pn16/25 datasheet,0,1,比利时,否
,spirax sarco dn40 pn16,0,2,丹麦、美国,否
,spirax sarco dn80,0,1,葡萄牙,否
,spirax sarco dn80 pn16 flange dimensions,0,1,澳大利亚,否
,spirax sarco document tis 5.202,0,1,美国,否
,spirax sarco downloads,0,4,荷兰、捷克共和国、美国、葡萄牙,否
,spirax sarco dp 143dn-80,0,1,波兰,否
,spirax sarco dp 17t,0,1,墨西哥,否
,spirax sarco dp143e,0,1,美国,否
,spirax sarco dp17e,0,1,美国,否
,spirax sarco dp17r,0,1,美国,否
,spirax sarco dp17s precio,0,1,委内瑞拉,否
,spirax sarco dp610,0,1,中国香港,否
,spirax sarco dpe 2-1 2 in drip pan elbow,0,1,美国,否
,spirax sarco drain trap,0,1,乌拉圭,是（ID 355）
,spirax sarco dri-line mk2,0,1,希腊,否
,spirax sarco dri-line mk3,0,1,希腊,否
,spirax sarco drip trap,0,1,美国,是（ID 355）
,spirax sarco drv2s,0,1,俄罗斯,否
,spirax sarco dry saturated steam,0,4,阿根廷、哥斯达黎加、美国、墨西哥,否
,spirax sarco dry saturated steam table,0,4,澳大利亚、比利时、加拿大、美国,否
,spirax sarco dry steam,0,1,斯洛伐克,否
,spirax sarco dry steam table,0,8,澳大利亚、哥伦比亚、哥斯达黎加、荷兰、加拿大、美国、新加坡、新西兰,否
,spirax sarco duitsland,0,1,荷兰,否
,spirax sarco duplex basket strainer,0,1,美国,否
,spirax sarco duplex condensate pump,0,2,加拿大、美国,否
,spirax sarco duplex pump package,0,1,美国,否
,spirax sarco duramix 8000,0,1,美国,否
,spirax sarco dv41,0,1,委内瑞拉,否
,spirax sarco dvc41,0,1,美国,否
,spirax sarco dystrybutor,0,1,波兰,否
,spirax sarco e 500,0,1,阿根廷,否
,spirax sarco e-bay,0,1,哥伦比亚,否
,spirax sarco e12,0,1,美国,否
,spirax sarco ea,0,1,波兰,否
,spirax sarco ea14e,0,1,波兰,否
,spirax sarco early careers -,0,1,澳大利亚,否
,spirax sarco earning date,0,1,中国香港,否
,spirax sarco ebay,0,1,尼加拉瓜,否
,spirax sarco economizador caldersa,0,1,阿根廷,否
,spirax sarco ecuacion de vapor,0,1,秘鲁,否
,spirax sarco eeu,0,1,哥伦比亚,否
,spirax sarco ejemplos,0,1,阿根廷,否
,spirax sarco ekonomizer,0,1,土耳其,否
,spirax sarco el7213ase,0,2,澳大利亚、比利时,否
,spirax sarco electric positioner,0,1,希腊,否
,spirax sarco electric steam generator,0,1,美国,否
,spirax sarco electromagnetic flow meter,0,1,美国,否
,spirax sarco eliminador de aire,0,1,墨西哥,否
,spirax sarco eliminador de ar h 17,0,1,墨西哥,否
,spirax sarco email address format,0,1,美国,否
,spirax sarco email format,0,2,加拿大、美国,否
,spirax sarco emco,0,1,美国,否
,spirax sarco emniyet ventili,0,1,土耳其,否
,spirax sarco empleo,0,3,阿根廷、哥伦比亚、墨西哥,否
,spirax sarco employee benefits,0,1,美国,否
,spirax sarco employee reviews,0,1,美国,否
,spirax sarco empresa,0,1,智利,否
,spirax sarco en francia,0,1,阿根廷,否
,spirax sarco en guayaquil,0,1,厄瓜多尔,否
,spirax sarco en toluca,0,1,墨西哥,否
,spirax sarco en-jl1040,0,1,匈牙利,否
,spirax sarco end markets,0,1,美国,否
,spirax sarco energy management solutions,0,1,美国,否
,spirax sarco energy service manager,0,1,美国,否
,spirax sarco energy solutions llc,0,1,美国,否
,spirax sarco eng,0,1,美国,否
,spirax sarco engineer,0,1,美国,否
,spirax sarco engineer salary,0,1,美国,否
,spirax sarco engineered systems,0,1,美国,否
,spirax sarco engineereing ltd,0,1,波兰,否
,spirax sarco engineering annual report,0,2,加拿大、美国,否
,spirax sarco engineering annual report 2016,0,1,罗马尼亚,否
,spirax sarco engineering annual report 2017,0,3,澳大利亚、罗马尼亚、美国,否
,spirax sarco engineering annual report 2018,0,2,罗马尼亚、美国,否
,spirax sarco engineering apprenticeships,0,1,美国,否
,spirax sarco engineering board of directors,0,1,美国,否
,spirax sarco engineering calculator,0,1,斯洛文尼亚,否
,spirax sarco engineering careers,0,3,澳大利亚、美国、墨西哥,否
,spirax sarco engineering ceo,0,1,美国,否
,spirax sarco engineering chiel,0,1,智利,否
,spirax sarco engineering company,0,2,加拿大、美国,否
,spirax sarco engineering contact,0,1,澳大利亚,否
,spirax sarco engineering email,0,1,美国,否
,spirax sarco engineering global graduate development programme,0,1,美国,否
,spirax sarco engineering graduate,0,2,澳大利亚、美国,否
,spirax sarco engineering grafico tecnico,0,1,智利,否
,spirax sarco engineering group,0,2,波兰、美国,否
,spirax sarco engineering investor relations,0,1,美国,否
,spirax sarco engineering limited,0,1,美国,否
,spirax sarco engineering logo,0,1,美国,否
,spirax sarco engineering news,0,1,美国,否
,spirax sarco engineering pl,0,1,美国,否
,spirax sarco engineering plc analyst price target disagreement,0,1,加拿大,否
,spirax sarco engineering plc annual report 2014,0,1,美国,否
,spirax sarco engineering plc annual report 2017,0,1,美国,否
,spirax sarco engineering plc annual report 2018,0,2,澳大利亚、美国,否
,spirax sarco engineering plc bullish and bearish analyst opinions,0,1,加拿大,否
,spirax sarco engineering plc careers,0,1,美国,否
,spirax sarco engineering plc ceo,0,1,美国,否
,spirax sarco engineering plc cfo,0,1,美国,否
,spirax sarco engineering plc email,0,1,美国,否
,spirax sarco engineering plc email address,0,1,美国,否
,spirax sarco engineering plc forecast and analysis,0,2,澳大利亚、加拿大,否
,spirax sarco engineering plc ft,0,2,美国、新加坡,否
,spirax sarco engineering plc investor presentation,0,1,美国,否
,spirax sarco engineering plc investor relations,0,1,美国,否
,spirax sarco engineering plc linkedin,0,1,美国,否
,spirax sarco engineering plc logo,0,1,美国,否
,spirax sarco engineering plc wiki,0,1,美国,否
,spirax sarco engineering plc www spiraxsarcoengineering com 2017 annual report,0,2,澳大利亚、美国,否
,spirax sarco engineering salary,0,1,美国,否
,spirax sarco engineering stock,0,3,巴拉圭、加拿大、新加坡,否
,spirax sarco engineering tutorials,0,2,澳大利亚、哥伦比亚,否
,spirax sarco enjs1025,0,4,澳大利亚、比利时、荷兰、加拿大,否
,spirax sarco entalpia,0,1,阿根廷,否
,spirax sarco enthalpy,0,1,乌拉圭,否
,spirax sarco enthalpy calculator,0,3,澳大利亚、南非、新西兰,否
,spirax sarco ep 305,0,2,阿根廷、俄罗斯,否
,spirax sarco ep 305 din 3443 dn80,0,1,阿根廷,否
,spirax sarco ep3 positioner,0,1,墨西哥,否
,spirax sarco ep305,0,1,阿根廷,否
,spirax sarco epr fn2sn3ntr,0,1,阿根廷,否
,spirax sarco ergonomia,0,1,阿根廷,否
,spirax sarco error 4,0,1,芬兰,否
,spirax sarco es000110,0,1,加拿大,否
,spirax sarco esperanza,0,1,阿根廷,否
,spirax sarco espesores de aislaciones,0,1,乌拉圭,否
,spirax sarco estacion de vapor,0,1,墨西哥,否
,spirax sarco estacion reductora de vapor,0,1,哥伦比亚,否
,spirax sarco ev141,0,1,比利时,否
,spirax sarco ev41,0,1,比利时,否
,spirax sarco evaporation rate,0,1,澳大利亚,否
,spirax sarco expansion joint,0,3,澳大利亚、哥斯达黎加、加拿大,否
,spirax sarco expansion loop,0,1,澳大利亚,否
,spirax sarco experiencia soluciones,0,1,墨西哥,否
,spirax sarco extranet,0,1,阿根廷,否
,spirax sarco eyector de vapor,0,1,乌拉圭,否
,spirax sarco f50,0,1,中国香港,否
,spirax sarco facebook,0,1,墨西哥,否
,spirax sarco faltenbalg absperrventil,0,1,荷兰,否
,spirax sarco fan,0,1,乌拉圭,否
,spirax sarco fc50,0,1,中国香港,否
,spirax sarco fig 106,0,1,墨西哥,否
,spirax sarco fig 32,0,1,阿根廷,否
,spirax sarco fig 33 strainer,0,1,中国香港,否
,spirax sarco filter regulator,0,1,荷兰,否
,spirax sarco filter tramp,0,1,哥伦比亚,否
,spirax sarco filter y,0,1,荷兰,否
,spirax sarco filtr sw,0,1,墨西哥,否
,spirax sarco filtro 33,0,1,墨西哥,否
,spirax sarco filtro at,0,1,阿根廷,否
,spirax sarco filtro at 3 4 bsp,0,1,阿根廷,否
,spirax sarco filtro at 3601210,0,1,阿根廷,否
,spirax sarco filtro bridado ci,0,1,秘鲁,否
,spirax sarco filtro de hierro fundido,0,1,阿根廷,否
,spirax sarco filtro fig 14,0,1,墨西哥,否
,spirax sarco filtro y 3 4,0,1,阿根廷,否
,spirax sarco filtro y 3 4 dimensiones,0,1,阿根廷,否
,spirax sarco financial calendar,0,1,加拿大,否
,spirax sarco financials morningstar,0,1,荷兰,否
,spirax sarco fitlros,0,1,阿根廷,否
,spirax sarco fjw-1 sarco,0,1,阿根廷,否
,spirax sarco flanged y strainer,0,1,加拿大,否
,spirax sarco flash steam recovery,0,1,澳大利亚,否
,spirax sarco flash steam recovery vessels,0,1,罗马尼亚,否
,spirax sarco flash vessels,0,1,阿根廷,否
,spirax sarco flexibility,0,1,墨西哥,否
,spirax sarco float steam trap,0,1,加拿大,是（ID 355）
,spirax sarco float trap selection,0,1,孟加拉国,是（ID 355）
,spirax sarco float trap sizing,0,1,孟加拉国,是（ID 355）
,spirax sarco flow coefficient,0,1,爱尔兰,否
,spirax sarco flow meter manual,0,1,乌克兰,否
,spirax sarco flow meter steam,0,1,阿根廷,否
,spirax sarco flr,0,1,乌拉圭,否
,spirax sarco fole,0,1,葡萄牙,否
,spirax sarco food and beverage,0,1,澳大利亚,否
,spirax sarco forbes marshall split,0,1,印度,否
,spirax sarco founded,0,1,塞尔维亚,否
,spirax sarco ft 145,0,1,厄瓜多尔,否
,spirax sarco ft 200,0,1,萨尔瓦多,否
,spirax sarco ft 4 5,0,1,土耳其,否
,spirax sarco ft 47h-08tv-dn 25,0,1,荷兰,否
,spirax sarco ft 55,0,4,阿根廷、巴拉圭、哥伦比亚、墨西哥,否
,spirax sarco ft 551,0,1,阿根廷,否
,spirax sarco ft traps,0,1,澳大利亚,是（ID 355）
,spirax sarco ft-15 float and thermostatic parallel pipe connections,0,1,加拿大,否
,spirax sarco ft-185,0,1,匈牙利,否
,spirax sarco ft-2075 steam trap,0,1,加拿大,是（ID 355）
,spirax sarco ft-44v,0,1,俄罗斯,否
,spirax sarco ft145,0,1,厄瓜多尔,否
,spirax sarco ft14c,0,1,澳大利亚,否
,spirax sarco ft15 capacity,0,1,加拿大,否
,spirax sarco ft15 steam trap,0,1,加拿大,是（ID 355）
,spirax sarco ft200,0,1,萨尔瓦多,否
,spirax sarco ft2075,0,1,加拿大,否
,spirax sarco ft2075 steam trap,0,1,加拿大,是（ID 355）
,spirax sarco ft4310,0,3,澳大利亚、比利时、荷兰,否
,spirax sarco ft43v,0,1,荷兰,否
,spirax sarco ft55,0,1,阿根廷,否
,spirax sarco ft55 tv,0,1,阿根廷,否
,spirax sarco ft57,0,1,俄罗斯,否
,spirax sarco ft57h,0,1,奥地利,否
,spirax sarco ft75,0,1,加拿大,否
,spirax sarco ftd,0,1,阿根廷,否
,spirax sarco ftd 2,0,1,阿根廷,否
,spirax sarco ftdh 2,0,1,阿根廷,否
,spirax sarco ftgs,0,1,波兰,否
,spirax sarco fv50,0,1,中国香港,否
,spirax sarco gas,0,1,阿根廷,否
,spirax sarco gas natural,0,1,阿根廷,否
,spirax sarco gas outlet,0,1,捷克共和国,否
,spirax sarco gate valve pn25,0,1,新西兰,否
,spirax sarco gauge 1000kpa,0,1,澳大利亚,否
,spirax sarco gauge 1571001000,0,1,澳大利亚,否
,spirax sarco generador de vapor,0,1,墨西哥,否
,spirax sarco generadores de vapor,0,1,墨西哥,否
,spirax sarco gerente,0,1,阿根廷,否
,spirax sarco gestion,0,1,墨西哥,否
,spirax sarco gg,0,1,波兰,否
,spirax sarco gg25,0,2,波兰、加拿大,否
,spirax sarco ghjlfv,0,1,俄罗斯,否
,spirax sarco gjs 100,0,1,荷兰,否
,spirax sarco global graduate engineer salary,0,1,印度,否
,spirax sarco global graduate programme salary,0,2,澳大利亚、加拿大,否
,spirax sarco globe control valve,0,1,澳大利亚,是（ID 354）
,spirax sarco globe valve installation,0,2,澳大利亚、墨西哥,否
,spirax sarco globe valve manual,0,1,墨西哥,否
,spirax sarco gmbh founded,0,1,塞尔维亚,否
,spirax sarco grad program,0,1,澳大利亚,否
,spirax sarco gradaute salary,0,1,希腊,否
,spirax sarco graduate program,0,1,澳大利亚,否
,spirax sarco graduate program ability test question,0,1,印度,否
,spirax sarco graduate programme 2019,0,1,墨西哥,否
,spirax sarco graduate programme salary,0,5,阿根廷、澳大利亚、加拿大、南非、希腊,否
,spirax sarco graduate salary,0,2,澳大利亚、南非,否
,spirax sarco graduates,0,1,澳大利亚,否
,spirax sarco graduation program selection,0,1,印度,否
,spirax sarco guide,0,1,希腊,否
,spirax sarco hanger,0,1,多米尼加共和国,否
,spirax sarco hanger support,0,1,多米尼加共和国,否
,spirax sarco hartmann,0,1,丹麦,否
,spirax sarco hawkes bay,0,1,新西兰,否
,spirax sarco heat pipe,0,1,芬兰,否
,spirax sarco heat tables,0,1,克罗地亚,否
,spirax sarco heating charge,0,1,乌拉圭,否
,spirax sarco heating coil for marine applications,0,1,中国香港,否
,spirax sarco heating with coils and jackets,0,1,加拿大,否
,spirax sarco herramientas,0,4,阿根廷、哥伦比亚、哥斯达黎加、墨西哥,否
,spirax sarco historia,0,2,哥伦比亚、秘鲁,否
,spirax sarco hiter crosby,0,1,爱尔兰,否
,spirax sarco hk,0,1,中国香港,否
,spirax sarco hm00 6,0,1,希腊,否
,spirax sarco hm00 7,0,1,中国香港,否
,spirax sarco hook up,0,1,厄瓜多尔,否
,spirax sarco hook up diagrams,0,1,加拿大,否
,spirax sarco hot well,0,1,澳大利亚,否
,spirax sarco hotwell tank,0,1,澳大利亚,否
,spirax sarco hotwell tanks,0,1,加拿大,否
,spirax sarco how to ensure dry steam,0,1,南非,否
,spirax sarco hr,0,1,加拿大,否
,spirax sarco hr email,0,1,新加坡,否
,spirax sarco hs-7300,0,1,葡萄牙,否
,spirax sarco hs-7300 datasheet,0,1,葡萄牙,否
,spirax sarco hwsus,0,1,智利,否
,spirax sarco ib 10 condensate recovery,0,1,希腊,否
,spirax sarco il1,0,1,俄罗斯,否
,spirax sarco imi 2.3041,0,1,加拿大,否
,spirax sarco in service training 2018,0,1,南非,否
,spirax sarco in25,0,1,立陶宛,否
,spirax sarco inc asbestos,0,1,澳大利亚,否
,spirax sarco incendio,0,1,阿根廷,否
,spirax sarco industry,0,1,澳大利亚,否
,spirax sarco industry sector,0,1,罗马尼亚,否
,spirax sarco infiintata,0,1,罗马尼亚,否
,spirax sarco information book the boiler house,0,1,中国香港,否
,spirax sarco informe de sustentabilidad,0,1,阿根廷,否
,spirax sarco inglaterra,0,1,阿根廷,否
,spirax sarco initial condensate,0,1,乌拉圭,否
,spirax sarco inox,0,1,秘鲁,否
,spirax sarco inox 41574,0,1,秘鲁,否
,spirax sarco ins15,0,1,乌拉圭,否
,spirax sarco instalaciones dee vapor,0,1,阿根廷,否
,spirax sarco insulation,0,1,乌拉圭,否
,spirax sarco intercambiadores de calor,0,1,厄瓜多尔,否
,spirax sarco interview review,0,1,加拿大,否
,spirax sarco introduces new compact heat exchanger,0,1,斯洛文尼亚,否
,spirax sarco investments limited,0,1,韩国,否
,spirax sarco investor,0,1,荷兰,否
,spirax sarco inyector de vapor,0,1,阿根廷,否
,spirax sarco ir,0,1,比利时,否
,spirax sarco isimatik,0,1,土耳其,否
,spirax sarco isolation valves,0,2,澳大利亚、加拿大,否
,spirax sarco jackets,0,1,乌克兰,否
,spirax sarco jalisco,0,1,墨西哥,否
,spirax sarco jl1040,0,1,挪威,否
,spirax sarco jn massachusetts,0,1,印度,否
,spirax sarco jordan co,0,1,以色列,否
,spirax sarco jutrzenki,0,1,波兰,否
,spirax sarco jutrzenki 98,0,1,波兰,否
,spirax sarco jy 2,0,1,澳大利亚,否
,spirax sarco k series with peek seat class vi,0,1,加拿大,否
,spirax sarco k14 npt,0,1,加拿大,否
,spirax sarco k14 npt vent,0,1,加拿大,否
,spirax sarco kalkulator,0,1,波兰,否
,spirax sarco kalkulator entalpia,0,1,波兰,否
,spirax sarco kariyer,0,1,土耳其,否
,spirax sarco katalog pdf,0,1,荷兰,否
,spirax sarco ke31,0,1,波兰,否
,spirax sarco ke43ptuss.2,0,1,爱沙尼亚,否
,spirax sarco ke43ptuss.2-kvs370,0,1,爱沙尼亚,否
,spirax sarco kh 1071 t,0,3,澳大利亚、比利时、加拿大,否
,spirax sarco kitap,0,1,土耳其,否
,spirax sarco klapy,0,1,波兰,否
,spirax sarco knowledge,0,2,波兰、乌拉圭,否
,spirax sarco kondens pompa,0,1,土耳其,否
,spirax sarco kondensatavledare,0,1,瑞典,否
,spirax sarco kondenspot,0,1,土耳其,否
,spirax sarco kondenstop fiyat listesi,0,1,土耳其,否
,spirax sarco kondenstop tipi,0,1,土耳其,否
,spirax sarco koulutus,0,1,芬兰,否
,spirax sarco kpinie,0,1,波兰,否
,spirax sarco krs,0,1,波兰,否
,spirax sarco kugelschwimmerkondensatableiter,0,1,澳大利亚,否
,spirax sarco kurs,0,1,瑞士,否
,spirax sarco kv calculator,0,1,瑞士,否
,spirax sarco kzn,0,1,南非,否
,spirax sarco laboratorio,0,1,墨西哥,否
,spirax sarco laboratorio mty,0,1,墨西哥,否
,spirax sarco lauhteenpoistimet,0,1,芬兰,否
,spirax sarco lc 2200 controller,0,1,澳大利亚,否
,spirax sarco lc3000 pdf,0,1,波兰,否
,spirax sarco lcs1000,0,1,塞尔维亚,否
,spirax sarco learning,0,1,墨西哥,否
,spirax sarco level probe,0,1,土耳其,否
,spirax sarco level switch,0,1,土耳其,否
,spirax sarco library 3d,0,1,秘鲁,否
,spirax sarco libro gratis,0,1,阿根廷,否
,spirax sarco lietuvoje,0,1,立陶宛,否
,spirax sarco limited company profile,0,1,日本,否
,spirax sarco lisboa,0,1,葡萄牙,否
,spirax sarco literature,0,4,澳大利亚、加拿大、新加坡、新西兰,否
,spirax sarco ll33 ptsuss.2,0,1,波兰,否
,spirax sarco logos,0,1,阿根廷,否
,spirax sarco lolombia,0,1,厄瓜多尔,否
,spirax sarco loop,0,1,墨西哥,否
,spirax sarco losses steam,0,1,乌拉圭,否
,spirax sarco losses steam orifice,0,1,乌拉圭,否
,spirax sarco lp 10,0,1,阿根廷,否
,spirax sarco lp-st-4,0,1,加拿大,否
,spirax sarco lsb 3 3v 2p 220v,0,1,阿根廷,否
,spirax sarco lsb3 3v 2p 220v,0,1,阿根廷,否
,spirax sarco lt 2010 pdf,0,1,波兰,否
,spirax sarco lt10-4,0,1,墨西哥,否
,spirax sarco lt2010 pdf,0,1,波兰,否
,spirax sarco ltd linkedin,0,1,澳大利亚,否
,spirax sarco luftudlader,0,1,丹麦,否
,spirax sarco m1 v2,0,1,阿根廷,否
,spirax sarco m10hi2,0,1,阿根廷,否
,spirax sarco m10v2rb,0,1,委内瑞拉,否
,spirax sarco m10vi4,0,1,阿根廷,否
,spirax sarco m111,0,1,中国香港,否
,spirax sarco m140,0,1,阿根廷,否
,spirax sarco m20,0,1,阿根廷,否
,spirax sarco m200 manual,0,1,韩国,否
,spirax sarco m200g manual,0,1,韩国,否
,spirax sarco m250,0,1,阿根廷,否
,spirax sarco m33,0,1,中国香港,否
,spirax sarco m33f2,0,1,秘鲁,否
,spirax sarco m5,0,1,阿根廷,否
,spirax sarco m5 3p 316 pt 3 4,0,1,阿根廷,否
,spirax sarco m60 ti,0,1,中国香港,否
,spirax sarco m60g,0,1,中国香港,否
,spirax sarco m60v,0,1,中国香港,否
,spirax sarco m7iv,0,1,葡萄牙,否
,spirax sarco magnetic flow meter,0,2,澳大利亚、加拿大,否
,spirax sarco magnetic level switch,0,1,罗马尼亚,否
,spirax sarco magnetrol,0,1,阿根廷,否
,spirax sarco mail,0,2,比利时、智利,否
,spirax sarco main valve assembly 114180,0,1,俄罗斯,否
,spirax sarco maintenance,0,1,南非,否
,spirax sarco maintenance kit 905034833,0,1,秘鲁,否
,spirax sarco maintence,0,1,南非,否
,spirax sarco mamas,0,1,阿根廷,否
,spirax sarco management team,0,3,澳大利亚、比利时、加拿大,否
,spirax sarco manifold,0,2,秘鲁、委内瑞拉,否
,spirax sarco manifold de 6 bar,0,1,秘鲁,否
,spirax sarco manizales,0,1,哥伦比亚,否
,spirax sarco manometer,0,1,丹麦,否
,spirax sarco manometer with transducer,0,1,比利时,否
,spirax sarco manual ingeniero,0,1,智利,否
,spirax sarco manual redes de vapor,0,1,阿根廷,否
,spirax sarco manuales,0,1,阿根廷,否
,spirax sarco marketing,0,15,阿根廷、澳大利亚、比利时、俄罗斯、哥伦比亚、韩国、荷兰、加拿大、墨西哥、南非、塞尔维亚、土耳其、乌克兰、以色列、印度,否
,spirax sarco marketing strategy,0,1,波兰,否
,spirax sarco markham,0,1,加拿大,否
,spirax sarco mechanical traps,0,1,乌拉圭,是（ID 355）
,spirax sarco medellin,0,1,哥伦比亚,否
,spirax sarco medidores de agua,0,1,墨西哥,否
,spirax sarco mejico,0,1,秘鲁,否
,spirax sarco mercado libre,0,1,阿根廷,否
,spirax sarco meters,0,2,新加坡、印度,否
,spirax sarco mezcladora de agua,0,1,阿根廷,否
,spirax sarco mf regulacyjny,0,1,波兰,否
,spirax sarco mfr14 price,0,1,希腊,否
,spirax sarco michigan,0,2,澳大利亚、新西兰,否
,spirax sarco microturbine,0,2,乌拉圭、匈牙利,否
,spirax sarco middelfart,0,1,丹麦,否
,spirax sarco milan,0,1,阿根廷,否
,spirax sarco mini mono spi,0,1,波兰,否
,spirax sarco minimonospi,0,1,波兰,否
,spirax sarco mision,0,1,墨西哥,否
,spirax sarco mixing water calculator,0,1,澳大利亚,否
,spirax sarco mkii,0,1,阿根廷,否
,spirax sarco model 3d,0,2,哥伦比亚、墨西哥,否
,spirax sarco model download,0,1,新西兰,否
,spirax sarco modelo 211s,0,1,墨西哥,否
,spirax sarco modelo valve,0,1,墨西哥,否
,spirax sarco modulating steam valve,0,1,澳大利亚,否
,spirax sarco module,0,2,土耳其、乌拉圭,否
,spirax sarco modules,0,1,阿根廷,否
,spirax sarco montage,0,1,荷兰,否
,spirax sarco montague gardens,0,1,南非,否
,spirax sarco motive steam calculator,0,1,南非,否
,spirax sarco motorized control valve pneumatic revit,0,1,加拿大,是（ID 354）
,spirax sarco ms pn16,0,1,捷克共和国,否
,spirax sarco msds,0,1,澳大利亚,否
,spirax sarco mst 18,0,1,阿根廷,否
,spirax sarco mst 30 ac,0,1,阿根廷,否
,spirax sarco mts 30 ac,0,1,阿根廷,否
,spirax sarco mty numero,0,1,墨西哥,否
,spirax sarco mx1m,0,1,乌克兰,否
,spirax sarco n.v,0,2,比利时、荷兰,否
,spirax sarco nedir,0,1,土耳其,否
,spirax sarco needle valve,0,2,澳大利亚、俄罗斯,否
,spirax sarco nelspruit,0,2,津巴布韦、纳米比亚,否
,spirax sarco net worth,0,2,澳大利亚、加拿大,否
,spirax sarco neuquen,0,1,阿根廷,否
,spirax sarco nicholas j anderson,0,1,葡萄牙,否
,spirax sarco niittytie,0,1,芬兰,否
,spirax sarco nip,0,1,波兰,否
,spirax sarco nit,0,1,哥伦比亚,否
,spirax sarco nl,0,1,荷兰,否
,spirax sarco no serial 255189,0,1,墨西哥,否
,spirax sarco normas,0,1,墨西哥,否
,spirax sarco notice of intent florida 2026,0,1,荷兰,否
,spirax sarco nts sxs 1703,0,1,匈牙利,否
,spirax sarco nts sxs1703,0,1,匈牙利,否
,spirax sarco occ,0,1,墨西哥,否
,spirax sarco odwadniacz po angielsku,0,1,波兰,否
,spirax sarco offerte lavoro,0,1,爱尔兰,否
,spirax sarco online,0,1,加拿大,否
,spirax sarco online sizing software,0,2,澳大利亚、乌拉圭,否
,spirax sarco online sizing software steam jet thermocompressor,0,1,乌拉圭,否
,spirax sarco online software,0,1,阿根廷,否
,spirax sarco online steam table,0,2,哥伦比亚、哥斯达黎加,否
,spirax sarco online steam tables,0,2,乌拉圭、中国香港,否
,spirax sarco online training,0,1,澳大利亚,否
,spirax sarco ontluchter,0,1,荷兰,否
,spirax sarco opinie,0,1,波兰,否
,spirax sarco opleidingen,0,1,荷兰,否
,spirax sarco oransal vana,0,1,土耳其,否
,spirax sarco organigrama,0,2,哥斯达黎加、智利,否
,spirax sarco origen,0,1,阿根廷,否
,spirax sarco overseas limited,0,3,阿根廷、哥伦比亚、墨西哥,否
,spirax sarco overseas ltd,0,1,波兰,否
,spirax sarco oy,0,1,芬兰,否
,spirax sarco p20,0,1,中国香港,否
,spirax sarco p25 3d,0,1,墨西哥,否
,spirax sarco p25 instrucciones vapor,0,1,哥伦比亚,否
,spirax sarco p25 regulator instalacion,0,1,哥伦比亚,否
,spirax sarco p58178,0,1,澳大利亚,否
,spirax sarco p58178-a,0,1,澳大利亚,否
,spirax sarco p58178a,0,1,澳大利亚,否
,spirax sarco pa42p,0,1,荷兰,否
,spirax sarco para,0,1,波兰,否
,spirax sarco paraguay,0,1,巴拉圭,否
,spirax sarco parent company,0,1,加拿大,否
,spirax sarco part drawings,0,1,澳大利亚,否
,spirax sarco pendiente tuberia,0,1,智利,否
,spirax sarco pendientes en vapor,0,1,墨西哥,否
,spirax sarco peport,0,1,乌克兰,否
,spirax sarco peristaltic pump,0,1,乌拉圭,否
,spirax sarco pero,0,1,秘鲁,否
,spirax sarco pf61g2nc,0,1,比利时,否
,spirax sarco piezas 3d,0,1,墨西哥,否
,spirax sarco pilot bulb,0,1,厄瓜多尔,否
,spirax sarco pilot bulb 10,0,1,厄瓜多尔,否
,spirax sarco pilot operated pressure reducing valve,0,3,澳大利亚、荷兰、加拿大,是（ID 354）
,spirax sarco pilot operated temperature regulator,0,1,澳大利亚,否
,spirax sarco pipe design,0,1,南非,否
,spirax sarco pipe losses,0,1,乌拉圭,否
,spirax sarco pipe losses steam calculator,0,1,乌拉圭,否
,spirax sarco pipe support,0,1,多米尼加共和国,否
,spirax sarco piping,0,1,阿根廷,否
,spirax sarco piston valve,0,1,澳大利亚,否
,spirax sarco pistonlu vanalar,0,1,土耳其,否
,spirax sarco planta,0,1,墨西哥,否
,spirax sarco planta apodaca,0,1,墨西哥,否
,spirax sarco planta en don torcuatto,0,1,阿根廷,否
,spirax sarco plate heat exchangers,0,1,智利,否
,spirax sarco plc annual report 2017,0,1,澳大利亚,否
,spirax sarco plc headoffice,0,1,荷兰,否
,spirax sarco pmc,0,1,阿根廷,否
,spirax sarco pmo,0,1,阿根廷,否
,spirax sarco pmo pdf,0,1,阿根廷,否
,spirax sarco pn 15 80,0,1,希腊,否
,spirax sarco pn 25 js1030,0,1,哥伦比亚,否
,spirax sarco pn 3220,0,2,白俄罗斯、希腊,否
,spirax sarco pn 3320,0,1,白俄罗斯,否
,spirax sarco pn 3420,0,1,哥伦比亚,否
,spirax sarco pn 3430,0,1,委内瑞拉,否
,spirax sarco pn 3436,0,1,奥地利,否
,spirax sarco pn 40,0,1,秘鲁,否
,spirax sarco pn 420,0,1,哥伦比亚,否
,spirax sarco pn 4420 pn16 dn32,0,1,葡萄牙,否
,spirax sarco pn 9123,0,1,阿根廷,否
,spirax sarco pn 9123 change e to r,0,1,乌克兰,否
,spirax sarco pn 9123 plaqueta electronica,0,1,阿根廷,否
,spirax sarco pn1000,0,1,墨西哥,否
,spirax sarco pn12,0,1,哥伦比亚,否
,spirax sarco pn16 en-js1025,0,1,墨西哥,否
,spirax sarco pn25 cf8m 1.4408,0,1,哥伦比亚,否
,spirax sarco pn25 ggg40,0,2,哥伦比亚、墨西哥,否
,spirax sarco pn25 ggg40.3,0,1,墨西哥,否
,spirax sarco pn25 ggg403,0,1,俄罗斯,否
,spirax sarco pn3436,0,1,奥地利,否
,spirax sarco pn61200,0,1,哥伦比亚,否
,spirax sarco pn9000 manual,0,1,澳大利亚,否
,spirax sarco pn9337e,0,2,阿根廷、墨西哥,否
,spirax sarco pn9420,0,1,哥伦比亚,否
,spirax sarco pneumatic control valve,0,2,加拿大、新加坡,是（ID 354）
,spirax sarco pns420,0,1,哥伦比亚,否
,spirax sarco pompa kondensatu porcjowe,0,1,波兰,否
,spirax sarco pompy porcjowe,0,1,波兰,否
,spirax sarco porter,0,1,波兰,否
,spirax sarco posicionador,0,1,厄瓜多尔,否
,spirax sarco posicionador la llave,0,1,厄瓜多尔,否
,spirax sarco positioner card,0,1,墨西哥,否
,spirax sarco positioner epl,0,1,墨西哥,否
,spirax sarco positioner epl-da15n4tl,0,1,墨西哥,否
,spirax sarco positioner epl-da1sn4tl,0,1,墨西哥,否
,spirax sarco positioner manual,0,3,澳大利亚、加拿大、墨西哥,否
,spirax sarco ppc pump,0,1,阿根廷,否
,spirax sarco praca opinie,0,1,波兰,否
,spirax sarco precios,0,1,墨西哥,否
,spirax sarco presentacion,0,2,阿根廷、秘鲁,否
,spirax sarco pressure powered pump pdf,0,1,加拿大,否
,spirax sarco pressure relief valve sizing,0,1,加拿大,是（ID 354）
,spirax sarco pressure safety valve,0,1,荷兰,是（ID 354）
,spirax sarco price book filetype pdf,0,1,乌克兰,否
,spirax sarco product overview,0,1,加拿大,否
,spirax sarco productos,0,3,阿根廷、哥伦比亚、秘鲁,否
,spirax sarco products and services,0,1,加拿大,否
,spirax sarco products psv,0,1,南非,否
,spirax sarco properties,0,1,厄瓜多尔,否
,spirax sarco proyecto,0,1,墨西哥,否
,spirax sarco prs,0,1,新西兰,否
,spirax sarco przelicznik,0,1,波兰,否
,spirax sarco psv,0,3,韩国、荷兰、加拿大,否
,spirax sarco psychrometric chart download,0,1,南非,否
,spirax sarco psyscometric exam video,0,1,印度,否
,spirax sarco pt,0,1,捷克共和国,否
,spirax sarco pt-25,0,1,墨西哥,否
,spirax sarco pt1,0,1,中国香港,否
,spirax sarco ptc 3x2,0,1,智利,否
,spirax sarco ptc 3x2 price,0,1,智利,否
,spirax sarco pump trap installation,0,1,智利,否
,spirax sarco pumpp trap,0,1,智利,是（ID 355）
,spirax sarco pure steam generator,0,1,匈牙利,否
,spirax sarco purga,0,1,阿根廷,否
,spirax sarco push beam trolley,0,1,南非,否
,spirax sarco pvt ltd,0,1,新加坡,否
,spirax sarco que es,0,1,危地马拉,否
,spirax sarco quide steam and condensate services,0,1,希腊,否
,spirax sarco quien es,0,1,墨西哥,否
,spirax sarco r,0,1,韩国,否
,spirax sarco ravel electronics pvt ltd,0,1,印度,否
,spirax sarco rb12,0,1,墨西哥,否
,spirax sarco recursos,0,2,阿根廷、智利,否
,spirax sarco recursos humanos,0,1,阿根廷,否
,spirax sarco reduceer,0,2,比利时、荷兰,否
,spirax sarco reduceer irv-2,0,1,荷兰,否
,spirax sarco reducer irv2,0,1,荷兰,否
,spirax sarco referencia pn9123e,0,1,哥伦比亚,否
,spirax sarco referencia sv74xn,0,1,哥伦比亚,否
,spirax sarco refrigerant properties,0,1,厄瓜多尔,否
,spirax sarco region centralny,0,1,波兰,否
,spirax sarco register,0,1,哥伦比亚,否
,spirax sarco reguladoras de vapor dp25,0,1,哥伦比亚,否
,spirax sarco reguladoras de vapor p 25,0,1,哥伦比亚,否
,spirax sarco reguladoras de vapor pn25,0,1,哥伦比亚,否
,spirax sarco reguladoras para aire,0,1,墨西哥,否
,spirax sarco reguladores de vapor,0,1,厄瓜多尔,否
,spirax sarco regulating valve,0,2,丹麦、新加坡,否
,spirax sarco relief valve sizing,0,1,加拿大,否
,spirax sarco replacement kit,0,1,希腊,否
,spirax sarco representante,0,1,阿根廷,否
,spirax sarco research,0,1,波兰,否
,spirax sarco resources calculator,0,1,危地马拉,否
,spirax sarco resources calculators steam flow heat rate,0,1,哥伦比亚,否
,spirax sarco resources steam tables,0,4,阿根廷、哥伦比亚、哥斯达黎加、墨西哥,否
,spirax sarco resources steam tables saturated,0,7,阿根廷、哥伦比亚、加拿大、墨西哥、瑞典、新西兰、中国香港,否
,spirax sarco revenue 2024,0,1,加拿大,否
,spirax sarco revit families,0,3,荷兰、加拿大、乌克兰,否
,spirax sarco revit family,0,1,墨西哥,否
,spirax sarco revolt,0,1,加拿大,否
,spirax sarco rociadores,0,1,阿根廷,否
,spirax sarco roscada,0,1,委内瑞拉,否
,spirax sarco rp,0,1,葡萄牙,否
,spirax sarco rp 824,0,1,葡萄牙,否
,spirax sarco rut,0,1,智利,否
,spirax sarco rv12,0,1,墨西哥,否
,spirax sarco rv2c,0,1,墨西哥,否
,spirax sarco s,0,1,加拿大,否
,spirax sarco s.a cuit online,0,1,阿根廷,否
,spirax sarco sa cuit,0,1,阿根廷,否
,spirax sarco sa cuit online,0,1,阿根廷,否
,spirax sarco sa kondenzno garne,0,1,保加利亚,否
,spirax sarco sa linkedin,0,1,委内瑞拉,否
,spirax sarco sa yellow pages,0,1,南非,否
,spirax sarco sa8,0,1,俄罗斯,否
,spirax sarco safety valve 570,0,1,加拿大,是（ID 354）
,spirax sarco safety valve sales,0,1,印度,是（ID 354）
,spirax sarco safety valve sales brochure,0,1,印度,是（ID 354）
,spirax sarco safety valves warranty,0,1,立陶宛,是（ID 354）
,spirax sarco sales engineer salary,0,1,智利,否
,spirax sarco sanitari automatic air and gas vents stainless steel,0,1,捷克共和国,否
,spirax sarco sanitary pressure regulator,0,1,加拿大,否
,spirax sarco saturated steam line,0,1,墨西哥,否
,spirax sarco saturated steam properties,0,1,墨西哥,否
,spirax sarco saturated steam table,0,4,比利时、哥斯达黎加、加拿大、墨西哥,否
,spirax sarco saturated steam tables,0,10,比利时、俄罗斯、哥斯达黎加、荷兰、加拿大、墨西哥、南非、瑞士、土耳其、中国香港,否
,spirax sarco saturated water,0,1,哥斯达黎加,否
,spirax sarco saturated water table,0,4,加拿大、新加坡、新西兰、印度,否
,spirax sarco schulung,0,1,瑞士,否
,spirax sarco schweiz mitarbeiter,0,1,瑞士,否
,spirax sarco scv,0,1,加拿大,否
,spirax sarco scv cfm8,0,1,加拿大,否
,spirax sarco scv8,0,1,加拿大,否
,spirax sarco sedi,0,1,加拿大,否
,spirax sarco selection software,0,2,哥伦比亚、加拿大,否
,spirax sarco seleecion trampasde vapor,0,1,哥伦比亚,否
,spirax sarco self acting temperature controls,0,1,加拿大,否
,spirax sarco selfacting temperature control valve,0,1,加拿大,是（ID 354）
,spirax sarco sello,0,1,墨西哥,否
,spirax sarco seminar,0,1,加拿大,否
,spirax sarco sensor chamber,0,1,中国香港,否
,spirax sarco sensor of oxygen,0,1,秘鲁,否
,spirax sarco separador de humedad,0,1,墨西哥,否
,spirax sarco separador de humedad cad,0,1,墨西哥,否
,spirax sarco separate chambers,0,1,丹麦,否
,spirax sarco separate chambers meaning,0,1,丹麦,否
,spirax sarco separator price,0,1,委内瑞拉,否
,spirax sarco seperator stainless,0,1,斯洛文尼亚,否
,spirax sarco serie-25 e-bay,0,1,哥伦比亚,否
,spirax sarco series 25 manual,0,1,芬兰,否
,spirax sarco series 25 type 591-22 manual,0,1,芬兰,否
,spirax sarco service,0,1,摩尔多瓦,否
,spirax sarco serwis,0,1,波兰,否
,spirax sarco sf1,0,1,塞尔维亚,否
,spirax sarco sf2,0,1,南非,否
,spirax sarco sg,0,2,俄罗斯、新加坡,否
,spirax sarco shanghai,0,1,瑞典,否
,spirax sarco share prices,0,1,比利时,否
,spirax sarco shares price,0,1,比利时,否
,spirax sarco shell heat excahnger,0,1,智利,否
,spirax sarco shell heat exchanger,0,1,智利,否
,spirax sarco sight check,0,1,葡萄牙,否
,spirax sarco sii,0,1,智利,否
,spirax sarco sil,0,1,波兰,否
,spirax sarco silencer,0,1,挪威,否
,spirax sarco silhan,0,1,捷克共和国,否
,spirax sarco siphon,0,1,比利时,否
,spirax sarco slavina,0,1,塞尔维亚,否
,spirax sarco slavina cena,0,1,塞尔维亚,否
,spirax sarco slope on steam,0,1,波兰,否
,spirax sarco smart dp transmitter,0,1,尼日利亚,否
,spirax sarco sn 203794,0,1,厄瓜多尔,否
,spirax sarco snap 4,0,1,委内瑞拉,否
,spirax sarco snavssamler,0,1,丹麦,否
,spirax sarco socios,0,1,墨西哥,否
,spirax sarco software sx-uni,0,1,智利,否
,spirax sarco solenoid,0,1,俄罗斯,否
,spirax sarco solenoid valve,0,1,俄罗斯,否
,spirax sarco solenoid valves catalogue,0,1,俄罗斯,否
,spirax sarco solidworks,0,1,哥伦比亚,否
,spirax sarco soporte tecnico,0,1,墨西哥,否
,spirax sarco soporteria y expansion tuberia,0,1,危地马拉,否
,spirax sarco sp 301,0,1,哥伦比亚,否
,spirax sarco sp 301 tipo 4x,0,1,哥伦比亚,否
,spirax sarco sp 303,0,2,哥伦比亚、挪威,否
,spirax sarco sp z o.o krs,0,1,波兰,否
,spirax sarco sp z oo,0,2,比利时、波兰,否
,spirax sarco sp. z o.o,0,3,比利时、荷兰、以色列,否
,spirax sarco sp2,0,1,匈牙利,否
,spirax sarco sp2 smart positioner pdf,0,1,墨西哥,否
,spirax sarco sp303,0,1,哥伦比亚,否
,spirax sarco sp400ls,0,1,拉脱维亚,否
,spirax sarco sparge pipe,0,1,印度,否
,spirax sarco spira pump,0,1,俄罗斯,否
,spirax sarco spirapump,0,1,俄罗斯,否
,spirax sarco spiratrol,0,1,巴拉圭,否
,spirax sarco spirax sarco needle valve,0,1,俄罗斯,否
,spirax sarco spol s ro,0,1,捷克共和国,否
,spirax sarco sps,0,1,俄罗斯,否
,spirax sarco srl italiam milan,0,1,墨西哥,否
,spirax sarco srv,0,1,荷兰,否
,spirax sarco ss1,0,1,中国香港,否
,spirax sarco ss3 strainer,0,1,厄瓜多尔,否
,spirax sarco st17,0,1,乌拉圭,否
,spirax sarco stainless steel ball valve,0,1,中国香港,是（ID 354）
,spirax sarco staps isa100 wireless,0,1,哥伦比亚,否
,spirax sarco staps wireless,0,1,哥伦比亚,否
,spirax sarco steam air eliminator,0,1,智利,否
,spirax sarco steam and condensate loop,0,1,乌拉圭,否
,spirax sarco steam and condensate loop book download,0,1,印度,否
,spirax sarco steam calc,0,1,捷克共和国,否
,spirax sarco steam calculations,0,3,南非、新西兰、印度,否
,spirax sarco steam condensate pipe sizing,0,1,印度,否
,spirax sarco steam condensate removal,0,1,南非,否
,spirax sarco steam condensing vessels,0,1,罗马尼亚,否
,spirax sarco steam consumption of plant,0,1,中国香港,否
,spirax sarco steam cooler,0,1,罗马尼亚,否
,spirax sarco steam design manual,0,3,南非、新加坡、印度,否
,spirax sarco steam diagram,0,1,斯洛文尼亚,否
,spirax sarco steam engineering filetype pdf,0,1,捷克共和国,否
,spirax sarco steam engineering principles and heat transfer filetype pdf,0,1,捷克共和国,否
,spirax sarco steam engineering principles and heat transfers,0,1,玻利维亚,否
,spirax sarco steam engineering tutorials pdf,0,5,荷兰、斯洛伐克、新加坡、新西兰、印度,否
,spirax sarco steam expansion,0,3,新加坡、新西兰、印度,否
,spirax sarco steam expantion joint,0,1,新西兰,否
,spirax sarco steam handbook,0,2,比利时、荷兰,否
,spirax sarco steam header design,0,1,新西兰,否
,spirax sarco steam impurity filter strainer,0,1,智利,否
,spirax sarco steam jacket,0,1,尼日利亚,否
,spirax sarco steam jet thermocompressor calculator,0,1,哥伦比亚,否
,spirax sarco steam line design,0,1,土耳其,否
,spirax sarco steam lock release,0,1,哥斯达黎加,否
,spirax sarco steam main,0,1,乌拉圭,否
,spirax sarco steam mains and drainage,0,2,厄瓜多尔、乌拉圭,否
,spirax sarco steam manifolds,0,1,芬兰,否
,spirax sarco steam news,0,1,哥伦比亚,否
,spirax sarco steam non return valve,0,1,荷兰,否
,spirax sarco steam pipe slope,0,2,墨西哥、智利,否
,spirax sarco steam pressure,0,1,墨西哥,否
,spirax sarco steam pressure regulator,0,1,墨西哥,否
,spirax sarco steam recovery vessels,0,1,罗马尼亚,否
,spirax sarco steam reducing valve,0,1,尼加拉瓜,否
,spirax sarco steam strainer,0,4,荷兰、希腊、以色列、印度,否
,spirax sarco steam table pdf,0,1,比利时,否
,spirax sarco steam table saturated,0,9,比利时、哥伦比亚、哥斯达黎加、墨西哥、南非、瑞士、新加坡、新西兰、印度,否
,spirax sarco steam tables calculator,0,14,比利时、丹麦、俄罗斯、哥伦比亚、哥斯达黎加、荷兰、墨西哥、南非、瑞典、瑞士、土耳其、乌拉圭、新西兰、中国香港,否
,spirax sarco steam tables free download,0,1,哥斯达黎加,否
,spirax sarco steam tables online,0,10,比利时、俄罗斯、哥伦比亚、哥斯达黎加、荷兰、墨西哥、南非、瑞士、新加坡、中国香港,否
,spirax sarco steam tables us,0,10,比利时、俄罗斯、哥伦比亚、哥斯达黎加、墨西哥、南非、瑞士、新加坡、新西兰、中国香港,否
,spirax sarco steam tank water heater,0,1,墨西哥,否
,spirax sarco steam tools,0,1,墨西哥,否
,spirax sarco steam tools app,0,2,哥伦比亚、墨西哥,否
,spirax sarco steam trap app,0,1,墨西哥,是（ID 355）
,spirax sarco steam trap cad,0,1,印度,是（ID 355）
,spirax sarco steam trap ft-15 1 in bm 50927,0,1,墨西哥,是（ID 355）
,spirax sarco steam trap image,0,1,孟加拉国,是（ID 355）
,spirax sarco steam trap monitoring system,0,2,荷兰、以色列,是（ID 355）
,spirax sarco steam trap orifice size,0,1,新西兰,是（ID 355）
,spirax sarco steam trap safety factor,0,1,哥斯达黎加,是（ID 355）
,spirax sarco steam trap tables,0,1,哥伦比亚,是（ID 355）
,spirax sarco steam trap types,0,2,荷兰、印度,是（ID 355）
,spirax sarco steam traps distributors,0,1,印度,是（ID 355）
,spirax sarco steam traps ft 15,0,2,新西兰、印度,是（ID 355）
,spirax sarco steam traps price list,0,1,印度,是（ID 355）
,spirax sarco steam tutorial,0,1,荷兰,否
,spirax sarco steam valve specification,0,1,爱尔兰,否
,spirax sarco steam water heater,0,1,墨西哥,否
,spirax sarco steam water mixer,0,1,厄瓜多尔,否
,spirax sarco steam water washdown unit,0,1,厄瓜多尔,否
,spirax sarco steam y strainers,0,1,荷兰,否
,spirax sarco steam/water mixing valve,0,1,以色列,否
,spirax sarco steamtables,0,1,荷兰,否
,spirax sarco stellenangebote,0,1,瑞士,否
,spirax sarco stgs14,0,1,白俄罗斯,否
,spirax sarco stockholm,0,1,瑞典,否
,spirax sarco stoomcursus,0,2,比利时、荷兰,否
,spirax sarco stoomfilter,0,1,荷兰,否
,spirax sarco stoomtabel,0,1,荷兰,否
,spirax sarco stoomtabellen,0,1,荷兰,否
,spirax sarco straight strainer type fig 12sg,0,1,哥伦比亚,否
,spirax sarco strainer fig 33,0,1,荷兰,否
,spirax sarco strainer mesh,0,1,印度,否
,spirax sarco straps isa100 wireless,0,1,哥伦比亚,否
,spirax sarco strategy analyse,0,1,波兰,否
,spirax sarco strategy analysis,0,1,波兰,否
,spirax sarco strategy marketing product custumer,0,1,波兰,否
,spirax sarco structure of group,0,1,波兰,否
,spirax sarco stw 24,0,1,波兰,否
,spirax sarco stw24,0,1,波兰,否
,spirax sarco sub saturated water,0,2,哥斯达黎加、墨西哥,否
,spirax sarco subcooled liquid,0,1,哥斯达黎加,否
,spirax sarco subcooled water,0,1,哥斯达黎加,否
,spirax sarco sucursales,0,1,墨西哥,否
,spirax sarco superheated,0,1,荷兰,否
,spirax sarco superheated steam table,0,1,哥斯达黎加,否
,spirax sarco superheated steam tables,0,13,俄罗斯、哥伦比亚、哥斯达黎加、荷兰、墨西哥、南非、瑞士、土耳其、新加坡、新西兰、以色列、印度、中国香港,否
,spirax sarco superheated steam tables pdf,0,8,俄罗斯、哥伦比亚、哥斯达黎加、墨西哥、南非、瑞士、新加坡、中国香港,否
,spirax sarco supplier contract,0,1,南非,否
,spirax sarco supports,0,1,多米尼加共和国,否
,spirax sarco sv,0,1,挪威,否
,spirax sarco sv 900,0,1,瑞士,否
,spirax sarco sv5601,0,1,巴拉圭,否
,spirax sarco sv606,0,1,乌克兰,否
,spirax sarco sv80,0,1,印度,否
,spirax sarco swing check valve,0,1,印度,是（ID 354）
,spirax sarco swot,0,1,波兰,否
,spirax sarco swot analysis,0,1,波兰,否
,spirax sarco sx 65,0,1,葡萄牙,否
,spirax sarco sx95,0,1,波兰,否
,spirax sarco szkolenia,0,1,波兰,否
,spirax sarco t a125,0,2,比利时、以色列,否
,spirax sarco t25,0,1,智利,否
,spirax sarco t3,0,1,荷兰,否
,spirax sarco tabel,0,1,荷兰,否
,spirax sarco tabla de conversiones,0,1,危地马拉,否
,spirax sarco tabla de vapor,0,2,厄瓜多尔、墨西哥,否
,spirax sarco tabla vapor saturado,0,2,哥伦比亚、萨尔瓦多,否
,spirax sarco tablas de agua,0,1,哥伦比亚,否
,spirax sarco tablas de vapor vapor saturado,0,1,乌拉圭,否
,spirax sarco tablas vapor saturado,0,1,哥伦比亚,否
,spirax sarco tablas vapor sobrecalentado,0,1,乌拉圭,否
,spirax sarco table,0,1,乌克兰,否
,spirax sarco table of steam,0,1,乌克兰,否
,spirax sarco tablice parowe,0,1,波兰,否
,spirax sarco tank heat loss,0,1,土耳其,否
,spirax sarco tank surface heat loss,0,1,土耳其,否
,spirax sarco tank water heater,0,1,墨西哥,否
,spirax sarco tanque de agua caliente,0,1,墨西哥,否
,spirax sarco tanque flash 38 kg,0,1,乌拉圭,否
,spirax sarco tax id,0,1,墨西哥,否
,spirax sarco td 32,0,1,瑞士,否
,spirax sarco td4252,0,1,哥伦比亚,否
,spirax sarco td43l,0,1,韩国,否
,spirax sarco tds 52 iso tapa dn25 1,0,1,秘鲁,否
,spirax sarco tds52,0,1,秘鲁,否
,spirax sarco tds52 iso tapa 1,0,1,秘鲁,否
,spirax sarco tds52 iso tapa dn25 1,0,1,秘鲁,否
,spirax sarco team loop,0,1,墨西哥,否
,spirax sarco technical manual,0,1,希腊,否
,spirax sarco teknik bilgiler,0,1,土耳其,否
,spirax sarco telefonos,0,1,智利,否
,spirax sarco temperature control software,0,1,智利,否
,spirax sarco temperature control software sx-uni,0,1,智利,否
,spirax sarco temperature pilot,0,1,新加坡,否
,spirax sarco temperature regulators,0,1,芬兰,否
,spirax sarco termocompresor,0,1,委内瑞拉,否
,spirax sarco termocompresores,0,1,墨西哥,否
,spirax sarco termodinamik kondenstop,0,1,土耳其,否
,spirax sarco termodyanmic steam traps,0,1,乌拉圭,是（ID 355）
,spirax sarco texas,0,1,墨西哥,否
,spirax sarco tf14,0,1,智利,否
,spirax sarco tf14 manual,0,1,智利,否
,spirax sarco th-125,0,1,俄罗斯,否
,spirax sarco th25,0,1,俄罗斯,否
,spirax sarco the boiler house,0,1,中国香港,否
,spirax sarco the steam and concendensate loop,0,1,乌拉圭,否
,spirax sarco the steam and condensate loop,0,2,哥斯达黎加、乌拉圭,否
,spirax sarco thermocompressor,0,1,以色列,否
,spirax sarco thermodynamic steam trap cad drawing,0,1,南非,是（ID 355）
,spirax sarco thermodynamische condenspot,0,1,荷兰,否
,spirax sarco thermostatic steam traps,0,1,芬兰,是（ID 355）
,spirax sarco threaded strainer,0,1,尼日利亚,否
,spirax sarco thremal relief valve,0,1,爱尔兰,否
,spirax sarco throttle valve,0,1,新加坡,否
,spirax sarco throttle valve comparison,0,1,新加坡,否
,spirax sarco throttle valve comparison filetype pdf,0,1,新加坡,否
,spirax sarco ti-2-314 ft-200,0,1,厄瓜多尔,否
,spirax sarco ti-p192-01,0,1,墨西哥,否
,spirax sarco ti-p403-57,0,1,中国香港,否
,spirax sarco ti-p403-57 ab issue 8,0,1,中国香港,否
,spirax sarco ti-p404-03,0,1,中国香港,否
,spirax sarco ti-p404-03 ab issue 8,0,1,中国香港,否
,spirax sarco ti-po 17-07,0,1,智利,否
,spirax sarco ti-po17-07,0,1,智利,否
,spirax sarco ti/p,0,3,比利时、荷兰、以色列,否
,spirax sarco tis 3.030,0,1,厄瓜多尔,否
,spirax sarco tlv7,0,1,墨西哥,否
,spirax sarco tochterunternehmen,0,1,瑞士,否
,spirax sarco toluca,0,1,墨西哥,否
,spirax sarco tools,0,4,哥伦比亚、哥斯达黎加、秘鲁、墨西哥,否
,spirax sarco torreon,0,1,墨西哥,否
,spirax sarco tosic,0,1,波兰,否
,spirax sarco tosik,0,1,波兰,否
,spirax sarco totalisateur,0,1,比利时,否
,spirax sarco tour 2017,0,1,捷克共和国,否
,spirax sarco trackid sp-006,0,1,墨西哥,否
,spirax sarco trade nosis,0,1,委内瑞拉,否
,spirax sarco training 2019,0,1,荷兰,否
,spirax sarco training b1,0,1,荷兰,否
,spirax sarco training center,0,1,荷兰,否
,spirax sarco training pdf,0,1,巴拉圭,否
,spirax sarco tramp,0,2,哥伦比亚、墨西哥,否
,spirax sarco trap safety factor,0,1,智利,是（ID 355）
,spirax sarco trnava,0,1,斯洛伐克,否
,spirax sarco tultitlan,0,1,墨西哥,否
,spirax sarco turkmenistan,0,1,瑞典,否
,spirax sarco tutorial cad 2010,0,1,委内瑞拉,否
,spirax sarco tutorial cad pdf,0,1,委内瑞拉,否
,spirax sarco tutorial pdf,0,1,委内瑞拉,否
,spirax sarco twin float steam trap,0,1,尼日利亚,是（ID 355）
,spirax sarco type 20,0,1,乌克兰,否
,spirax sarco type 20 for clean steam,0,1,乌克兰,否
,spirax sarco type 4,0,1,芬兰,否
,spirax sarco type 4 dn100,0,1,芬兰,否
,spirax sarco type 4 dn16 dn100,0,1,芬兰,否
,spirax sarco type 4 pressure,0,1,芬兰,否
,spirax sarco type 4 repair,0,1,芬兰,否
,spirax sarco type 40,0,1,芬兰,否
,spirax sarco type pn933oe,0,1,墨西哥,否
,spirax sarco type s,0,1,丹麦,否
,spirax sarco typical site steam leaks,0,1,南非,否
,spirax sarco ukraine,0,1,荷兰,否
,spirax sarco unit converter,0,1,荷兰,否
,spirax sarco uv,0,1,葡萄牙,否
,spirax sarco uv rp,0,1,葡萄牙,否
,spirax sarco uv rp 824,0,1,葡萄牙,否
,spirax sarco v93ad,0,1,波兰,否
,spirax sarco vacantes,0,1,墨西哥,否
,spirax sarco vacature,0,2,比利时、荷兰,否
,spirax sarco vacatures,0,1,荷兰,否
,spirax sarco vadodara,0,2,新西兰、印度,否
,spirax sarco vakuumbrecher,0,1,瑞士,否
,spirax sarco valores,0,1,墨西哥,否
,spirax sarco valores mision vision,0,1,墨西哥,否
,spirax sarco valve calculator,0,1,荷兰,否
,spirax sarco valve catalogue pdf,0,1,荷兰,否
,spirax sarco valve dimensions,0,1,乌克兰,否
,spirax sarco valve logo,0,1,孟加拉国,否
,spirax sarco valve positioner,0,1,荷兰,否
,spirax sarco valve price list,0,1,荷兰,否
,spirax sarco valves data sheet,0,1,爱尔兰,否
,spirax sarco valves pdf,0,1,荷兰,否
,spirax sarco vana,0,1,土耳其,否
,spirax sarco vanalar,0,1,土耳其,否
,spirax sarco vandudlader,0,1,丹麦,否
,spirax sarco vapor posicionador,0,1,玻利维亚,否
,spirax sarco vapor recalentado,0,2,墨西哥、乌拉圭,否
,spirax sarco vapor sobrecalentado,0,1,墨西哥,否
,spirax sarco vb14instal,0,1,哥斯达黎加,否
,spirax sarco vcv-2,0,1,委内瑞拉,否
,spirax sarco venta en guanajuato,0,1,墨西哥,否
,spirax sarco ventas,0,1,墨西哥,否
,spirax sarco ventiladores,0,1,乌拉圭,否
,spirax sarco ventiler,0,1,瑞典,否
,spirax sarco venttiili,0,1,芬兰,否
,spirax sarco venturi steam trap,0,1,斯洛文尼亚,是（ID 355）
,spirax sarco versus,0,1,罗马尼亚,否
,spirax sarco vessel,0,1,墨西哥,否
,spirax sarco vht2,0,1,斯洛文尼亚,否
,spirax sarco vht8,0,1,荷兰,否
,spirax sarco video interview,0,1,印度,否
,spirax sarco video interview questions,0,2,爱尔兰、印度,否
,spirax sarco videos,0,1,墨西哥,否
,spirax sarco viscosity control unit,0,1,印度,否
,spirax sarco visor de flujo,0,1,秘鲁,否
,spirax sarco visor de fluxo,0,1,秘鲁,否
,spirax sarco vm13,0,1,捷克共和国,否
,spirax sarco vmd,0,1,俄罗斯,否
,spirax sarco vrv-25,0,1,哥斯达黎加,否
,spirax sarco vs-204 instal,0,1,哥斯达黎加,否
,spirax sarco vzla,0,1,委内瑞拉,否
,spirax sarco water,0,1,哥斯达黎加,否
,spirax sarco water properties,0,2,哥斯达黎加、印度,否
,spirax sarco water properties calculator,0,1,哥斯达黎加,否
,spirax sarco water treatment automatic,0,1,新西兰,否
,spirax sarco wcv,0,1,中国香港,否
,spirax sarco wcv2v,0,1,中国香港,否
,spirax sarco webinar,0,1,罗马尼亚,否
,spirax sarco webshop,0,1,荷兰,否
,spirax sarco wet steam table,0,5,哥伦比亚、哥斯达黎加、南非、新加坡、新西兰,否
,spirax sarco wfi generator,0,1,匈牙利,否
,spirax sarco wfi stiller,0,1,匈牙利,否
,spirax sarco what is steam,0,1,芬兰,否
,spirax sarco wzierniki,0,1,波兰,否
,spirax sarco xs,0,1,秘鲁,否
,spirax sarco y strainer dimensions,0,1,印度,否
,spirax sarco y-strainer catalog,0,2,比利时、荷兰,否
,spirax sarco yhteystiedot,0,1,芬兰,否
,spirax sarco youla,0,1,俄罗斯,否
,spirax sarco zawory kulowe,0,1,波兰,否
,spirax sarco zawory odmulajace,0,1,波兰,否
,spirax sarco zg,0,1,俄罗斯,否
,spirax sarco zg 25,0,1,俄罗斯,否
,spirax sarco zvedac kondenzatu,0,1,捷克共和国,否
,spirax sarco.,0,2,比利时、荷兰,否
,spirax sarco.c,0,1,乌克兰,否
,spirax sarco.com,0,2,比利时、荷兰,否
,spirax sarcon,0,1,芬兰,否
,spirax-sarco 4037990 1 2,0,1,俄罗斯,否
,spirax-sarco 4037990 1 4,0,1,俄罗斯,否
,spirax-sarco aktiebolag,0,1,瑞典,否
,spirax-sarco aktiebolag vd,0,1,瑞典,否
,spirax-sarco assurecnce,0,1,罗马尼亚,否
,spirax-sarco audit report,0,1,罗马尼亚,否
,spirax-sarco audit report 2015,0,1,罗马尼亚,否
,spirax-sarco audit report 2016,0,1,罗马尼亚,否
,spirax-sarco audit report 2017,0,1,罗马尼亚,否
,spirax-sarco chiba,0,1,希腊,否
,spirax-sarco company profile,0,1,荷兰,否
,spirax-sarco competitors,0,1,荷兰,否
,spirax-sarco dividend,0,1,比利时,否
,spirax-sarco dividend performance,0,1,荷兰,否
,spirax-sarco eng,0,1,韩国,否
,spirax-sarco engineering p l c,0,2,比利时、荷兰,否
,spirax-sarco engineering plc companies house,0,1,新加坡,否
,spirax-sarco engineering plc review,0,1,新加坡,否
,spirax-sarco engineering plc stock,0,2,比利时、荷兰,否
,spirax-sarco engineering plc zoominfo,0,1,印度,否
,spirax-sarco engineering share price,0,1,比利时,否
,spirax-sarco engineering stock price,0,1,荷兰,否
,spirax-sarco engineering subsidiaries,0,1,比利时,否
,spirax-sarco engineering watson-marlow pty limited,0,1,中国香港,否
,spirax-sarco engr,0,1,葡萄牙,否
,spirax-sarco engr company,0,1,葡萄牙,否
,spirax-sarco honeywell,0,1,波兰,否
,spirax-sarco inc clean steam separator,0,1,斯洛伐克,否
,spirax-sarco indeed,0,1,墨西哥,否
,spirax-sarco istoric,0,1,罗马尼亚,否
,spirax-sarco limited 66387,0,1,哥伦比亚,否
,spirax-sarco overseas ltd shareholder,0,1,波兰,否
,spirax-sarco share price spx market cap,0,1,保加利亚,否
,spirax-sarco software pscs,0,1,俄罗斯,否
,spirax-sarco stock,0,1,荷兰,否
,spirax.sarco,0,3,比利时、荷兰、以色列,否
,spirax/sarco,0,3,比利时、荷兰、以色列,否
,sprzedam spirax sarco odwadniacz,0,1,波兰,否
,spx spirax sarco,0,1,新加坡,否
,st14 spirax sarco,0,1,危地马拉,否
,staps spirax sarco,0,1,墨西哥,否
,steam accumulator spirax sarco,0,1,印度,否
,steam and condensate loop spirax sarco,0,1,哥伦比亚,否
,steam and condensate loop spirax sarco amazon,0,1,哥伦比亚,否
,steam bellow spirax sarco,0,1,津巴布韦,否
,steam calculator spirax sarco,0,8,爱沙尼亚、保加利亚、俄罗斯、荷兰、拉脱维亚、挪威、葡萄牙、斯洛伐克,否
,steam condensate pump spirax sarco convert to compressed air,0,1,南非,否
,steam diffuser installation spirax sarco,0,1,爱沙尼亚,否
,steam ejector control spirax sarco,0,1,南非,否
,steam engineering spirax sarco,0,1,荷兰,否
,steam engineering tutorials spirax sarco,0,4,哥伦比亚、哥斯达黎加、秘鲁、墨西哥,否
,steam filter pn63 spirax sarco,0,1,白俄罗斯,否
,steam filter spirax sarco,0,1,白俄罗斯,否
,steam flow sheet spirax sarco,0,1,葡萄牙,否
,steam flow through prv spirax sarco,0,1,印度,否
,steam line sizing spirax sarco,0,3,南非、新西兰、印度,否
,steam main spirax sarco pdf,0,1,乌拉圭,否
,steam properties spirax sarco,0,2,荷兰、印度,否
,steam spirax sarco,0,2,比利时、荷兰,否
,steam spirax sarco pdf,0,1,乌拉圭,否
,steam spirax sarco red,0,1,厄瓜多尔,否
,steam system spirax sarco,0,1,墨西哥,否
,steam table calculator spirax sarco,0,2,哥伦比亚、墨西哥,否
,steam table calculator spirax sarco quality,0,1,墨西哥,否
,steam table spirax sarco pdf,0,1,印度,否
,steam trap calculator spirax sarco,0,1,墨西哥,是（ID 355）
,steam trap pipe design spirax sarco,0,1,南非,是（ID 355）
,steam trap spirax sarco ft 30 installation,0,1,哥伦比亚,是（ID 355）
,steam trap spirax sarco ft30,0,1,哥伦比亚,是（ID 355）
,steam trap spirax sarco ft30 instalation,0,1,哥伦比亚,是（ID 355）
,steam trap thermodynamic spirax sarco,0,1,墨西哥,是（ID 355）
,steam tutorial spirax sarco,0,1,印度,否
,steam tutorial spirax sarco pdf,0,1,墨西哥,否
,steam valve spirax sarco,0,2,拉脱维亚、挪威,是（ID 354）
,steamtrap spirax sarco,0,1,比利时,是（ID 355）
,steamtrap spirax sarco tri clamp,0,1,比利时,是（ID 355）
,sterilization of air filter spirax sarco,0,1,印度,否
,stms spirax sarco descargar,0,1,委内瑞拉,否
,stoomtabel spirax sarco,0,1,荷兰,否
,strainer 33 spirax sarco,0,1,波兰,否
,strainer spirax sarco,0,3,比利时、荷兰、以色列,否
,strainer y spirax sarco 767,0,1,智利,否
,strategie 3 diagram product customer spirax sarco,0,1,波兰,否
,stream buffer spirax sarco,0,1,保加利亚,否
,sts13 spirax sarco,0,1,墨西哥,否
,sts17 spirax sarco,0,2,比利时、荷兰,否
,stvm spirax sarco,0,1,哥斯达黎加,否
,sungyoon baek spirax sarco,0,1,韩国,否
,superheated steam spirax sarco,0,1,哥斯达黎加,否
,superheated steam table spirax sarco,0,3,荷兰、新西兰、印度,否
,surveillance purge sonde spirax sarco,0,1,比利时,否
,surveillance purge spirax sarco,0,1,比利时,否
,sv 56 spirax sarco,0,1,巴拉圭,否
,sv 5708 spirax sarco,0,1,秘鲁,否
,sv56 spirax sarco,0,1,巴拉圭,否
,sv5708 spirax sarco,0,2,厄瓜多尔、秘鲁,否
,sv604 spirax sarco,0,1,芬兰,否
,sv69l spirax sarco,0,1,巴拉圭,否
,swp 01 spirax sarco,0,1,波兰,否
,sx2000 spirax sarco,0,1,乌克兰,否
,sx40 spirax sarco,0,1,乌克兰,否
,sygnalizator lc3000 spirax sarco,0,1,波兰,否
,sygnalizator lc3000 spirax sarco cena,0,1,波兰,否
,t-p022-01 spirax sarco,0,1,巴拉圭,否
,t2 spirax sarco,0,1,厄瓜多尔,否
,tabla agua subenfriada spirax sarco,0,1,哥伦比亚,否
,tabla de conversiones spirax sarco,0,1,墨西哥,否
,tabla de vapor de spirax sarco,0,1,哥伦比亚,否
,tabla vapor sobrecalentado spirax sarco,0,1,乌拉圭,否
,tabla vapor spirax sarco,0,1,哥伦比亚,否
,tablas de agua spirax sarco,0,1,哥伦比亚,否
,tablas de vapor de agua spirax sarco,0,1,乌拉圭,否
,tablas de vapor sobrecalentado spirax sarco,0,3,哥伦比亚、墨西哥、乌拉圭,否
,tablas de vapor spirax sarco online,0,1,哥伦比亚,否
,tablas termodinamicas spirax sarco,0,1,秘鲁,否
,tablas vapor spirax sarco,0,2,墨西哥、乌拉圭,否
,tank shell heat coefficient spirax sarco,0,1,土耳其,否
,tanque alimentacion spirax sarco,0,1,智利,否
,tanque de alimentacion spirax sarco,0,2,哥伦比亚、墨西哥,否
,tanque de condensados spirax sarco,0,2,厄瓜多尔、墨西哥,否
,tanque de purgas spirax sarco,0,2,哥伦比亚、墨西哥,否
,tanque fv8 spirax sarco,0,1,哥伦比亚,否
,tanque vapor flash spirax sarco,0,1,哥斯达黎加,否
,tanques de alimentacion para calderas spirax sarco,0,1,乌拉圭,否
,td 32 fa spirax sarco,0,1,土耳其,否
,tds 52 spirax sarco pdf,0,1,墨西哥,否
,telefono spirax sarco,0,2,墨西哥、智利,否
,temperature control system spirax sarco,0,1,孟加拉国,否
,temperature control valve spirax sarco,0,1,以色列,是（ID 354）
,termocompresor spirax sarco,0,1,哥伦比亚,否
,tf14 spirax sarco,0,1,墨西哥,否
,the steam and condensate loop book spirax sarco 2014,0,1,哥伦比亚,否
,the steam and condensate loop book spirax sarco pdf,0,1,哥伦比亚,否
,thermal gauge spirax sarco,0,1,乌克兰,否
,thermodynamics steam traps horizontal vertical spirax sarco,0,1,乌拉圭,是（ID 355）
,thermostatic spirax sarco,0,1,匈牙利,否
,thermoton spirax sarco,0,1,哥伦比亚,否
,tiendas spirax sarco,0,1,墨西哥,否
,tip d17 g spirax sarco,0,1,塞尔维亚,否
,tip d17 g spirax sarco cena,0,1,塞尔维亚,否
,tip d17 spirax sarco cena,0,1,塞尔维亚,否
,tipos de vapor de agua spirax sarco,0,1,墨西哥,否
,tlv o spirax sarco,0,1,墨西哥,否
,tlv spirax sarco,0,1,毛里求斯,否
,tlv vs spirax sarco,0,1,秘鲁,否
,tom sharpe spirax sarco,0,1,印度,否
,tom sharpe spirax sarco contact,0,1,印度,否
,top news spirax-sarco in gbp139 million takeover bid for thermocoax,0,1,新加坡,否
,topol spirax sarco,0,1,斯洛文尼亚,否
,trabajo en spirax sarco,0,1,秘鲁,否
,traducir spirax sarco straight strainer,0,1,哥伦比亚,否
,traductor spirax sarco,0,1,墨西哥,否
,trama de vapor spirax sarco ft 75,0,1,哥伦比亚,否
,trama de vapor spirax sarco ft75,0,1,哥伦比亚,否
,tramapas de vapor spirax sarco,0,1,墨西哥,否
,transmisor temperatura pt100 spirax-sarco,0,1,智利,否
,transmitter differentielle spirax sarco,0,1,比利时,否
,transmitter spirax sarco,0,1,比利时,否
,trap location spirax sarco,0,1,乌拉圭,是（ID 355）
,trap spirax sarco,0,1,墨西哥,是（ID 355）
,trap steam 3 4 ft-15 spirax sarco,0,1,墨西哥,是（ID 355）
,turbinas spirax sarco,0,1,哥斯达黎加,否
,tutorial spirax sarco,0,1,哥伦比亚,否
,up1-124-hl-sp spirax sarco,0,1,俄罗斯,否
,vacuum pump spirax sarco,0,1,乌拉圭,否
,value discipline spirax sarco,0,1,波兰,否
,valv reductora spirax sarco,0,1,秘鲁,否
,valve cryogenic spirax sarco,0,1,危地马拉,否
,vapor recalentado spirax sarco,0,1,乌拉圭,否
,vapor saturado spirax sarco,0,2,哥伦比亚、乌拉圭,否
,vapor spirax sarco pdf,0,1,智利,否
,vertriebsingenieur spirax sarco,0,1,瑞士,否
,vertriebsingenieur spirax sarco schweiz,0,1,瑞士,否
,video calderas spirax sarco,0,1,智利,否
,video de calderas spirax sarco,0,1,秘鲁,否
,videos de spirax sarco,0,1,厄瓜多尔,否
,videos spirax sarco vapor,0,1,秘鲁,否
,visor de 1 spirax sarco,0,1,乌拉圭,否
,visor de flujo1 spirax sarco,0,1,巴拉圭,否
,visor doble mirilla spirax sarco,0,1,秘鲁,否
,visor doble ventana bronce spirax sarco,0,1,秘鲁,否
,vs204 spirax sarco,0,1,哥伦比亚,否
,vtgo arm pil p vap 6902215 spirax sarco,0,1,巴拉圭,否
,vtgo arm pil p vap spirax sarco,0,1,巴拉圭,否
,warm up condensate spirax sarco,0,1,乌拉圭,否
,water flow indicator spirax sarco,0,1,印度,否
,water separator spirax sarco,0,1,韩国,否
,water separator spirax sarco pressure drop,0,1,韩国,否
,water separator spirax sarco pressure drop 12,0,1,韩国,否
,watson marlow ltd spirax sarco,0,1,荷兰,否
,wav spirax sarco,0,1,俄罗斯,否
,weakness analyse spirax sarco,0,1,波兰,否
,weakness analysis spirax sarco,0,1,波兰,否
,weakness spirax sarco,0,1,波兰,否
,what is spirax sarco,0,2,比利时、南非,否
,where can a buy spirax sarco products,0,1,南非,否
,where doi use spirax sarco products,0,1,南非,否
,why to join spirax sarco,0,1,印度,否
,wiki spirax-sarco,0,1,波兰,否
,www spirax sarco com,0,2,比利时、荷兰,否
,www.spirax sarco.com ar,0,1,哥斯达黎加,否
,yahoo spirax sarco engineering plc,0,1,葡萄牙,否
,zastopstvo spirax sarco,0,1,斯洛文尼亚,否
