Keyword,Intent,Volume,KD,CPC,类型,备注
spirax sarco,Commercial,4400,54,0.71,brand,
spirax sarco share price,Informational,4400,23,1.90,exclude,斯派莎克 股价
spirax sarco argentina,Commercial,1900,23,0.49,address,
spirax sarco inc.,Commercial,1600,33,0.65,brand,
spirax sarco company,Commercial,880,31,0.18,brand,
spirax sarco engineering share price,Informational,720,20,0.00,exclude,斯派莎克 工程股价
spirax sarco india,Commercial,720,23,0.33,address,斯派莎克 印度
spirax sarco india private limited,Commercial,720,28,0.64,address,斯派莎克 印度私人有限公司
spirax sarco india pvt ltd,Commercial,720,30,0.51,address,斯派莎克 印度私人有限公司
spirax sarco cheltenham,Commercial,480,30,1.48,address,英国
spirax sarco inc,Commercial,480,25,0.73,brand,
spirax sarco steam traps,Commercial+Navigational,480,13,1.6,category,
spirax sarco canada,Commercial,320,20,0.47,address,加拿大
spirax sarco canada limited,Commercial,260,19,0.94,address,加拿大
spirax sarco france,Commercial,260,24,0.93,address,斯派莎克 法国
spirax sarco ftse 100,Informational,260,18,0.00,product,
spirax sarco shares,Informational,260,21,1.25,exclude,斯派莎克 股票
spirax sarco canada ltd,Commercial,210,21,0.97,address,加拿大
spirax sarco cotia,Commercial,210,25,0.64,,
spirax sarco northcroft house,Informational,210,12,0.00,,
spirax sarco pte ltd,Commercial,210,14,0.00,contact,斯派莎克 私人有限公司
spirax sarco singapore,Commercial,210,20,1.06,address,斯派莎克 新加坡
spirax sarco steam trap,Commercial,210,8,1.6,category,
spirax sarco usa,Commercial,210,10,0.67,brand,
spirax sarco cheltenham jobs,Transactional,170,12,0.12,,
spirax sarco engineering,Informational,170,34,0.88,brand,
spirax sarco jobs,Transactional,170,11,0.12,exclude,斯派莎克 招聘
spirax sarco pty ltd,Commercial,170,24,0.63,contact,斯派莎克 有限公司
spirax sarco steam tables,Commercial,170,20,0.00,category,
hiter controls - grupo spirax sarco,,140,,0.00,,
spirax sarco chile,Commercial,140,24,0.64,address,斯派莎克 智利
spirax sarco engineering plc,Informational,140,33,1.21,brand,
spirax sarco south africa,Commercial,140,20,1.82,address,斯派莎克 南非
spirax sarco steam check valve,Informational+Navigational,140,9,0,category,
spirax sarco uk,Commercial,140,31,0.73,address,斯派莎克 英国
spirax-sarco,,140,,0.71,,
spirax sarco ag,Commercial+Navigational,110,20,2.37,,斯派莎克 AG 公司
spirax sarco aktie,Informational,110,20,0.00,,
spirax sarco australia,Commercial,110,20,0.98,address,斯派莎克 澳大利亚
spirax sarco blythewood sc,Commercial,110,14,1.33,address,斯派莎克 布莱斯伍德 南卡罗来纳州
spirax sarco brasil,Commercial,110,21,0.44,address,巴西
spirax sarco careers,Transactional,110,20,0.00,brand,
spirax sarco ggg40,Informational,110,0,0,product,
spirax sarco italy,,110,,0.64,,
spirax sarco konstanz,Commercial,110,25,1.75,,
spirax sarco new zealand limited,Commercial,110,20,0.00,,
spirax sarco runnings road cheltenham,Informational+Navigational,110,24,0.98,address,斯派莎克 切尔滕纳姆拉宁斯路
spirax sarco srl,Commercial,110,20,0.22,,斯派莎克 SRL 公司
spirax sarco uk cheltenham,Commercial,110,38,0.98,address,斯派莎克 英国切尔滕纳姆
sarco spirax,Informational+Commercial,90,20,0.39,,
spirax sarco ft43,Informational+Navigational,90,7,0.00,product,
spirax sarco ft43 10,Informational+Navigational,90,8,0.00,product,
spirax sarco gmbh,Commercial,90,22,0.00,address,斯派莎克 GmbH 公司
spirax sarco limited,Informational+Commercial,90,29,0.77,contact,斯派莎克有限公司
spirax sarco limited uk,Informational+Navigational,90,38,0.73,contact,斯派莎克 英国有限公司
spirax sarco ltd,Commercial,90,37,0.77,brand,
spirax sarco nova milanese,Commercial,90,21,0.00,address,斯派莎克 意大利 诺瓦米拉内塞
spirax sarco s13,Informational+Navigational,90,17,0.00,product,
spirax sarco spain,Commercial,90,41,2.04,address,斯派莎克 西班牙
spirax sarco td52,Informational+Navigational,90,8,2.04,product,
spirax sarco valves,Informational+Navigational,90,14,0.96,category,
spirax sarco 25p,Transactional,70,8,2.08,product,
spirax sarco b 1h,Informational+Navigational,70,7,2,product,
spirax sarco blythewood,Commercial,70,17,3.16,address,斯派莎克 布莱斯伍德
spirax sarco colombia,Commercial,70,21,1.06,address,斯派莎克 哥伦比亚
spirax sarco condensate pump,Informational+Navigational,70,9,1.83,category,
spirax sarco distributors,Commercial,70,20,2.32,brand,
spirax sarco en js1025,,70,,0.00,product,斯派莎克 EN-JS1025
spirax sarco inc blythewood sc,Commercial,70,15,3.16,address,斯派莎克 公司 布莱斯伍德 南卡罗来纳州
spirax sarco italy via per cinisello nova milanese mb,Informational+Navigational,70,19,0.00,,
spirax sarco new zealand,Commercial,70,20,0.00,address,斯派莎克 新西兰
spirax sarco nz,Commercial,70,20,0.00,address,斯派莎克 新西兰
spirax sarco pressure reducing valve,Transactional,70,8,2.06,category,
spirax sarco pty limited,Commercial,70,19,1.45,contact,斯派莎克 有限公司
spirax sarco steam separator,Informational+Navigational,70,16,0.00,category,斯派莎克 蒸汽分离器
spirax sarco trappes,Informational+Navigational,70,25,0.00,,
spirax sarco valve,,70,,0.74,category,斯派莎克 阀门
steam tables spirax sarco,,70,,0.00,,
ft14 14 spirax sarco,,50,,0,product,
ft43 10 spirax sarco,,50,,0.00,product,
spirax and sarco,,50,,0.63,,
spirax sarc,Commercial,50,31,0.52,,
spirax sarco bt6 bh,Informational,50,7,0,product,
spirax sarco csm c,,50,,0.00,,
spirax sarco dealers,Commercial,50,19,2.32,brand,
spirax sarco ft14 10,,50,,0.00,product,
spirax sarco graduate programme,Informational,50,11,0.00,docs,斯派莎克 管培生项目
spirax sarco jobs cheltenham,,50,,0.12,,
spirax sarco pressure regulator,Informational,50,6,2.06,category,
spirax sarco pressure relief valve,Commercial,50,18,2.06,category,
spirax sarco prv,Informational+Transactional,50,9,2.06,category,
spirax sarco regulator,Informational+Navigational,50,,2.06,category,
spirax sarco steam regulator,Navigational,50,10,2.3,category,
spirax sarco store,Commercial,50,9,0,brand,
spirax sarco traps,Commercial,50,12,3.37,category,
spirax sarco us,Commercial,50,21,0.67,brand,
spirax-sarco engineering plc,,50,,0.88,,
ball float steam trap spirax sarco,,40,,0.00,category,
filtro it spirax sarco,Informational,40,17,0.00,,
separador de vapor spirax sarco,,40,,0.00,,
spirax sarco air vent,Navigational,40,8,3.52,category,
spirax sarco anytime,Informational,40,11,0,brand,
spirax sarco apt14,Informational+Navigational,40,5,0.00,product,
spirax sarco av13,,40,,0.00,product,
spirax sarco belgique,,40,,2.68,address,斯派莎克 比利时
spirax sarco chennai,,40,,0.31,,
spirax sarco control valve,,40,,0.00,category,
spirax sarco dcv4,,40,,0.00,product,
spirax sarco float and thermostatic steam traps,Transactional,40,5,2.81,category,
spirax sarco ft14,Transactional,40,9,2.13,product,
spirax sarco gmbh regelapparate,,40,,0.00,brand,斯派莎克 GmbH 控制设备公司
spirax sarco inverted bucket steam trap,Informational,40,7,2.44,category,
spirax sarco linkedin,,40,,0.00,exclude,斯派莎克 领英
spirax sarco port elizabeth,,40,,0.00,,
spirax sarco products,Navigational,40,20,0.57,product,
spirax sarco rep locator,Informational+Navigational,40,17,0,brand,
spirax sarco share price uk,,40,,0.00,exclude,斯派莎克 英国股价
spirax sarco sp7 10,,40,,0.00,product,
spirax sarco steam,Commercial,40,9,0,category,
spirax sarco stock,Informational,40,23,0.00,exclude,斯派莎克 股票
spirax sarco td32f,,40,,0.00,product,
spirax sarco thermodynamic steam trap,Informational,40,8,3.48,category,
spirax sarco thermostatic steam trap,Transactional,40,8,1.68,category,
spirax sarco universal connector,Informational+Navigational,40,8,0,category,
spirax sarco vb21,,40,,1.83,product,
steam traps spirax sarco,Commercial,40,4,1.6,category,
td52 spirax sarco,Informational+Navigational,40,5,0.00,product,
tt4 spirax sarco,Informational,40,11,0.00,,
apt spirax sarco,,30,,0,category,
bc3150 spirax sarco,,30,,0.00,product,
bc3250 spirax sarco,Informational+Navigational,30,16,0.00,product,
bpc32y spirax sarco,,30,,0.00,product,
bpc32ycv spirax sarco,,30,,0,product,
cuit spirax sarco,,30,,0.00,,
distribuidores spirax sarco,Commercial+Navigational,30,17,0.12,,
ep500 spirax sarco,,30,,0.00,product,
filtro spirax sarco,Commercial,30,19,0.00,,
filtro y spirax sarco,Informational+Navigational,30,17,0.68,,
ft43 spirax sarco,Informational+Commercial,30,15,0.00,product,
inverted bucket steam trap spirax sarco,,30,,0,category,
ke73 spirax sarco,,30,,0.00,product,
m10s spirax sarco,,30,,0.00,product,
manual spirax sarco,,30,,0.00,,
odwadniacz spirax sarco,Informational+Commercial,30,5,0.37,,
rompedor de vacio spirax sarco,,30,,0.00,,
separador de gotas spirax sarco,,30,,0.24,category,汽水分离器 斯派莎克
separador de humedad spirax sarco,,30,,1.05,category,汽水分离器 斯派莎克
spirax sarco 3d,,30,,0.00,product,
spirax sarco ae14,,30,,0.00,product,
spirax sarco ae30,,30,,2.21,product,
spirax sarco air eliminator,,30,,0,category,
spirax sarco app,,30,,0.00,exclude,
spirax sarco apt10 4.5,,30,,0.00,,
spirax sarco auckland,,30,,0.00,,
spirax sarco bc3150,,30,,0.00,product,
spirax sarco blythewood south carolina,,30,,0,address,斯派莎克 布莱斯伍德 南卡罗来纳州
spirax sarco bogota,,30,,0.00,,
spirax sarco bpc32,,30,,0.00,product,
spirax sarco brv2s,,30,,0.00,product,
spirax sarco bsa1t,Informational,30,5,0.00,product,
spirax sarco bt6,,30,,0,product,
spirax sarco btm7,,30,,0,product,
spirax sarco cali,,30,,0.00,,
spirax sarco cennik,,30,,0.00,,
spirax sarco check valve,,30,,0,category,
spirax sarco cluj,,30,,0.00,,
spirax sarco condensate pump manual,,30,,0,docs,
spirax sarco condensate recovery unit,,30,,0,category,
spirax sarco control valve pdf,,30,,0.00,docs,
spirax sarco cp30,,30,,0.00,product,
spirax sarco csf16 steam filter,,30,,0.00,product,
spirax sarco distribuidores,,30,,0.12,,
spirax sarco distributors near me,Navigational,30,22,3.35,brand,
spirax sarco don torcuato,Commercial,30,28,0.08,,
spirax sarco dp17,,30,,0.00,product,
spirax sarco dp27,Informational+Navigational,30,10,0.00,product,
spirax sarco dp27y,,30,,0.00,product,
spirax sarco email address,,30,,0.00,contact,斯派莎克 电子邮箱地址
spirax sarco ep5,,30,,0.00,product,
spirax sarco filtro,,30,,0.00,,
spirax sarco finland,,30,,0.00,,
spirax sarco ft,,30,,0,product,
spirax sarco ft 15,,30,,0.00,product,
spirax sarco ft 15 steam trap,,30,,0,product,
spirax sarco ft-15,,30,,0,product,
spirax sarco ft14 steam trap,,30,,0,product,
spirax sarco ftgs14,Informational,30,5,0,product,
spirax sarco fts14,,30,,0,product,
spirax sarco gasket,,30,,0,category,
spirax sarco glassdoor,,30,,0.00,,斯派莎克 Glassdoor
spirax sarco heat exchanger,,30,,0.00,category,斯派莎克 换热器
spirax sarco history,,30,,0.00,docs,斯派莎克 历史
spirax sarco india jobs,,30,,0.00,,
spirax sarco investor relations,,30,,0.00,,
spirax sarco johannesburg,,30,,0.00,,
spirax sarco kft,,30,,0.00,,
spirax sarco lc1350,,30,,0.00,product,
spirax sarco lc2650,,30,,0.00,product,
spirax sarco lcv1,,30,,0.00,product,斯派莎克 LCV1
spirax sarco local distributor,Informational,30,15,2.77,brand,
spirax sarco logo,,30,,0,exclude,
spirax sarco logo png,,30,,0.00,exclude,
spirax sarco lp10 4,,30,,0.00,,
spirax sarco m10s,,30,,0.00,product,
spirax sarco mahindra city,,30,,0.00,,
spirax sarco mfp14,,30,,0.00,product,
spirax sarco monterrey,Commercial,30,21,1.05,address,斯派莎克 墨西哥 蒙特雷
spirax sarco nigeria,,30,,0.00,,
spirax sarco norge,Commercial,30,18,0.58,address,斯派莎克 挪威
spirax sarco peru,,30,,0.65,,
spirax sarco pf61g 2nc,,30,,0.00,product,
spirax sarco praha,,30,,0.00,,
spirax sarco pressure powered pump,Informational,30,6,4.19,category,
spirax sarco pump trap,,30,,0,category,
spirax sarco pumps,,30,,0,category,
spirax sarco queretaro,Informational,30,29,0.96,,
spirax sarco runnings road,,30,,0.00,,斯派莎克 拉宁斯路
spirax sarco safety relief valve,,30,,0.00,category,
spirax sarco safety valve,,30,,0.00,category,
spirax sarco schweiz,,30,,0.00,category,斯派莎克 瑞士
spirax sarco separator,,30,,0.00,category,斯派莎克 分离器
spirax sarco slovenija,,30,,0.00,,
spirax sarco sp400,,30,,0.00,product,
spirax sarco sp500,,30,,0.00,product,
spirax sarco spira trol,,30,,0.00,category,斯派莎克 Spira-trol 系列
spirax sarco srbija,,30,,0.00,,
spirax sarco steam calculator,,30,,0.00,,斯派莎克 蒸汽计算器
spirax sarco steam control valve,,30,,1.41,category,斯派莎克 蒸汽控制阀
spirax sarco steam filter,,30,,0.00,product,斯派莎克 蒸汽过滤器
spirax sarco steam pipe sizing calculator,,30,,0.00,docs,斯派莎克 蒸汽管径选型计算器
spirax sarco steam powered condensate pump,,30,,0,category,
spirax sarco steam table,,30,,3.05,category,
spirax sarco steam trap catalog pdf,,30,,0,docs,
spirax sarco steam trap distributors,,30,,0.00,contact,斯派莎克 蒸汽疏水阀经销商
spirax sarco steam trap rebuild kits,,30,,0.00,category,斯派莎克 蒸汽疏水阀翻修套件
spirax sarco steam valves,,30,,0.00,category,斯派莎克 蒸汽阀门
spirax sarco strainer,Navigational,30,11,2.09,category,
spirax sarco sv60,,30,,0.00,product,
spirax sarco sx80 manual,,30,,0.00,product,
spirax sarco td120m,,30,,0.00,product,
spirax sarco td42l,,30,,1.06,product,
spirax sarco td52l,,30,,0.00,product,
spirax sarco temperature control valve,,30,,0,category,
spirax sarco thermostatic air vent,,30,,0,category,
spirax sarco training,,30,,0.00,docs,斯派莎克 培训
spirax sarco tva,,30,,0.00,product,斯派莎克 TVA
spirax sarco tva flowmeter manual,,30,,0.00,,
spirax sarco vapor,,30,,0.00,,
spirax sarco vb14,,30,,0.00,product,
spirax sarco wiki,,30,,0.00,docs,斯派莎克维基
spirax sarco ws4,,30,,0.00,,
spirax-sarco engineering,,30,,0.88,,
steam condensate pump spirax sarco,,30,,3.6,category,
steam silencer spirax sarco,,30,,0.00,category,蒸汽消音器 斯派莎克
sx80 spirax sarco,,30,,0.00,product,
td42s2 spirax sarco,,30,,0.00,,
tva spirax sarco,,30,,0.00,,
vapor flash spirax sarco,,30,,0.00,,
13w spirax sarco,,20,,1.05,,
25p spirax sarco,,20,,0.22,,
25p spirax sarco pdf,,20,,0.00,,
a3s spirax sarco,,20,,0.00,product,
ae14 spirax sarco,,20,,0.00,product,
apostila de vapor spirax sarco pdf,,20,,0.00,,
apt 10 spirax sarco,,20,,0.00,,
apt 14 spirax sarco,,20,,0.00,product,
apt10 spirax sarco,,20,,0.00,product,
apt14 spirax sarco,,20,,0.00,,
apt14hc spirax sarco,,20,,0,product,
atuador spirax sarco,,20,,0.00,,
avc32 spirax sarco,,20,,0.00,product,
ball valve spirax sarco,,20,,0.00,category,
bcr3150 spirax sarco,,20,,0.00,,
bomba de condensados spirax sarco,,20,,0.00,,
bpc32 spirax sarco,,20,,0.00,product,
bpt 13 spirax sarco,,20,,0.00,,
bpt13 spirax sarco,,20,,0.00,product,
brv spirax sarco,,20,,0.00,,
brv2 spirax sarco,,20,,0.00,product,
brv71 spirax sarco,,20,,0,product,
brv73 spirax sarco,,20,,0.00,product,
bsa spirax sarco,,20,,0.00,,
bsa1t spirax sarco,,20,,0.00,,
bsa2t spirax sarco,,20,,0.00,product,
bsa3t spirax sarco,,20,,0.00,product,
bt1050 spirax sarco,,20,,0.00,,
bt6 spirax sarco,,20,,0.00,product,
btm7 spirax sarco,,20,,0.00,product,
ca 14 spirax sarco,,20,,0.00,,
ca14 spirax sarco,,20,,0.00,,
calderas spirax sarco,,20,,0.00,,
catalogue spirax sarco,,20,,0.00,,
catalogue spirax sarco pdf,,20,,0.00,,
chromalox spirax sarco,,20,,0,exclude,chromalox品牌
clean steam generator spirax sarco,,20,,0.00,category,
condensate cooler spirax sarco,,20,,0,category,
condensate pump spirax sarco,,20,,0.00,,
condenspot spirax sarco,,20,,0.94,,
cotopaxi spirax sarco,,20,,0.00,address,科托帕希 斯派莎克
cp30 spirax sarco,,20,,0.00,,
csf16 spirax sarco,,20,,0,product,
cursos spirax sarco,,20,,0.00,,
dbb3 spirax sarco,,20,,0.00,,
dcv10 spirax sarco,,20,,0.00,,
dcv4 spirax sarco,,20,,0.00,product,
dcv41 spirax sarco,,20,,0.00,product,
deaerator spirax sarco,,20,,0.00,,
desaireador spirax sarco,,20,,0.00,,
dfu spirax sarco,,20,,0.00,,
distribuidor de fluxo universal spirax sarco,,20,,0.00,,
distribuidor spirax sarco,,20,,0.91,,
distribuidores spirax sarco argentina,,20,,0.23,,
distribuidores spirax sarco brasil,,20,,0.22,,
dp143 spirax sarco,,20,,0.00,product,
dp163 spirax sarco,,20,,0,product,
dp17 spirax sarco,,20,,0.00,,
drv spirax sarco,,20,,0.00,,
drv7 spirax sarco,,20,,0.00,product,
dynafluid spirax sarco,,20,,0.00,,
easy heat spirax sarco,,20,,0.00,,
eliminador de aire spirax sarco,,20,,0.59,category,排气阀 斯派莎克
eliminador de ar spirax sarco,,20,,0.21,,
eliminadora de aire spirax sarco,,20,,0.79,,
empresa spirax sarco,,20,,0.30,,
ep5 positioner spirax sarco,,20,,0,product,
ep5 spirax sarco,,20,,0.00,,
ep6 spirax sarco,,20,,0.00,product,
evc spirax sarco,,20,,0.00,product,
fig 34 spirax sarco,,20,,0.00,product,
filtre spirax sarco,,20,,0.00,,
filtre y spirax sarco,,20,,0.00,,
filtro canasta spirax sarco,,20,,0.00,,
filtro culinario para vapor spirax sarco,,20,,0.00,,
filtro culinario spirax sarco,,20,,0.00,,
filtro de vapor spirax sarco,,20,,0.00,category,蒸汽过滤器 斯派莎克
filtro spirax sarco tipo y,,20,,0.00,,
filtro tipo y spirax sarco,,20,,0.00,,
filtro y spirax sarco pdf,,20,,0.00,,
foto di spirax sarco italy,,20,,0.00,,
ft14 10 spirax sarco,,20,,0.00,product,
ft14 spirax sarco,,20,,0.00,,
ft14 spirax sarco pdf,,20,,0.00,,
ft14hc spirax sarco,,20,,0.00,product,
ft44 spirax sarco,,20,,0.00,product,
ft450 spirax sarco,,20,,0,product,
ft46 spirax sarco,,20,,0.00,product,
ftb 175 spirax sarco,,20,,0,product,
ftgs14 spirax sarco,,20,,0.00,,
fts14 spirax sarco,,20,,0.00,product,
gestra spirax sarco,,20,,0.00,exclude,GESTRA 品牌
hiter controls grupo spirax sarco,,20,,0.00,,
hiter spirax sarco,,20,,0.00,,Hiter 斯派莎克
ilva spirax sarco,,20,,0.00,exclude,ilva品牌
imagens de spirax sarco caiapia,,20,,0.00,,
lc1350 spirax sarco,,20,,0.00,,
lc2250 spirax sarco,,20,,0.00,,
lc2650 spirax sarco,,20,,0.00,,
lea spirax sarco,,20,,0.00,,
listino prezzi spirax sarco,,20,,0.00,,
listino spirax sarco,,20,,0.00,,
logo spirax sarco,,20,,0.00,exclude,
lp10 4 spirax sarco,,20,,0.00,,
lp30 spirax sarco,,20,,0.00,,
lrv2s spirax sarco,,20,,0.00,product,
m10 spirax sarco,,20,,0.00,,
m10s2 spirax sarco,,20,,0,product,
m40 spirax sarco,,20,,0.00,,
manual controlador spirax sarco sx uni,,20,,0.00,,
mfp14 ppu spirax sarco,,20,,0.00,,
mfp14 spirax sarco,,20,,0.00,product,
mirilla spirax sarco,,20,,0.00,,
mst21 spirax sarco,,20,,0.00,product,
nimesh patel spirax sarco,,20,,0.00,,尼梅什·帕特尔 斯派莎克
ogden pump spirax sarco,,20,,0.00,,
pa20 spirax sarco,,20,,0.00,,
pa420 spirax sarco,,20,,0.00,,
pf61g spirax sarco,,20,,0.00,,
pivotrol spirax sarco,,20,,0.00,product,
posicionador spirax sarco,,20,,0.00,category,定位器 斯派莎克
posicionador spirax sarco ep5,,20,,0.00,,
pressure reducing valve for steam spirax sarco,,20,,1.99,category,
pressure relief valve spirax sarco,,20,,0,category,
prv spirax sarco,,20,,0,category,
pt spirax sarco indonesia,,20,,0,address,印尼
ptc spirax sarco,,20,,0,product,
pump trap spirax sarco,,20,,0,category,
purgadores de vapor spirax sarco,,20,,0.00,,
purgadores spirax sarco,,20,,0.30,,
representante spirax sarco,,20,,0.43,,
representantes spirax sarco brasil,,20,,0.00,,
rivenditori spirax sarco,,20,,0.00,,
s13 spirax sarco,,20,,0.00,,
sa121 spirax sarco,,20,,0.00,product,
sa128 spirax sarco,,20,,0.00,,
sample cooler spirax sarco,,20,,0,category,
sc20 spirax sarco,,20,,0.00,product,
self acting temperature control valve spirax sarco,,20,,0.00,,
separador de umidade spirax sarco,,20,,0.00,,
share price spirax sarco,,20,,0.00,,
smc32y spirax sarco,,20,,0.00,,
sp500 spirax sarco,,20,,0.00,product,
sp7 10 spirax sarco,,20,,0,product,
sp7 spirax sarco,,20,,0.00,product,
spira trol spirax sarco,,20,,0.00,category,
spirax sarco 1 2 steam trap,,20,,0,category,
spirax sarco 1/2 steam trap,,20,,0,category,
spirax sarco 13w,,20,,0.00,product,
spirax sarco 13ws,,20,,0.00,product,
spirax sarco 25,,20,,0,product,
spirax sarco 25 main valve,,20,,0,category,
spirax sarco 25 series,,20,,0,category,
spirax sarco 25 series pressure reducing valve,,20,,0,category,
spirax sarco 25 series regulator,,20,,0,category,
spirax sarco 25p capacity,,20,,0,product,
spirax sarco 25p installation manual,,20,,0.00,product,
spirax sarco 25p mantenimiento,,20,,0.00,,
spirax sarco 25p manual,,20,,0.00,product,
spirax sarco 25p parts list,,20,,0,product,
spirax sarco 25p pilot,,20,,0,product,
spirax sarco 25p pressure pilot,,20,,0,product,
spirax sarco 25p pressure reducing valve,,20,,0,product,
spirax sarco 25p rebuild kit,,20,,0,product,
spirax sarco 25t,,20,,0.00,product,
spirax sarco 3 4 steam trap,,20,,0,category,
spirax sarco 3/4 steam trap,,20,,0,category,
spirax sarco 3d models,,20,,0.00,docs,
spirax sarco 54819,,20,,2.03,product,
spirax sarco 55223,,20,,0,product,
spirax sarco 55224,,20,,2.68,product,
spirax sarco 55226,,20,,0,product,
spirax sarco 55227,,20,,2.04,product,
spirax sarco 59607,,20,,0,product,
spirax sarco 69843,,20,,2.29,product,
spirax sarco 86,,20,,0.00,,
spirax sarco a3s,,20,,0.00,product,
spirax sarco a743 ca40f,,20,,0,product,
spirax sarco ab,,20,,0.00,,斯派莎克 AB 公司
spirax sarco actuator,,20,,0,category,
spirax sarco address,,20,,0,address,
spirax sarco adelaide,,20,,0.00,,
spirax sarco ae30a,,20,,0.00,,
spirax sarco ae36,,20,,0.00,product,
spirax sarco ae36a,,20,,0,product,
spirax sarco ae50s,,20,,0.00,product,
spirax sarco ael5,,20,,0.00,,
spirax sarco air separator,,20,,0,category,
spirax sarco air trap,,20,,0,category,
spirax sarco allentown pa,,20,,0,address,
spirax sarco annual report,,20,,0,docs,
spirax sarco anytime login,,20,,0,exclude,
spirax sarco apprenticeships,,20,,0.00,,
spirax sarco apt,,20,,0,category,
spirax sarco apt 14,,20,,0.00,,
spirax sarco apt 14 installation manual,,20,,0,product,
spirax sarco apt10,,20,,0,product,
spirax sarco apt10-4.5,,20,,0,product,
spirax sarco apt14 pump package,,20,,0,product,
spirax sarco apt14hc,,20,,0,product,
spirax sarco argentina cuit,,20,,0.00,,
spirax sarco as,,20,,0.00,,斯派莎克 AS 公司
spirax sarco automatic air vent,,20,,0,category,
spirax sarco automatic pump trap,,20,,0,category,
spirax sarco avc32,,20,,0.00,product,
spirax sarco b1h,,20,,0,product,
spirax sarco b1h 125,,20,,0,product,
spirax sarco bahia blanca,,20,,0.00,,
spirax sarco ball float steam trap,,20,,0,category,
spirax sarco ball valve,,20,,0,category,
spirax sarco barcelona,,20,,0.00,,
spirax sarco basket strainer,,20,,0,category,
spirax sarco bc3150 manual,,20,,0.00,product,
spirax sarco bc3250,,20,,0.00,product,
spirax sarco bc3250 manual,,20,,0.00,,
spirax sarco bcr3150,,20,,0.00,,
spirax sarco bcr3250,,20,,0.00,,
spirax sarco bcv43,,20,,0.00,,
spirax sarco belgium,,20,,0.00,address,斯派莎克 比利时
spirax sarco belo horizonte,,20,,0.00,,
spirax sarco bim,,20,,0.00,docs,
spirax sarco bimetallic steam trap,,20,,0,category,
spirax sarco blacktown,,20,,0.00,,
spirax sarco blowdown valve,,20,,0,category,
spirax sarco blowdown vessel,,20,,0,category,
spirax sarco blue book,,20,,0,docs,
spirax sarco board of directors,,20,,0.00,exclude,斯派莎克 董事会
spirax sarco boiler,,20,,0,category,
spirax sarco boiler controls,,20,,0,category,
spirax sarco bolivia,,20,,0.00,,
spirax sarco bologna,,20,,0.00,,
spirax sarco book,,20,,0,docs,
spirax sarco bpc32y,,20,,0,product,
spirax sarco bpc32ycv,,20,,0.00,product,
spirax sarco bpt13s,,20,,0.00,product,
spirax sarco br,,20,,0.00,,
spirax sarco brazil,,20,,0,address,巴西
spirax sarco brisbane,,20,,0.00,,
spirax sarco brv,,20,,0.00,category,
spirax sarco brv2,,20,,0.00,,
spirax sarco brv2s manual,,20,,0,product,
spirax sarco brv71,,20,,0,product,
spirax sarco brv73,,20,,0.00,,
spirax sarco bsa,,20,,0.00,product,
spirax sarco bsa2t,,20,,0.00,product,
spirax sarco bsa3t,,20,,0.00,product,
spirax sarco bt1050,,20,,0.00,product,
spirax sarco bt6 bl,,20,,0,product,
spirax sarco btd52l,,20,,0.00,,
spirax sarco bts7,,20,,0,product,
spirax sarco bucket steam trap,,20,,0,category,
spirax sarco bucket trap,,20,,0,category,
spirax sarco bursa,,20,,0.00,,
spirax sarco ca14,,20,,0.00,product,
spirax sarco cad,,20,,0.00,docs,
spirax sarco cad library,,20,,0.00,docs,斯派莎克 CAD 资料库
spirax sarco calculator,,20,,0.00,docs,
spirax sarco calderas,,20,,0.00,,
spirax sarco calgary,,20,,0.00,address,斯派莎克 卡尔加里
spirax sarco cape town,,20,,0.00,,
spirax sarco catalogue,,20,,0.00,category,
spirax sarco catalogue pdf,,20,,0,docs,
spirax sarco cc491km,,20,,0.00,,
spirax sarco ceo,,20,,0,exclude,
spirax sarco cfo,,20,,0.00,exclude,斯派莎克 首席财务官
spirax sarco ch,,20,,0.00,,
spirax sarco charlton house,,20,,0.00,exclude,斯派莎克 查尔顿大厦
spirax sarco charlton kings,,20,,0.00,,
spirax sarco cheltenham address,,20,,0.00,,
spirax sarco chennai address,,20,,0.00,,
spirax sarco china,,20,,0,address,
spirax sarco chromalox,,20,,0,exclude,品牌
spirax sarco cienega de flores,,20,,0.00,,
spirax sarco clean steam generator,,20,,0,category,
spirax sarco cnpj,,20,,0.00,,
spirax sarco columbia sc,,20,,0,address,
spirax sarco competitors,,20,,0,exclude,
spirax sarco condensate,,20,,0.00,category,斯派莎克 冷凝水
spirax sarco condensate cooler,,20,,0,category,
spirax sarco condensate pipe sizing,,20,,0,category,
spirax sarco condensate pumps,,20,,0.00,,
spirax sarco condensate receiver,,20,,0,category,
spirax sarco condensate recovery,,20,,0,category,
spirax sarco condensate return pump,,20,,0,category,
spirax sarco condensate trap,,20,,0,category,
spirax sarco condenspot,,20,,0.91,,
spirax sarco contact,,20,,0.00,category,
spirax sarco contact number,,20,,0,category,
spirax sarco contatti,,20,,0.00,,
spirax sarco control valve manual,,20,,0,category,
spirax sarco control valves,,20,,0.00,category,斯派莎克 控制阀
spirax sarco controller,,20,,0.00,category,斯派莎克 控制器
spirax sarco core values,,20,,0.00,docs,斯派莎克 核心价值观
spirax sarco costa rica,,20,,0.00,,
spirax sarco cotia sp,,20,,0.00,,
spirax sarco cotia telefone,,20,,0.00,,
spirax sarco courses,,20,,0.00,,
spirax sarco cp10,,20,,0.00,product,
spirax sarco csf16,,20,,0.00,product,
spirax sarco csf26 steam filter,,20,,0,product,斯派莎克 CSF26 蒸汽过滤器
spirax sarco ct strainer,,20,,0,category,斯派莎克 CT 过滤器
spirax sarco cuit,,20,,0.00,,
spirax sarco culinary steam filter,,20,,0,category,斯派莎克 食品级蒸汽过滤器
spirax sarco curitiba,,20,,0.00,,
spirax sarco cursos,,20,,0.00,,
spirax sarco customer service,,20,,0,category,斯派莎克 客户服务
spirax sarco cz,,20,,0.00,,
spirax sarco czech,,20,,0.00,,
spirax sarco danmark,,20,,0.00,address,斯派莎克 丹麦
spirax sarco dbb3,,20,,0.00,product,
spirax sarco dcv2,,20,,0.00,,
spirax sarco dcv3,,20,,0.00,product,
spirax sarco dcv41,,20,,0,product,
spirax sarco deaerator,,20,,0,category,斯派莎克 除氧器
spirax sarco dealers india,,20,,0.00,,
spirax sarco denmark,,20,,0.00,,
spirax sarco design of fluid systems,,20,,0,category,斯派莎克 流体系统设计
spirax sarco desuperheater,,20,,0.00,category,斯派莎克 减温器
spirax sarco diffuser,,20,,0,category,斯派莎克 扩散器
spirax sarco disc check valve,,20,,0,category,斯派莎克 圆盘止回阀
spirax sarco distribuidor,,20,,0.91,,
spirax sarco distributeur,,20,,0.00,,
spirax sarco distributors canada,,20,,3.62,,
spirax sarco distributors india,,20,,0.00,,
spirax sarco distributors uk,,20,,1.35,,
spirax sarco distributors usa,,20,,2.72,address,斯派莎克 美国经销商
spirax sarco dividend,,20,,0.00,,
spirax sarco dn25,,20,,0,category,斯派莎克 DN25
spirax sarco dn50,,20,,0,category,斯派莎克 DN50
spirax sarco double block and bleed,,20,,0.00,category,斯派莎克 双切断排放
spirax sarco double block and bleed valve,,20,,0.00,category,斯派莎克 双切断排放阀
spirax sarco download,,20,,0.00,,
spirax sarco dp 27,,20,,0.00,,
spirax sarco dp 27 manual,,20,,0.00,,
spirax sarco dp143,,20,,0.00,product,
spirax sarco dp163,,20,,0,product,
spirax sarco dp27 manual,,20,,0.00,product,
spirax sarco dp27 pressure reducing valve,,20,,0.00,product,
spirax sarco dp27s,,20,,0.00,product,
spirax sarco drip leg,,20,,0,category,斯派莎克 集水腿
spirax sarco drip pan elbow,,20,,0,category,斯派莎克 排水盘弯头
spirax sarco druckminderer,,20,,0.00,,
spirax sarco drv7 b,,20,,0.00,product,
spirax sarco drv7-b,,20,,0.00,,
spirax sarco dubai,,20,,0.00,,
spirax sarco durban,,20,,0.00,,
spirax sarco durex,,20,,0,category,斯派莎克 Durex
spirax sarco dwg,,20,,0.00,,
spirax sarco early careers,,20,,0.00,,
spirax sarco easiheat,,20,,0.00,product,斯派莎克 EasiHeat
spirax sarco easiheat manual,,20,,0,docs,斯派莎克 EasiHeat 手册
spirax sarco ecuador,,20,,0.24,,
spirax sarco edmonton,,20,,0.87,address,斯派莎克 加拿大 埃德蒙顿
spirax sarco egypt,,20,,0,address,斯派莎克 埃及
spirax sarco el2600,,20,,0,product,
spirax sarco electric actuator,,20,,0.00,category,斯派莎克 电动执行器
spirax sarco electric condensate pump,,20,,0,category,斯派莎克 电动冷凝水泵
spirax sarco email,,20,,0.00,contact,斯派莎克 邮箱
spirax sarco employees,,20,,0,contact,斯派莎克 员工
spirax sarco engineering china ltd,,20,,0.00,brand,斯派莎克工程中国有限公司
spirax sarco engineering plc annual report,,20,,0,docs,斯派莎克 工程 PLC 年报
spirax sarco engineering plc share price,,20,,0.00,exclude,斯派莎克 工程 PLC 股价
spirax sarco ep5 positioner,,20,,0.00,product,
spirax sarco ep5 positioner manual,,20,,0,product,
spirax sarco ep500,,20,,0.00,product,
spirax sarco ep500 manual,,20,,0,product,
spirax sarco ep6,,20,,0,product,
spirax sarco ep6 manual,,20,,0.00,product,
spirax sarco equipamentos industriais lda,,20,,0.00,,
spirax sarco ersatzteile,,20,,0.00,,
spirax sarco esd,,20,,0,,斯派莎克 ESD
spirax sarco evc,,20,,0.00,,斯派莎克 EVC
spirax sarco f&t steam trap,,20,,0,product,
spirax sarco f&t steam traps,,20,,0,product,
spirax sarco f&t trap,,20,,0,product,
spirax sarco fatturato,,20,,0.00,,
spirax sarco fig 34 strainer,,20,,0.00,,
spirax sarco fig 36,,20,,0,product,
spirax sarco filter,,20,,0.00,category,斯派莎克 过滤器
spirax sarco fiyat listesi,,20,,0.00,,
spirax sarco flash tank,,20,,0,category,斯派莎克 闪蒸罐
spirax sarco flash vessel,,20,,0,category,斯派莎克 闪蒸罐
spirax sarco float & thermostatic steam traps,,20,,2.86,category,斯派莎克 浮球式和恒温式蒸汽疏水阀
spirax sarco float trap,,20,,0,category,斯派莎克 浮球式疏水阀
spirax sarco flow meter,,20,,3.01,category,斯派莎克 流量计
spirax sarco formation,,20,,0.00,,
spirax sarco ft 125,,20,,1.93,product,
spirax sarco ft 15 capacity,,20,,0,product,
spirax sarco ft 75,,20,,0,product,
spirax sarco ft10,,20,,0.00,product,
spirax sarco ft14 installation,,20,,0,product,
spirax sarco ft14 manual,,20,,0,product,
spirax sarco ft14-10,,20,,2.01,product,
spirax sarco ft14hc,,20,,2.05,product,
spirax sarco ft14x,,20,,0.00,,
spirax sarco ft15,,20,,0.00,,
spirax sarco ft44,,20,,0.00,product,
spirax sarco ft450,,20,,0.00,product,
spirax sarco ft46,,20,,0,product,
spirax sarco ft47,,20,,0.00,,
spirax sarco ftb 175,,20,,0,product,
spirax sarco fti 125,,20,,2.12,product,
spirax sarco fti 15,,20,,0,product,
spirax sarco g series condensate pump,,20,,0,category,斯派莎克 G 系列冷凝水泵
spirax sarco gate valve,,20,,0,category,斯派莎克 闸阀
spirax sarco germany,,20,,0.00,address,斯派莎克 德国
spirax sarco gestra,,20,,0.00,,斯派莎克 Gestra 品牌
spirax sarco ggg40 3,,20,,0,product,
spirax sarco gl51 9nq,,20,,0,product,
spirax sarco global graduate programme,,20,,0.00,docs,斯派莎克 全球管培生项目
spirax sarco globe valve,,20,,0,category,斯派莎克 截止阀
spirax sarco gloucester,,20,,0.87,,
spirax sarco gmbh konstanz,,20,,0.00,,
spirax sarco goiania,,20,,0.00,,
spirax sarco graduate,,20,,0.00,,
spirax sarco greece,,20,,0.00,,
spirax sarco group,,20,,0.00,brand,斯派莎克 集团
spirax sarco guadalajara,,20,,0.65,,
spirax sarco guatemala,,20,,0.30,,
spirax sarco handbook pdf,,20,,0,docs,斯派莎克 手册 PDF
spirax sarco head office,,20,,0.00,contact,斯派莎克 总部
spirax sarco head office cheltenham,,20,,0.00,,
spirax sarco headquarters,,20,,0,address,斯派莎克 总部
spirax sarco hl10,,20,,0,product,
spirax sarco hl100,,20,,0.00,,
spirax sarco hong kong,,20,,0.00,,
spirax sarco hook up book,,20,,0,docs,斯派莎克 配管手册
spirax sarco hook up book pdf,,20,,0,docs,斯派莎克 配管手册 PDF
spirax sarco houston,,20,,2.07,address,斯派莎克 休斯敦
spirax sarco hq,,20,,0.00,address,斯派莎克总部
spirax sarco hrvatska,,20,,0.00,,
spirax sarco humidifiers,,20,,0,category,斯派莎克加湿器
spirax sarco hungary,,20,,0.00,,
spirax sarco ind com ltda,,20,,0.28,,
spirax sarco ind e com ltda,,20,,0.00,,
spirax sarco india contact number,,20,,0.00,,
spirax sarco india pvt ltd chennai,,20,,0.00,,
spirax sarco india pvt ltd chennai address,,20,,0.00,,
spirax sarco interview questions,,20,,0.00,exclude,斯派莎克 面试问题
spirax sarco investors,,20,,0.00,exclude,斯派莎克 投资者
spirax sarco ipc4 converter,,20,,0.00,,
spirax sarco ireland,,20,,0.42,,
spirax sarco istanbul,,20,,0.00,,
spirax sarco it,,20,,0,category,斯派莎克 IT
spirax sarco it strainer,,20,,0,category,斯派莎克 IT 过滤器
spirax sarco izmir,,20,,0.00,,
spirax sarco jamundi,,20,,0.00,,
spirax sarco job,,20,,0.00,,
spirax sarco job vacancies,,20,,0.00,,
spirax sarco jobs uk,,20,,0.00,,
spirax sarco karriere,,20,,0.00,,
spirax sarco kb51,,20,,0.00,product,
spirax sarco ke73,,20,,0.00,product,
spirax sarco ke73 ptsuss 2,,20,,0,product,
spirax sarco kondenstop,,20,,0.14,,
spirax sarco kontakt,,20,,0.00,,
spirax sarco korea,,20,,0.00,address,韩国
spirax sarco lavora con noi,,20,,0.00,,
spirax sarco lc2250,,20,,0.00,,
spirax sarco lc2250 manual,,20,,0.00,,
spirax sarco lc3050,,20,,0.00,product,
spirax sarco le33,,20,,0.00,product,
spirax sarco learn about steam,,20,,0.00,docs,斯派莎克 了解蒸汽
spirax sarco lift check valve,,20,,0,category,斯派莎克 升降式止回阀
spirax sarco liquid drain trap,,20,,0,category,斯派莎克 液体排放疏水阀
spirax sarco locations,,20,,0,address,斯派莎克 网点
spirax sarco login,,20,,0,exclude,斯派莎克 登录
spirax sarco lp20,,20,,0.00,category,斯派莎克 LP20
spirax sarco lp30,,20,,0.00,category,斯派莎克 LP30
spirax sarco lp40,,20,,0.00,,
spirax sarco ltd cheltenham,,20,,0.00,product,
spirax sarco lyon,,20,,0.00,,
spirax sarco m10s ball valve,,20,,0,product,
spirax sarco m10s2,,20,,0.00,product,
spirax sarco m850,,20,,0.00,product,
spirax sarco m850 manual,,20,,0.00,,
spirax sarco madrid,,20,,0.00,,
spirax sarco manual,,20,,0.00,docs,斯派莎克 手册
spirax sarco manual pdf,,20,,0.00,docs,斯派莎克 手册 PDF
spirax sarco market cap,,20,,0,exclude,斯派莎克 市值
spirax sarco marsden park,,20,,0.00,,
spirax sarco melbourne,,20,,0.00,,
spirax sarco milano,,20,,0.00,,
spirax sarco mixing valve,,20,,0,category,斯派莎克 混合阀
spirax sarco moisture separator,,20,,0.00,category,斯派莎克 汽水分离器
spirax sarco montreal,,20,,0.00,,
spirax sarco mst21,,20,,0.00,product,
spirax sarco news,,20,,0,category,斯派莎克 新闻
spirax sarco non return valve,,20,,0,category,斯派莎克 止回阀
spirax sarco norway,,20,,0.58,,
spirax sarco nova,,20,,0.00,,
spirax sarco nova milanese lavora con noi,,20,,0.00,,
spirax sarco number of employees,,20,,0,exclude,斯派莎克 员工人数
spirax sarco nv,,20,,0.00,,
spirax sarco ogden pump,,20,,0.00,category,斯派莎克 奥格登泵
spirax sarco opleiding,,20,,0.00,,
spirax sarco orifice plate,,20,,0,category,斯派莎克 孔板
spirax sarco pa20,,20,,0.00,product,
spirax sarco pa420,,20,,0.00,,
spirax sarco part numbers,,20,,0,category,斯派莎克 零件编号
spirax sarco parts,,20,,1.47,category,斯派莎克 零件
spirax sarco pc4000,,20,,0,product,
spirax sarco pdf,,20,,0.00,docs,斯派莎克 PDF
spirax sarco perth,,20,,0.00,,
spirax sarco peru sac,,20,,0.00,,
spirax sarco philippines,,20,,0.00,address,斯派莎克 菲律宾
spirax sarco phone number,,20,,0,contact,斯派莎克 电话号码
spirax sarco pilot operated pressure regulator,,20,,0,category,斯派莎克 先导式压力调节阀
spirax sarco pilot valve,,20,,0,category,斯派莎克 先导阀
spirax sarco pipe sizing calculator,,20,,0,exclude,斯派莎克 管径选型计算器
spirax sarco pivotrol pump,,20,,0,category,斯派莎克 Pivotrol 泵
spirax sarco pl,,20,,0.00,,
spirax sarco plate heat exchanger,,20,,0.00,category,斯派莎克 板式换热器
spirax sarco plc,,20,,0.00,,斯派莎克 PLC
spirax sarco pn16,,20,,0.00,category,斯派莎克 PN16
spirax sarco pn16 steam trap,,20,,0,category,斯派莎克 PN16 蒸汽疏水阀
spirax sarco pn25,,20,,0,category,斯派莎克 PN25
spirax sarco pn600 controller manual,,20,,0,category,斯派莎克 PN600 控制器手册
spirax sarco pn9000,,20,,0.00,category,斯派莎克 PN9000
spirax sarco pn9123e,,20,,0.00,product,
spirax sarco pn9123e manual,,20,,0.00,product,
spirax sarco pneumatic actuator,,20,,0,category,斯派莎克 气动执行器
spirax sarco porto alegre,,20,,0.00,,
spirax sarco portugal,,20,,0.32,address,斯派莎克 葡萄牙
spirax sarco positioner,,20,,0.00,category,斯派莎克 定位器
spirax sarco ppec,,20,,0,category,斯派莎克 PPEC
spirax sarco preisliste,,20,,0.00,,
spirax sarco pressure gauge,,20,,0,,斯派莎克 压力表
spirax sarco pressure powered pump ppec,,20,,0,,斯派莎克 压力驱动泵 PPEC
spirax sarco pressure reducing station,,20,,0,category,斯派莎克 减压站
spirax sarco pressure reducing valve 25p,,20,,0,product,斯派莎克 25P 减压阀
spirax sarco pressure reducing valve dp27,,20,,0.00,product,斯派莎克 DP27 减压阀
spirax sarco pressure reducing valve manual,,20,,0,docs,斯派莎克 减压阀手册
spirax sarco price book,,20,,0,category,斯派莎克 价格手册
spirax sarco price list,,20,,0,category,斯派莎克 价格表
spirax sarco private limited,,20,,0,contact,斯派莎克 私人有限公司
spirax sarco product handbook,,20,,0,docs,斯派莎克 产品手册
spirax sarco produtos,,20,,0.00,,
spirax sarco prv 25p,,20,,0,product,
spirax sarco ptc,,20,,0,,斯派莎克 PTC
spirax sarco puebla,,20,,0.00,,
spirax sarco pump,,20,,0.00,category,斯派莎克 泵
spirax sarco quebec,,20,,0.00,,
spirax sarco recrutement,,20,,0.00,,
spirax sarco red book,,20,,0,docs,斯派莎克红皮书
spirax sarco rediheat,,20,,0,,斯派莎克 RediHeat
spirax sarco reducing valve,,20,,0.00,category,斯派莎克 减压阀
spirax sarco redundancies,,20,,0.00,,
spirax sarco regelventil,,20,,0.00,,
spirax sarco relief valve,,20,,0,category,斯派莎克 泄压阀
spirax sarco rep,,20,,1.8,contact,斯派莎克 代理商
spirax sarco results,,20,,0.00,,
spirax sarco revenue,,20,,0,exclude,斯派莎克 营收
spirax sarco reviews,,20,,0,exclude,斯派莎克 评价
spirax sarco rio de janeiro,,20,,0.00,,
spirax sarco roma,,20,,0.00,,
spirax sarco romania,,20,,0.14,address,斯派莎克 罗马尼亚
spirax sarco rta 125,,20,,0,product,
spirax sarco s5,,20,,0.00,product,
spirax sarco sa,,20,,0,category,
spirax sarco sa121,,20,,0.00,product,
spirax sarco sa128,,20,,0,product,
spirax sarco salary,,20,,0,exclude,斯派莎克 薪资
spirax sarco sales,,20,,0,contact,斯派莎克 销售
spirax sarco salvador,,20,,0.00,,
spirax sarco sample cooler,,20,,0,category,斯派莎克 取样冷却器
spirax sarco sant feliu,,20,,0.00,,
spirax sarco sant feliu de llobregat,,20,,0.00,,
spirax sarco sas,,20,,0.00,,斯派莎克 SAS 公司
spirax sarco saturated steam,,20,,0,category,斯派莎克 饱和蒸汽
spirax sarco saturated steam calculator,,20,,0,docs,斯派莎克 饱和蒸汽计算器
spirax sarco sau,,20,,0.00,,
spirax sarco sc,,20,,0,address,斯派莎克南卡罗来纳州
spirax sarco sc20,,20,,0.00,product,
spirax sarco sc20 sample cooler,,20,,0,product,
spirax sarco scs20,,20,,0.00,,
spirax sarco sdn bhd,,20,,0.00,category,斯派莎克 有限公司
spirax sarco self acting temperature control valve,,20,,0,category,斯派莎克 自力式温控阀
spirax sarco self-acting temperature control valve,,20,,0.00,category,斯派莎克 自力式温控阀
spirax sarco share,,20,,2.32,exclude,斯派莎克股票
spirax sarco share chat,,20,,0.00,,
spirax sarco share price chart,,20,,0.00,exclude,斯派莎克 股价走势图
spirax sarco share price forecast,,20,,0.00,,
spirax sarco share price history,,20,,0.00,exclude,斯派莎克 股价历史
spirax sarco share price lse,,20,,0.00,,
spirax sarco share price today,,20,,0.00,,
spirax sarco sicherheitsventil,,20,,0.00,,
spirax sarco sight glass,,20,,0.00,category,斯派莎克 视镜
spirax sarco singapore address,,20,,0.00,,
spirax sarco slovensko,,20,,0.00,,
spirax sarco smc32y,,20,,0.00,,
spirax sarco software,,20,,0.00,docs,斯派莎克 软件
spirax sarco sorocaba,,20,,0.00,,
spirax sarco south carolina,,20,,0,address,斯派莎克 南卡罗来纳州
spirax sarco sp200,,20,,0.00,product,
spirax sarco sp400 manual,,20,,0,product,
spirax sarco sp500 calibration,,20,,0.00,product,
spirax sarco sp500 manual,,20,,0.00,product,
spirax sarco sp500 smart positioner,,20,,0,product,
spirax sarco sp7,,20,,0.00,product,
spirax sarco sp7 10 manual,,20,,0.00,docs,斯派莎克 SP7-10 手册
spirax sarco sp7 10 wiring diagram,,20,,0.00,,
spirax sarco spare parts,,20,,0,category,斯派莎克 备件
spirax sarco spares,,20,,0.00,,
spirax sarco srl nova milanese,,20,,0.00,,
spirax sarco srl official website,,20,,0,,斯派莎克 SRL 官网
spirax sarco srv2s,,20,,0.00,product,
spirax sarco srv6,,20,,0,product,
spirax sarco srv66,,20,,0,product,
spirax sarco ssc20,,20,,0,product,
spirax sarco steam accumulator,,20,,0,category,斯派莎克 蒸汽蓄热器
spirax sarco steam air vent,,20,,0,category,斯派莎克 蒸汽排气阀
spirax sarco steam and condensate loop book pdf,,20,,0,docs,斯派莎克 蒸汽与冷凝水回路手册 PDF
spirax sarco steam book,,20,,0,docs,斯派莎克 蒸汽手册
spirax sarco steam book pdf,,20,,0.00,docs,斯派莎克 蒸汽手册 PDF
spirax sarco steam control valves,,20,,1.98,category,斯派莎克 蒸汽控制阀
spirax sarco steam engineering tutorials,,20,,0.00,docs,斯派莎克 蒸汽工程教程
spirax sarco steam flow meter,,20,,0,category,斯派莎克 蒸汽流量计
spirax sarco steam generator,,20,,0,category,斯派莎克 蒸汽发生器
spirax sarco steam injector,,20,,0.00,category,斯派莎克 蒸汽喷射器
spirax sarco steam meter,,20,,0,category,斯派莎克 蒸汽流量计
spirax sarco steam moisture separator,,20,,0,category,斯派莎克 蒸汽汽水分离器
spirax sarco steam pipe sizing,,20,,0,docs,斯派莎克 蒸汽管径选型
spirax sarco steam pressure reducing station,,20,,0,category,斯派莎克 蒸汽减压站
spirax sarco steam pressure reducing valve,,20,,0,category,斯派莎克 蒸汽减压阀
spirax sarco steam properties,,20,,0,category,斯派莎克 蒸汽性质
spirax sarco steam pump,,20,,0,category,斯派莎克 蒸汽泵
spirax sarco steam regulating valve,,20,,0,category,斯派莎克 蒸汽调节阀
spirax sarco steam regulator adjustment,,20,,0,category,斯派莎克 蒸汽调压阀调节
spirax sarco steam sparger,,20,,0,category,斯派莎克 蒸汽分布器
spirax sarco steam system optimisation,,20,,0.00,,
spirax sarco steam table calculator,,20,,0.00,docs,斯派莎克 蒸汽表计算器
spirax sarco steam training,,20,,0,docs,斯派莎克 蒸汽培训
spirax sarco steam trap assembly,,20,,0,category,斯派莎克 蒸汽疏水阀总成
spirax sarco steam trap catalog,,20,,0,category,斯派莎克 蒸汽疏水阀目录
spirax sarco steam trap ft 15,,20,,0,product,
spirax sarco steam trap installation,,20,,0,docs,斯派莎克 蒸汽疏水阀安装
spirax sarco steam trap installation guide,,20,,0,docs,斯派莎克 蒸汽疏水阀安装指南
spirax sarco steam trap manual,,20,,0,docs,斯派莎克 蒸汽疏水阀手册
spirax sarco steam trap price list,,20,,0,category,斯派莎克 蒸汽疏水阀价格表
spirax sarco steam trap selection guide,,20,,0,docs,斯派莎克 蒸汽疏水阀选型指南
spirax sarco steam trap set,,20,,0.00,,
spirax sarco steam trap sizing,,20,,0,docs,斯派莎克 蒸汽疏水阀选型
spirax sarco steam trap td52,,20,,0,product,
spirax sarco steam trap tester,,20,,0,category,斯派莎克 蒸汽疏水阀测试仪
spirax sarco steam trap thermodynamic,,20,,2.65,category,斯派莎克 热动力式蒸汽疏水阀
spirax sarco steam trap utd52l,,20,,0,product,
spirax sarco steam traps pdf,,20,,0,docs,斯派莎克 蒸汽疏水阀 PDF
spirax sarco steam tutorials,,20,,0.00,docs,斯派莎克 蒸汽教程
spirax sarco steam water mixing valve,,20,,0,category,斯派莎克 蒸汽水混合阀
spirax sarco stock price,,20,,0.00,exclude,斯派莎克 股价
spirax sarco strainer catalog,,20,,0,category,斯派莎克 过滤器目录
spirax sarco strainer fig 34,,20,,0,product,
spirax sarco sts17 2,,20,,0,product,
spirax sarco sts17.2,,20,,0,product,
spirax sarco suisse,,20,,0.00,,
spirax sarco suomi,,20,,0.00,,
spirax sarco superheated steam,,20,,0,category,斯派莎克 过热蒸汽
spirax sarco supplier,,20,,0.00,contact,斯派莎克 供应商
spirax sarco suppliers,,20,,0,contact,斯派莎克 供应商
spirax sarco sustainability,,20,,0.00,category,斯派莎克 可持续发展
spirax sarco sv615,,20,,0.00,product,
spirax sarco sv615as,,20,,0.00,product,
spirax sarco sv73,,20,,0,product,
spirax sarco sv74,,20,,0,product,
spirax sarco sweden,,20,,0.00,address,斯派莎克 瑞典
spirax sarco switzerland,,20,,0.00,address,斯派莎克 瑞士
spirax sarco sx uni,,20,,0.00,,
spirax sarco sx25,,20,,0.00,,
spirax sarco sx77,,20,,0.00,,
spirax sarco sx80,,20,,0,product,
spirax sarco sx90,,20,,0.00,product,
spirax sarco sx90 manual,,20,,0,product,
spirax sarco sydney,,20,,0.00,,
spirax sarco t250,,20,,0,product,
spirax sarco tabela vapor,,20,,0.00,,
spirax sarco td 52,,20,,0.00,,
spirax sarco td42,,20,,0.00,product,
spirax sarco td42h,,20,,0.00,product,
spirax sarco td42s2,,20,,0,product,
spirax sarco td52 3 4,,20,,0,product,
spirax sarco td52 steam trap,,20,,0,product,
spirax sarco td62,,20,,0,product,
spirax sarco td62lm,,20,,0,product,
spirax sarco td62m,,20,,0,product,
spirax sarco tdc46m,,20,,0,product,斯派莎克 TDC46M
spirax sarco telefone,,20,,0.00,,
spirax sarco telefono,,20,,0.00,,
spirax sarco temperature controller,,20,,0.00,category,斯派莎克 温度控制器
spirax sarco thailand,,20,,0.00,address,斯派莎克 泰国
spirax sarco toronto,,20,,0.00,,
spirax sarco trabalhe conosco,,20,,0.00,,
spirax sarco training courses,,20,,0.00,docs,斯派莎克 培训课程
spirax sarco trap,,20,,1.65,category,斯派莎克 疏水阀
spirax sarco trieste,,20,,0.00,,
spirax sarco tss300,,20,,0,product,
spirax sarco turnover,,20,,0.00,,
spirax sarco tutorials,,20,,0.00,docs,斯派莎克 教程
spirax sarco tva flow meter,,20,,0.00,product,斯派莎克 TVA 流量计
spirax sarco tva flowmeter,,20,,0.00,product,斯派莎克 TVA 流量计
spirax sarco tva steam flow meter,,20,,0.00,,
spirax sarco uae,,20,,0.00,address,斯派莎克 阿联酋
spirax sarco ubp32,,20,,0,product,
spirax sarco uft32,,20,,0,product,
spirax sarco uft32 10,,20,,0,product,斯派莎克 UFT32-10
spirax sarco uk address,,20,,0.00,contact,斯派莎克 英国地址
spirax sarco uk and ireland,,20,,0.00,,
spirax sarco uk careers,,20,,0.00,,
spirax sarco uk contact,,20,,0.00,,
spirax sarco uk jobs,,20,,0.00,,
spirax sarco up100,,20,,0,product,
spirax sarco uruguay,,20,,0.00,,
spirax sarco usa headquarters,,20,,0,address,斯派莎克 美国总部
spirax sarco utd30l,,20,,0,product,
spirax sarco utd52l,,20,,1.94,product,
spirax sarco utd52l steam trap,,20,,0,product,
spirax sarco vacancies,,20,,0.00,,
spirax sarco vacuum breaker,,20,,3.03,category,斯派莎克 真空破坏阀
spirax sarco vacuum breaker vb14,,20,,0,product,
spirax sarco vagas,,20,,0.00,,
spirax sarco values,,20,,0.00,,
spirax sarco valve catalogue,,20,,0,category,斯派莎克 阀门目录
spirax sarco valve sizing,,20,,0,docs,斯派莎克 阀门选型
spirax sarco valves catalogue,,20,,0,category,斯派莎克 阀门目录
spirax sarco vb 14,,20,,0,product,
spirax sarco vb14 vacuum breaker,,20,,0,product,
spirax sarco vb21 vacuum breaker,,20,,0,product,
spirax sarco vent head,,20,,0,category,斯派莎克 通气帽
spirax sarco vietnam,,20,,0.00,address,斯派莎克 越南
spirax sarco vortex flow meter,,20,,0,category,斯派莎克 涡街流量计
spirax sarco vs 204,,20,,0,product,
spirax sarco vs 206,,20,,0,product,
spirax sarco vs204,,20,,0,product,
spirax sarco vs206,,20,,0,product,
spirax sarco warszawa,,20,,0.00,,
spirax sarco watson marlow,,20,,0.00,,
spirax sarco website,,20,,0,brand,斯派莎克网站
spirax sarco wikipedia,,20,,0.00,docs,斯派莎克 维基百科
spirax sarco work experience,,20,,0.00,,
spirax sarco y strainer,,20,,2.14,category,斯派莎克 Y 型过滤器
spirax sarco y strainer catalog,,20,,0,category,斯派莎克 Y 型过滤器目录
spirax sarco y strainer stainless,,20,,0.00,category,斯派莎克 不锈钢 Y 型过滤器
spirax sarco y type strainer,,20,,0,category,斯派莎克 Y 型过滤器
spirax sarco youtube,,20,,0,exclude,斯派莎克 YouTube
spirax sarco zawory regulacyjne,,20,,0.30,,
spirax sarco zollikon,,20,,0.00,,
spirax sarco zwijnaarde,,20,,0.00,,
spirax-sarco engineering plc annual report,,20,,0.00,,
spirax-sarco engineering plc share price,,20,,0.00,,
spirax-sarco limited,,20,,2.29,,
spirax-sarco share price,,20,,1.90,,
spirax-sarco share price forecast,,20,,0.00,,
srv2 spirax sarco,,20,,0.00,,
srv2s spirax sarco,,20,,0.00,product,
steam injector spirax sarco,,20,,0.00,category,蒸汽喷射器 斯派莎克
steam pressure reducing valve spirax sarco,,20,,0,category,蒸汽减压阀 斯派莎克
steam regulator spirax sarco,,20,,0.00,category,蒸汽调压阀 斯派莎克
steam table spirax sarco,,20,,0.00,category,蒸汽表 斯派莎克
steam trap selection guide spirax sarco,,20,,0,docs,蒸汽疏水阀选型指南 斯派莎克
steam trap sizing spirax sarco,,20,,0,docs,蒸汽疏水阀选型 斯派莎克
steam trap spirax sarco,,20,,0.00,product,
sts17 2 spirax sarco,,20,,0,product,
sv60 spirax sarco,,20,,0.00,product,
sv615 spirax sarco,,20,,0.00,product,
sv615as spirax sarco,,20,,0.00,,
sv73 spirax sarco,,20,,0.00,product,
sv74 spirax sarco,,20,,0,product,
sx uni spirax sarco,,20,,0.00,,
tabela de vapor saturado spirax sarco,,20,,0.00,,
tabla de vapor spirax sarco,,20,,0.00,,
tablas de vapor saturado spirax sarco,,20,,0.00,,
tablas de vapor spirax sarco,,20,,0.00,category,蒸汽表 斯派莎克
tanque flash spirax sarco,,20,,0.00,,
tarifa spirax sarco,,20,,0.00,,
td 52 spirax sarco,,20,,0.00,,
td42 spirax sarco,,20,,0.00,product,
td42l spirax sarco,,20,,0.00,,
td52m spirax sarco,,20,,0.00,,
td62 spirax sarco,,20,,0,product,
tds 52 spirax sarco,,20,,0.00,,
tds52 spirax sarco,,20,,0.00,product,
telefone spirax sarco,,20,,0.00,,
turflow spirax sarco,,20,,0.00,category,Turflow 斯派莎克
tva flowmeter spirax sarco,,20,,0.00,,
uft32 spirax sarco,,20,,0,product,
utd52l spirax sarco,,20,,0.00,,
vakuumbrecher spirax sarco,,20,,0.00,,
valve spirax sarco,,20,,0.00,category,阀门 斯派莎克
vapor spirax sarco,,20,,0.00,,
visor de fluxo spirax sarco,,20,,0.00,,
vlm30 spirax sarco,,20,,0.00,,
watson marlow spirax sarco,,20,,0.00,,沃森马洛 品牌
what does spirax sarco do,,20,,0,,斯派莎克是做什么的
why are spirax sarco shares falling,,20,,0.00,,
13ws spirax sarco,,10,,1.47,product,
ae30 spirax sarco,,10,,0.00,,
air vent spirax sarco,,10,,0.00,,
automatic pump trap spirax sarco,,10,,0,category,自动泵疏水阀 斯派莎克
av13 spirax sarco,,10,,0.00,,
b1h spirax sarco,,10,,0.00,,
bc 3200 spirax sarco,,10,,0.00,,
bc3250 spirax sarco manual,,10,,0.00,,
bcv43 spirax sarco,,10,,0.00,,
blowdown vessel spirax sarco,,10,,0.00,,
brv2s spirax sarco,,10,,0.23,,
brv2s spirax sarco pdf,,10,,0.00,,
check valve spirax sarco,,10,,0.00,,
colima spirax sarco,,10,,0.00,,
companies similar to spirax-sarco engineering plc publicly traded,,10,,0.00,,
control valve spirax sarco,,10,,0.00,,
cp10 spirax sarco,,10,,0.00,,
design of fluid systems spirax sarco newest editions list,,10,,0,docs,《流体系统设计》斯派莎克最新版目录
dp27 spirax sarco,,10,,0.00,,
dp27s spirax sarco,,10,,0,product,
drip pan elbow spirax sarco,,10,,0,category,排水盘弯头 斯派莎克
easiheat spirax sarco,,10,,0.00,,
fig 33 spirax sarco,,10,,0.00,product,
filtro autolimpante spirax sarco,,10,,0.00,,
filtro yee spirax sarco,,10,,0.00,,
flash vessel spirax sarco,,10,,0.00,category,闪蒸罐 斯派莎克
ft14 4.5 spirax sarco,,10,,0,product,
ft14-10 spirax sarco,,10,,0,product,
ft43-10 spirax sarco,,10,,0,product,
ft47 spirax sarco,,10,,0.00,,
generador de vapor limpio spirax sarco,,10,,0.00,,
hv3 spirax sarco,,10,,0.00,,
ke43 spirax sarco,,10,,0.00,,
lc3050 spirax sarco,,10,,0.00,,
lcv1 spirax sarco,,10,,0.00,,
le 33 spirax sarco,,10,,0.00,,
le33 spirax sarco,,10,,0.00,,
lea31 spirax sarco,,10,,0,product,
lp20 spirax sarco,,10,,0.00,,
lp21 spirax sarco,,10,,0.00,,
manual de vapor spirax sarco,,10,,0.00,,
mark vernon spirax sarco,,10,,0,,马克·弗农 斯派莎克
neil daws spirax sarco,,10,,0.00,,
nick anderson spirax sarco,,10,,0.00,,
pf61g-2nc spirax sarco,,10,,0,product,
pn9000 spirax sarco,,10,,0.00,product,PN9000 斯派莎克
pn9123e spirax sarco,,10,,0.00,,
pressure reducing valve spirax sarco,,10,,2.54,category,减压阀 斯派莎克
psv spirax sarco,,10,,0.00,,
safety valve spirax sarco,,10,,0.00,,
sarco spirax steam traps,,10,,0.58,,
saturated steam table spirax sarco,,10,,0,category,饱和蒸汽表 斯派莎克
scs20 spirax sarco,,10,,0.00,,
self-acting temperature control valve spirax sarco,,10,,0,category,自力式温控阀 斯派莎克
separator spirax sarco,,10,,0.00,category,分离器 斯派莎克
simon sprackling spirax sarco,,10,,0.00,,
sizing suite spirax sarco,,10,,0.00,,
sp400 spirax sarco manual,,10,,0,product,
sp7-10 spirax sarco,,10,,0.00,,
spirax - sarco s.r.l,,10,,0.00,,
spirax sarco 121,,10,,0.00,,
spirax sarco 13w air vent,,10,,0,product,
spirax sarco 25 p,,10,,0,product,
spirax sarco 25p despiece,,10,,0.00,,
spirax sarco 25p pdf,,10,,0,docs,
spirax sarco 3 way control valve,,10,,0,category,斯派莎克 三通控制阀
spirax sarco 3 way valve,,10,,0,category,斯派莎克 三通阀
spirax sarco 3d model library,,10,,0.00,,
spirax sarco 66669,,10,,0,product,
spirax sarco 67049,,10,,0,product,
spirax sarco 72962.3 amazon.com,,10,,0.00,,
spirax sarco 72969 3,,10,,0,product,斯派莎克 72969 3
spirax sarco ael3e,,10,,0.00,,
spirax sarco ael3e manual,,10,,0.00,product,
spirax sarco ag zollikon,,10,,0.00,,
spirax sarco air vent av13,,10,,0,product,
spirax sarco airodyn,,10,,0.00,,
spirax sarco annual report 2016,,10,,0,,斯派莎克 2016 年年报
spirax sarco annual report 2023,,10,,0.00,,
spirax sarco annual report 2024,,10,,0.00,,
spirax sarco apt 14 hc,,10,,0.00,,
spirax sarco apt 14 manual,,10,,0,product,
spirax sarco authorized distributors,,10,,0,contact,斯派莎克 授权经销商
spirax sarco auto air vent,,10,,0,category,斯派莎克 自动排气阀
spirax sarco b series,,10,,0,category,斯派莎克 B 系列
spirax sarco b-1h,,10,,0,product,
spirax sarco b1h-125,,10,,0,product,
spirax sarco b1x,,10,,0.00,product,
spirax sarco ball float,,10,,0.00,,
spirax sarco bellow seal globe valve,,10,,0,category,斯派莎克 波纹管密封 截止阀
spirax sarco berechnungsprogramme,,10,,0.00,,
spirax sarco bh,,10,,0.00,,
spirax sarco birmingham,,10,,0.00,,
spirax sarco bpt 13 a,,10,,0.00,,
spirax sarco bpt13sx,,10,,0.00,,
spirax sarco brasil cotia,,10,,0.00,,
spirax sarco bt 1000,,10,,0.00,,
spirax sarco bt1000,,10,,0.00,,
spirax sarco bt6-bh,,10,,0,product,
spirax sarco butterfly valve,,10,,0,category,斯派莎克 蝶阀
spirax sarco bva 325,,10,,0.00,,
spirax sarco campinas,,10,,0.00,,
spirax sarco check valves,,10,,0.00,,
spirax sarco chile ltda,,10,,0.00,,
spirax sarco christchurch,,10,,0.00,,
spirax sarco co uk,,10,,0.00,,
spirax sarco colombia sas,,10,,0,address,斯派莎克 哥伦比亚 SAS 公司
spirax sarco com,,10,,0.22,brand,斯派莎克官网
spirax sarco company profile,,10,,0,brand,斯派莎克 公司简介
spirax sarco compressed air guide,,10,,0,docs,斯派莎克 压缩空气指南
spirax sarco condensate pump skid,,10,,0,category,斯派莎克 冷凝水泵撬装
spirax sarco contact details,,10,,0.00,,
spirax sarco control valve sizing,,10,,0,docs,斯派莎克 控制阀选型
spirax sarco cp32,,10,,0.00,,
spirax sarco decarbonisation technology,,10,,0.00,,
spirax sarco direct steam injection,,10,,0,category,斯派莎克 直接蒸汽喷射
spirax sarco distributor,,10,,2.01,contact,斯派莎克 经销商
spirax sarco do brasil,,10,,0.00,,
spirax sarco download 3d,,10,,0.00,,
spirax sarco drv,,10,,0.00,,
spirax sarco el7213a se,,10,,0.00,,
spirax sarco el7213a-se,,10,,0.00,,
spirax sarco en-js1025,,10,,0.00,product,斯派莎克 EN-JS1025 截止阀
spirax sarco energy efficiency solutions,,10,,0.00,,
spirax sarco engineering bv,,10,,0.00,,
spirax sarco engineering plc cheltenham,,10,,0.00,,
spirax sarco engineering plc stock,,10,,0,exclude,斯派莎克 工程 PLC 股票
spirax sarco engineering subsidiaries,,10,,0,brand,斯派莎克 工程子公司
spirax sarco england,,10,,0.00,,
spirax sarco ep5 manual,,10,,0.00,,
spirax sarco ep6 sls1 a flow adjustment instructions,,10,,0,product,
spirax sarco fig 12,,10,,0,product,
spirax sarco fig 33,,10,,0.00,product,
spirax sarco fig 34,,10,,0.00,,
spirax sarco filtro y,,10,,0.28,,
spirax sarco flash recovery vessel,,10,,0.00,,
spirax sarco flash steam,,10,,0,category,斯派莎克 闪蒸汽
spirax sarco flash steam calculator,,10,,0,docs,斯派莎克 闪蒸汽计算器
spirax sarco float and thermostatic steam trap,,10,,0,category,斯派莎克 浮球式和恒温式蒸汽疏水阀
spirax sarco float trap capacity,,10,,0,docs,斯派莎克 浮球式疏水阀容量
spirax sarco ft 43 10,,10,,0,product,
spirax sarco ft 450 capacity,,10,,0,product,
spirax sarco ft-125,,10,,0.00,,
spirax sarco ft-15 capacity,,10,,0.00,,
spirax sarco ft-15 steam trap,,10,,0,product,
spirax sarco ft-75,,10,,0,product,
spirax sarco ft14 4.5,,10,,0,product,
spirax sarco ft14-4.5,,10,,0.00,,
spirax sarco ft43-10,,10,,0,product,
spirax sarco fti-125,,10,,0,product,
spirax sarco g-series condensate pump,,10,,0,category,斯派莎克 G 系列冷凝水泵
spirax sarco ggg40.3,,10,,0.00,,
spirax sarco ggg403,,10,,0,product,
spirax sarco global,,10,,0,brand,斯派莎克 全球
spirax sarco globe valve pdf,,10,,0,docs,斯派莎克 截止阀 PDF
spirax sarco graduate scheme,,10,,0.00,,
spirax sarco high pressure sample cooler,,10,,0,category,斯派莎克 高压取样冷却器
spirax sarco hm34,,10,,0.00,,
spirax sarco hookups,,10,,0,category,斯派莎克 配管连接
spirax sarco in40m,,10,,0.00,,
spirax sarco india careers,,10,,0.00,,
spirax sarco indonesia,,10,,0.00,address,斯派莎克 印度尼西亚
spirax sarco international,,10,,0.00,,
spirax sarco japan,,10,,0.00,,
spirax sarco ka33,,10,,0.00,,
spirax sarco katalog,,10,,0.00,,
spirax sarco kauft gestra,,10,,0.00,,
spirax sarco kb33,,10,,0.00,,
spirax sarco ke43,,10,,0,product,
spirax sarco ke73 manual,,10,,0,product,
spirax sarco ke73 ptsuss.2,,10,,0.00,,
spirax sarco kenya,,10,,0.00,,
spirax sarco lc3000,,10,,0.00,,
spirax sarco le33 ptsuss 2,,10,,0,product,
spirax sarco le33 ptsuss-2,,10,,0.00,,
spirax sarco le33 ptsuss.2,,10,,0.00,,
spirax sarco libro,,10,,0.00,,
spirax sarco listino prezzi,,10,,0.00,,
spirax sarco lp10-4,,10,,0,product,
spirax sarco ltd uk,,10,,0,brand,斯派莎克英国有限公司
spirax sarco m800,,10,,0,product,
spirax sarco maghreb,,10,,0.00,,
spirax sarco malaysia,,10,,0,address,斯派莎克 马来西亚
spirax sarco manufacturing,,10,,0,brand,斯派莎克 制造
spirax sarco maroc,,10,,0.00,,
spirax sarco mfp14 manual,,10,,0,product,
spirax sarco middle east,,10,,0,address,斯派莎克 中东
spirax sarco mst21 steam trap,,10,,0,product,
spirax sarco mumbai,,10,,0.00,,
spirax sarco mx,,10,,0.00,,
spirax sarco myynti,,10,,0.00,,
spirax sarco net zero services,,10,,0.00,,
spirax sarco netherlands bv,,10,,0.00,,
spirax sarco odwadniacz,,10,,0.37,,
spirax sarco official website,,10,,0,brand,斯派莎克 官网
spirax sarco online store,,10,,0,category,斯派莎克 网上商店
spirax sarco origin,,10,,0.00,,
spirax sarco p25,,10,,0.00,,
spirax sarco padova,,10,,0.00,,
spirax sarco pf61g,,10,,0.00,,
spirax sarco pf61g-2nc,,10,,0,product,
spirax sarco philippines inc,,10,,0,address,斯派莎克 菲律宾公司
spirax sarco photos,,10,,0.00,,
spirax sarco pipe sizing,,10,,0,docs,斯派莎克 管径选型
spirax sarco pn16 ggg40,,10,,0,product,
spirax sarco pn40,,10,,0.00,,
spirax sarco pn600,,10,,0.00,,
spirax sarco pp5,,10,,0.00,product,
spirax sarco pp5 positioner,,10,,0,product,
spirax sarco pp5 positioner manual,,10,,0,product,
spirax sarco pressure reducing valve catalogue,,10,,0,category,斯派莎克 减压阀目录
spirax sarco product handbook pdf,,10,,0,docs,斯派莎克 产品手册 PDF
spirax sarco products catalogue,,10,,0,category,斯派莎克 产品目录
spirax sarco pump parts,,10,,0,category,斯派莎克 泵零件
spirax sarco pune,,10,,0.00,,
spirax sarco purgadores,,10,,0.38,,
spirax sarco qatar,,10,,0,address,斯派莎克 卡塔尔
spirax sarco recife,,10,,0.00,,
spirax sarco redundancy,,10,,0.00,,
spirax sarco rennes,,10,,0.00,,
spirax sarco resources,,10,,0,docs,斯派莎克 资源
spirax sarco revit,,10,,0.00,,
spirax sarco rj,,10,,0.00,,
spirax sarco rta-125,,10,,0,product,
spirax sarco s.a,,10,,0,brand,斯派莎克 股份有限公司
spirax sarco s.a.,,10,,0.00,,
spirax sarco s.a.u,,10,,0.00,,
spirax sarco s3 steam separator,,10,,0,product,
spirax sarco sac 54531c,,10,,0,product,
spirax sarco sac 66173c,,10,,0,product,
spirax sarco sac 66669,,10,,0,product,
spirax sarco sac 67049,,10,,0,product,
spirax sarco safety valve catalogue,,10,,0,category,斯派莎克 安全阀目录
spirax sarco safety valve sizing,,10,,0,docs,斯派莎克 安全阀选型
spirax sarco safety valves,,10,,0.00,,
spirax sarco sample coolers,,10,,0,category,斯派莎克 取样冷却器
spirax sarco santa catarina,,10,,0.00,,
spirax sarco saudi arabia,,10,,0.00,,
spirax sarco scambiatori,,10,,0.00,,
spirax sarco sdn. bhd.,,10,,0.00,,
spirax sarco sg253,,10,,0.00,,
spirax sarco share price news,,10,,0.00,,
spirax sarco share price yahoo,,10,,0.00,,
spirax sarco sizing suite,,10,,0,docs,斯派莎克 选型软件套件
spirax sarco sk,,10,,0.00,,
spirax sarco sp 400,,10,,0.00,,
spirax sarco sp400 calibration,,10,,0,product,
spirax sarco sp400 smart positioner,,10,,0,product,
spirax sarco sp400 troubleshooting,,10,,0.00,,
spirax sarco sp400 user manual,,10,,0,product,
spirax sarco sp500 positioner,,10,,0,product,
spirax sarco sp500 positioner manual,,10,,0,product,
spirax sarco sp500 troubleshooting,,10,,0,product,
spirax sarco sp7-10,,10,,0.00,product,
spirax sarco sp7-10 manual,,10,,0.00,product,
spirax sarco sp7-10 wiring diagram,,10,,0,product,
spirax sarco steam and condensate loop book,,10,,0,docs,斯派莎克 蒸汽与冷凝水回路手册
spirax sarco steam condensate pump,,10,,1.91,category,斯派莎克 蒸汽冷凝水泵
spirax sarco steam handbook pdf,,10,,0,docs,
spirax sarco steam humidifier,,10,,0,category,斯派莎克 蒸汽加湿器
spirax sarco steam pressure relief valve,,10,,0,category,斯派莎克 蒸汽泄压阀
spirax sarco steam regulator troubleshooting,,10,,0,docs,斯派莎克 蒸汽调压阀故障排查
spirax sarco steam system design,,10,,0,docs,斯派莎克 蒸汽系统设计
spirax sarco steam tables pdf,,10,,0,docs,
spirax sarco steam trap 1 2,,10,,0,category,斯派莎克 1/2 英寸蒸汽疏水阀
spirax sarco steam trap 1/2,,10,,0,category,斯派莎克 1/2 英寸蒸汽疏水阀
spirax sarco steam trap ft14,,10,,0.00,,
spirax sarco steam trap maintenance,,10,,0,docs,斯派莎克 蒸汽疏水阀维护
spirax sarco steam trap monitoring,,10,,0,docs,斯派莎克 蒸汽疏水阀监测
spirax sarco steam traps ft-15,,10,,0,product,
spirax sarco steam traps parts,,10,,0,category,斯派莎克 蒸汽疏水阀零件
spirax sarco steam traps td52,,10,,0,product,斯派莎克 TD52 蒸汽疏水阀
spirax sarco steam valve,,10,,0,category,斯派莎克 蒸汽阀
spirax sarco steam water mixing station,,10,,0,category,斯派莎克 蒸汽水混合站
spirax sarco strainer y type,,10,,0.00,,
spirax sarco strainers,,10,,0,category,斯派莎克 过滤器
spirax sarco sts 17.2,,10,,0.00,,
spirax sarco subsidiaries,,10,,0,contact,斯派莎克 子公司
spirax sarco superheated steam calculator,,10,,0,docs,斯派莎克 过热蒸汽计算器
spirax sarco sustainable steam management,,10,,0.00,,
spirax sarco sv607,,10,,0.00,,
spirax sarco sv615as safety valve,,10,,0.00,,
spirax sarco sx100-1 manual,,10,,0.00,,
spirax sarco sx100e,,10,,0.00,,
spirax sarco tables,,10,,0.00,,
spirax sarco td42l steam trap,,10,,0,product,
spirax sarco thermocoax,,10,,0.00,,
spirax sarco thermodynamic steam traps,,10,,0.00,,
spirax sarco tlalnepantla,,10,,0.00,,
spirax sarco torino,,10,,0.00,,
spirax sarco treinamento,,10,,0.00,,
spirax sarco tunisie,,10,,0.00,,
spirax sarco turkey,,10,,0.00,,
spirax sarco tutorial,,10,,0.00,docs,斯派莎克 教程
spirax sarco tva flow meter manual,,10,,0.00,,
spirax sarco uft32-10,,10,,0,product,
spirax sarco utm10,,10,,0,product,
spirax sarco valves steam,,10,,0,category,斯派莎克 蒸汽阀门
spirax sarco vapor saturado,,10,,0.00,,
spirax sarco venezuela,,10,,0.00,,
spirax sarco venttiilit,,10,,0.00,,
spirax sarco vs-204,,10,,0,product,
spirax sarco vulcanic,,10,,0.00,,斯派莎克 Vulcanic 品牌
spirax sarco water trap,,10,,0,category,斯派莎克 水封
spirax sarco webinars,,10,,0,exclude,斯派莎克 网络研讨会
spirax sarco wien,,10,,0.00,,
spirax sarco y strainer fig 34,,10,,0,product,
spirax sarco zoominfo,,10,,0,,斯派莎克 ZoomInfo 网站
spirax-sarco engineering plc analyst price target disagreement,,10,,0.00,,
spirax-sarco engineering plc bullish and bearish analyst opinions,,10,,0.00,,
spirax-sarco engineering plc linkedin,,10,,0.00,,
spirax-sarco india private limited,,10,,0.00,,
spirax-sarco ltd,,10,,2.29,,
spirax-sarco share price news,,10,,0.00,,
spirax-sarco share price uk,,10,,0.00,,
srv66 spirax sarco,,10,,0.00,product,
steam control valve spirax sarco,,10,,0,category,蒸汽控制阀 斯派莎克
steam flow meter spirax sarco,,10,,0,category,蒸汽流量计 斯派莎克
steam separator spirax sarco,,10,,1.94,category,蒸汽分离器 斯派莎克
steam sparger spirax sarco,,10,,0,category,蒸汽分布器 斯派莎克
steam trap spirax sarco pdf,,10,,0,docs,蒸汽疏水阀 PDF 斯派莎克
sts17.2 spirax sarco,,10,,0.00,,
sv607 spirax sarco,,10,,0.00,,
sx90 spirax sarco,,10,,0.00,product,
tablas vapor saturado spirax sarco,,10,,0.00,,
td120 spirax sarco,,10,,0,product,
td32f spirax sarco,,10,,0.00,,
td42h spirax sarco,,10,,0.00,product,
td42la spirax sarco,,10,,0.00,,
tdc46m spirax sarco,,10,,0,product,
thermocoax spirax sarco,,10,,0.00,,
thermodynamic steam trap spirax sarco,,10,,0.00,,
thermostatic steam trap spirax sarco,,10,,0.00,,
ubp32 spirax sarco,,10,,0.00,,
utd30l spirax sarco,,10,,0.00,,
vacuum breaker spirax sarco,,10,,0.00,,
vb14 spirax sarco,,10,,0.00,,
vb21 spirax sarco,,10,,0.00,,
visor de flujo spirax sarco,,10,,0.00,,
vulcanic spirax sarco,,10,,0.00,category,Vulcanic 斯派莎克
webinar spirax sarco,,10,,0.00,,
what do spirax sarco do,,10,,0.00,,
ws4 spirax sarco,,10,,0.00,,
www esp portal com clients spirax sarco,,10,,0.00,,
www spirax sarco,,10,,0.00,,
y strainer spirax sarco,,10,,0.00,,
07 8g spirax sarco,,0,,0.00,,
09460003 spirax sarco,,0,,0.00,,
1 1 2 strainer spirax sarco,,0,,0.00,,
1 2 b-45 spirax sarco,,0,,0.00,,
1 2 td42h spirax sarco,,0,,0.00,,
1 spirax sarco,,0,,0.00,,
1 spirax sarco ft46-10,,0,,0,,
10009386 spirax sarco,,0,,0.00,,
10009386 spirax sarco fig 105,,0,,0.00,,
10009386 spirax sarco fig 106,,0,,0.00,,
11 2 x 21 2 spirax sarco pressure relief valve,,0,,0,,
13 w spirax sarco,,0,,0.00,,
13w 3 4in spirax sarco,,0,,0,,
13ws aev spirax sarco,,0,,0.00,,
13ws spirax sarco temperatura minima,,0,,0.00,,
14432517 spirax sarco,,0,,0.00,,
151799168 spirax sarco,,0,,0.00,,
1840500 spirax sarco,,0,,0.00,,
1bd spirax sarco,,0,,0.00,,
1td52 trap spirax sarco,,0,,0.00,,
2 inch spirax sarco steam traps,,0,,0,,
2 spirax sarco ft-185,,0,,0.00,,
2 spirax sarco steam trap,,0,,0.00,,
211s spirax sarco,,0,,0.00,,
25 pag spirax sarco,,0,,0.00,,
250 spirax sarco,,0,,0,,
25mp spirax sarco,,0,,0.00,,
25p de 4 spirax sarco,,0,,0.00,,
25p spirax sarco 3d,,0,,0.00,,
25p spirax sarco 3d download,,0,,0.00,,
25p spirax sarco 3d download model,,0,,0.00,,
25p spirax sarco 6,,0,,0,,
25p spirax sarco flanchada,,0,,0.00,,
25p spirax sarco flanchada pdf,,0,,0.00,,
25p spirax sarco im,,0,,0,,
25p spirax sarco m,,0,,0.00,,
25p spirax sarco pdf 4,,0,,0.00,,
25p spirax sarco puesta en,,0,,0.00,,
25p spirax sarco us ti,,0,,0,,
25pa spirax sarco,,0,,0,,
25pag spirax sarco,,0,,0.00,,
25pe spirax sarco,,0,,0,,
25pt spirax sarco,,0,,0,,
25t spirax sarco,,0,,0.00,,
25t spirax sarco dwg,,0,,0.00,,
25t spirax sarco us ti,,0,,0,,
27 p spirax sarco,,0,,0.00,,
27p spirax sarco,,0,,0.00,,
2d spirax sarco,,0,,0.00,,
3 4 spirax sarco prv valve,,0,,0.00,,
3 way valve spirax sarco,,0,,0.00,,
3.530.5275.150 spirax sarco,,0,,0.00,,
3321310 spirax sarco,,0,,0.00,,
360 spirax sarco,,0,,0.00,,
3c.525 spirax sarco 3d,,0,,0.00,,
3d 25p spirax sarco,,0,,0.00,,
3d autocad 25p spirax sarco,,0,,0.00,,
3d drawing 25p spirax sarco,,0,,0.00,,
3d spirax sarco,,0,,0.00,,
3d spirax sarco model venteo vs204,,0,,0.00,,
3d spirax sarco vs204,,0,,0.00,,
4421 spirax sarco,,0,,0.00,,
442144 spirax sarco,,0,,0.00,,
44214415 spirax sarco,,0,,0.00,,
4527 spirax sarco,,0,,0.00,,
4m310 spirax sarco,,0,,0.00,,
5000 kg h de vapor spirax sarco,,0,,0.00,,
5044165 spirax sarco,,0,,0.00,,
50928 spirax sarco,,0,,0,,
511s spirax sarco,,0,,0,,
55223 spirax sarco,,0,,0,,
55224 spirax sarco regulator,,0,,0.00,,
55226 spirax sarco,,0,,0.00,,
570 spirax sarco,,0,,0,,
5s spirax sarco,,0,,0.00,,
63354 stock spirax sarco,,0,,0.00,,
64170 spirax sarco,,0,,0.00,,
64262 spirax sarco,,0,,0.00,,
655175 spirax sarco,,0,,0.00,,
6902220 spirax sarco,,0,,0.00,,
6902246 spirax sarco,,0,,0.00,,
6902252 spirax sarco,,0,,0.00,,
69956 spirax sarco pump,,0,,0,,
73491 9 registro spirax sarco,,0,,0.00,,
73j2t spirax sarco,,0,,0.00,,
75470 spirax sarco,,0,,0.00,,
7887-tk-e-b05d-h-v spirax sarco,,0,,0.00,,
82pde spirax sarco,,0,,0.00,,
9263040300 spirax sarco,,0,,0.00,,
a full port ball valve types pdf from spirax sarco,,0,,0.00,,
a quoi consiste spirax sarco,,0,,0.00,,
a spirax sarco,,0,,0.00,,
a spirax sarco engineering company,,0,,0,,
a-395 spirax sarco,,0,,0.00,,
a3 s spirax sarco,,0,,0.00,,
a395 spirax sarco,,0,,0.00,,
abaco de spirax sarco,,0,,0.00,,
abkmnh-htuekznjh c fnjuj djple f spirax sarco,,0,,0.00,,
about spirax sarco,,0,,0.00,,
abv 40 spirax sarco,,0,,0,,
abv spirax sarco,,0,,0.00,,
accesorios calderas spirax sarco,,0,,0.00,,
accesorios de calderas spirax sarco fenercom 2017,,0,,0.00,,
accesorios spirax sarco,,0,,0.00,,
acciones spirax-sarco engineering plc,,0,,0.00,,
acoples rapidos spirax sarco,,0,,0.00,,
acqua surriscaldata spirax sarco,,0,,0.00,,
action spirax sarco,,0,,0.00,,
actuador 7213a spirax sarco,,0,,0.00,,
actuador 9320 spirax sarco,,0,,0.00,,
actuador anm 107 r spirax sarco,,0,,0.00,,
actuador bva300 spirax sarco,,0,,0.00,,
actuador lectrico spirax sarco,,0,,0.00,,
actuador pn9000 spirax sarco,,0,,0.00,,
actuador pn9000 spirax sarco diametro,,0,,0.00,,
actuador pn9000 spirax sarco en ingles,,0,,0.00,,
actuador rotativo spirax sarco 320d,,0,,0.00,,
actuador rotativos spirax sarco,,0,,0.00,,
actuador spirax sarco,,0,,0.00,,
actuador spirax sarco 325,,0,,0.00,,
actuador spirax sarco converter 4 a20 ma 3 a15 psi,,0,,0.00,,
actuador spirax sarco posiconador,,0,,0.00,,
actuadores electricos spirax sarco,,0,,0.00,,
actuadores neumaticos spirax sarco,,0,,0.00,,
actuadores neumaticos spirax sarco autocad,,0,,0.00,,
actuadores spirax sarco,,0,,0.00,,
acumulador de vapor spirax sarco,,0,,0.00,,
acumuladores de vapor spirax sarco,,0,,0.00,,
adjustment spring blue t15 3.027 spirax sarco,,0,,0,,
adjustment spring blue t15 3.027 spirax sarco 25pt,,0,,0,,
ae 14 spirax sarco,,0,,0.00,,
ae10s spirax sarco,,0,,0.00,,
ae10s spirax sarco video,,0,,0.00,,
ae36a spirax sarco,,0,,0,,
ae50s spirax sarco,,0,,0.00,,
ael 6 spirax sarco,,0,,0.00,,
ael5 spirax sarco,,0,,0.00,,
ael6 spirax sarco,,0,,0.00,,
ael6 spirax sarco 0 20 ma,,0,,0.00,,
ael6 spirax sarco analog,,0,,0.00,,
ael6 spirax sarco setting 0 20 ma,,0,,0.00,,
ael7 spirax sarco manual,,0,,0,,
af 250 spirax sarco,,0,,0.00,,
agen spirax sarco indonesia,,0,,0,,
agent de ligne spirax sarco,,0,,0.00,,
agenzia spirax sarco,,0,,0.00,,
agm online vote spirax-sarco,,0,,0.00,,
air and gas trap spirax sarco,,0,,0.00,,
air eliminator valve spirax sarco ae36,,0,,0,,
air eliminators spirax sarco,,0,,0,,
aire comprimido spirax sarco,,0,,0.00,,
airodyn spirax sarco,,0,,0.00,,
alamat spirax sarco indonesia,,0,,0,,
alarmas de alta seguridad para vigilancia indirecta spirax sarco,,0,,0.00,,
aliexpress spirax sarco,,0,,0.00,,
alliage spirax sarco,,0,,0.00,,
alternativa a spirax sarco,,0,,0.00,,
amazon spirax sarco ft14,,0,,0.00,,
analisador vazamento spirax sarco,,0,,0.00,,
analisi finanziaria spirax sarco,,0,,0.00,,
analista de engenharia de produto spirax sarco love mondays salario,,0,,0.00,,
analizador de condensados spirax sarco,,0,,0.00,,
analizador de oxigeno spirax sarco,,0,,0.00,,
analogia tra spirax sarco pa20 spirax sarco pa420,,0,,0.00,,
andrew baddeley spirax sarco,,0,,0.00,,
andrew prew spirax sarco,,0,,0.00,,
andrew robson spirax sarco,,0,,0.00,,
andrew spirax sarco,,0,,0.00,,
andrew spirax sarco canada,,0,,0.00,,
andrew stewart spirax sarco,,0,,0.00,,
andy robson spirax sarco,,0,,0.00,,
angelina rangel spirax sarco,,0,,0.00,,
annual report 2018 spirax sarco,,0,,0.00,,
annual report spirax sarco,,0,,0.00,,
anytime spirax sarco,,0,,0,,
apostila de vapor spirax sarco,,0,,0.00,,
apostila de vapor spirax sarco ppt,,0,,0.00,,
apostila spirax sarco,,0,,0.00,,
apostila spirax sarco pdf,,0,,0.00,,
apostila spirax sarco slide share,,0,,0.00,,
apostila spirax-sarco,,0,,0.00,,
apply for spirax sarco jobs,,0,,0.00,,
apprenti spirax sarco,,0,,0.00,,
aprovechar vapor flash spirax sarco,,0,,0.00,,
aproveitamento de descarga de fundo spirax sarco,,0,,0.00,,
apt 10 spirax sarco ti,,0,,0.00,,
apt 14 hc spirax sarco,,0,,0.00,,
apt 14 spirax sarco price,,0,,0,,
apt 8 spirax sarco,,0,,0.00,,
apt-spi spirax sarco,,0,,0.00,,
apt10 ppu spirax sarco,,0,,0.00,,
ari armaturen x spirax sarco,,0,,0.00,,
armado de ehd1ppnst-1hlg-p2 easy heat spirax sarco,,0,,0.00,,
armstrong steam traps spirax sarco,,0,,0,,
aspire spirax sarco,,0,,0.00,,
assessment center spirax sarco,,0,,0.00,,
assessment centre spirax sarco,,0,,0,,
assistente tecnico spirax sarco,,0,,0.00,,
astm a395 spirax sarco,,0,,0.00,,
astm a395 spirax sarco mfp-14,,0,,0.00,,
astm a395 spirax sarco mfp14,,0,,0.00,,
atemperadores spirax sarco,,0,,0,,
attuatore pneumatico spirax sarco,,0,,0.00,,
attuatore pneumatico spirax sarco pn,,0,,0.00,,
attuatore pneumatico spirax sarco pn 32,,0,,0.00,,
attuatore pneumatico spirax sarco pn 3232,,0,,0.00,,
attuatore pneumatico spirax sarco pn3232,,0,,0.00,,
attuatore spinatrol spirax sarco,,0,,0.00,,
attuatore spirax sarco pn3326,,0,,0.00,,
attuatore spirax sarco spinatrol,,0,,0.00,,
atuador 3120 spirax sarco,,0,,0.00,,
atuador spirax sarco pn 9123e,,0,,0.00,,
atuador spirax sarco pn 9123e explodida,,0,,0.00,,
atuador spirax sarco pn 9123e youtube,,0,,0.00,,
atuador spirax sarco pn9123e explodida,,0,,0.00,,
atuadores spirax sarco,,0,,0.00,,
auctuaores neumaticos spirax sarco,,0,,0.00,,
aurelie pignard spirax sarco,,0,,0.00,,
autocad spirax sarco,,0,,0.00,,
automatic pump mfp14 with check valves dcv4 waffer spirax sarco,,0,,0,,
autorizada spirax sarco,,0,,0.00,,
av 713 spirax sarco,,0,,0,,
av21 spirax sarco,,0,,0.00,,
av45 spirax sarco,,0,,0.00,,
avantages spirax sarco,,0,,0.00,,
average bonus in the uk spirax sarco,,0,,0,,
aw2000 spirax sarco,,0,,0.00,,
awareness spirax sarco,,0,,0.00,,
azul ral 5010 spirax sarco,,0,,0.00,,
b.o.a.s evaluation spirax sarco,,0,,0.00,,
b1h spirax sarco instalacion,,0,,0.00,,
b3-125 spirax sarco,,0,,0.00,,
b3-125 spirax sarco costo,,0,,0.00,,
b3-250 spirax sarco trap 1,,0,,0,,
b3s spirax sarco,,0,,0.00,,
b4 spirax sarco,,0,,0.00,,
b4 spirax sarco pdf,,0,,0.00,,
b5 spirax sarco,,0,,0.00,,
b5-125 spirax sarco,,0,,0.00,,
b5125 spirax sarco,,0,,0.00,,
b850 spirax sarco,,0,,0,,
balanced pressure thermostatic steam trap spirax sarco,,0,,0.00,,
balde invertido spirax sarco,,0,,0.00,,
ball float steam trap spirax sarco pdf,,0,,0,,
ball float termostatic trap spirax sarco,,0,,0.00,,
ball valve 3d model spirax sarco,,0,,0,,
ball valve globe butterfly spirax sarco filetype pdf,,0,,0.00,,
ball valve sizing software spirax sarco,,0,,0.00,,
ball valve spirax sarco argentina,,0,,0.00,,
ball valve spirax sarco indonesia,,0,,0,,
ball valves dimensions spirax sarco,,0,,0.00,,
banzatto spirax sarco,,0,,0.00,,
banzatto spirax sarco linkedin,,0,,0.00,,
banzzato spirax sarco,,0,,0.00,,
bar.r spirax sarco,,0,,0.00,,
barilotto d168 di separazione spirax sarco,,0,,0.00,,
barilotto spirax sarco,,0,,0.00,,
barrilete de sellado ws4 spirax sarco,,0,,0.00,,
bbv43 spirax sarco,,0,,0.00,,
bbva spirax sarco,,0,,0.00,,
bc 3210 spirax sarco,,0,,0,,
bc 3250 spirax sarco,,0,,0.00,,
bc1100 spirax sarco,,0,,0.00,,
bc3050 spirax sarco,,0,,0.00,,
bc3210 spirax sarco,,0,,0.00,,
bc3250 controller spirax sarco,,0,,0.00,,
bc3250 spirax sarco pdf,,0,,0.00,,
bc3250 spirax sarco spanisch,,0,,0.00,,
bcs 2 spirax sarco,,0,,0.00,,
bcs1 spirax sarco,,0,,0.00,,
bcs3 spirax sarco,,0,,0.00,,
bcs4 spirax sarco,,0,,0.00,,
bcv spirax sarco,,0,,0.00,,
bcv1 spirax sarco,,0,,0.00,,
bdv 60 spirax sarco bim,,0,,0.00,,
bea51 spirax sarco,,0,,0.00,,
bellows sealed valve spirax sarco,,0,,0,,
bellows valve spirax sarco bsa1 dn25 pn16,,0,,0.00,,
bem vindo ao mundo do vapor spirax sarco,,0,,0.00,,
ben frisby spirax sarco,,0,,0,,
berdien uytterhaegen spirax sarco,,0,,0.00,,
bernd schneider spirax sarco,,0,,0.00,,
beta spirax sarco,,0,,0.00,,
beta.spirax sarco,,0,,0.00,,
bi-annual refresh spirax sarco,,0,,0.00,,
bico spirax sarco,,0,,0.00,,
bill harms spirax sarco,,0,,0,,
bill whiteley spirax sarco,,0,,0.00,,
bimetallic steam trap spirax sarco,,0,,0.00,,
bloco 3d spirax sarco,,0,,0.00,,
bloques spirax sarco,,0,,0.00,,
blowdown control bt1050-spirax sarco,,0,,0.00,,
blowdown heat recovery spirax sarco,,0,,0,,
blowdown tank spirax sarco,,0,,0,,
blowdown valve spirax sarco,,0,,0.00,,
bm7 spirax sarco,,0,,0.00,,
bobina posicionador pneumatico spirax sarco,,0,,0.00,,
bobina spirax sarco 2600,,0,,0.00,,
boiler p&id spirax sarco,,0,,0.00,,
boiler service spirax sarco,,0,,0.00,,
boiler steam take off spirax sarco,,0,,0,,
boletin spirax sarco compensadores de dilatacion termica,,0,,0.00,,
boletin spirax sarco im-g37-33,,0,,0.00,,
bomba centrifuga spirax sarco,,0,,0.00,,
bomba condensadora automatica apt 14 spirax sarco,,0,,0.00,,
bomba de condensados spirax sarco ptf,,0,,0.00,,
bomba de condensados vapor industrial spirax sarco,,0,,0.00,,
bomba de consensados spirax sarco,,0,,0.00,,
bomba de vapor spirax sarco,,0,,0.00,,
bomba de.condrnsado spirax sarco,,0,,0.00,,
bomba para condensados de vapor industrial spirax sarco,,0,,0.00,,
bomba ptc spirax sarco,,0,,0.00,,
bomba ptf spirax sarco,,0,,0.00,,
bomba spirax sarco,,0,,0.00,,
bomba spirax sarco para condensados a-395 69229 poincht down,,0,,0.00,,
bomba spirax sarco ptf,,0,,0.00,,
bombas con ptc spirax sarco,,0,,0.00,,
bombas de agua spirax sarco,,0,,0.00,,
bombas spirax sarco,,0,,0.00,,
bombas verticales spirax sarco cloacales,,0,,0.00,,
bp 13 spirax sarco,,0,,0.00,,
bp 22 spirax sarco,,0,,0.00,,
bp 25 spirax sarco,,0,,0.00,,
bp 30 spirax sarco,,0,,0.00,,
bp 99 spirax sarco,,0,,0.00,,
bp22 spirax sarco,,0,,0.00,,
bpm ti spirax sarco,,0,,0.00,,
bpm2il steam trap spirax sarco,,0,,0,,
bps 32ycv spirax sarco,,0,,0.00,,
bps32 spirax sarco,,0,,0.00,,
bpt spirax sarco,,0,,0.00,,
bpt1 ax 1 2 bsp cap nts spirax sarco,,0,,0.00,,
bpt13ax spirax sarco,,0,,0.00,,
bpt13s spirax sarco,,0,,0.00,,
bpt13sx spirax sarco,,0,,0.00,,
bpw32 spirax sarco,,0,,0,,
br.spirax sarco,,0,,0.00,,
brc2s spirax sarco,,0,,0.00,,
brian mccarthy spirax sarco,,0,,0,,
bribing case spirax sarco,,0,,0.00,,
brv 2sp spirax sarco,,0,,0.00,,
brv 5s spirax sarco,,0,,0.00,,
brv25 spirax sarco,,0,,0.00,,
brv2s 25 spirax sarco,,0,,0.00,,
brv2s spirax sarco 19 bar,,0,,0.00,,
brv2s spirax sarco 19 bar prezzo,,0,,0.00,,
brv7-b spirax sarco,,0,,0.00,,
bsa 1t spirax sarco,,0,,0.00,,
bsa spirax sarco imi,,0,,0.00,,
bsa1 spirax sarco,,0,,0.00,,
bsa2 spirax sarco,,0,,0.00,,
bsa3t spirax sarco valve doc,,0,,0.00,,
bsc4 spirax sarco,,0,,0.00,,
bt 1000 spirax sarco,,0,,0.00,,
bt 37 spirax sarco,,0,,0.00,,
bt1050 spirax sarco pdf,,0,,0.00,,
bt6-bh spirax sarco,,0,,0.00,,
btd52l spirax sarco,,0,,0,,
bts 7 spirax sarco,,0,,0.00,,
bulbo tipo colita de raton spirax sarco,,0,,0.00,,
bumeran spirax sarco,,0,,0.00,,
busco trabajo en spirax sarco,,0,,0.00,,
buses d'injection in15 in25m et in40m spirax sarco,,0,,0.00,,
business model canvas spirax sarco,,0,,0.00,,
busqueda spirax sarco,,0,,0.00,,
buy spirax sarco ae36a,,0,,0.00,,
bva 300 spirax sarco,,0,,0,,
bva 325 spirax sarco,,0,,0.00,,
bva300 spirax sarco,,0,,0.00,,
byron thomas spirax sarco,,0,,0.00,,
c15055 spirax sarco,,0,,0.00,,
ca 44 spirax sarco,,0,,0,,
ca10 spirax sarco,,0,,0.00,,
ca10s spirax sarco price,,0,,0.00,,
ca44s spirax sarco,,0,,0.00,,
cabezal electronico spirax sarco,,0,,0.00,,
cabezal mezclador spirax sarco,,0,,0.00,,
cad library spirax sarco,,0,,0.00,,
cad spirax sarco,,0,,0.00,,
cade gov spirax sarco adquire hiter,,0,,0.00,,
cade spirax sarco,,0,,0.00,,
calculador de serpentines spirax sarco,,0,,0.00,,
calculadora de vapor spirax sarco,,0,,0.00,,
calculadora propiedades vapor saturado spirax sarco,,0,,0.00,,
calculadora spirax sarco,,0,,0.00,,
calculadora spirax sarco para aislamientos,,0,,0.00,,
calcular diametro tuberia spirax sarco,,0,,0.00,,
calcular spirax sarco para aislamientos,,0,,0.00,,
calculator spirax sarco,,0,,0.00,,
calderas de vapor spirax sarco,,0,,0.00,,
calderas de vapor-spirax-sarco parte 1,,0,,0.00,,
calderas spirax sarco pdf,,0,,0.00,,
calderas y accesorios spirax sarco,,0,,0.00,,
calderas_de_vapor-spirax-sarco_parte 1,,0,,0.00,,
calector de vapor spirax sarco,,0,,0.00,,
calentador agua spirax sarco,,0,,0.00,,
calidad de vapor spirax sarco,,0,,0.00,,
camara sensor spirax sarco,,0,,0.00,,
camara sensora s11 spirax sarco,,0,,0.00,,
camara sensora spirax sarco,,0,,0.00,,
camara sensora st-141 spirax sarco,,0,,0.00,,
canada spirax sarco toronto ontario graduate programme 2018,,0,,0.00,,
captador vacio spirax sarco,,0,,0.00,,
cara ella spirax sarco,,0,,0.00,,
cara pemasangan steam trap berdasarkan name plate spirax sarco,,0,,0,,
caravella ella spirax sarco,,0,,0.00,,
career at spirax sarco,,0,,0,,
carel saktbh0000 spirax sarco,,0,,0.00,,
caroline johnson spirax sarco,,0,,0.00,,
casse vide spirax sarco,,0,,0.00,,
cassio spirax sarco,,0,,0.00,,
cast iron strainer spirax sarco ti,,0,,0,,
cast iron strainer spirax sarco usti,,0,,0,,
catalago spirax sarco,,0,,0.00,,
catalgo spirax sarco,,0,,0.00,,
catalogos calderas spirax sarc pdf,,0,,0.00,,
catalogos calderas spirax sarco,,0,,0.00,,
catalogos de calderas spirax sarco,,0,,0.00,,
catalogos de spirax sarco,,0,,0.00,,
catalogos spirax sarco,,0,,0.00,,
catalogos spirax sarco argentina,,0,,0.00,,
caudalimetro tipo wafer spirax sarco tva dn 80,,0,,0.00,,
caudalimetro ultrasonico spirax sarco,,0,,0.00,,
caudalimetro vapor spirax sarco,,0,,0.00,,
ccd spirax sarco,,0,,0.00,,
cd spirax sarco pdf,,0,,0.00,,
cennik spirax sarco,,0,,0.00,,
cennik spirax sarco 2016,,0,,0.00,,
central agua quente spirax sarco,,0,,0.00,,
centre de formation spirax sarco,,0,,0.00,,
ceo of spirax-sarco engineering plc,,0,,0.00,,
certificado de qualidade de produto spirax sarco,,0,,0.00,,
certificado de qualidade spirax sarco,,0,,0.00,,
charlton house spirax sarco,,0,,0.00,,
charola spirax sarco modelo dpe,,0,,0.00,,
charola spirax sarco modelo dpe 1 1 4,,0,,0.00,,
charola spirax sarco modelo dpe 2,,0,,0.00,,
check spirax sarco,,0,,0.00,,
check valve dcv6464 spirax sarco,,0,,0.00,,
check valve dcv6464 spirax sarco imi,,0,,0.00,,
check valve spirax sarco dcv4 ss,,0,,0,,
cheltenham spirax sarco,,0,,0,,
chemical map spirax sarco,,0,,0.00,,
cheque de 2 spirax sarco bs7438,,0,,0.00,,
cheque de 2 x 300 lb dcv4 spirax sarco bs7438,,0,,0.00,,
cheque de 2 x 300 lb spirax sarco bs 7438,,0,,0.00,,
cheque de 2 x 300 lib dcv4 spirax sarco bs7438,,0,,0.00,,
cheque de 2 x 300 lib spirax sarco bs7438,,0,,0.00,,
cheque inox spirax sarco,,0,,0.00,,
cheque visor spirax sarco,,0,,0.00,,
cheque visor spirax sarco precio,,0,,0.00,,
chinese investment spirax sarco,,0,,0.00,,
chip stokes spirax sarco,,0,,0,,
chromalox uk ltd a spirax sarco group,,0,,0,,
ci-125 spirax sarco,,0,,0,,
citrix spirax sarco,,0,,0.00,,
clean and pure steam systems biopharmaceutical industry spirax sarco,,0,,0,,
clean steam generator-spirax sarco model blu-800-2000-6000,,0,,0.00,,
cnpj spirax sarco,,0,,0.00,,
cnpj spirax sarco brasil,,0,,0.00,,
cnpj spirax sarco marechal deodoro,,0,,0.00,,
colector de vapor spirax sarco,,0,,0.00,,
coletor de vapor spirax sarco,,0,,0.00,,
colima spirax sarco group,,0,,0.00,,
colima spirax sarco magnetic level switch,,0,,0.00,,
colima spirax sarco magnetic level switch visco 60 ll,,0,,0.00,,
colocacion aireador spirax sarco,,0,,0.00,,
come diseganre un schema idraulico spirax sarco,,0,,0.00,,
como descargar los manuales de spirax sarco,,0,,0.00,,
como e trabalha na spirax sarco,,0,,0.00,,
como es su funcionamiento del contador de ciclos spirax sarco,,0,,0.00,,
como funciona o programa de trainee da spirax sarco,,0,,0.00,,
como llegar spirax sarco,,0,,0.00,,
como se pronuncia spirax sarco,,0,,0.00,,
como ser uma autorizada da spirax sarco,,0,,0.00,,
como solicitar cadastro da spirax sarco,,0,,0.00,,
comoetencia china spirax sarco,,0,,0.00,,
companies similar to spirax sarco engineering plc publicly traded,,0,,0.00,,
compensatori di dilatazione spirax sarco,,0,,0.00,,
competencia de spirax sarco,,0,,0.00,,
competencias de spirax sarco,,0,,0.00,,
competitors of spirax sarco,,0,,0.00,,
components of pressure reducing station spirax sarco,,0,,0.00,,
compressed air drain trap spirax sarco,,0,,0,,
compressed air manual spirax sarco,,0,,0.00,,
compressed air separator spirax sarco,,0,,0.00,,
condensaatpomp spirax sarco,,0,,0.00,,
condensados spirax sarco,,0,,0.00,,
condensate contamination detection system spirax sarco,,0,,0,,
condensate line sizing spirax sarco,,0,,0,,
condensate recovery unit spirax sarco,,0,,0,,
condensate tank spirax sarco,,0,,0.00,,
condensate valve spirax sarco,,0,,0.00,,
condensino spirax sarco,,0,,0.00,,
condenspot spirax sarco btm7,,0,,0.00,,
condesated valve spirax sarco,,0,,0.00,,
conexion 25p spirax sarco,,0,,0.00,,
conexion de spirax sarco,,0,,0.00,,
conexion de spirax sarco vl2m20,,0,,0.00,,
conexion de spirax sarco vlm20,,0,,0.00,,
conexion de spirax sarco vortex vlm20,,0,,0.00,,
conjunto da sede spirax sarco,,0,,0.00,,
conjunto lubrificador spirax sarco,,0,,0.00,,
conjunto sede spirax sarco,,0,,0.00,,
contact spirax sarco,,0,,0.00,,
contacto spirax sarco,,0,,0.00,,
contador de ciclos spirax sarco,,0,,0.00,,
contador de vapor spirax sarco,,0,,0.00,,
contato spirax sarco,,0,,0.00,,
contato spirax sarco rj,,0,,0.00,,
control spirax sarco controlador sx-uni,,0,,0.00,,
control spirax sarco uni,,0,,0.00,,
control valve body spirax sarco,,0,,0.00,,
control valve characteristics spirax sarco,,0,,0,,
control valve diagram spirax sarco,,0,,0.00,,
control valve dwg spirax sarco,,0,,0.00,,
control valve sizing spirax sarco,,0,,0.00,,
control valves spirax sarco,,0,,0.00,,
controlador bc3250 spirax sarco,,0,,0.00,,
controlador bt 1000 de spirax sarco,,0,,0.00,,
controlador de proceso sx80 spirax sarco,,0,,0,,
controlador spirax sarco,,0,,0.00,,
controlador spirax sarco software sx-uni,,0,,0.00,,
controlador spirax sarco sx-uni,,0,,0.00,,
controlador spirax sarco sx-uni manual,,0,,0.00,,
controlador spirax sarco sx80 pdf,,0,,0.00,,
controlador sx uni spirax sarco,,0,,0.00,,
controlador sx-uni spirax sarco,,0,,0.00,,
controlador universal spirax-sarco,,0,,0.00,,
controladores de purga spirax sarco,,0,,0.00,,
controladores spirax sarco,,0,,0.00,,
controlalador sx-uni spirax sarco,,0,,0.00,,
controle de solidos totais spirax sarco,,0,,0.00,,
controleur de circulation spirax sarco,,0,,0.00,,
controleur de purge spirax sarco,,0,,0.00,,
controller spirax sarco sp 400 steam control valve,,0,,0.00,,
conversor ipc4 spirax sarco,,0,,0.00,,
cooperativa de creditos spirax sarco,,0,,0.00,,
core team work spirax sarco,,0,,0.00,,
corsi spirax sarco,,0,,0.00,,
corversor ipc 4 spirax sarco,,0,,0.00,,
cost of self acting temperature control valve spirax sarco,,0,,0.00,,
cost of spirax sarco mes2000 4 unit,,0,,0.00,,
cost of spirax sarco valve srv2,,0,,0.00,,
cost spirax sarco steam traps,,0,,0,,
cotizacion spirax sarco,,0,,0.00,,
cours spirax sarco,,0,,0.00,,
cp30 spirax sarco aut,,0,,0.00,,
cp30 spirax sarco electric exit,,0,,0.00,,
cp32 spirax sarco,,0,,0.00,,
cp40 spirax sarco,,0,,0.00,,
cru spirax sarco,,0,,0.00,,
cs10 spirax sarco,,0,,0.00,,
csf 16h filter spirax sarco,,0,,0.00,,
csf spirax sarco,,0,,0.00,,
csf16 spirax sarco im,,0,,0.00,,
csf16t spirax sarco,,0,,0.00,,
csm e spirax sarco,,0,,0.00,,
cto spirax sarco linkedin,,0,,0.00,,
cuadro de resgulacion 25p spirax sarco,,0,,0.00,,
cuadros de vapor spirax sarco,,0,,0.00,,
cuadros reguladores de vapor spirax sarco,,0,,0.00,,
cuanto vale barometro spirax sarco,,0,,0.00,,
cuantos bares trabaja la b4 spirax sarco,,0,,0.00,,
cuit de spirax sarco,,0,,0.00,,
cuit online spirax sarco sa,,0,,0.00,,
curso basico de spirax sarco,,0,,0.00,,
curso basico spirax sarco,,0,,0.00,,
curso de projetos de sistemas de vapor spirax sarco,,0,,0.00,,
curso sistema de vapor spirax sarco,,0,,0.00,,
curso spirax sarco,,0,,0.00,,
curso spirax sarco 2019,,0,,0.00,,
curso spirax sarco cmp,,0,,0.00,,
curso spirax sarco misiones facultad ciencias exactas,,0,,0.00,,
curso spirax sarco misiones posadas facultad ciencias exactas,,0,,0.00,,
curso vapor spirax sarco argentina,,0,,0.00,,
curso vapor spirax sarco pdf,,0,,0.00,,
cursos de vapor spirax sarco,,0,,0.00,,
cursos spirax sarco 2017,,0,,0.00,,
cursos spirax sarco 2018,,0,,0.00,,
cursos spirax sarco 2019,,0,,0.00,,
cursos spirax sarco 2020,,0,,0.00,,
curvas de vapor spirax sarco,,0,,0.00,,
cv calc spirax sarco,,0,,0.00,,
d16 spirax sarco,,0,,0,,
d16 spirax sarco ft1-125,,0,,0,,
d27 spirax sarco cena,,0,,0.00,,
d27 spirax sarco price,,0,,0.00,,
dampfventil spirax sarco,,0,,0.00,,
dampfventil spirax sarco 24v motor,,0,,0.00,,
dan harvey spirax sarco,,0,,0,,
danny kingston spirax sarco,,0,,0,,
dashboard excel spirax sarco,,0,,0.00,,
data sell spirax sarco,,0,,0.00,,
data spirax sarco,,0,,0.00,,
dawn dukes spirax sarco,,0,,0,,
dcaricatore aria spirax sarco,,0,,0.00,,
dcv 2 spirax sarco,,0,,0.00,,
dcv 3-b spirax sarco,,0,,0.00,,
dcv 4 spirax sarco,,0,,0.00,,
dcv spirax sarco,,0,,0.00,,
dcv10 pn40 flanged dn200 spirax sarco,,0,,0.00,,
dcv3 spirax sarco,,0,,0.00,,
deaerator principle spirax sarco,,0,,0,,
dean stephens spirax sarco,,0,,0,,
deckeldichtung spirax sarco ft 14,,0,,0.00,,
degasatore spirax sarco,,0,,0.00,,
densidade do vapor spirax sarco,,0,,0.00,,
dep7b6 spirax sarco,,0,,0.00,,
desaireador automatico moda 145 spirax sarco,,0,,0.00,,
desaireador spirax sarco ae 30,,0,,0.00,,
desaireador spirax sarco ae30,,0,,0.00,,
desaireador spirax sarco ae30 caracteristicas,,0,,0.00,,
desaireador spirax sarco ae30 lv,,0,,0.00,,
desaireador spirax sarco ae30lv,,0,,0.00,,
desaireador spirax sarco hoja de especificacion,,0,,0.00,,
descargar libro spirax sarco gratis,,0,,0.00,,
descargar modelos spirax sarco,,0,,0.00,,
descargar steam tools mobile spirax sarco,,0,,0.00,,
descargar steam tools mobile spirax sarco gratis,,0,,0.00,,
desenhos spirax sarco,,0,,0.00,,
deshumedecedor spirax sarco,,0,,0.00,,
design of fluid systems spirax sarco pdf,,0,,0.00,,
dessuperaquecedor spirax sarco,,0,,0.00,,
desuperheater in boiler spirax sarco,,0,,0.00,,
desuperheater spirax sarco,,0,,0.00,,
detector vazamento purgadores spirax sarco,,0,,0.00,,
dexis spirax sarco,,0,,0.00,,
df1 spirax sarco,,0,,0.00,,
df27 dn 40 pn16 25 spirax sarco,,0,,0.00,,
dfu quatro vias spirax sarco,,0,,0.00,,
diafragma spirax sarco,,0,,0.00,,
diafragmas spirax sarco,,0,,0.00,,
diagram pressure drop in schedule spirax sarco,,0,,0.00,,
diagrama ehd1ppnst-1hlg-p2 easy heat spirax sarco,,0,,0.00,,
diagramme des 5m spirax sarco,,0,,0.00,,
dibujo de recuper de vapor spirax sarco,,0,,0.00,,
differential pressure transmitter spirax sarco,,0,,0.00,,
differentielle pressure transmitter spirax sarco,,0,,0.00,,
difusor spirax sarco,,0,,0.00,,
digital cycle counter spirax sarco,,0,,0,,
din 32 pn 16 spirax sarco ball valve,,0,,0.00,,
din 32 pn 16 spirax sarco ball valve for sale,,0,,0.00,,
dipendenti spirax sarco nova milanese,,0,,0.00,,
dipendenti spirax sarco nova milanese mi,,0,,0.00,,
diploma spirax sarco,,0,,0.00,,
direccion spirax sarco,,0,,0.00,,
direccion spirax sarco jamundi,,0,,0.00,,
direct steam injection spirax sarco,,0,,0,,
diretor spirax sarco,,0,,0.00,,
disc check valve spirax sarco,,0,,0,,
disco rompedor de vacio spirax sarco,,0,,0.00,,
disegni 3d spirax sarco,,0,,0.00,,
distribuidor de spirax sarco,,0,,0.00,,
distribuidor de spirax sarco en toluca,,0,,0.00,,
distribuidor de vapor spirax sarco,,0,,0.00,,
distribuidor marca spirax sarco,,0,,0.00,,
distribuidor spirax sarco argentina,,0,,0.00,,
distribuidor spirax sarco bogota,,0,,0.00,,
distribuidor spirax sarco campinas,,0,,0.00,,
distribuidor spirax sarco colombia,,0,,0.00,,
distribuidor spirax sarco m750 display,,0,,0.00,,
distribuidor spirax sarco monterrey,,0,,0.00,,
distribuidor spirax sarco mva,,0,,0.00,,
distribuidor spirax sarco peru,,0,,0.00,,
distribuidor spirax sarco recife,,0,,0.00,,
distribuidor spirax-sarco modelo dfu cf8m pn50,,0,,0.00,,
distribuidores autorisados spirax sarco en ecuador,,0,,0.00,,
distribuidores de spirax sarco en monterrey,,0,,0.00,,
distribuidores de spirax sarco en puebla,,0,,0.00,,
distribuidores marca spirax sarco,,0,,0.00,,
distribuidores spirax sarco colombia,,0,,0,,
distribuidores spirax sarco df,,0,,0.00,,
distribuidores spirax sarco dumont,,0,,0.00,,
distribuidores spirax sarco estados unidos,,0,,0.00,,
distribuidores spirax sarco guadalajara,,0,,0.00,,
distribuidores spirax sarco jalisco,,0,,0.00,,
distribuidores spirax sarco mg,,0,,0.00,,
distribuidores spirax sarco representante,,0,,0.00,,
distribuidores spirax sarco representantes em bh,,0,,0.00,,
distributeur spirax sarco,,0,,0.00,,
distributeur spirax sarco bretagne,,0,,0.00,,
distributor spirax sarco,,0,,0.00,,
distributor spirax sarco indonesia,,0,,0.00,,
dlv 75 spirax sarco,,0,,0.00,,
dlv7 spirax sarco,,0,,0.00,,
dm13 spirax sarco,,0,,0.00,,
dn20 bcv43 pn40 24vac spirax sarco,,0,,0.00,,
dn25 1 flanged steam rated globe valve spirax sarco,,0,,0.00,,
dn25 bsa 240 degrees c insulation jacket spirax sarco,,0,,0.00,,
dn25 bsa insulation jacket spirax sarco,,0,,0.00,,
dn25 bsa insulation jacket spirax sarco weight,,0,,0.00,,
dn25 spirax sarco,,0,,0,,
dn50 spirax sarco ft43h-4.5,,0,,0.00,,
dn50 spirax sarco ft43h-4.5 price,,0,,0.00,,
documentation spirax sarco,,0,,0.00,,
domestic hot water heater spirax sarco,,0,,0.00,,
domestic hot water heater spirax sarco steam,,0,,0.00,,
don harrison spirax sarco,,0,,0,,
dono da spirax sarco,,0,,0.00,,
dourados spirax sarco,,0,,0.00,,
download livro spirax sarco,,0,,0.00,,
download nanual posicionador spirax sarco epl,,0,,0.00,,
download spirax sarco,,0,,0.00,,
dp 25t spirax sarco temperatura,,0,,0.00,,
dp spirax sarco,,0,,0.00,,
dp23 spirax sarco,,0,,0.00,,
dp25 spirax sarco,,0,,0,,
dp27 pressure reducing valve spirax sarco,,0,,0.00,,
dp27 spirax sarco im,,0,,0,,
dp27 spirax sarco pdf,,0,,0.00,,
dp27 spirax sarco ti,,0,,0,,
dp27t spirax sarco,,0,,0.00,,
dp27y spirax sarco,,0,,0.00,,
dpe spirax sarco,,0,,0.00,,
dpy27y spirax sarco,,0,,0.00,,
dr 5801 ggg spirax sarco,,0,,0.00,,
drain pan elbow spirax sarco,,0,,0,,
draining and relaying steam main spirax sarco,,0,,0.00,,
druckreduzierstation spirax sarco,,0,,0.00,,
drv 4 b spirax sarco,,0,,0,,
drv 4 spirax sarco,,0,,0.00,,
drv 4-b spirax sarco,,0,,0.00,,
drv 4b spirax sarco,,0,,0,,
drv3 spirax sarco,,0,,0.00,,
drv4 spirax sarco,,0,,0.00,,
drv7 b spirax sarco,,0,,0.00,,
drv7-b spirax sarco,,0,,0.00,,
drv7b spirax sarco,,0,,0.00,,
dtm sp500 spirax sarco,,0,,0.00,,
dtm ubar700 spirax sarco,,0,,0.00,,
dts-300 spirax sarco,,0,,0,,
duo check dcv1 spirax sarco,,0,,0.00,,
durex spirax sarco,,0,,0.00,,
duyar dn80 spirax sarco,,0,,0.00,,
duyar spirax sarco,,0,,0.00,,
dwadniacz spirax-sarco dn-50 pn-40 typ ft 44-32,,0,,0.00,,
dynafluid 2000 spirax sarco,,0,,0.00,,
e portal spirax sarco,,0,,0.00,,
early careers at spirax sarco,,0,,0.00,,
easi heat spirax sarco energi economics,,0,,0.00,,
easiheat htg spirax sarco,,0,,0.00,,
easiheat spirax sarco pdf,,0,,0,,
easiheat spirax sarco precios,,0,,0.00,,
easiheat spirax sarco price,,0,,0.00,,
easiheat spirax sarco ts6-mfg,,0,,0.00,,
easy heat spirax sarco energy economics,,0,,0.00,,
easy heat spirax sarco in spanish,,0,,0.00,,
easy heat spirax sarco r,,0,,0.00,,
easyheat spirax sarco,,0,,0.00,,
easyheater spirax sarco,,0,,0.00,,
ebay spirax sarco steam injection in 15 dn,,0,,0.00,,
echangeur spirax sarco vep,,0,,0.00,,
econoimia petroleo spirax sarco,,0,,0.00,,
economia combustivel spirax sarco,,0,,0.00,,
ecv spirax sarco,,0,,0.00,,
ehs advisor honda and spirax sarco linkedin,,0,,0.00,,
ehs advisor spirax sarco linkedin,,0,,0.00,,
ehs advisro spirax sarco linkedin,,0,,0.00,,
ejemplo instalacion de vapor spirax sarco,,0,,0.00,,
el 2600 spirax sarco,,0,,0.00,,
el2270 spirax sarco,,0,,0.00,,
el3512se spirax sarco,,0,,0.00,,
electro pneumatic positioner spirax sarco,,0,,0.00,,
electro pneumatic smart spirax positioner sarco sp2,,0,,0.00,,
electro-pneumatic positioner spirax sarco,,0,,0.00,,
electro-pneumatic positioner spirax sarco function,,0,,0.00,,
electrovalvula 3 vias spirax sarco,,0,,0.00,,
electrovalvula spirax sarco,,0,,0.00,,
electrovalvulas spirax sarco,,0,,0.00,,
electrovalvulas spirax sarco en mendoza,,0,,0.00,,
elemento filtrante inox para vapor culinario fabricante spirax sarco csf16,,0,,0.00,,
elemento filtrante spirax sarco,,0,,0.00,,
elemento filtrante spirax sarco p-gs 15 30,,0,,0.00,,
elemento spirax sarco 3.81,,0,,0.00,,
elemento spirax sarco csf 162.1 2 1 micra,,0,,0.00,,
elemento spirax sarco csf162.1 2 1micra,,0,,0.00,,
eliminador aire spirax sarco,,0,,0.00,,
eliminador de aire 13ws spirax sarco,,0,,0.00,,
eliminador de aire spirax sarco pv4,,0,,0.00,,
eliminador de aire spirax sarco sm-3-3672,,0,,0.00,,
eliminador de aire termostatico spirax sarco,,0,,0.00,,
eliminador de aire tipo boya spirax sarco,,0,,0.00,,
eliminador de ar ae30 spirax sarco,,0,,0.00,,
eliminador de ar bp 21 spirax sarco,,0,,0.00,,
eliminador de ar para agua spirax sarco 13w,,0,,0.00,,
eliminador de ar para vapor spirax sarco,,0,,0.00,,
eliminador de ar spirax sarco 13w,,0,,0.00,,
eliminador de ar spirax sarco mst 21,,0,,0.00,,
eliminador de ar tigre spirax sarco,,0,,0.00,,
eliminador de ar twrmostatico spirax sarco,,0,,0.00,,
eliminador de umidade spirax sarco,,0,,0.00,,
eliminador termostatico de aire spirax sarco,,0,,0.00,,
eliminadora de aire spirax sarco 3 4 pmo 150 psig,,0,,0.00,,
eliminadora de aire spirax sarco precio,,0,,0.00,,
eliminadora de aire tipo boya spirax sarco 13w,,0,,0.00,,
eliminadora de airte spirax sarco,,0,,0.00,,
eliminadores de aire 13w spirax sarco,,0,,0.00,,
eliminatore aria spirax sarco,,0,,0.00,,
eliminatore d'aria spirax sarco,,0,,0.00,,
eliminatore d'aria spirax sarco av13 installazione,,0,,0.00,,
eliminatore d'aria spirax sarco av13 montaggio,,0,,0.00,,
eliminatore d'aria spirax sarco avc 32 dn25,,0,,0.00,,
elizabeth spry spirax sarco,,0,,0.00,,
elm spirax sarco system 0000064,,0,,0.00,,
elm spirax sarco system errors 0000064,,0,,0.00,,
elm spirax sarco system errors 64,,0,,0.00,,
elm spirax sarco system erros 0000064,,0,,0.00,,
email address for spirax sarco customer assistance,,0,,0,,
email spirax sarco,,0,,0.00,,
emco flow systems spirax sarco,,0,,0,,
emco spirax sarco,,0,,0,,
emily han spirax sarco,,0,,0.00,,
emma harrington spirax sarco,,0,,0.00,,
empleo ventas spirax sarco,,0,,0.00,,
employer de spirax sarco,,0,,0.00,,
empregos na spirax sarco,,0,,0.00,,
empresa hiter by spirax sarco,,0,,0.00,,
empresa hiter spirax sarco,,0,,0.00,,
empresa hiter spirax sarco sorocaba,,0,,0.00,,
empresa spirax sarco cotia,,0,,0.00,,
empresa spirax sarco direccion y cuit,,0,,0.00,,
empresa spirax sarco em cotia,,0,,0.00,,
empresas spirax sarco,,0,,0.00,,
emptegos na spirax sarco,,0,,0.00,,
enfriador de muestras spirax sarco,,0,,0.00,,
enfriador muestras spirax sarco muestras scs20,,0,,0.00,,
enfriador spirax sarco muestras scs20,,0,,0.00,,
entalpia spirax sarco,,0,,0.00,,
ep 400 spirax sarco,,0,,0.00,,
ep 400 spirax sarco ebay,,0,,0.00,,
ep 500 spirax sarco,,0,,0.00,,
ep400 spirax sarco,,0,,0.00,,
ep5 positioner spirax sarco buy,,0,,0.00,,
ep5 spirax sarco kp ti td,,0,,0.00,,
ep5 spirax sarco manual,,0,,0.00,,
ep5 spirax sarco pid,,0,,0.00,,
ep500 positioner spirax sarco,,0,,0.00,,
ep500 spirax sarco pdf,,0,,0.00,,
ep500s spirax sarco,,0,,0.00,,
eporta spirax sarco,,0,,0.00,,
epr fn2sn3ntr spirax sarco,,0,,0.00,,
equiniti spirax sarco,,0,,0.00,,
equiniti spirax sarco scheme login,,0,,0.00,,
equipo de sala de calderas spirax sarco,,0,,0.00,,
equipos spirax sarco,,0,,0.00,,
escuela de manejo en spirax sarco,,0,,0.00,,
esfera spirax sarco m40,,0,,0.00,,
esfera spirax sarco m40 si2 c b,,0,,0.00,,
esferica spirax sarco m40,,0,,0.00,,
esferica spirax sarco m40 si2 c b,,0,,0.00,,
esfericas m10 spirax sarco,,0,,0.00,,
esp portal spirax sarco,,0,,0,,
estacion de purga compacta spirax sarco,,0,,0.00,,
estacion mezcladora agua vapor marca spirax sarco,,0,,0.00,,
estacion reguladoras de vapor spirax sarco,,0,,0.00,,
estaciones de vapor spirax sarco bypass,,0,,0.00,,
evaporador vessels para vapor spirax sarco,,0,,0.00,,
eventos spirax sarco 2019,,0,,0.00,,
expansion joint spirax sarco,,0,,0.00,,
extranet spirax sarco,,0,,0.00,,
f34 spirax sarco,,0,,0.00,,
fa 450 spirax sarco,,0,,0.00,,
fa-150 spirax sarco,,0,,0.00,,
fa450 spirax sarco,,0,,0.00,,
fabricacion de ehd1ppnst-1hlg-p2 easy heat spirax sarco,,0,,0.00,,
fabricante junta spirax sarco,,0,,0.00,,
factura electronica spirax sarco,,0,,0.00,,
facturas electronicas spirax sarco,,0,,0.00,,
faturamento spirax sarco brasil,,0,,0.00,,
feed pump spirax sarco,,0,,0.00,,
feed water tank spirax sarco,,0,,0.00,,
ferreimportaciones dial s.a.s dist aut spirax sarco,,0,,0.00,,
fiancial data spirax sarco,,0,,0.00,,
fig 12 spirax sarco,,0,,0.00,,
fig 13 spirax sarco,,0,,0.00,,
fig 14 spirax sarco,,0,,0.00,,
fig 34 filtros spirax sarco,,0,,0.00,,
fig 36 spirax sarco,,0,,0.00,,
fig 37 spirax sarco,,0,,0.00,,
fig 3716 spirax sarco,,0,,0.00,,
fig33 spirax sarco,,0,,0.00,,
fig34 filtros spirax sarco,,0,,0.00,,
figura 14 spirax sarco,,0,,0.00,,
figura 34 spirax sarco,,0,,0.00,,
filme spirax sarco,,0,,0.00,,
filter spirax sarco fig.33,,0,,0.00,,
filter tipe y spirax sarco,,0,,0,,
filtr gruszkowy spirax sarco,,0,,0.00,,
filtre spirax sarco dn100,,0,,0.00,,
filtre spirax sarco fig 7,,0,,0.00,,
filtre t spirax sarco fig 7,,0,,0.00,,
filtre tamis spirax sarco fig 7,,0,,0.00,,
filtre y dn 65 spirax sarco,,0,,0.00,,
filtre y spirax sarco 16l,,0,,0.00,,
filtro acero al carbono spirax sarco,,0,,0.00,,
filtro agua spirax sarco,,0,,0.00,,
filtro ata spirax sarco,,0,,0.00,,
filtro bridado spirax sarco,,0,,0.00,,
filtro csf16 spirax sarco,,0,,0.00,,
filtro ct 1 bspt spirax sarco,,0,,0.00,,
filtro ct spirax sarco,,0,,0.00,,
filtro culinario csf 16 spirax sarco,,0,,0.00,,
filtro culinario spirax sarco 1.1 2,,0,,0.00,,
filtro de 4 in spirax sarco,,0,,0.00,,
filtro de 4in spirax sarco,,0,,0.00,,
filtro de riego por goteo marca spirax sarco,,0,,0.00,,
filtro de spirax sarco de 5 micrones en y,,0,,0.00,,
filtro de spirax sarco de 5 micrones filtro en y,,0,,0.00,,
filtro de vapor spirax sarco longitud equivalente,,0,,0.00,,
filtro en fundicion nodular spirax sarco,,0,,0.00,,
filtro en y acero inoxidable spirax sarco,,0,,0.00,,
filtro en y para aire comprimido spirax sarco,,0,,0.00,,
filtro en y spirax sarco 0.5 mm,,0,,0.00,,
filtro en y spirax sarco 0.5 mm ansi 300,,0,,0.00,,
filtro en yee spirax sarco 3,,0,,0.00,,
filtro fig 1 spirax sarco,,0,,0.00,,
filtro fig 11 spirax sarco,,0,,0.00,,
filtro fig 14 spirax sarco,,0,,0.00,,
filtro fig 15 spirax sarco,,0,,0.00,,
filtro fig 16 spirax sarco,,0,,0.00,,
filtro fig 36 spirax sarco,,0,,0.00,,
filtro figura 34 spirax sarco,,0,,0.00,,
filtro fti200 spirax sarco,,0,,0.00,,
filtro fundicion spirax sarco,,0,,0.00,,
filtro para vapor spirax sarco,,0,,0.00,,
filtro para vapor spirax sarco 5mic p-gs ve1530,,0,,0.00,,
filtro para vapor spirax sarco 805,,0,,0.00,,
filtro para vapor spirax sarco w15858601,,0,,0.00,,
filtro reductor spirax sarco,,0,,0.00,,
filtro rotativo spirax sarco,,0,,0.00,,
filtro rotativo spirax sarco efluentes,,0,,0.00,,
filtro sanitario modelo css16 spirax sarco de 3 4,,0,,0.00,,
filtro sanitario spirax sarco,,0,,0.00,,
filtro spirax sarco 3 4 para gas lp,,0,,0.00,,
filtro spirax sarco 5 mic p-gs ve 05 25 w14307278,,0,,0.00,,
filtro spirax sarco ae30,,0,,0.00,,
filtro spirax sarco ae30 pdf,,0,,0.00,,
filtro spirax sarco at,,0,,0.00,,
filtro spirax sarco at 250,,0,,0.00,,
filtro spirax sarco at 250 3 4,,0,,0.00,,
filtro spirax sarco bridado,,0,,0.00,,
filtro spirax sarco csf16,,0,,0.00,,
filtro spirax sarco csf16 en mendoza,,0,,0.00,,
filtro spirax sarco en mendoza,,0,,0.00,,
filtro spirax sarco fig 14,,0,,0.00,,
filtro spirax sarco fig 33,,0,,0.00,,
filtro spirax sarco fig 34,,0,,0.00,,
filtro spirax sarco figura 12,,0,,0.00,,
filtro spirax sarco medidas,,0,,0.00,,
filtro spirax sarco modelo 3116,,0,,0.00,,
filtro spirax sarco modelo csf16,,0,,0.00,,
filtro spirax sarco modelo it,,0,,0.00,,
filtro spirax sarco pm16-12 6b 2,,0,,0.00,,
filtro spirax sarco pn 40 td32f,,0,,0.00,,
filtro spirax sarco pn 40 td32s,,0,,0.00,,
filtro strainer spirax sarco,,0,,0.00,,
filtro tipo canasta spirax sarco,,0,,0.00,,
filtro tipo y bridado spirax sarco,,0,,0.00,,
filtro tipo y de particulas spirax-sarco,,0,,0.00,,
filtro tipo y roscado spirax sarco,,0,,0.00,,
filtro tipo y spirax sarco figura 12,,0,,0.00,,
filtro y 1 2 da spirax sarco no mercado livre,,0,,0.00,,
filtro y 4 spirax sarco,,0,,0.00,,
filtro y 4-300 spirax sarco,,0,,0.00,,
filtro y bridas spirax sarco,,0,,0.00,,
filtro y ci 3 250 spirax sarco,,0,,0.00,,
filtro y de bronce spirax sarco,,0,,0.00,,
filtro y flangeado spirax sarco,,0,,0.00,,
filtro y it spirax sarco,,0,,0.00,,
filtro y marca spirax sarco,,0,,0.00,,
filtro y modelo ci spirax sarco,,0,,0.00,,
filtro y pn16 dn 100 spirax sarco,,0,,0.00,,
filtro y seco para gas spirax sarco,,0,,0.00,,
filtro y seco ret 80 mirones spirax sarco,,0,,0.00,,
filtro y seco spirax sarco,,0,,0.00,,
filtro y secxo spirax sarco,,0,,0.00,,
filtro y semi automatico spirax sarco,,0,,0.00,,
filtro y spirax sarco 4,,0,,0.00,,
filtro y spirax sarco acero al carbon,,0,,0.00,,
filtro y spirax sarco acero inoxidable,,0,,0.00,,
filtro y spirax sarco dwg,,0,,0.00,,
filtro y spirax sarco fig 33,,0,,0.00,,
filtro y spirax sarco fig 34,,0,,0.00,,
filtro y spirax sarco flangeada,,0,,0.00,,
filtro y spirax sarco inox,,0,,0.00,,
filtro y spirax sarco inox 304 300 libras,,0,,0.00,,
filtro y spirax sarco inox 304 300 libras figura,,0,,0.00,,
filtro y spirax sarco modelo it,,0,,0.00,,
filtro y spirax sarco precio,,0,,0.00,,
filtro y vapor spirax sarco,,0,,0,,
filtro yee 1-1 2 spirax sarco,,0,,0.00,,
filtro yee de 4 npt spirax sarco acero al carbon,,0,,0.00,,
filtro yee spirax sarco flanchado,,0,,0.00,,
filtros bridados spirax sarco,,0,,0.00,,
filtros culinarios spirax sarco,,0,,0.00,,
filtros de vapor spirax sarco,,0,,0.00,,
filtros if2 spirax sarco,,0,,0.00,,
filtros vapor spirax sarco,,0,,0.00,,
finance manager spirax sarco engineering china ltd linkedin china,,0,,0.00,,
financial data spirax sarco london sta,,0,,0.00,,
financial data spirax sarco london stock exchange,,0,,0.00,,
finding condensate precentage based on tds spirax sarco,,0,,0,,
fire tube boiler spirax sarco,,0,,0,,
firetube vs watertube boiler spirax sarco,,0,,0.00,,
firma spirax sarco,,0,,0.00,,
fit 25p spirax sarco,,0,,0.00,,
flangia tarata spirax sarco,,0,,0.00,,
flash steam spirax sarco,,0,,0.00,,
flat bed truck to spirax sarco warehouse,,0,,0.00,,
flatbed truck to spirax sarco warehouse,,0,,0.00,,
float and thermostatic steam trap spirax sarco,,0,,0,,
float steam trap spirax sarco,,0,,0,,
float termostatic spirax sarco,,0,,0.00,,
float trap spirax sarco,,0,,0,,
float type steam trap spirax sarco,,0,,0,,
flow meter spirax sarco m1000,,0,,0.00,,
flow through spirax sarco,,0,,0.00,,
flowmeter type tva spirax sarco,,0,,0.00,,
fluid properties from spirax sarco steam tables,,0,,0.00,,
flujo de ehd1ppnst-1hlg-p2 easy heat spirax sarco,,0,,0.00,,
flujometro spirax sarco,,0,,0.00,,
fone da spirax sarco em curitiba,,0,,0.00,,
formation spirax sarco,,0,,0.00,,
fornecedor spirax sarco,,0,,0.00,,
foto's van spirax sarco ag,,0,,0.00,,
fotos de eliminadores de aire spirax sarco,,0,,0.00,,
fotos de separadores spirax sarco,,0,,0.00,,
fotos de trocadores de calor spirax sarco,,0,,0.00,,
fotos van spirax sarco ag,,0,,0.00,,
francisco jose garcia spirax sarco,,0,,0.00,,
francisco pedrosa spirax sarco,,0,,0.00,,
frank richardson spirax sarco,,0,,0,,
free float steam trap spirax sarco,,0,,0.00,,
from where is spirax sarco,,0,,0.00,,
ft 010 spirax sarco,,0,,0.00,,
ft 10 spirax sarco,,0,,0.00,,
ft 14 1.1 2 spirax sarco,,0,,0.00,,
ft 14 hc 1 2 spirax sarco,,0,,0.00,,
ft 14 hc spirax sarco,,0,,0.00,,
ft 14 spirax sarco,,0,,0.00,,
ft 14.10 spirax sarco,,0,,0.00,,
ft 15 spirax sarco,,0,,0,,
ft 20 spirax sarco,,0,,0.00,,
ft 20 steam trap spirax sarco,,0,,0.00,,
ft 200 spirax sarco,,0,,0.00,,
ft 54h spirax sarco,,0,,0.00,,
ft 55 spirax sarco,,0,,0.00,,
ft 552 spirax sarco,,0,,0.00,,
ft 552 spirax sarco manual pdf,,0,,0.00,,
ft 552 tv spirax sarco manual pdf,,0,,0.00,,
ft 553 tv spirax sarco,,0,,0.00,,
ft ranking spirax-sarco engineering plc,,0,,0.00,,
ft-150 spirax sarco,,0,,0.00,,
ft-30 spirax sarco,,0,,0,,
ft-550 spirax sarco,,0,,0.00,,
ft10 spirax sarco,,0,,0.00,,
ft100 market cap ranking spirax-sarco engineering plc,,0,,0.00,,
ft100 ranking spirax-sarco engineering plc,,0,,0.00,,
ft125 spirax sarco,,0,,0,,
ft14 2 spirax sarco,,0,,0.00,,
ft14 spirax sarco im,,0,,0.00,,
ft14 spirax sarco ti,,0,,0,,
ft14-10tv spirax sarco,,0,,0,,
ft14-14 spirax sarco,,0,,0,,
ft14-4.5 spirax sarco,,0,,0.00,,
ft1410 spirax sarco,,0,,0.00,,
ft1414 spirax sarco,,0,,0,,
ft144 5 spirax sarco,,0,,0.00,,
ft144.5 spirax sarco,,0,,0.00,,
ft14hc-10 spirax sarco,,0,,0,,
ft14x spirax sarco,,0,,0.00,,
ft17 spirax sarco,,0,,0.00,,
ft20 spirax sarco,,0,,0.00,,
ft3221 spirax sarco,,0,,0.00,,
ft4310 spirax sarco,,0,,0.00,,
ft43h-10 spirax sarco,,0,,0.00,,
ft461 spirax sarco,,0,,0.00,,
ft461-4htb spirax sarco,,0,,0.00,,
ft75 spirax sarco,,0,,0,,
fta 552 spirax sarco,,0,,0.00,,
ftb spirax sarco,,0,,0,,
ftb-125 spirax sarco,,0,,0,,
ftb-200 spirax sarco,,0,,0,,
ftb17597 spirax sarco,,0,,0.00,,
ftb200 spirax sarco,,0,,0.00,,
ftd spirax sarco,,0,,0.00,,
fte spirax sarco,,0,,0.00,,
fti 125 spirax sarco,,0,,0.00,,
fti 125 spirax sarco trap,,0,,0.00,,
fti 200 spirax sarco,,0,,0,,
fts 14 spirax sarco,,0,,0.00,,
ftse 100 changes march 2019 spirax sarco,,0,,0.00,,
ftse 100 index spirax sarco,,0,,0.00,,
ftse 100 spirax sarco share analysis,,0,,0.00,,
ftse 100 spirax-sarco share analysis,,0,,0.00,,
ftsg14 spirax sarco,,0,,0.00,,
fuelles spirax sarco,,0,,0.00,,
gafas de vista spirax sarco,,0,,0.00,,
gaji spirax sarco indonesia,,0,,0,,
gasket spirax sarco,,0,,0.00,,
gate valve spirax sarco,,0,,0,,
gem sapphire steam trap spirax sarco,,0,,0,,
generacion de vapor spirax sarco,,0,,0.00,,
generador de vapor spirax sarco,,0,,0.00,,
general counsel of spirax-sarco engineering plc,,0,,0.00,,
gerente da spirax sarco,,0,,0.00,,
gerente de logistica da spirax sarco,,0,,0.00,,
gerente de pcp da spirax sarco,,0,,0.00,,
gestra ag spirax sarco,,0,,0,,
gestra ag spirax-sarco engineering,,0,,0.00,,
gestra spirax sarco employees,,0,,0.00,,
gestra x spirax sarco,,0,,0.00,,
getting a jobs at spirax sarco cheltenham,,0,,0.00,,
gilflo ilva spirax sarco,,0,,0.00,,
gl519n spirax sarco,,0,,0.00,,
gl519nq spirax sarco,,0,,0.00,,
gl53 spirax sarco,,0,,0.00,,
glass door spirax sarco,,0,,0.00,,
global graduate development program spirax-sarco,,0,,0.00,,
global graduate development programme spirax sarco engineering,,0,,0,,
global graduate development programme spirax sarco engineering salary,,0,,0,,
global graduate engineering development programme spirax sarco,,0,,0.00,,
globe valve spirax sarco,,0,,0.00,,
globo gsa spirax sarco,,0,,0.00,,
gowork spirax sarco kpinie,,0,,0.00,,
gradcracker spirax sarco,,0,,0.00,,
grafico capacidades purgadores de boya cerrada ft44 spirax sarco,,0,,0.00,,
grafico capacidades purgadores de boya cerrada spirax sarco,,0,,0.00,,
grasa 85w140 spirax sarco,,0,,0.00,,
gremio spirax sarco,,0,,0.00,,
groupe spirax sarco,,0,,0.00,,
grupo spirax sarco,,0,,0.00,,
gsa 33 spirax sarco,,0,,0.00,,
gsa spirax sarco,,0,,0.00,,
gsa33 spirax sarco,,0,,0.00,,
guide pratique spirax sarco,,0,,0.00,,
guide technique spirax sarco,,0,,0.00,,
h12 69b43 spirax sarco,,0,,0.00,,
h12 spirax sarco,,0,,0.00,,
head of development spirax sarco linkedin,,0,,0.00,,
head of marekting spirax-sarco,,0,,0.00,,
head of spirax sarco linkedin,,0,,0.00,,
heat and mass balance spirax sarco,,0,,0.00,,
heat excahnger steam trap safety factor spirax sarco,,0,,0.00,,
heat exchanger steam trap spirax sarco,,0,,0.00,,
heat loss tank heating vertical cylinder tank spirax sarco,,0,,0.00,,
heat transfer spirax sarco,,0,,0.00,,
high limit type spirax sarco hl10,,0,,0.00,,
high limit valve spirax sarco hl10,,0,,0.00,,
historia da spirax sarco,,0,,0.00,,
historia de spirax sarco,,0,,0.00,,
history of spirax sarco,,0,,0.00,,
hite spirax-sarco recursos humanos,,0,,0.00,,
hiter by spirax sarco,,0,,0.00,,
hiter controls grupo spirax sarco avenida jerome case sorocaba sp,,0,,0.00,,
hiter controls grupo spirax sarco sorocaba,,0,,0.00,,
hiter spirax-sarco recursos humanos,,0,,0.00,,
hiter valve spirax sarco,,0,,0.00,,
hl spirax sarco,,0,,0.00,,
hl10 spirax sarco,,0,,0.00,,
hook cat spirax sarco,,0,,0.00,,
hook up spirax sarco,,0,,0.00,,
hook-ups spirax sarco,,0,,0.00,,
hookup spirax sarco,,0,,0.00,,
hookup.pdf spirax sarco,,0,,0.00,,
hoop-ups spirax sarco,,0,,0.00,,
horizontal separator spirax sarco,,0,,0.00,,
hortencia spirax sarco san luis,,0,,0.00,,
hortensia spirax sarco san luis,,0,,0.00,,
how does a spirax sarco steam trap work,,0,,0.00,,
how does the spirax sarco automatic pump trap work,,0,,0,,
how to adjust a spirax sarco 25p,,0,,0,,
how to fit spirax sarco td thermo traps,,0,,0.00,,
how to fit spirax sarco thermo traps,,0,,0.00,,
how to test spirax sarco condensate trap,,0,,0.00,,
how to test spirax sarco condensate trap m07,,0,,0.00,,
hr director spirax sarco,,0,,0.00,,
hr director spirax sarco cheltenham,,0,,0.00,,
https sites.google.com a velocitycloud.com velocity-jde jde-lob spirax-sarco,,0,,0.00,,
https www.spirax sarco cz,,0,,0.00,,
humberto tenorio de albuquerque junior spirax sarco,,0,,0.00,,
humidificadores spirax sarco,,0,,0.00,,
hvordan justere spirax sarco dp27 dn50 pn16 25,,0,,0.00,,
hwat is spirax sarco,,0,,0.00,,
hydraulic safety valve spirax sarco pdf,,0,,0,,
hygromatik spirax sarco inc,,0,,0,,
ibv c series spirax sarco,,0,,0.00,,
ift 14 spirax sarco,,0,,0.00,,
ift14 spirax sarco,,0,,0,,
ij-vgl-fl-020 spirax sarco,,0,,0.00,,
ilva spirax sarco china,,0,,0.00,,
imagen 3d spirax sarco,,0,,0.00,,
imagen filtro tipo y spirax sarco fig 12,,0,,0.00,,
imi spirax sarco,,0,,0.00,,
importances of pressure reducing station spirax sarco,,0,,0.00,,
indeed spirax sarco,,0,,0,,
indeed spirax sarco jobs,,0,,0.00,,
indicador de temperatura spirax sarco,,0,,0.00,,
industrial flow metering spirax sarco srl,,0,,0.00,,
ingenieria vapor pdf spirax sarco,,0,,0.00,,
injetor de vapor spirax sarco,,0,,0.00,,
instalacion de actuadas spirax sarco,,0,,0.00,,
instalation instructions for spirax sarco d series noise diffuser,,0,,0,,
instituto do vapor spirax sarco,,0,,0.00,,
instituto superior de vapor da spirax sarco brasil,,0,,0.00,,
instrumentation spirax sarco,,0,,0.00,,
intercambiador de calor gases combustion spirax sarco,,0,,0.00,,
intercambiador de calor spirax sarco,,0,,0.00,,
internos anti cavitante spirax sarco,,0,,0.00,,
inverted bucket parts spirax sarco,,0,,0.00,,
inverted bucket trap spirax sarco,,0,,0,,
inverted buckut spirax sarco,,0,,0.00,,
inyector de vapor spirax sarco,,0,,0.00,,
inyector de vapor spirax sarco in 25,,0,,0.00,,
ipc converter spirax sarco ipc4,,0,,0.00,,
ipek spirax sarco,,0,,0.00,,
is there a spirax sarco location in egypt,,0,,0.00,,
ishare spirax sarco,,0,,0.00,,
ishgare spirax sarco,,0,,0.00,,
isp5 spirax sarco,,0,,0.00,,
isp5 spirax sarco ghjlf,,0,,0.00,,
it spirax sarco,,0,,0.00,,
it spirax sarco linkedin,,0,,0.00,,
it strainer spirax sarco,,0,,0,,
j pn9000 spirax sarco,,0,,0.00,,
j3x tlv equivalente spirax sarco,,0,,0.00,,
jamie pike spirax sarco,,0,,0.00,,
jamie pike spirax-sarco,,0,,0.00,,
jane kingston spirax sarco,,0,,0,,
javier jimena spirax sarco argentina,,0,,0.00,,
jemin park spirax sarco,,0,,0.00,,
jenny francis spirax sarco,,0,,0.00,,
jeremy butterfield spirax sarco,,0,,0,,
jeremy miller spirax sarco,,0,,0.00,,
jim devine spirax sarco,,0,,0,,
jobs at spirax sarco,,0,,0.00,,
jobs at spirax sarco cheltenham,,0,,0.00,,
jobs in spirax sarco cheltenham,,0,,0.00,,
john mcfadden spirax sarco,,0,,0.00,,
jovenes profesionales spirax sarco,,0,,0.00,,
jucker spirax sarco,,0,,0.00,,
judith willi spirax sarco,,0,,0.00,,
judith willy spirax sarco,,0,,0.00,,
junta elastica spirax sarco,,0,,0.00,,
juntas de expansion spirax sarco,,0,,0.00,,
juntas de teflon spirax sarco,,0,,0.00,,
juntas spirax sarco,,0,,0.00,,
justin o'dowd spirax sarco,,0,,0.00,,
justin odowd spirax sarco,,0,,0.00,,
ka 33 spirax sarco,,0,,0.00,,
ka33 spirax sarco,,0,,0.00,,
karin gregory spirax sarco,,0,,0,,
katalog spirax sarco,,0,,0.00,,
kbv 20 spirax sarco,,0,,0.00,,
ke 73 spirax sarco,,0,,0.00,,
ke spirax sarco,,0,,0.00,,
ke71 spirax sarco,,0,,0.00,,
kea 73 spirax sarco,,0,,0.00,,
kea 73 spirax sarco modulante,,0,,0.00,,
kea spirax sarco,,0,,0.00,,
kea43 spirax sarco,,0,,0.00,,
kea73 spirax sarco,,0,,0.00,,
kened spirax sarco,,0,,0.00,,
kened spirax sarco ipatinga,,0,,0.00,,
kennedy nerony oliveira spirax sarco,,0,,0.00,,
kennedy oliveira spirax sarco,,0,,0.00,,
kerry gibson spirax sarco,,0,,0,,
kevin boyd spirax sarco,,0,,0.00,,
kit de bombeamento spirax sarco,,0,,0.00,,
kit ft47 spirax sarco,,0,,0.00,,
kit pivotrol spirax sarco,,0,,0.00,,
kit spirax sarco pn 3430,,0,,0.00,,
knowledge service products the history of spirax sarco,,0,,0.00,,
kondensathebeanlage spirax sarco,,0,,0.00,,
kondensomat spirax sarco,,0,,0.00,,
kondensomat spirax sarco anleitung,,0,,0.00,,
kondenstop spirax sarco,,0,,0.00,,
kondenzni lonac spirax sarco,,0,,0.00,,
kondezni garneta spirax sarco,,0,,0.00,,
kondezni garneta spirax sarco ggg40,,0,,0.00,,
korea spirax sarco,,0,,0.00,,
kotlownie parowe spirax sarco,,0,,0.00,,
kotlownie parowe technologiczne spirax sarco szkolenie,,0,,0.00,,
kris brown spirax sarco,,0,,0,,
kris brown spirax sarco email address,,0,,0,,
kugelventil tri clamp spirax sarco,,0,,0.00,,
kugelventil triclamp spirax sarco,,0,,0.00,,
kunnunu spirax sarco,,0,,0.00,,
la llave spirax sarco,,0,,0.00,,
lanzas spirax sarco,,0,,0.00,,
lauren sullivan spirax sarco,,0,,0.00,,
lc 1000 spirax sarco,,0,,0.00,,
lc 2500 spirax sarco,,0,,0,,
lc 3000 spirax sarco,,0,,0,,
lc 3000 spirax sarco manual de instalacion y mantenimiento,,0,,0.00,,
lc1000 spirax sarco,,0,,0.00,,
lc1130 spirax sarco,,0,,0.00,,
lc1300 spirax sarco,,0,,0.00,,
lc2610 spirax sarco,,0,,0.00,,
lc3000 spirax sarco,,0,,0.00,,
lcs3050 spirax sarco,,0,,0,,
lcv spirax sarco,,0,,0.00,,
lcv2 spirax sarco,,0,,0,,
lcv4 spirax sarco,,0,,0.00,,
le3 spirax sarco,,0,,0.00,,
lea 31 spirax sarco,,0,,0.00,,
lea 33 spirax sarco,,0,,0.00,,
lea63 spirax sarco,,0,,0.00,,
learn about steam spirax sarco,,0,,0.00,,
leverancier spirax sarco,,0,,0.00,,
library spirax sarco,,0,,0.00,,
libreria cad spirax sarco,,0,,0.00,,
libro spirax sarco,,0,,0.00,,
lift check valve lcv4 spirax sarco,,0,,0.00,,
lift check valve spirax sarco,,0,,0.00,,
ligne purge sonde spirax sarco,,0,,0.00,,
lindsey hudson spirax sarco,,0,,0,,
linkedin kennedy nerony oliveira spirax sarco,,0,,0.00,,
linkedin kennedy oliveira spirax sarco,,0,,0.00,,
liquid drain trap spirax sarco,,0,,0,,
liquid drain traps spirax sarco,,0,,0.00,,
lira o herradura spirax sarco,,0,,0.00,,
list down common type of flow meter spirax sarco,,0,,0.00,,
lista de manuales de spirax sarco,,0,,0.00,,
lista de manuales de spirax sarco argentina,,0,,0.00,,
lista de precios spirax sarco,,0,,0.00,,
livro spirax sarco,,0,,0.00,,
livro spirax sarco pdf,,0,,0.00,,
llave de paso spirax sarco esferica de 1 1 2,,0,,0.00,,
llave de tres cuerpos spirax sarco,,0,,0.00,,
llave de tres cuerpos spirax sarco 3,,0,,0.00,,
logo spirax sarco blanco,,0,,0.00,,
logo spirax sarco en blanco,,0,,0.00,,
london stock exchange spirax sarco,,0,,0.00,,
loop spirax sarco,,0,,0.00,,
los separadores spirax sarco,,0,,0.00,,
los separadores spirax sarco mantenimiento,,0,,0.00,,
lowongan spirax sarco indonesia,,0,,0,,
lp 10-4 spirax sarco,,0,,0.00,,
lp 20 spirax sarco,,0,,0.00,,
lp 30 spirax sarco,,0,,0.00,,
lp40 spirax sarco,,0,,0.00,,
lrv2 spirax sarco,,0,,0.00,,
lsb 31 spirax sarco,,0,,0.00,,
lucian matis designs inc spirax sarco canada ltd,,0,,0.00,,
luiz octavio de souza spirax sarco espanha,,0,,0.00,,
m s spirax sarco,,0,,0,,
m&m international by spirax sarco,,0,,0.00,,
m10 hpi2 iso acero carbono spirax sarco,,0,,0.00,,
m10 si spirax sarco,,0,,0.00,,
m10 v3 spirax sarco,,0,,0.00,,
m10s de spirax sarco,,0,,0.00,,
m10s2 spirax sarco 3d drawing,,0,,0.00,,
m10s2 spirax sarco 3d drwaing,,0,,0.00,,
m10s2 spirax sarco valve size 3 8 npt,,0,,0,,
m10si spirax sarco,,0,,0.00,,
m10ti iso spirax sarco,,0,,0,,
m10v spirax sarco,,0,,0.00,,
m10v2 spirax sarco,,0,,0.00,,
m10vi iso spirax sarco manual pdf,,0,,0.00,,
m200 spirax sarco,,0,,0.00,,
m33 s2 iso acero carbono spirax sarco,,0,,0.00,,
m33 s2 spirax sarco,,0,,0.00,,
m33 spirax sarco,,0,,0.00,,
m33 v2 iso acero carbono spirax sarco,,0,,0.00,,
m40i spirax sarco,,0,,0.00,,
m40s spirax sarco,,0,,0.00,,
m452i 4 dn 150 spirax sarco,,0,,0.00,,
m452i 4 dn150 spirax sarco,,0,,0.00,,
m60 spirax sarco,,0,,0.00,,
m70i spirax sarco,,0,,0,,
m850 spirax sarco,,0,,0.00,,
magnetrol spirax sarco,,0,,0.00,,
mail de spirax sarco,,0,,0.00,,
malha de controle novus1100 ifm su7000 spirax sarco,,0,,0.00,,
manifold industrial spirax sarco,,0,,0.00,,
manometros spirax sarco,,0,,0.00,,
manometros spirax sarco 4 kg,,0,,0.00,,
manual controlador sx uni spirax sarco,,0,,0.00,,
manual da spirax sarco,,0,,0.00,,
manual de calderas spirax sarco,,0,,0.00,,
manual de fallas spirax sarco sp400,,0,,0.00,,
manual de operacion spirax sarco 13ws,,0,,0.00,,
manual de redes de vapor spirax sarco,,0,,0.00,,
manual de redes de vapor spirax sarco tablas,,0,,0.00,,
manual de spirax sarco,,0,,0.00,,
manual del cobtrolador spirax sarco bt 1000,,0,,0.00,,
manual do controlador sx-uni spirax sarco,,0,,0.00,,
manual easi heat spirax sarco,,0,,0.00,,
manual easiheat htg spirax sarco,,0,,0.00,,
manual easiheat spirax sarco,,0,,0.00,,
manual em pdf sx uni spirax sarco v3,,0,,0.00,,
manual epl spirax sarco,,0,,0.00,,
manual lea31 spirax sarco,,0,,0.00,,
manual pdf spirax sarco sx-uni,,0,,0.00,,
manual posicionador ep5 spirax sarco,,0,,0.00,,
manual posicionador isp5 spirax sarco,,0,,0.00,,
manual posicionador spirax sarco,,0,,0.00,,
manual practico de spirax sarco,,0,,0.00,,
manual sensor cp30 spirax sarco,,0,,0.00,,
manual sonda de conductividad cp-10 spirax sarco,,0,,0.00,,
manual spirax sarco a36,,0,,0.00,,
manual spirax sarco ae36,,0,,0.00,,
manual spirax sarco brv,,0,,0.00,,
manual spirax sarco m15 dimensionamiento,,0,,0.00,,
manual spirax sarco pdf,,0,,0.00,,
manual spirax sarco pn 9123,,0,,0.00,,
manual spirax sarco sp500,,0,,0.00,,
manual spirax sarco sx-uni,,0,,0.00,,
manual spirax sarco sx80,,0,,0.00,,
manual sx-uni spirax sarco,,0,,0.00,,
manual vapor spirax sarco,,0,,0.00,,
manuales de spirax sarco,,0,,0.00,,
marca alternativa a spirax sarco,,0,,0.00,,
marca spirax sarco,,0,,0.00,,
marca spirax sarco em mg,,0,,0.00,,
marcelo ormandes spirax sarco,,0,,0.00,,
marcio pena spirax sarco,,0,,0.00,,
marcus steel ceo spirax sarco,,0,,0.00,,
marcus steel director spirax sarco,,0,,0.00,,
martin lamaison y spirax sarco,,0,,0.00,,
material didatico da spirax sarco,,0,,0.00,,
maxine davis email at spirax sarco,,0,,0.00,,
mechanical soicificatio of spirax sarco,,0,,0.00,,
mechanical steam trap spirax sarco,,0,,0,,
medidor conductividad spirax sarco,,0,,0.00,,
medidor de conductividad spirax sarco,,0,,0.00,,
medidor de gas spirax sarco,,0,,0.00,,
medidor de vapor spirax sarco adquisicion de datos,,0,,0.00,,
medidor temperatura spirax sarco,,0,,0.00,,
menbrana bp 99 spirax sarco,,0,,0.00,,
meridian spirax sarco,,0,,0.00,,
mesh 270 spirax sarco,,0,,0.00,,
mesothelioma spirax sarco inc,,0,,0.00,,
methods to recover condensate spirax sarco,,0,,0.00,,
mezclador de vapor spirax sarco,,0,,0.00,,
mfp14 dn50 pn16 spirax sarco,,0,,0.00,,
mfp14s spirax sarco,,0,,0,,
michelle norris spirax sarco,,0,,0.00,,
michelle norris spirax sarco linked in,,0,,0.00,,
mike maslanka spirax sarco email,,0,,0.00,,
mike vernon spirax sarco,,0,,0.00,,
mirilla de spirax sarco,,0,,0.00,,
mirilla spirax sarco 1 2,,0,,0.00,,
mirilla spirax sarco acero al carbon 1 2,,0,,0.00,,
mirillas spirax sarco,,0,,0.00,,
mirillas spirax sarco english,,0,,0.00,,
mirillas spirax sarco english con check,,0,,0.00,,
mirillas spirax sarco enlish,,0,,0.00,,
misturador de agua e vapor spirax sarco,,0,,0.00,,
mixing valve spirax sarco,,0,,0.00,,
mk ii spirax sarco steam water mixing valve,,0,,0.00,,
mkii spirax sarco,,0,,0.00,,
mkii spirax sarco usa,,0,,0.00,,
mkii valve spirax sarco,,0,,0.00,,
mod ct-1 filtro y spirax sarco,,0,,0.00,,
modelo csx spirax sarco,,0,,0.00,,
modelo de controle de qualidade spirax sarco,,0,,0.00,,
modelo vmf 4 spirax sarco,,0,,0.00,,
modelo vmr 2 spirax sarco,,0,,0.00,,
modelos spirax sarco,,0,,0.00,,
modelos spirax sarco codigos,,0,,0.00,,
modul schimbator de caldura spirax sarco,,0,,0.00,,
moduladora de vapor spirax sarco,,0,,0.00,,
modulanti spirax sarco ql33,,0,,0.00,,
modulanti spirax sarco serie ql33,,0,,0.00,,
modulating feed water control spirax sarco,,0,,0.00,,
modulating valve spirax sarco bim,,0,,0.00,,
modulo.spirax.sarco ep500,,0,,0.00,,
moisture separator cad spirax sarco,,0,,0.00,,
monika sprenger spirax sarco,,0,,0.00,,
montador tecnico spirax sarco,,0,,0.00,,
montaje spirax sarco tds 52,,0,,0.00,,
mos spirax sarco,,0,,0.00,,
mpc2 spirax sarco,,0,,0.00,,
ms102 spirax sarco,,0,,0.00,,
ms30 spirax sarco,,0,,0.00,,
mst 18 spirax sarco,,0,,0.00,,
mst21 spirax sarco installation,,0,,0.00,,
mst21h spirax sarco,,0,,0.00,,
mv11 spirax sarco,,0,,0.00,,
n2000 spirax sarco,,0,,0.00,,
new 1.5 inch spirax sarco steam reducing regulator 1.5 inch,,0,,0,,
new spirax sarco ep5 electro-pneumatic valve positioner,,0,,0.00,,
new spirax sarco in15 dn,,0,,0.00,,
new spirax sarco steam injecion in15 dn,,0,,0.00,,
new spirax sarco steam injection in 15 dn,,0,,0.00,,
new spirax sarco steam reducing regulator 1.5 inch,,0,,0,,
newton da spirax sarco,,0,,0.00,,
nicholas anderson spirax sarco,,0,,0.00,,
nick anderson spirax sarco salary,,0,,0.00,,
nick spirax sarco,,0,,0.00,,
nick willetts spirax sarco,,0,,0,,
nilson sobrinho e-mail spirax sarco,,0,,0.00,,
nilson sobrinho spirax sarco,,0,,0.00,,
nilson spirax sarco linkedin,,0,,0.00,,
nilton batisa souza da spirax sarco,,0,,0.00,,
nilton batista souza da spirax sarco,,0,,0.00,,
nilton souza da spirax sarco,,0,,0.00,,
nimesh patel spirax-sarco engineering plc,,0,,0.00,,
niple a c soldable 19x300 spirax sarco precio,,0,,0.00,,
niple para gas natural spirax sarco,,0,,0.00,,
nit spirax sarco colombia,,0,,0.00,,
nit spirax sarco colombia ubicacion en cali,,0,,0.00,,
non-return valve function spirax sarco product type mst21h,,0,,0.00,,
norauto spirax sarco,,0,,0.00,,
northcroft house spirax sarco,,0,,0.00,,
notice spirax sarco pn600,,0,,0.00,,
nr13 comentada spirax sarco,,0,,0.00,,
o parze wodnej i jej wykorzystaniu spirax sarco,,0,,0.00,,
o que a empresa hiter by spirax sarco faz,,0,,0.00,,
o que faz a spirax sarco,,0,,0.00,,
obit 2007 george brown cheltenham spirax sarco,,0,,0.00,,
obit george brown cheltenham spirax sarco,,0,,0.00,,
occ spirax sarco,,0,,0.00,,
oceanwood spirax sarco,,0,,0.00,,
odwadniacz spirax-sarco dn-50 pn-40 typ ft 44-32,,0,,0.00,,
odwadniacze spirax sarco,,0,,0.00,,
one planet spirax sarco,,0,,0.00,,
op 151 spirax sarco,,0,,0.00,,
opened a new spirax sarco facility in st petersburg russia,,0,,0.00,,
opp spirax sarco cheltenham,,0,,0,,
organnigramme spirax sarco france,,0,,0.00,,
outlook spirax sarco,,0,,0.00,,
outlook.spirax sarco.com,,0,,0.00,,
pari bhatt spirax sarco,,0,,0.00,,
partes de repuesto spirax sarco,,0,,0.00,,
pascal louis spirax sarco,,0,,0.00,,
paul channon spirax sarco,,0,,0.00,,
paul lee spirax sarco,,0,,0.00,,
pc4000 spirax sarco,,0,,0,,
pdf apostila de vapor spirax sarco,,0,,0.00,,
pdf apt 14 spirax sarco,,0,,0.00,,
pdf mantenimiento calderas spirax sarco,,0,,0.00,,
pdf spirax sarco ftd 2,,0,,0.00,,
pdf spirax sarco ftdv 2,,0,,0.00,,
pdf spirax sarco ti-p404-03 ab issue 8,,0,,0.00,,
pdg spirax sarco emeric,,0,,0.00,,
pdg spirax sarco france,,0,,0.00,,
pdg spirax sarco france emeric,,0,,0.00,,
peg prospective spirax-sarco engineering plc sharecast,,0,,0.00,,
pendiente recomendada en vapor por spirax sarco,,0,,0.00,,
perativa de creditos spirax sarco,,0,,0.00,,
perdida de carga spirax sarco,,0,,0.00,,
perno hueco spirax sarco,,0,,0.00,,
peso easiheat spirax sarco,,0,,0.00,,
pest spirax sarco,,0,,0.00,,
pf 51 g spirax sarco,,0,,0.00,,
pf5 spirax sarco,,0,,0.00,,
pf51 spirax sarco,,0,,0.00,,
pf6 spirax sarco,,0,,0.00,,
pf61g 2nc spirax sarco,,0,,0.00,,
pf61g spirax sarco pdf,,0,,0.00,,
pf61g2nc spirax sarco,,0,,0,,
pf63g spirax sarco,,0,,0.00,,
pfg spirax sarco,,0,,0.00,,
pfgfcyst xfcnb spirax sarco,,0,,0.00,,
phil gebert spirax sarco usa linkedin,,0,,0.00,,
phil scott spirax sarco,,0,,0.00,,
philippe stasewski spirax sarco,,0,,0.00,,
phone contact spirax sarco,,0,,0.00,,
phone number for spirax sarco in sc,,0,,0,,
photo of spirax sarco bucket trap,,0,,0.00,,
piat san telmo spirax sarco,,0,,0.00,,
pid control spirax sarco,,0,,0,,
piloto 25p spirax sarco,,0,,0.00,,
piloto p spirax sarco,,0,,0.00,,
pioto t2 spirax sarco,,0,,0.00,,
piotr wieczorek spirax sarco,,0,,0.00,,
pipe sizing spirax sarco,,0,,0.00,,
pisiconador spirax sarco epl,,0,,0.00,,
pistola de lavado spirax sarco,,0,,0.00,,
pistola para vapor spirax sarco,,0,,0.00,,
piston operated valva spirax sarco,,0,,0.00,,
piston operated valve spirax sarco,,0,,0.00,,
piston valve spirax sarco,,0,,0,,
pivotrol spirax sarco pump,,0,,0.00,,
placa orificio spirax sarco,,0,,0.00,,
planta de vapor spirax sarco,,0,,0.00,,
plate heat exchanger spirax sarco,,0,,0.00,,
plate heat exchanger spirax sarco bss,,0,,0.00,,
pn 5120 spirax sarco,,0,,0.00,,
pn 9000 spirax sarco,,0,,0.00,,
pn3000 spirax sarco,,0,,0,,
pn9000 spirax sarco us ti,,0,,0,,
pn9100 spirax sarco,,0,,0,,
pneumatic actuators pn9000 spirax sarco in ingles,,0,,0.00,,
pneumatic differential pressure spirax sarco,,0,,0.00,,
pneumatic differential pressure transmitter spirax sarco,,0,,0.00,,
portal spirax sarco,,0,,0.00,,
portugues spirax sarco sp400 manual,,0,,0.00,,
posicionador electroneumatico spirax sarco,,0,,0.00,,
posicionador eletropneumatico spirax sarco,,0,,0.00,,
posicionador ep5 spirax sarco,,0,,0.00,,
posicionador ep500 spirax sarco,,0,,0.00,,
posicionador epc4 spirax sarco,,0,,0.00,,
posicionador ipc4 spirax sarco,,0,,0.00,,
posicionador isp5 spirax sarco,,0,,0.00,,
posicionador moduladora spirax sarco,,0,,0.00,,
posicionador neumatico spirax sarco,,0,,0.00,,
posicionador neumatico spirax sarco en rosario,,0,,0.00,,
posicionador neumatico spirax sarco en sir,,0,,0.00,,
posicionador sp5 spirax sarco,,0,,0.00,,
posicionador spirax sarco el6123c,,0,,0.00,,
posicionador spirax sarco ep500,,0,,0.00,,
posicionador spirax sarco epl,,0,,0.00,,
posicionador spirax sarco sp,,0,,0.00,,
posicionador spirax sarco sp 2,,0,,0.00,,
posicionador spirax sarco sp 200,,0,,0.00,,
posicionador spirax sarco sp2,,0,,0.00,,
posicionador spirax sarco sp400,,0,,0.00,,
posicionadores spirax sarco,,0,,0.00,,
positioner spirax sarco sp400,,0,,0.00,,
posso usar spirax sarco,,0,,0.00,,
power genex electro pneumatic positioner spirax sarco,,0,,0.00,,
precio barometro spirax sarco,,0,,0.00,,
precio de filtros spirax sarco,,0,,0.00,,
precio de las acciones de spirax sarco,,0,,0.00,,
precio separador s13 spirax sarco 3 mercado libre,,0,,0.00,,
preisliste spirax sarco,,0,,0.00,,
president and ceo of spirax sarco singapore singapore,,0,,0.00,,
president and general manager at spirax sarco engineering china ltd,,0,,0.00,,
presidente spirax sarco,,0,,0.00,,
presidente spirax sarco brasil,,0,,0.00,,
presidente spirax sarco brazil,,0,,0.00,,
pressure balance trim spirax sarco,,0,,0.00,,
pressure control valve spirax sarco,,0,,0.00,,
pressure gauge spirax sarco,,0,,0.00,,
pressure reducing spirax sarco,,0,,0.00,,
pressure reducing station spirax sarco,,0,,0,,
pressure reducing valve spirax sarco 25p,,0,,0.00,,
pressure reducing valve steam spirax sarco,,0,,0,,
prezi spirax sarco,,0,,0.00,,
price estimate for spirax sarco steam trap td42l 1 female,,0,,0.00,,
prix d'un vases de revaporisation type fv de spirax-sarco,,0,,0.00,,
prix de vase de revaporisation spirax sarco,,0,,0.00,,
prix du spirax sarco td 32,,0,,0.00,,
prodaja spirax sarco,,0,,0.00,,
product handbook spirax sarco,,0,,0,,
productos spirax sarco,,0,,0.00,,
produits spirax sarco france,,0,,0,,
produtos spirax sarco,,0,,0.00,,
produtos spirax sarco a venda,,0,,0.00,,
programa spirax sarco,,0,,0.00,,
programa spirax sarco download free,,0,,0.00,,
programa spirax sarco steam,,0,,0.00,,
projeti spirax sarco,,0,,0.00,,
projeto de sistemas de vapor spirax sarco,,0,,0.00,,
promati spirax sarco,,0,,0.00,,
propiedades del vapor spirax sarco,,0,,0.00,,
proveedor de spirax sarco,,0,,0.00,,
proveedores comodoro spirax sarco,,0,,0.00,,
proveedores spirax sarco,,0,,0.00,,
proveedores spirax sarco distribuidores,,0,,0.00,,
proveedores spirax sarco en toluca,,0,,0.00,,
proveedores spirax sarco patagonia,,0,,0.00,,
proyecto de vapor spirax sarco,,0,,0.00,,
prps.spirax.sarco,,0,,0.00,,
prv spirax sarco dp 27,,0,,0,,
przepustnica sekcyjna zaporowa spirax sarco,,0,,0.00,,
psv calc spirax sarco,,0,,0.00,,
psychometric tests spirax sarco,,0,,0.00,,
psychometric tests spirax sarco download,,0,,0.00,,
pt 55 spirax sarco,,0,,0.00,,
pt spirax sarco indonesia adalah,,0,,0,,
pt. spirax sarco indonesia,,0,,0,,
pt100 spirax sarco,,0,,0.00,,
pt100 spirax sarco conexiones,,0,,0.00,,
pt2 spirax sarco,,0,,0.00,,
ptc spirax sarco imi,,0,,0,,
ptf pivotrol spirax sarco us ti,,0,,0,,
ptf spirax sarco,,0,,0.00,,
ptf4 spirax sarco,,0,,0,,
pump ppc spirax sarco,,0,,0.00,,
pump traps spirax sarco,,0,,0.00,,
purga automatica spirax sarco,,0,,0.00,,
purga continua spirax sarco,,0,,0.00,,
purga de aire comprimido spirax sarco,,0,,0.00,,
purga de aire spirax sarco,,0,,0.00,,
purga de fondo spirax sarco,,0,,0.00,,
purga de fondo spirax sarco bva,,0,,0.00,,
purga de fondo spirax sarco si2,,0,,0.00,,
purga de sales spirax sarco,,0,,0.00,,
purga de superficie spirax sarco,,0,,0.00,,
purga de vapor spirax sarco,,0,,0.00,,
purga de vapor y eliminacion de aire spirax sarco,,0,,0.00,,
purga de vapor y eliminacion de aire spirax sarco pdf,,0,,0.00,,
purga en el distribuidor de vapor spirax sarco,,0,,0.00,,
purgadores de boya cerrada f44 spirax sarco,,0,,0.00,,
purgadores de boya cerrada ft46 spirax sarco,,0,,0.00,,
purgas de calderas spirax sarco,,0,,0.00,,
purge sonde spirax sarco,,0,,0.00,,
pv6211 spirax sarco,,0,,0.00,,
ql33 spirax sarco,,0,,0.00,,
ql43d spirax sarco,,0,,0.00,,
que es spirax sarco,,0,,0.00,,
que funcion tiene el paddle en la spirax sarco ptf,,0,,0.00,,
r16c spirax sarco,,0,,0.00,,
racks reguladores de vapor spirax sarco,,0,,0.00,,
radar de onda guiada spirax sarco,,0,,0.00,,
recuperardo de calor gases combustion spirax sarco,,0,,0.00,,
rediheat spirax sarco,,0,,0,,
reducing valve spirax sarco,,0,,0.00,,
reductor de vapor spirax sarco,,0,,0.00,,
reductor de vapor spirax sarco cad,,0,,0.00,,
reduktor-spirax sarco dp27 dn15 pn16 25,,0,,0.00,,
regulacion spirax sarco pp5 positioner,,0,,0.00,,
reguladores de temperatura de accion directa spirax sarco,,0,,0.00,,
reguladores de vapor spirax sarco,,0,,0.00,,
regulateur pneumatique spirax sarco,,0,,0.00,,
regulation presure spirax sarco price,,0,,0.00,,
regulation presure spirax sarco rusija,,0,,0.00,,
regulation presure spirax sarco rusija cena,,0,,0.00,,
regulation valve steam spirax sarco,,0,,0.00,,
regulation valve steam spirax sarco dn 250,,0,,0.00,,
regulation valve steam spirax sarco dn 65,,0,,0.00,,
regulator pritiska pare spirax sarco,,0,,0.00,,
regulator sondy poziomu wody lc300 spirax sarco,,0,,0.00,,
regulator valve spirax sarco,,0,,0.00,,
regulatori pritiska pare spirax sarco,,0,,0.00,,
reindampferzeuger spirax sarco,,0,,0.00,,
related www.spiraxsarco.com global ru spirax sarco,,0,,0.00,,
representante spirax sarco bahia blanca,,0,,0.00,,
representante spirax sarco colombia,,0,,0,,
representante spirax sarco en uruguay,,0,,0.00,,
representante spirax sarco guatemala,,0,,0.00,,
representante spirax sarco tucuman,,0,,0.00,,
resorte azul spirax sarco,,0,,0.00,,
rest spirax sarco sx100e,,0,,0.00,,
retencion de disco spirax sarco,,0,,0.00,,
revendu spirax sarco suisse,,0,,0.00,,
review spirax sarco shares,,0,,0.00,,
revit files of spirax sarco moisture separator,,0,,0,,
revit spirax sarco,,0,,0,,
rf spirax sarco,,0,,0.00,,
rfc spirax sarc,,0,,0.00,,
ricardo arbelaiz spirax sarco,,0,,0.00,,
richard hildersley spirax-sarco,,0,,0.00,,
rim 10 spirax sarco,,0,,0,,
rim 10 spirax sarco im,,0,,0.00,,
rkfgfy spirax sarco,,0,,0.00,,
rkfgfy spirax sarco ghjlfv,,0,,0.00,,
rnfriador de muestras spirax sarco,,0,,0.00,,
rob king spirax sarco,,0,,0,,
rob king spirax sarco ase,,0,,0.00,,
rob larner spirax sarco,,0,,0,,
rob spirax sarco,,0,,0.00,,
rob stanley spirax sarco,,0,,0,,
rob whittingham spirax sarco uk,,0,,0.00,,
rob wittingham spirax sarco uk,,0,,0.00,,
robineti spirax sarco,,0,,0.00,,
ron smith spirax sarco,,0,,0,,
rta 125 spirax sarco,,0,,0,,
rta-spirax sarco rta 1 2,,0,,0.00,,
rtd spirax sarco,,0,,0.00,,
rubros spirax sarco,,0,,0.00,,
ruckschlagventile spirax sarco,,0,,0.00,,
ruspsd01 group global spirax sarco t061036,,0,,0.00,,
rut spirax sarco chile,,0,,0.00,,
s 25 spirax sarco,,0,,0.00,,
s1 spirax sarco,,0,,0.00,,
s2000 spirax sarco,,0,,0.00,,
s3 spirax sarco,,0,,0.00,,
s30 spirax sarco,,0,,0.00,,
s4a spirax sarco,,0,,0.00,,
s5 spirax sarco,,0,,0.00,,
sa control valves spirax sarco,,0,,0.00,,
sa121 control system spirax sarco of knob range 2 cost,,0,,0.00,,
sa121 spirax sarco cost,,0,,0.00,,
safety valve installation spirax sarco,,0,,0,,
safety valve sizing spirax sarco,,0,,0.00,,
safety valve spirax sarco sv5708,,0,,0.00,,
safety valves spirax sarco,,0,,0.00,,
sale sarco spirax miami,,0,,0.00,,
sample coler spirax sarco,,0,,0.00,,
sanitary relief valves spirax sarco,,0,,0,,
sarco spirax automatic air vents for liquid systems,,0,,0.00,,
sarco spirax convergent-divergentnozzle 500m s steam,,0,,0.00,,
sarco spirax share price,,0,,0.00,,
sarco spirax steam tables,,0,,0.00,,
sattdampftabelle spirax sarco,,0,,0.00,,
saturarion temperature spirax sarco,,0,,0,,
saturated steam properties spirax sarco,,0,,0,,
saturated steam spirax sarco,,0,,0.00,,
saturated steam table pdf spirax sarco,,0,,0,,
sbp30 spirax sarco,,0,,0.00,,
scaner s2000 spirax sarco,,0,,0.00,,
scanner 2000 spirax sarco,,0,,0,,
scanner s2000 spirax sarco,,0,,0.00,,
schneider spirax sarco linkedin,,0,,0.00,,
scope steam spirax sarco,,0,,0.00,,
scs 20 spirax sarco,,0,,0.00,,
sdcv44 spirax sarco,,0,,0.00,,
sean clay spirax sarco,,0,,0,,
sean morris spirax sarco,,0,,0.00,,
seat configuration on a js1020 spirax sarco valve,,0,,0.00,,
seat configuration on a sp 400 spirax sarco contro,,0,,0.00,,
seat configuration on a sp400 spirax sarco control,,0,,0.00,,
secador de humedad 150 spirax sarco,,0,,0.00,,
secador vaoir spirax sarco,,0,,0.00,,
secador vapor spirax sarco,,0,,0.00,,
seguimiento de ehd1ppnst-1hlg-p2 easy heat spirax sarco,,0,,0.00,,
seidelmann spirax sarco,,0,,0.00,,
seleccion de juntas de expansion spirax sarco,,0,,0.00,,
selfacting temperature control valve spirax sarco,,0,,0,,
seminar spirax sarco,,0,,0.00,,
sensor 2683015430 spirax sarco,,0,,0.00,,
sensor cp10 spirax sarco,,0,,0.00,,
sensor cp10 spirax sarco conector pt2,,0,,0.00,,
sensor cp30 spirax sarco,,0,,0.00,,
sensor modelo 2683015430 spirax sarco,,0,,0.00,,
sensor pt100 spirax sarco conexiones,,0,,0.00,,
separadoe vapor spirax sarco,,0,,0.00,,
separador 2 spirax sarco,,0,,0.00,,
separador de gota spirax sarco,,0,,0.00,,
separador de gotas s6 spirax sarco,,0,,0.00,,
separador de gotas spirax sarco s1,,0,,0.00,,
separador de gotas spirax sarco s1 3 4 bsp,,0,,0.00,,
separador de gotas spirax sarco s1 precio,,0,,0.00,,
separador de gotas spirax sarco s1 precio alibaba,,0,,0.00,,
separador de gotas spirax sarco s11,,0,,0.00,,
separador de gotas spirax sarco s1precio,,0,,0.00,,
separador de gotas spirax sarco s3,,0,,0.00,,
separador de gotas spirax sarco sanitario,,0,,0.00,,
separador de humedad 1808 spirax sarco,,0,,0.00,,
separador de humedad spirax sarco s,,0,,0.00,,
separador de humedad spirax sarco sos13,,0,,0.00,,
separador s1 spirax sarco,,0,,0.00,,
separador s1 spirax sarco pdf,,0,,0.00,,
separador s13 spirax sarco 3,,0,,0.00,,
separador s13 spirax sarco 3 mercado libre,,0,,0.00,,
separador s3 spirax sarco,,0,,0.00,,
separador s6 spirax sarco,,0,,0.00,,
separador spirax sarco,,0,,0.00,,
separador spirax sarco s13,,0,,0.00,,
separador spirax sarco s3,,0,,0.00,,
separador vapor spirax sarco,,0,,0.00,,
separadores de gotas spirax sarco,,0,,0.00,,
separator s13 spirax sarco,,0,,0.00,,
serie 25 spirax sarco,,0,,0.00,,
serpentin para enfriador spirax sarco sc20,,0,,0.00,,
service exchange spirax sarco drv 7b30,,0,,0.00,,
service spirax sarco,,0,,0.00,,
service-preise bei spirax sarco,,0,,0.00,,
serwis spirax sarco,,0,,0.00,,
set temperatura 121 spirax sarco,,0,,0.00,,
sf 125 spirax sarco,,0,,0.00,,
sf 125 spirax sarco trap,,0,,0.00,,
sft 125 spirax sarco trap,,0,,0.00,,
sg2 spirax sarco,,0,,0.00,,
sg253 spirax sarco,,0,,0.00,,
sh1512 spirax sarco,,0,,0.00,,
share scheme spirax sarco,,0,,0.00,,
shares spirax sarco,,0,,0,,
sheldon banks spirax sarco,,0,,0,,
sight check spirax sarco,,0,,0.00,,
sight glass spirax sarco,,0,,0,,
sistema alimentacion spirax sarco,,0,,0.00,,
sistema alimentacion spirax sarco fuel oil,,0,,0.00,,
sistema calentador agua spirax sarco,,0,,0.00,,
sistema de agua de alimentacion spirax sarco,,0,,0.00,,
sistema de calentamiento directo con vapor spirax sarco,,0,,0.00,,
sistema de purga spirax sarco,,0,,0.00,,
sistema de trampeo de vapor spirax-sarco,,0,,0.00,,
sistema de trampeo spirax sarco,,0,,0.00,,
sistema spirax sarco,,0,,0.00,,
site spiraxsarco.com spirax sarco argentina,,0,,0.00,,
sizing spirax sarco 25 t,,0,,0.00,,
slider pipe steam spirax sarco standard,,0,,0.00,,
snap four spirax sarco,,0,,0.00,,
snap spirax sarco,,0,,0,,
snapfour spirax sarco,,0,,0.00,,
software controlador spirax sarco,,0,,0.00,,
software de dimensionamiento spirax sarco,,0,,0.00,,
software pcv calc spirax sarco,,0,,0.00,,
sofware controlador spirax sarco,,0,,0.00,,
solenoid valve spirax sarco,,0,,0.00,,
sonda comductividad cp-30 spirax sarco,,0,,0.00,,
sonda de conductividad cp-10 spirax sarco,,0,,0.00,,
sonda de conductividad spirax sarco certificacion,,0,,0.00,,
sonda lp 10-4 spirax sarco,,0,,0.00,,
sp 400 spirax sarco,,0,,0.00,,
sp 400 spirax sarco ebay,,0,,0.00,,
sp 400 spirax sarco price,,0,,0.00,,
sp 500 spirax sarco,,0,,0.00,,
sp 500 spirax sarco asennoitus,,0,,0.00,,
sp400 spirax sarco,,0,,0,,
sp500 spirax sarco im,,0,,0.00,,
sp710 spirax sarco,,0,,0,,
specification of spirax sarco,,0,,0.00,,
specification of spirax sarco traps,,0,,0.00,,
spectris spirax-sarco engineering,,0,,0.00,,
spira trol spirax sarco 121,,0,,0.00,,
spirax - sarco s.r.l.,,0,,0.00,,
spirax ae 14 sarco,,0,,0.00,,
spirax ae14 sarco,,0,,0.00,,
spirax ae14 sarco funktion,,0,,0.00,,
spirax ae14 sarco funktioniert nicht,,0,,0.00,,
spirax ca 14 sarco,,0,,0.00,,
spirax ca14 sarco,,0,,0.00,,
spirax ca14 sarco funktion,,0,,0.00,,
spirax ft14 sarco,,0,,0.00,,
spirax sarco &amp,,0,,0,,
spirax sarco 0190100,,0,,0,,
spirax sarco 0190192,,0,,0,,
spirax sarco 0457381 brv2,,0,,0.00,,
spirax sarco 0459390,,0,,0,,
spirax sarco 0459490,,0,,0,,
spirax sarco 1 2,,0,,0,,
spirax sarco 1 2 lima,,0,,0.00,,
spirax sarco 1 2 safety valve,,0,,0,,
spirax sarco 1 2 safety valve 58psi,,0,,0,,
spirax sarco 1 2 strainer,,0,,0,,
spirax sarco 1 2 td42h,,0,,0,,
spirax sarco 1 ft-30 f&t steam trap,,0,,0.00,,
spirax sarco 1.25 25 temperature control valve,,0,,0,,
spirax sarco 1/2 td-52,,0,,0,,
spirax sarco 10 si2,,0,,0.00,,
spirax sarco 10 si2 pdf,,0,,0.00,,
spirax sarco 10 sl2,,0,,0.00,,
spirax sarco 1010241475,,0,,0,,
spirax sarco 102 00 praha 15,,0,,0.00,,
spirax sarco 10k,,0,,0,,
spirax sarco 1150 northpoint blvd,,0,,0,,
spirax sarco 1225680,,0,,0.00,,
spirax sarco 125 strainer,,0,,0.00,,
spirax sarco 125 yf,,0,,0,,
spirax sarco 1278187,,0,,0,,
spirax sarco 13 whs,,0,,0.00,,
spirax sarco 13 whs precio,,0,,0.00,,
spirax sarco 13 ws,,0,,0,,
spirax sarco 13e024,,0,,0.00,,
spirax sarco 13s,,0,,0.00,,
spirax sarco 13w bf2,,0,,0,,
spirax sarco 1439256,,0,,0.00,,
spirax sarco 14hp,,0,,0.00,,
spirax sarco 15mm steam safety valve,,0,,0.00,,
spirax sarco 16 bar mieszacze,,0,,0.00,,
spirax sarco 1600 controller,,0,,0.00,,
spirax sarco 1637000,,0,,0.00,,
spirax sarco 1650,,0,,0,,
spirax sarco 1650 manual,,0,,0,,
spirax sarco 1673c4,,0,,0,,
spirax sarco 173273,,0,,0,,
spirax sarco 17619,,0,,0,,
spirax sarco 1808,,0,,0.00,,
spirax sarco 1851490,,0,,0,,
spirax sarco 19 bar 276 psi,,0,,0.00,,
spirax sarco 1948,,0,,0.00,,
spirax sarco 1998,,0,,0.00,,
spirax sarco 1ct,,0,,0,,
spirax sarco 2 steam trap,,0,,0,,
spirax sarco 2013 annual report,,0,,0.00,,
spirax sarco 2016,,0,,0.00,,
spirax sarco 2016 chile ventas,,0,,0.00,,
spirax sarco 2016 grafico tecnico,,0,,0.00,,
spirax sarco 2016 results,,0,,0,,
spirax sarco 2017 annual report,,0,,0,,
spirax sarco 2018 annual report,,0,,0.00,,
spirax sarco 2018 half year results,,0,,0.00,,
spirax sarco 2018 results,,0,,0.00,,
spirax sarco 205 grafico tecnico,,0,,0.00,,
spirax sarco 211s,,0,,0.00,,
spirax sarco 220632-25-08,,0,,0.00,,
spirax sarco 221,,0,,0.00,,
spirax sarco 25 3d dwg,,0,,0.00,,
spirax sarco 25 bp,,0,,0.00,,
spirax sarco 25 dwg,,0,,0.00,,
spirax sarco 25 mp,,0,,0,,
spirax sarco 25 mt,,0,,0,,
spirax sarco 25 p manual de reparacion,,0,,0.00,,
spirax sarco 25 p pdf,,0,,0.00,,
spirax sarco 25 pa,,0,,0,,
spirax sarco 25 prv,,0,,0,,
spirax sarco 25 prv pressure reducing valve,,0,,0,,
spirax sarco 25 prv pressure reducing valve operation,,0,,0,,
spirax sarco 25 pt,,0,,0,,
spirax sarco 25 pte,,0,,0,,
spirax sarco 25 series dwg,,0,,0.00,,
spirax sarco 25 series main valve,,0,,0,,
spirax sarco 25 series pressure,,0,,0,,
spirax sarco 25 series regulator manual,,0,,0,,
spirax sarco 25 t,,0,,0.00,,
spirax sarco 25 t autocad drawings,,0,,0.00,,
spirax sarco 250,,0,,0.00,,
spirax sarco 250 de 2,,0,,0.00,,
spirax sarco 250 strainer,,0,,0,,
spirax sarco 255189,,0,,0.00,,
spirax sarco 25bp,,0,,0.00,,
spirax sarco 25bp as a pressure reducing valve,,0,,0,,
spirax sarco 25e,,0,,0,,
spirax sarco 25mp,,0,,0,,
spirax sarco 25mt,,0,,0,,
spirax sarco 25p 2,,0,,0,,
spirax sarco 25p 6,,0,,0,,
spirax sarco 25p body,,0,,0,,
spirax sarco 25p cad,,0,,0,,
spirax sarco 25p capacity chart,,0,,0,,
spirax sarco 25p cast iron,,0,,0.00,,
spirax sarco 25p cv,,0,,0,,
spirax sarco 25p data sheets,,0,,0.00,,
spirax sarco 25p despiece pdf,,0,,0.00,,
spirax sarco 25p funcionamiento,,0,,0.00,,
spirax sarco 25p imi,,0,,0,,
spirax sarco 25p instalacion,,0,,0.00,,
spirax sarco 25p instalacion pdf,,0,,0.00,,
spirax sarco 25p installation,,0,,0.00,,
spirax sarco 25p maintenance,,0,,0,,
spirax sarco 25p manual de reparacion,,0,,0.00,,
spirax sarco 25p manual pdf,,0,,0,,
spirax sarco 25p operation manual,,0,,0.00,,
spirax sarco 25p parts,,0,,0,,
spirax sarco 25p pilot rebuild kit,,0,,0,,
spirax sarco 25p precio,,0,,0.00,,
spirax sarco 25p pressure reducing pilot operator,,0,,0,,
spirax sarco 25p price,,0,,0,,
spirax sarco 25p problemas,,0,,0.00,,
spirax sarco 25p prv,,0,,0,,
spirax sarco 25p resorte amarillo,,0,,0.00,,
spirax sarco 25p resorte azul,,0,,0.00,,
spirax sarco 25p spare parts,,0,,0,,
spirax sarco 25p spring color,,0,,0,,
spirax sarco 25p steam regulator,,0,,0,,
spirax sarco 25p submittal,,0,,0,,
spirax sarco 25p temperatura,,0,,0.00,,
spirax sarco 25p troubleshooting,,0,,0,,
spirax sarco 25p valve,,0,,0,,
spirax sarco 25pa,,0,,0,,
spirax sarco 25pe,,0,,0,,
spirax sarco 25prv,,0,,0.00,,
spirax sarco 25prv pressure reducing valve,,0,,0.00,,
spirax sarco 25pt,,0,,0.00,,
spirax sarco 25pt 55225,,0,,0,,
spirax sarco 25s,,0,,0,,
spirax sarco 25t 3d dwg,,0,,0.00,,
spirax sarco 25t installation,,0,,0.00,,
spirax sarco 25t pilot,,0,,0,,
spirax sarco 25te,,0,,0,,
spirax sarco 2700,,0,,0.00,,
spirax sarco 2700 uniword,,0,,0.00,,
spirax sarco 2700 uniworld,,0,,0.00,,
spirax sarco 2700 uniworld pdf,,0,,0.00,,
spirax sarco 2700 uniworldpdf,,0,,0.00,,
spirax sarco 28410-0125,,0,,0,,
spirax sarco 2gd bva340,,0,,0.00,,
spirax sarco 2v8-31107,,0,,0,,
spirax sarco 3,,0,,0.00,,
spirax sarco 3 4 ft-75,,0,,0,,
spirax sarco 3 8 td52,,0,,0,,
spirax sarco 3 ce 43,,0,,0.00,,
spirax sarco 3 piece ball valve,,0,,0.00,,
spirax sarco 3 port valve,,0,,0,,
spirax sarco 3 valve,,0,,0.00,,
spirax sarco 3 way ball valve,,0,,0,,
spirax sarco 3.4.2019,,0,,0.00,,
spirax sarco 3265797,,0,,0.00,,
spirax sarco 3320,,0,,0,,
spirax sarco 34hp,,0,,0,,
spirax sarco 353176,,0,,0.00,,
spirax sarco 3764004,,0,,0,,
spirax sarco 39175 fda food steam 7 bar 170,,0,,0.00,,
spirax sarco 3d autocad,,0,,0.00,,
spirax sarco 3d cad download,,0,,0.00,,
spirax sarco 3d cad library,,0,,0.00,,
spirax sarco 3d cad model,,0,,0.00,,
spirax sarco 3d download,,0,,0.00,,
spirax sarco 3d library,,0,,0.00,,
spirax sarco 4 pulgadas,,0,,0.00,,
spirax sarco 4 traders,,0,,0.00,,
spirax sarco 4028195,,0,,0,,
spirax sarco 4028858,,0,,0.00,,
spirax sarco 41574,,0,,0.00,,
spirax sarco 41574 pn 40,,0,,0.00,,
spirax sarco 4372545,,0,,0.00,,
spirax sarco 446,,0,,0,,
spirax sarco 46390 steam,,0,,0,,
spirax sarco 4700594,,0,,0,,
spirax sarco 47700 a,,0,,0,,
spirax sarco 47700-a,,0,,0,,
spirax sarco 47700a,,0,,0.00,,
spirax sarco 5 micras,,0,,0.00,,
spirax sarco 50926,,0,,0,,
spirax sarco 50927,,0,,0,,
spirax sarco 50930,,0,,0,,
spirax sarco 50932,,0,,0,,
spirax sarco 50933,,0,,0,,
spirax sarco 52,,0,,0,,
spirax sarco 52043b,,0,,0,,
spirax sarco 52082,,0,,0,,
spirax sarco 54697,,0,,0,,
spirax sarco 54844,,0,,0,,
spirax sarco 55222,,0,,0,,
spirax sarco 55225,,0,,0,,
spirax sarco 55447,,0,,0,,
spirax sarco 55475,,0,,0,,
spirax sarco 560dcma,,0,,0,,
spirax sarco 56643,,0,,0,,
spirax sarco 56756 a,,0,,0.00,,
spirax sarco 570,,0,,0,,
spirax sarco 570 hj,,0,,0,,
spirax sarco 570 jl,,0,,0,,
spirax sarco 570-gg,,0,,0,,
spirax sarco 57059,,0,,0,,
spirax sarco 57060,,0,,0,,
spirax sarco 57062,,0,,0,,
spirax sarco 57063,,0,,0,,
spirax sarco 57065,,0,,0.00,,
spirax sarco 57168,,0,,0,,
spirax sarco 5801,,0,,0.00,,
spirax sarco 58114,,0,,0,,
spirax sarco 5817,,0,,0.00,,
spirax sarco 58173,,0,,0,,
spirax sarco 58177,,0,,0,,
spirax sarco 582-430,,0,,0.00,,
spirax sarco 59083,,0,,0,,
spirax sarco 59179 a,,0,,0,,
spirax sarco 59231-a,,0,,0.00,,
spirax sarco 59231a,,0,,0.00,,
spirax sarco 59514,,0,,0,,
spirax sarco 59608,,0,,0,,
spirax sarco 5l b1,,0,,0.00,,
spirax sarco 5l b1 9301 ggg 403,,0,,0.00,,
spirax sarco 600 series,,0,,0,,
spirax sarco 60311,,0,,0,,
spirax sarco 60312,,0,,0,,
spirax sarco 60315,,0,,0,,
spirax sarco 6105016,,0,,0.00,,
spirax sarco 610516,,0,,0.00,,
spirax sarco 6120362,,0,,0,,
spirax sarco 6120390,,0,,0,,
spirax sarco 61292,,0,,0,,
spirax sarco 61467,,0,,0,,
spirax sarco 61468,,0,,0,,
spirax sarco 61966,,0,,0,,
spirax sarco 62094,,0,,0,,
spirax sarco 62652,,0,,0.00,,
spirax sarco 62762,,0,,0.00,,
spirax sarco 62800,,0,,0,,
spirax sarco 62801,,0,,0.00,,
spirax sarco 63011,,0,,0,,
spirax sarco 63629,,0,,0,,
spirax sarco 64150,,0,,0,,
spirax sarco 64162,,0,,0,,
spirax sarco 64168,,0,,0,,
spirax sarco 66118,,0,,0,,
spirax sarco 66118a,,0,,0,,
spirax sarco 66130a,,0,,0,,
spirax sarco 66160,,0,,0,,
spirax sarco 66173c,,0,,0,,
spirax sarco 662-t1,,0,,0.00,,
spirax sarco 66231,,0,,0.00,,
spirax sarco 666-40,,0,,0.00,,
spirax sarco 66670,,0,,0,,
spirax sarco 66671,,0,,0,,
spirax sarco 66672,,0,,0,,
spirax sarco 67236,,0,,0,,
spirax sarco 67908,,0,,0,,
spirax sarco 67978,,0,,0,,
spirax sarco 67986,,0,,0,,
spirax sarco 68525,,0,,0,,
spirax sarco 68530,,0,,0,,
spirax sarco 685302,,0,,0,,
spirax sarco 68531,,0,,0,,
spirax sarco 68568c,,0,,0,,
spirax sarco 68568c steam trap,,0,,0.00,,
spirax sarco 6902215,,0,,0.00,,
spirax sarco 6a,,0,,0,,
spirax sarco 6a air vent,,0,,0,,
spirax sarco 70611,,0,,0,,
spirax sarco 70870,,0,,0,,
spirax sarco 71429,,0,,0,,
spirax sarco 72117,,0,,0,,
spirax sarco 72147,,0,,0,,
spirax sarco 72962.3 amazon com,,0,,0,,
spirax sarco 729623,,0,,0,,
spirax sarco 72969.3,,0,,0.00,,
spirax sarco 72969.3 pdf,,0,,0.00,,
spirax sarco 72969.3 ptf,,0,,0.00,,
spirax sarco 72969.3 ptf 200 13.8,,0,,0.00,,
spirax sarco 72969.3 ptf mantenimiento,,0,,0.00,,
spirax sarco 72969.3 ptf manual,,0,,0.00,,
spirax sarco 72969.3 tipo ptf,,0,,0.00,,
spirax sarco 74607,,0,,0,,
spirax sarco 74794,,0,,0,,
spirax sarco 75171,,0,,0,,
spirax sarco 75470,,0,,0,,
spirax sarco 75926,,0,,0,,
spirax sarco 767,,0,,0.00,,
spirax sarco 767 y strainer,,0,,0.00,,
spirax sarco 8 model no ft44-4.5,,0,,0.00,,
spirax sarco 8 x 5 mm,,0,,0,,
spirax sarco 8024,,0,,0.00,,
spirax sarco 81347,,0,,0.00,,
spirax sarco 850,,0,,0.00,,
spirax sarco 8mm x 5mm,,0,,0,,
spirax sarco 8x5mm powder coat tubing,,0,,0,,
spirax sarco 8x5mm powder coating hose,,0,,0,,
spirax sarco 8x5mm powder hose,,0,,0,,
spirax sarco 9226e,,0,,0,,
spirax sarco 9301,,0,,0,,
spirax sarco 9336e,,0,,0,,
spirax sarco a 395,,0,,0.00,,
spirax sarco a 57651,,0,,0,,
spirax sarco a-395,,0,,0,,
spirax sarco a.e.30,,0,,0.00,,
spirax sarco a20a,,0,,0.00,,
spirax sarco a395,,0,,0,,
spirax sarco a743 ca40,,0,,0.00,,
spirax sarco about us,,0,,0,,
spirax sarco academy,,0,,0.00,,
spirax sarco accesorios,,0,,0.00,,
spirax sarco accesorios de gas natural,,0,,0.00,,
spirax sarco accesorios vapor,,0,,0.00,,
spirax sarco accumulator,,0,,0.00,,
spirax sarco acquires chromalox,,0,,0,,
spirax sarco acquires gestra,,0,,0,,
spirax sarco acquires thermocoax,,0,,0,,
spirax sarco acquisition,,0,,0,,
spirax sarco acquisition of chromalox,,0,,0,,
spirax sarco acquisitions,,0,,0,,
spirax sarco activitate principala,,0,,0.00,,
spirax sarco actuadas,,0,,0.00,,
spirax sarco actuadas on off,,0,,0.00,,
spirax sarco actuadores,,0,,0.00,,
spirax sarco actuadores neumaticos serie pn 9000,,0,,0.00,,
spirax sarco actuated ball valve,,0,,0,,
spirax sarco actuator el5614,,0,,0.00,,
spirax sarco actuator ginice,,0,,0.00,,
spirax sarco acummulattor,,0,,0.00,,
spirax sarco acumulador agua caliente,,0,,0.00,,
spirax sarco ad,,0,,0,,
spirax sarco address cheltenham,,0,,0,,
spirax sarco address uk,,0,,0,,
spirax sarco adelaid,,0,,0.00,,
spirax sarco adelaifr,,0,,0.00,,
spirax sarco adjusting spring for 25pt,,0,,0,,
spirax sarco ae 30,,0,,0.00,,
spirax sarco ae 30 c,,0,,0.00,,
spirax sarco ae 36,,0,,0.00,,
spirax sarco ae10s,,0,,0.00,,
spirax sarco ae14 e,,0,,0,,
spirax sarco ae30 price,,0,,0.00,,
spirax sarco ae30b,,0,,0.00,,
spirax sarco ae30c,,0,,0,,
spirax sarco ae30lv,,0,,0,,
spirax sarco ae30lv diferencia con ae30,,0,,0.00,,
spirax sarco ae30lv vs ae30,,0,,0.00,,
spirax sarco ae30lv vs con ae30,,0,,0.00,,
spirax sarco ael 6,,0,,0.00,,
spirax sarco ael 62213 fs,,0,,0.00,,
spirax sarco ael 63213 fx,,0,,0.00,,
spirax sarco ael51211jx,,0,,0.00,,
spirax sarco ael6,,0,,0.00,,
spirax sarco ael6 green light flashing slowly,,0,,0.00,,
spirax sarco ael62211jx,,0,,0.00,,
spirax sarco ael62213 fs,,0,,0.00,,
spirax sarco ael63213fx,,0,,0.00,,
spirax sarco ael63231js,,0,,0.00,,
spirax sarco ael64221js,,0,,0.00,,
spirax sarco ael7 manual,,0,,0,,
spirax sarco af,,0,,0.00,,
spirax sarco af1,,0,,0.00,,
spirax sarco af1 a20a,,0,,0.00,,
spirax sarco af10,,0,,0.00,,
spirax sarco af250,,0,,0.00,,
spirax sarco afip,,0,,0.00,,
spirax sarco agm,,0,,0,,
spirax sarco agua para calderas caracteristicas,,0,,0.00,,
spirax sarco aguascalientes,,0,,0.00,,
spirax sarco ahl1,,0,,0.00,,
spirax sarco air dirt separator,,0,,0,,
spirax sarco air eliminator ae36,,0,,0,,
spirax sarco air eliminator valve,,0,,0,,
spirax sarco air regulator,,0,,0,,
spirax sarco air release valve,,0,,0,,
spirax sarco air relief valve,,0,,0,,
spirax sarco air trap ca 14,,0,,0.00,,
spirax sarco air valve,,0,,0,,
spirax sarco air vent 13ws,,0,,0,,
spirax sarco air vent 6a,,0,,0,,
spirax sarco air vent ae30a,,0,,0.00,,
spirax sarco air vent manifold,,0,,0.00,,
spirax sarco air vent vacuum breaker,,0,,0.00,,
spirax sarco air vent valve,,0,,0,,
spirax sarco air vent vs 204,,0,,0,,
spirax sarco air vents for liquid systems,,0,,0,,
spirax sarco aire 41574,,0,,0.00,,
spirax sarco aire 41574 inox,,0,,0.00,,
spirax sarco aire comprimido,,0,,0.00,,
spirax sarco and john crane,,0,,0,,
spirax sarco angle seat valve,,0,,0,,
spirax sarco ankara,,0,,0.00,,
spirax sarco announcement,,0,,0,,
spirax sarco annual report 2005,,0,,0,,
spirax sarco annual report 2008,,0,,0,,
spirax sarco annual report 2009,,0,,0,,
spirax sarco annual report 2010,,0,,0,,
spirax sarco annual report 2012,,0,,0,,
spirax sarco annual report 2013,,0,,0,,
spirax sarco annual report 2014,,0,,0,,
spirax sarco annual report 2015,,0,,0.00,,
spirax sarco annual report 2017,,0,,0,,
spirax sarco annual report 2018,,0,,0,,
spirax sarco annual report 2019,,0,,0,,
spirax sarco annual report 2020,,0,,0,,
spirax sarco annual report 2021,,0,,0,,
spirax sarco annual revenue,,0,,0,,
spirax sarco annual sales,,0,,0,,
spirax sarco ans1300,,0,,0.00,,
spirax sarco ansi 300,,0,,0.00,,
spirax sarco ansi 300 perforaciones de 0.005 mm,,0,,0.00,,
spirax sarco anytime portal,,0,,0,,
spirax sarco aplikacje,,0,,0.00,,
spirax sarco applications,,0,,0.00,,
spirax sarco applications overview,,0,,0.00,,
spirax sarco apt 10,,0,,0,,
spirax sarco apt 14 installation,,0,,0,,
spirax sarco apt 14 package,,0,,0,,
spirax sarco apt 14 pump package,,0,,0,,
spirax sarco apt 14 shc,,0,,0,,
spirax sarco apt 14 sizing,,0,,0,,
spirax sarco apt 14 ti,,0,,0,,
spirax sarco apt 14-ppu,,0,,0,,
spirax sarco apt 14hc,,0,,0,,
spirax sarco apt package,,0,,0,,
spirax sarco apt pump package,,0,,0,,
spirax sarco apt pump trap,,0,,0,,
spirax sarco apt sizing,,0,,0,,
spirax sarco apt10 ppu,,0,,0,,
spirax sarco apt10-4.5 capacity,,0,,0,,
spirax sarco apt104 5,,0,,0,,
spirax sarco apt104.5,,0,,0,,
spirax sarco apt14 3d model,,0,,0.00,,
spirax sarco apt14 hc,,0,,0,,
spirax sarco apt14 imi,,0,,0,,
spirax sarco apt14 installation,,0,,0,,
spirax sarco apt14 installation manual,,0,,0,,
spirax sarco apt14 manual,,0,,0,,
spirax sarco apt14 sizing,,0,,0,,
spirax sarco apt14 sizing chart,,0,,0,,
spirax sarco apt14shc,,0,,0,,
spirax sarco aptia pump trap,,0,,0,,
spirax sarco ar,,0,,0.00,,
spirax sarco ar16f 125 60,,0,,0.00,,
spirax sarco argentina cuir,,0,,0.00,,
spirax sarco argentina distribuidor mendoza,,0,,0.00,,
spirax sarco argentina don torcuato buenos aires b1611 argentina,,0,,0.00,,
spirax sarco argentina empleo,,0,,0.00,,
spirax sarco argentina ft 55,,0,,0.00,,
spirax sarco argentina ft 55 balde invertido,,0,,0.00,,
spirax sarco argentina ft550ae,,0,,0.00,,
spirax sarco argentina gerente general,,0,,0.00,,
spirax sarco argentina numero de cuit,,0,,0.00,,
spirax sarco argentina rosario,,0,,0.00,,
spirax sarco argentina rrhh,,0,,0.00,,
spirax sarco argentina sa,,0,,0.00,,
spirax sarco argentina trabajo,,0,,0.00,,
spirax sarco argentina videos,,0,,0.00,,
spirax sarco ashley wainwright,,0,,0.00,,
spirax sarco asia,,0,,0,,
spirax sarco assessment center,,0,,0,,
spirax sarco assessment centre,,0,,0,,
spirax sarco at,,0,,0.00,,
spirax sarco atlanta ga,,0,,0,,
spirax sarco atp,,0,,0.00,,
spirax sarco atpn,,0,,0.00,,
spirax sarco attemperator desuperheater,,0,,0,,
spirax sarco au,,0,,0.00,,
spirax sarco audit,,0,,0.00,,
spirax sarco audit raport,,0,,0.00,,
spirax sarco audit raport 2015,,0,,0.00,,
spirax sarco audit raport 2015 pdf,,0,,0.00,,
spirax sarco aus32,,0,,0.00,,
spirax sarco auslegung,,0,,0.00,,
spirax sarco australia jobs,,0,,0,,
spirax sarco australia offices,,0,,0.00,,
spirax sarco authorized distributors utah,,0,,0,,
spirax sarco auto clave spares,,0,,0.00,,
spirax sarco autocad,,0,,0.00,,
spirax sarco autocad files,,0,,0.00,,
spirax sarco autocad library,,0,,0.00,,
spirax sarco automatic air and gas vents,,0,,0.00,,
spirax sarco automatic air and gas vents stainless steel,,0,,0.00,,
spirax sarco automatic air vent ae30a,,0,,0.00,,
spirax sarco automatic blowdown valve,,0,,0,,
spirax sarco automatic drain valve,,0,,0.00,,
spirax sarco automatic globe valve,,0,,0.00,,
spirax sarco automatische ontluchter,,0,,0.00,,
spirax sarco av13 air vent,,0,,0,,
spirax sarco av13 installation,,0,,0.00,,
spirax sarco av13 pdf,,0,,0,,
spirax sarco av13 price,,0,,0.00,,
spirax sarco av13 upside down,,0,,0.00,,
spirax sarco av21,,0,,0.00,,
spirax sarco avm7,,0,,0,,
spirax sarco avs 32,,0,,0.00,,
spirax sarco avs32,,0,,0.00,,
spirax sarco awards,,0,,0,,
spirax sarco ax automatische ontluchter,,0,,0.00,,
spirax sarco b 1x,,0,,0,,
spirax sarco b series control valve,,0,,0,,
spirax sarco b series steam traps,,0,,0.00,,
spirax sarco b-1x,,0,,0.00,,
spirax sarco b-2-180,,0,,0,,
spirax sarco b-2-180 in-line horizontal bucket trap cover,,0,,0,,
spirax sarco b-4,,0,,0.00,,
spirax sarco b-4-125 steam trap 1-1 4,,0,,0,,
spirax sarco b-5,,0,,0.00,,
spirax sarco b1-x-75,,0,,0.00,,
spirax sarco b12,,0,,0,,
spirax sarco b18,,0,,0,,
spirax sarco b1h 180,,0,,0,,
spirax sarco b1h steam trap,,0,,0.00,,
spirax sarco b1h-125 pdf,,0,,0.00,,
spirax sarco b1h-125 trap,,0,,0,,
spirax sarco b1h-15,,0,,0,,
spirax sarco b1h-180,,0,,0,,
spirax sarco b1h-250,,0,,0,,
spirax sarco b1h-30,,0,,0,,
spirax sarco b1h-75,,0,,0,,
spirax sarco b1h125,,0,,0,,
spirax sarco b1h15,,0,,0.00,,
spirax sarco b1h75,,0,,0.00,,
spirax sarco b1hs 30,,0,,0,,
spirax sarco b1hs-125,,0,,0,,
spirax sarco b1hs-250,,0,,0,,
spirax sarco b1x 125,,0,,0,,
spirax sarco b1x-75,,0,,0.00,,
spirax sarco b2 125,,0,,0,,
spirax sarco b25,,0,,0,,
spirax sarco b3-30,,0,,0,,
spirax sarco b3-75,,0,,0,,
spirax sarco b4,,0,,0.00,,
spirax sarco b5,,0,,0.00,,
spirax sarco b5-125,,0,,0.00,,
spirax sarco b5-180,,0,,0.00,,
spirax sarco b62,,0,,0,,
spirax sarco b730,,0,,0.00,,
spirax sarco b850,,0,,0.00,,
spirax sarco b850 manual,,0,,0.00,,
spirax sarco back pressure control valve,,0,,0,,
spirax sarco back pressure regulator,,0,,0,,
spirax sarco balanced pressure steam trap,,0,,0,,
spirax sarco balanced pressure thermostatic steam trap,,0,,0,,
spirax sarco balancing disc,,0,,0,,
spirax sarco ball float steam trap installation,,0,,0,,
spirax sarco ball float trap,,0,,0,,
spirax sarco ball valve catalogue,,0,,0.00,,
spirax sarco ball valve distributor,,0,,0.00,,
spirax sarco ball valve full bore 3 8 screwed m10s2,,0,,0,,
spirax sarco ball valve m10s,,0,,0.00,,
spirax sarco ball valve m10v,,0,,0.00,,
spirax sarco ball valve m10v2rb,,0,,0.00,,
spirax sarco ball valve size 3 8 model m10s2,,0,,0,,
spirax sarco ball valves dn25 to dn150 m20h data sheet,,0,,0.00,,
spirax sarco ball valves pdf,,0,,0.00,,
spirax sarco bangladesh,,0,,0.00,,
spirax sarco baoh,,0,,0.00,,
spirax sarco bar,,0,,0.00,,
spirax sarco barilotto,,0,,0.00,,
spirax sarco barometro,,0,,0.00,,
spirax sarco barranquilla,,0,,0.00,,
spirax sarco basket strainers,,0,,0,,
spirax sarco bayi,,0,,0.00,,
spirax sarco bayswater,,0,,0.00,,
spirax sarco bbb,,0,,0,,
spirax sarco bbu 43,,0,,0.00,,
spirax sarco bbu43,,0,,0.00,,
spirax sarco bc,,0,,0.00,,
spirax sarco bc 3100 pdf,,0,,0.00,,
spirax sarco bc-3150,,0,,0.00,,
spirax sarco bc-3200 3210,,0,,0.00,,
spirax sarco bc1100,,0,,0.00,,
spirax sarco bc1100 3100 manual,,0,,0.00,,
spirax sarco bc3100,,0,,0.00,,
spirax sarco bc3150 pdf,,0,,0,,
spirax sarco bc3200 manual,,0,,0,,
spirax sarco bc3210,,0,,0.00,,
spirax sarco bc3250 blowdown controller,,0,,0.00,,
spirax sarco bc3250 controller,,0,,0.00,,
spirax sarco bc3250 pdf,,0,,0.00,,
spirax sarco bcr3150 manual,,0,,0.00,,
spirax sarco bcs1,,0,,0.00,,
spirax sarco bcs4,,0,,0.00,,
spirax sarco bcs4 dn20 pn40,,0,,0.00,,
spirax sarco bcv,,0,,0.00,,
spirax sarco bcv 31,,0,,0.00,,
spirax sarco bcv31,,0,,0.00,,
spirax sarco bcv41,,0,,0,,
spirax sarco bcv43 manual,,0,,0.00,,
spirax sarco bcv43dn20,,0,,0.00,,
spirax sarco bdhr,,0,,0,,
spirax sarco bdv 980,,0,,0.00,,
spirax sarco bdv1,,0,,0.00,,
spirax sarco bea51,,0,,0,,
spirax sarco belarus,,0,,0,,
spirax sarco bellows sealed stop valves,,0,,0.00,,
spirax sarco benefits,,0,,0,,
spirax sarco benelux in ghent,,0,,0.00,,
spirax sarco beta,,0,,0.00,,
spirax sarco bethehem,,0,,0,,
spirax sarco bethlehem,,0,,0,,
spirax sarco bh 754,,0,,0,,
spirax sarco bh-75,,0,,0,,
spirax sarco biblioteca cad,,0,,0.00,,
spirax sarco bih,,0,,0.00,,
spirax sarco bilder,,0,,0.00,,
spirax sarco bimetallic steam traps,,0,,0,,
spirax sarco blocks,,0,,0.00,,
spirax sarco blowdown expansion and cooling unit,,0,,0.00,,
spirax sarco blowdown heat recovery,,0,,0,,
spirax sarco blytgewood sc,,0,,0,,
spirax sarco blythewood sc jobs,,0,,0,,
spirax sarco blythewood sc reviews,,0,,0,,
spirax sarco blythewood sharon sherbourne,,0,,0,,
spirax sarco bma51 b1000117,,0,,0,,
spirax sarco board,,0,,0,,
spirax sarco boas course,,0,,0,,
spirax sarco boas training,,0,,0,,
spirax sarco body 67986,,0,,0,,
spirax sarco body cap f 316,,0,,0.00,,
spirax sarco body cap f316,,0,,0.00,,
spirax sarco bogota bogota,,0,,0.00,,
spirax sarco bogota colombia,,0,,0.00,,
spirax sarco bogota colombia nit,,0,,0.00,,
spirax sarco boiler automation,,0,,0.00,,
spirax sarco boiler blowdown,,0,,0,,
spirax sarco boiler blowdown calculation,,0,,0.00,,
spirax sarco boiler blowdown valves,,0,,0.00,,
spirax sarco boiler chemicals,,0,,0.00,,
spirax sarco boiler efficiency,,0,,0,,
spirax sarco boiler feed pump,,0,,0,,
spirax sarco boiler feed tank,,0,,0,,
spirax sarco boiler feed water,,0,,0,,
spirax sarco boiler feed water tank,,0,,0.00,,
spirax sarco boiler fluxogram,,0,,0.00,,
spirax sarco boiler house,,0,,0.00,,
spirax sarco boiler instrumentation,,0,,0,,
spirax sarco boiler level controls,,0,,0,,
spirax sarco boiler manifold,,0,,0.00,,
spirax sarco boiler manual,,0,,0.00,,
spirax sarco boiler pdf,,0,,0.00,,
spirax sarco boiler sample cooler,,0,,0,,
spirax sarco boiler solutions,,0,,0.00,,
spirax sarco boiler training,,0,,0,,
spirax sarco boiler video,,0,,0,,
spirax sarco boiler water treatment,,0,,0,,
spirax sarco boilers,,0,,0,,
spirax sarco bolivia filtro,,0,,0.00,,
spirax sarco bolsa de trabajo,,0,,0.00,,
spirax sarco bolsillo de trampeo,,0,,0.00,,
spirax sarco book free download pdf,,0,,0.00,,
spirax sarco book online,,0,,0.00,,
spirax sarco book pdf,,0,,0,,
spirax sarco books,,0,,0,,
spirax sarco boru capina gore su tablosu,,0,,0.00,,
spirax sarco bottom blowdown,,0,,0.00,,
spirax sarco bourse,,0,,0.00,,
spirax sarco bp 99 32,,0,,0.00,,
spirax sarco bpc,,0,,0,,
spirax sarco bpc cv,,0,,0.00,,
spirax sarco bpcy cv,,0,,0.00,,
spirax sarco bps32cv,,0,,0.00,,
spirax sarco bpt 13 ax,,0,,0.00,,
spirax sarco bpt 13 sx,,0,,0.00,,
spirax sarco bpt 13s,,0,,0.00,,
spirax sarco bpt13,,0,,0.00,,
spirax sarco bpt13a,,0,,0.00,,
spirax sarco bpt13s drawing dwg dxf cad,,0,,0.00,,
spirax sarco brand guidelines,,0,,0,,
spirax sarco brands,,0,,0,,
spirax sarco brasil cnpj,,0,,0.00,,
spirax sarco brasil telefone,,0,,0.00,,
spirax sarco brazil address,,0,,0,,
spirax sarco brewery,,0,,0,,
spirax sarco bridas,,0,,0.00,,
spirax sarco bridas dn 15,,0,,0.00,,
spirax sarco bronze safety valve,,0,,0,,
spirax sarco bronze strainer,,0,,0,,
spirax sarco brv 71 73,,0,,0,,
spirax sarco brv instalacion,,0,,0.00,,
spirax sarco brv-25,,0,,0.00,,
spirax sarco brv-2s,,0,,0.00,,
spirax sarco brv25,,0,,0.00,,
spirax sarco brv2s 1,,0,,0,,
spirax sarco brv2s price,,0,,0,,
spirax sarco brv2s-dn20-rp3 4,,0,,0.00,,
spirax sarco bs 7438,,0,,0.00,,
spirax sarco bs1a,,0,,0.00,,
spirax sarco bsa 1,,0,,0.00,,
spirax sarco bsa1t control valve pdf,,0,,0.00,,
spirax sarco bsa1t price,,0,,0.00,,
spirax sarco bsa1t valve,,0,,0.00,,
spirax sarco bsa2,,0,,0.00,,
spirax sarco bsa3t dn100,,0,,0.00,,
spirax sarco bsait dn50 pn16,,0,,0,,
spirax sarco bt strainer,,0,,0,,
spirax sarco bt1000 manual,,0,,0,,
spirax sarco bt1050 manual,,0,,0.00,,
spirax sarco bt1050 pdf,,0,,0.00,,
spirax sarco bt16 trap,,0,,0.00,,
spirax sarco bt16b manual,,0,,0.00,,
spirax sarco bt6 horizontal,,0,,0,,
spirax sarco bt6 trap,,0,,0.00,,
spirax sarco bt6-b,,0,,0,,
spirax sarco bt6-bl,,0,,0,,
spirax sarco bt6-bl 1.5,,0,,0,,
spirax sarco bt6bh,,0,,0,,
spirax sarco btd 52l,,0,,0.00,,
spirax sarco btd 52l a13,,0,,0.00,,
spirax sarco btd 52l h.12,,0,,0.00,,
spirax sarco bth,,0,,0.00,,
spirax sarco btm7 pdf,,0,,0,,
spirax sarco bts2,,0,,0.00,,
spirax sarco bts7.1,,0,,0.00,,
spirax sarco btu meter,,0,,0,,
spirax sarco bucket steam traps,,0,,0,,
spirax sarco buenos,,0,,0.00,,
spirax sarco buenos aires,,0,,0.00,,
spirax sarco burner,,0,,0.00,,
spirax sarco business model,,0,,0.00,,
spirax sarco buyer salary,,0,,0,,
spirax sarco buys chromalox,,0,,0,,
spirax sarco bva,,0,,0.00,,
spirax sarco bva 310 s8,,0,,0.00,,
spirax sarco bva325s 14,,0,,0.00,,
spirax sarco bvl,,0,,0,,
spirax sarco bvl306,,0,,0,,
spirax sarco bvs2 pn25 regulator pritiska pare,,0,,0.00,,
spirax sarco bvs2 regulator pritiska pare,,0,,0.00,,
spirax sarco bx2,,0,,0,,
spirax sarco bx6,,0,,0,,
spirax sarco by new zealand,,0,,0.00,,
spirax sarco bydrain,,0,,0.00,,
spirax sarco c1118 c,,0,,0.00,,
spirax sarco c16 el,,0,,0.00,,
spirax sarco ca 14,,0,,0.00,,
spirax sarco ca 40,,0,,0.00,,
spirax sarco ca14 installation,,0,,0.00,,
spirax sarco ca40,,0,,0.00,,
spirax sarco ca40f,,0,,0,,
spirax sarco ca46s,,0,,0.00,,
spirax sarco ca46s precio,,0,,0.00,,
spirax sarco ca46s-14,,0,,0.00,,
spirax sarco ca46s-21,,0,,0.00,,
spirax sarco ca46s-21 1 2,,0,,0.00,,
spirax sarco ca46s-4.5,,0,,0.00,,
spirax sarco ca46s21,,0,,0.00,,
spirax sarco cad 2d,,0,,0.00,,
spirax sarco cad 3d,,0,,0,,
spirax sarco cad blocks,,0,,0,,
spirax sarco cad download,,0,,0.00,,
spirax sarco cad drawings,,0,,0,,
spirax sarco cad files,,0,,0,,
spirax sarco cad library return,,0,,0.00,,
spirax sarco cad libruary,,0,,0.00,,
spirax sarco cad models,,0,,0,,
spirax sarco cad pr,,0,,0.00,,
spirax sarco cake,,0,,0.00,,
spirax sarco calculador online,,0,,0.00,,
spirax sarco calculadora vapor,,0,,0.00,,
spirax sarco calculation,,0,,0.00,,
spirax sarco calculator steam,,0,,0,,
spirax sarco calculators,,0,,0,,
spirax sarco calculators tank and vats,,0,,0.00,,
spirax sarco calculos,,0,,0.00,,
spirax sarco calderas pdf,,0,,0.00,,
spirax sarco calderas y accesorios,,0,,0.00,,
spirax sarco calderas y accesorios 1999,,0,,0.00,,
spirax sarco calderas y accesorios.pdf,,0,,0.00,,
spirax sarco calderas y accesoris,,0,,0.00,,
spirax sarco calderos,,0,,0.00,,
spirax sarco calentador de agua,,0,,0.00,,
spirax sarco calgary canada,,0,,0,,
spirax sarco cali colombia,,0,,0,,
spirax sarco cali telefono,,0,,0.00,,
spirax sarco cambodia,,0,,0,,
spirax sarco canada 25p,,0,,0,,
spirax sarco canada address,,0,,0.00,,
spirax sarco canada careers,,0,,0.00,,
spirax sarco canada contact,,0,,0,,
spirax sarco canada distributors,,0,,0,,
spirax sarco canada edmonton,,0,,0,,
spirax sarco canada jobs,,0,,0,,
spirax sarco canada limited calgary,,0,,0,,
spirax sarco canada ltd concord events,,0,,0.00,,
spirax sarco canada ltd concord on l4k 4j3,,0,,0,,
spirax sarco canada ltd vaughan on,,0,,0,,
spirax sarco canada ltee,,0,,0.00,,
spirax sarco canada montreal,,0,,0,,
spirax sarco canada phone,,0,,0.00,,
spirax sarco canada phone ontario,,0,,0.00,,
spirax sarco canada training,,0,,0,,
spirax sarco canzada,,0,,0.00,,
spirax sarco capacitacion,,0,,0.00,,
spirax sarco capacitacion proyectos,,0,,0.00,,
spirax sarco capacity ft14 2,,0,,0.00,,
spirax sarco capital group,,0,,0.00,,
spirax sarco capsule assembly,,0,,0,,
spirax sarco carbon steel strainer,,0,,0,,
spirax sarco carbon steel y strainer,,0,,0,,
spirax sarco careers cheltenham,,0,,0.00,,
spirax sarco careers egypt,,0,,0,,
spirax sarco careers uk,,0,,0.00,,
spirax sarco carnaxide,,0,,0.00,,
spirax sarco carrers,,0,,0.00,,
spirax sarco cas14s,,0,,0.00,,
spirax sarco cast iron,,0,,0.00,,
spirax sarco cast iron argentina,,0,,0.00,,
spirax sarco cast iron strainer c-125,,0,,0.00,,
spirax sarco cast iron strainer f-125,,0,,0.00,,
spirax sarco cast iron strainers,,0,,0,,
spirax sarco catalog,,0,,0.00,,
spirax sarco catalog pdf,,0,,0.00,,
spirax sarco catalogus pdf,,0,,0.00,,
spirax sarco ce 43,,0,,0.00,,
spirax sarco cennik 2016,,0,,0.00,,
spirax sarco cennik 2017,,0,,0.00,,
spirax sarco cennik 2018,,0,,0.00,,
spirax sarco cennik 2019,,0,,0.00,,
spirax sarco cf3m,,0,,0,,
spirax sarco cf8m,,0,,0.00,,
spirax sarco cfs26,,0,,0.00,,
spirax sarco changi,,0,,0,,
spirax sarco charlton house cheltenham,,0,,0,,
spirax sarco check disk,,0,,0.00,,
spirax sarco check va,,0,,0,,
spirax sarco check valve dcv3,,0,,0,,
spirax sarco check valve dcv4,,0,,0,,
spirax sarco check valve dcv41,,0,,0,,
spirax sarco check valve pdf,,0,,0,,
spirax sarco cheltenham apprenticeships,,0,,0,,
spirax sarco cheltenham careers,,0,,0,,
spirax sarco cheltenham gl51 9nq,,0,,0,,
spirax sarco cheltenham gl53 8er,,0,,0,,
spirax sarco cheltenham gloucestershire,,0,,0,,
spirax sarco cheltenham job vacancies,,0,,0,,
spirax sarco cheltenham postcode,,0,,0,,
spirax sarco cheltenham training,,0,,0,,
spirax sarco cheltenham uk,,0,,0,,
spirax sarco cheltenham vacancies,,0,,0,,
spirax sarco cheltenham work experience,,0,,0,,
spirax sarco cheltnam courses,,0,,0.00,,
spirax sarco chengelet,,0,,0.00,,
spirax sarco chennai careers,,0,,0,,
spirax sarco chennai contact,,0,,0,,
spirax sarco chennai contact number,,0,,0,,
spirax sarco chennai job vacancies,,0,,0,,
spirax sarco chennai jobs,,0,,0,,
spirax sarco chennai mahindra city,,0,,0,,
spirax sarco chiba,,0,,0.00,,
spirax sarco chihuahua,,0,,0.00,,
spirax sarco chile spa,,0,,0.00,,
spirax sarco chile telefono,,0,,0.00,,
spirax sarco china address,,0,,0,,
spirax sarco china water sample cooler system,,0,,0.00,,
spirax sarco china water sample cooler system cost,,0,,0.00,,
spirax sarco chloorkop,,0,,0,,
spirax sarco ci 125 strainer,,0,,0,,
spirax sarco ci 250,,0,,0,,
spirax sarco ci-125,,0,,0,,
spirax sarco cienega de flores como llegar,,0,,0.00,,
spirax sarco cincinnati,,0,,0,,
spirax sarco cl 30,,0,,0,,
spirax sarco cl51 9mo,,0,,0.00,,
spirax sarco clean steam,,0,,0,,
spirax sarco clean steam filter,,0,,0,,
spirax sarco clean steam parameters monitoring,,0,,0.00,,
spirax sarco clean steam regulator,,0,,0,,
spirax sarco clean steam sample cooler,,0,,0,,
spirax sarco clean steam trap,,0,,0,,
spirax sarco cleveland,,0,,0,,
spirax sarco cleveland ohio,,0,,0,,
spirax sarco closing facility in longmont co,,0,,0,,
spirax sarco cn,,0,,0.00,,
spirax sarco co ltd,,0,,0,,
spirax sarco code of conduct,,0,,0.00,,
spirax sarco codigo 3601210,,0,,0.00,,
spirax sarco codument tis 5.202,,0,,0,,
spirax sarco colima tor,,0,,0.00,,
spirax sarco collecteur,,0,,0.00,,
spirax sarco colombia bogota,,0,,0,,
spirax sarco colombia cali,,0,,0,,
spirax sarco colombia cali telefono,,0,,0.00,,
spirax sarco colombia direccion,,0,,0,,
spirax sarco colombia nit,,0,,0,,
spirax sarco colombia s.a.s,,0,,0,,
spirax sarco colombia s.a.s telefono,,0,,0,,
spirax sarco colombia s.a.s.,,0,,0,,
spirax sarco colombia sas bogota direccion,,0,,0.00,,
spirax sarco colombia sas telefono,,0,,0,,
spirax sarco colombia telefono,,0,,0,,
spirax sarco colorado,,0,,0,,
spirax sarco columbia,,0,,0,,
spirax sarco columbia sc jobs,,0,,0,,
spirax sarco com ar,,0,,0.00,,
spirax sarco com us,,0,,0,,
spirax sarco commercial,,0,,0,,
spirax sarco commercial steam humidifier,,0,,0,,
spirax sarco compact clean steam generator,,0,,0,,
spirax sarco compact clean steam generator price,,0,,0,,
spirax sarco companies house,,0,,0,,
spirax sarco company overview,,0,,0,,
spirax sarco company policies,,0,,0,,
spirax sarco compressed air solenoid valve,,0,,0.00,,
spirax sarco compressed air traps,,0,,0,,
spirax sarco concepcion,,0,,0.00,,
spirax sarco concord,,0,,0,,
spirax sarco concord ontario,,0,,0.00,,
spirax sarco condensados,,0,,0.00,,
spirax sarco condensate at the starup,,0,,0.00,,
spirax sarco condensate check valve,,0,,0,,
spirax sarco condensate design of condendate pdf,,0,,0,,
spirax sarco condensate design of condensate pdf,,0,,0,,
spirax sarco condensate electric pump recovery,,0,,0.00,,
spirax sarco condensate flow meter,,0,,0,,
spirax sarco condensate handbook pdf,,0,,0,,
spirax sarco condensate line design,,0,,0.00,,
spirax sarco condensate line sizing,,0,,0,,
spirax sarco condensate mixer,,0,,0,,
spirax sarco condensate pump and receiver,,0,,0.00,,
spirax sarco condensate pump apt14,,0,,0,,
spirax sarco condensate pump installation,,0,,0,,
spirax sarco condensate pump mfp14,,0,,0,,
spirax sarco condensate pump package,,0,,0,,
spirax sarco condensate pump parts,,0,,0,,
spirax sarco condensate pump ppcs,,0,,0.00,,
spirax sarco condensate pump ptc,,0,,0,,
spirax sarco condensate pump recovery,,0,,0.00,,
spirax sarco condensate pump sizing,,0,,0,,
spirax sarco condensate pump trap,,0,,0,,
spirax sarco condensate receiver tank,,0,,0,,
spirax sarco condensate recovery pdf,,0,,0,,
spirax sarco condensate recovery pump,,0,,0,,
spirax sarco condensate recovery system,,0,,0,,
spirax sarco condensate return,,0,,0,,
spirax sarco condensate return system,,0,,0,,
spirax sarco condensate return unit,,0,,0,,
spirax sarco condensate tank,,0,,0,,
spirax sarco condensate vacuum vent,,0,,0,,
spirax sarco condensing vessel,,0,,0.00,,
spirax sarco condenspot filter,,0,,0.00,,
spirax sarco condenspot td42,,0,,0.00,,
spirax sarco conector pt2,,0,,0.00,,
spirax sarco connectors,,0,,0.00,,
spirax sarco contact email,,0,,0,,
spirax sarco continuous blowdown,,0,,0.00,,
spirax sarco continuous blowdown valve,,0,,0.00,,
spirax sarco control software sx-uni,,0,,0.00,,
spirax sarco control valve 93ad,,0,,0.00,,
spirax sarco control valve actuators and positioners,,0,,0,,
spirax sarco control valve calibration,,0,,0,,
spirax sarco control valve catalogue,,0,,0,,
spirax sarco control valve characteristics,,0,,0,,
spirax sarco control valve ke43,,0,,0,,
spirax sarco control valve ke73,,0,,0,,
spirax sarco control valve le33,,0,,0,,
spirax sarco control valve open position,,0,,0.00,,
spirax sarco control valve sa121,,0,,0.00,,
spirax sarco control valve sp 400,,0,,0,,
spirax sarco control valve sp400,,0,,0,,
spirax sarco control valve v93ad,,0,,0.00,,
spirax sarco control valves cad drawings,,0,,0.00,,
spirax sarco control-valve-sizing-for-steam-systems,,0,,0.00,,
spirax sarco converter for mag 5000,,0,,0,,
spirax sarco conxcepcionb,,0,,0.00,,
spirax sarco cooling leg,,0,,0.00,,
spirax sarco cooling pot,,0,,0.00,,
spirax sarco cooling towers,,0,,0.00,,
spirax sarco cordoba,,0,,0.00,,
spirax sarco corner horn and brine ave chloorkop,,0,,0.00,,
spirax sarco correo,,0,,0.00,,
spirax sarco correspondence course,,0,,0,,
spirax sarco country of origin,,0,,0,,
spirax sarco country origin,,0,,0,,
spirax sarco cp,,0,,0.00,,
spirax sarco cp od fluids,,0,,0.00,,
spirax sarco cp of fluids,,0,,0.00,,
spirax sarco cp30 1000mm,,0,,0.00,,
spirax sarco cp30 installation manual,,0,,0.00,,
spirax sarco cp30 manual,,0,,0.00,,
spirax sarco cp30 or cp32,,0,,0.00,,
spirax sarco cp40,,0,,0.00,,
spirax sarco cr,,0,,0.00,,
spirax sarco credit union,,0,,0,,
spirax sarco crn,,0,,0,,
spirax sarco cross reference,,0,,0,,
spirax sarco cru,,0,,0.00,,
spirax sarco csf 16 steam filter,,0,,0,,
spirax sarco csf 1616 steam filter,,0,,0.00,,
spirax sarco csf16 filter,,0,,0.00,,
spirax sarco csf16 filtro en mendoza,,0,,0.00,,
spirax sarco csf16 h,,0,,0.00,,
spirax sarco csf16 precio,,0,,0.00,,
spirax sarco csf16-h,,0,,0,,
spirax sarco csf16-s,,0,,0,,
spirax sarco csf1616 stainless steel,,0,,0.00,,
spirax sarco csf1616 stainless steel steam filters,,0,,0.00,,
spirax sarco csf1616 steam filter,,0,,0.00,,
spirax sarco csf16h,,0,,0.00,,
spirax sarco csf16t,,0,,0,,
spirax sarco csf26 filter,,0,,0.00,,
spirax sarco csm c 600,,0,,0,,
spirax sarco csm e,,0,,0,,
spirax sarco csm-500,,0,,0.00,,
spirax sarco csm-c,,0,,0.00,,
spirax sarco csm-k,,0,,0,,
spirax sarco csmc,,0,,0,,
spirax sarco ct y strainer,,0,,0,,
spirax sarco ct y-strainer,,0,,0,,
spirax sarco culinary steam,,0,,0,,
spirax sarco current share price,,0,,0,,
spirax sarco curso,,0,,0.00,,
spirax sarco curso vapor,,0,,0.00,,
spirax sarco cursos 2018,,0,,0.00,,
spirax sarco cursos 2019,,0,,0.00,,
spirax sarco curvas de bombas,,0,,0.00,,
spirax sarco curvas de bombas centrifugas,,0,,0.00,,
spirax sarco customers,,0,,0,,
spirax sarco cv-03spirax-cvs10,,0,,0.00,,
spirax sarco cvs10-1m,,0,,0,,
spirax sarco cyber security,,0,,0.00,,
spirax sarco cyclonic,,0,,0,,
spirax sarco d363cvc,,0,,0.00,,
spirax sarco d6 course,,0,,0.00,,
spirax sarco dairy steam cleaner,,0,,0.00,,
spirax sarco dairy steam cleaner plc serie,,0,,0.00,,
spirax sarco dallas,,0,,0,,
spirax sarco dampfregelventil,,0,,0,,
spirax sarco dampfregelventil mit ausgleich,,0,,0,,
spirax sarco dampftabelle,,0,,0.00,,
spirax sarco dampfventil,,0,,0.00,,
spirax sarco dampteknologi norge 2026,,0,,0.00,,
spirax sarco data sheets,,0,,0,,
spirax sarco dcv,,0,,0.00,,
spirax sarco dcv10,,0,,0,,
spirax sarco dcv10 check valve,,0,,0,,
spirax sarco dcv2 check valve,,0,,0,,
spirax sarco dcv3 dn80,,0,,0.00,,
spirax sarco dcv4 check valve,,0,,0.00,,
spirax sarco dcv4 valve metric,,0,,0.00,,
spirax sarco dcv41 check valve,,0,,0,,
spirax sarco de venta en guatemala,,0,,0.00,,
spirax sarco de venta en quito,,0,,0.00,,
spirax sarco deaerator head,,0,,0,,
spirax sarco dealer in dubai,,0,,0,,
spirax sarco dealer in india,,0,,0,,
spirax sarco dealer in usa,,0,,0,,
spirax sarco dealers georgia,,0,,0,,
spirax sarco dealers in uae,,0,,0,,
spirax sarco deer park tx,,0,,0,,
spirax sarco del tipo self-actuated operado por piloto modelo 25t,,0,,0.00,,
spirax sarco delhi,,0,,0,,
spirax sarco demand specialist,,0,,0,,
spirax sarco denver,,0,,0,,
spirax sarco dep7,,0,,0.00,,
spirax sarco desaireador,,0,,0.00,,
spirax sarco descargas,,0,,0.00,,
spirax sarco desgasificador,,0,,0.00,,
spirax sarco desgasifier,,0,,0.00,,
spirax sarco design boiler video,,0,,0.00,,
spirax sarco design of condensate recovery system pdf,,0,,0,,
spirax sarco design of fluid,,0,,0,,
spirax sarco design of fluid system pdf,,0,,0,,
spirax sarco design of fluid systems hookups,,0,,0,,
spirax sarco design of fluid systems hookups pdf,,0,,0.00,,
spirax sarco design of fluid systems pdf,,0,,0,,
spirax sarco design of fluid systems steam utilization,,0,,0,,
spirax sarco desuperheater calculations,,0,,0,,
spirax sarco df,,0,,0,,
spirax sarco df3,,0,,0,,
spirax sarco dfg 300,,0,,0.00,,
spirax sarco dfu,,0,,0.00,,
spirax sarco dfu valcula de corte,,0,,0.00,,
spirax sarco di indonesia,,0,,0,,
spirax sarco diaphragm actuator,,0,,0.00,,
spirax sarco diary steam cleaner,,0,,0.00,,
spirax sarco diary steam cleaner working,,0,,0.00,,
spirax sarco dic welded,,0,,0.00,,
spirax sarco diffuser installation,,0,,0.00,,
spirax sarco diffuser installation site spiraxsarco.com,,0,,0.00,,
spirax sarco digital cycle counter,,0,,0,,
spirax sarco digital transformation initiatives,,0,,0,,
spirax sarco dilatacion termica,,0,,0.00,,
spirax sarco direccion,,0,,0.00,,
spirax sarco direct acting pressure reducing valve,,0,,0,,
spirax sarco direct acting prv,,0,,0,,
spirax sarco direct acting valves,,0,,0.00,,
spirax sarco director general,,0,,0.00,,
spirax sarco director salary,,0,,0,,
spirax sarco distribuidor de flujo universal,,0,,0.00,,
spirax sarco distribuidores estados unidos,,0,,0.00,,
spirax sarco distribution,,0,,2.01,,
spirax sarco distributor in pakistan,,0,,0,,
spirax sarco distributor nigeria,,0,,0.00,,
spirax sarco distributors california,,0,,0,,
spirax sarco distributors florida,,0,,0,,
spirax sarco distributors in dubai,,0,,0,,
spirax sarco distributors in malaysia,,0,,0,,
spirax sarco distributors in missouri,,0,,0,,
spirax sarco distributors ireland,,0,,0,,
spirax sarco distributors jakarta,,0,,0,,
spirax sarco distributors malaysia,,0,,0,,
spirax sarco distributors michigan,,0,,0,,
spirax sarco distributors middle east,,0,,0,,
spirax sarco distributors pa,,0,,0,,
spirax sarco distributors qatar,,0,,0,,
spirax sarco distributors saudi arabia,,0,,0,,
spirax sarco distributors usa locations,,0,,0,,
spirax sarco diva flow meter,,0,,0,,
spirax sarco diva steam meter,,0,,0,,
spirax sarco dividend dates,,0,,0,,
spirax sarco dividend history,,0,,0,,
spirax sarco dividend performance,,0,,0.00,,
spirax sarco dividends,,0,,0,,
spirax sarco dlv7 imi,,0,,0.00,,
spirax sarco dlv7 ti,,0,,0.00,,
spirax sarco dm21,,0,,0.00,,
spirax sarco dm582a,,0,,0.00,,
spirax sarco dn 50,,0,,0.00,,
spirax sarco dn15 airodyn 1 2 a743 ca40f,,0,,0.00,,
spirax sarco dn18,,0,,0.00,,
spirax sarco dn25 bsa 240 degrees c steam jacket,,0,,0.00,,
spirax sarco dn25 pn16,,0,,0,,
spirax sarco dn32 pn16 25 datasheet,,0,,0.00,,
spirax sarco dn32 pn16/25 datasheet,,0,,0.00,,
spirax sarco dn40 pn16,,0,,0,,
spirax sarco dn80,,0,,0.00,,
spirax sarco dn80 pn16 flange dimensions,,0,,0.00,,
spirax sarco document tis 5.202,,0,,0,,
spirax sarco downloads,,0,,0,,
spirax sarco dp 143dn-80,,0,,0.00,,
spirax sarco dp 163,,0,,0,,
spirax sarco dp 17 series series steam pressure reducing valve,,0,,0.00,,
spirax sarco dp 17 t,,0,,0,,
spirax sarco dp 17 uses,,0,,0.00,,
spirax sarco dp 17t,,0,,0.00,,
spirax sarco dp 27 co to jest,,0,,0.00,,
spirax sarco dp 27 dn20,,0,,0,,
spirax sarco dp 27 dn25,,0,,0,,
spirax sarco dp 27 dn32,,0,,0,,
spirax sarco dp 27 dn40,,0,,0,,
spirax sarco dp 27 dn50,,0,,0,,
spirax sarco dp 27 dn50 pn16 25,,0,,0,,
spirax sarco dp 27 installation,,0,,0,,
spirax sarco dp 27 lc,,0,,0,,
spirax sarco dp 27 maintenance kit,,0,,0,,
spirax sarco dp 27 pressure reducing valve,,0,,0,,
spirax sarco dp 27 price,,0,,0,,
spirax sarco dp 27 prv,,0,,0.00,,
spirax sarco dp 27 reducing valve,,0,,0,,
spirax sarco dp 27 s dn20 pn 1625,,0,,0.00,,
spirax sarco dp 27 s dn20 pn 1625 steam valve,,0,,0.00,,
spirax sarco dp 27 service kit,,0,,0,,
spirax sarco dp 27 sizing,,0,,0,,
spirax sarco dp 27 spare parts,,0,,0,,
spirax sarco dp 27s,,0,,0.00,,
spirax sarco dp143 manual,,0,,0,,
spirax sarco dp143 pressure reducing valve,,0,,0,,
spirax sarco dp143e,,0,,0,,
spirax sarco dp143g,,0,,0,,
spirax sarco dp17 dn50,,0,,0,,
spirax sarco dp17 inside,,0,,0.00,,
spirax sarco dp17 pressure reducing valve,,0,,0.00,,
spirax sarco dp17e,,0,,0,,
spirax sarco dp17r,,0,,0,,
spirax sarco dp17s precio,,0,,0.00,,
spirax sarco dp27 adjustment,,0,,0.00,,
spirax sarco dp27 animation,,0,,0.00,,
spirax sarco dp27 dimensions,,0,,0,,
spirax sarco dp27 dn15,,0,,0,,
spirax sarco dp27 dn20,,0,,0,,
spirax sarco dp27 dn50 pn16 25,,0,,0.00,,
spirax sarco dp27 lc,,0,,0,,
spirax sarco dp27 maintenance kit,,0,,0.00,,
spirax sarco dp27 pdf,,0,,0,,
spirax sarco dp27 price,,0,,0,,
spirax sarco dp27 s cena,,0,,0.00,,
spirax sarco dp27 sizing,,0,,0,,
spirax sarco dp27e,,0,,0,,
spirax sarco dp27g,,0,,0,,
spirax sarco dp27r,,0,,0,,
spirax sarco dp27t,,0,,0,,
spirax sarco dp610,,0,,0.00,,
spirax sarco dpe 2-1 2 in drip pan elbow,,0,,0,,
spirax sarco drain trap,,0,,0.00,,
spirax sarco dri-line mk2,,0,,0.00,,
spirax sarco dri-line mk3,,0,,0.00,,
spirax sarco drip trap,,0,,0,,
spirax sarco drv2s,,0,,0.00,,
spirax sarco drv4,,0,,0.00,,
spirax sarco drv4 ti,,0,,0.00,,
spirax sarco drv7,,0,,0,,
spirax sarco drv7 price,,0,,0.00,,
spirax sarco drv7b,,0,,0,,
spirax sarco dry saturated steam,,0,,0.00,,
spirax sarco dry saturated steam table,,0,,0,,
spirax sarco dry steam,,0,,0.00,,
spirax sarco dry steam table,,0,,0.00,,
spirax sarco duitsland,,0,,0.00,,
spirax sarco duplex basket strainer,,0,,0,,
spirax sarco duplex condensate pump,,0,,0,,
spirax sarco duplex pump package,,0,,0,,
spirax sarco duramix 8000,,0,,0,,
spirax sarco dv41,,0,,0.00,,
spirax sarco dvc41,,0,,0,,
spirax sarco dystrybutor,,0,,0.00,,
spirax sarco e 500,,0,,0.00,,
spirax sarco e-bay,,0,,0.00,,
spirax sarco e12,,0,,0,,
spirax sarco ea,,0,,0.00,,
spirax sarco ea14e,,0,,0.00,,
spirax sarco early careers -,,0,,0.00,,
spirax sarco earning date,,0,,0.00,,
spirax sarco easiheat dhw,,0,,0,,
spirax sarco easiheat system,,0,,0,,
spirax sarco easiheat uk,,0,,0,,
spirax sarco east africa,,0,,0.00,,
spirax sarco ebay,,0,,0.00,,
spirax sarco economizador caldersa,,0,,0.00,,
spirax sarco ecuacion de vapor,,0,,0.00,,
spirax sarco eeu,,0,,0.00,,
spirax sarco egypt address,,0,,0,,
spirax sarco egypt careers,,0,,0,,
spirax sarco egypt llc,,0,,0,,
spirax sarco ejemplos,,0,,0.00,,
spirax sarco ekonomizer,,0,,0.00,,
spirax sarco el 5611,,0,,0.00,,
spirax sarco el salvador,,0,,0.00,,
spirax sarco el2270,,0,,0.00,,
spirax sarco el2271,,0,,0.00,,
spirax sarco el3500,,0,,0.00,,
spirax sarco el3500 selection,,0,,0.00,,
spirax sarco el5600,,0,,0.00,,
spirax sarco el5601,,0,,0.00,,
spirax sarco el5611,,0,,0.00,,
spirax sarco el5611 manual,,0,,0.00,,
spirax sarco el5614,,0,,0.00,,
spirax sarco el5621,,0,,0.00,,
spirax sarco el7213a,,0,,0.00,,
spirax sarco el7213ase,,0,,0.00,,
spirax sarco electric positioner,,0,,0.00,,
spirax sarco electric steam generator,,0,,0,,
spirax sarco electromagnetic flow meter,,0,,0,,
spirax sarco eliminador de aire,,0,,0.00,,
spirax sarco eliminador de ar h 17,,0,,0.00,,
spirax sarco elm,,0,,0.00,,
spirax sarco email address format,,0,,0,,
spirax sarco email format,,0,,0,,
spirax sarco emco,,0,,0,,
spirax sarco emniyet ventili,,0,,0.00,,
spirax sarco empleo,,0,,0.00,,
spirax sarco employee benefits,,0,,0,,
spirax sarco employee reviews,,0,,0,,
spirax sarco empresa,,0,,0.00,,
spirax sarco en chile,,0,,0.00,,
spirax sarco en francia,,0,,0.00,,
spirax sarco en guayaquil,,0,,0.00,,
spirax sarco en rosario,,0,,0.00,,
spirax sarco en toluca,,0,,0.00,,
spirax sarco en-jl1040,,0,,0.00,,
spirax sarco end markets,,0,,0,,
spirax sarco energy management solutions,,0,,0,,
spirax sarco energy service manager,,0,,0,,
spirax sarco energy solutions llc,,0,,0,,
spirax sarco eng,,0,,0,,
spirax sarco engineer,,0,,0,,
spirax sarco engineer salary,,0,,0,,
spirax sarco engineered systems,,0,,0,,
spirax sarco engineereing ltd,,0,,0.00,,
spirax sarco engineering annual report,,0,,0,,
spirax sarco engineering annual report 2016,,0,,0.00,,
spirax sarco engineering annual report 2017,,0,,0.00,,
spirax sarco engineering annual report 2018,,0,,0.00,,
spirax sarco engineering apprenticeships,,0,,0,,
spirax sarco engineering board of directors,,0,,0,,
spirax sarco engineering calculator,,0,,0.00,,
spirax sarco engineering careers,,0,,0.00,,
spirax sarco engineering ceo,,0,,0,,
spirax sarco engineering cheltenham,,0,,0,,
spirax sarco engineering chiel,,0,,0.00,,
spirax sarco engineering chile,,0,,0.00,,
spirax sarco engineering company,,0,,0,,
spirax sarco engineering contact,,0,,0.00,,
spirax sarco engineering email,,0,,0,,
spirax sarco engineering global graduate development programme,,0,,0,,
spirax sarco engineering graduate,,0,,0,,
spirax sarco engineering grafico tecnico,,0,,0.00,,
spirax sarco engineering group,,0,,0,,
spirax sarco engineering investor relations,,0,,0,,
spirax sarco engineering limited,,0,,0,,
spirax sarco engineering locations,,0,,0,,
spirax sarco engineering logo,,0,,0,,
spirax sarco engineering london stock exchange,,0,,0,,
spirax sarco engineering news,,0,,0,,
spirax sarco engineering pl,,0,,0,,
spirax sarco engineering plc address,,0,,0,,
spirax sarco engineering plc analyst price target disagreement,,0,,0.00,,
spirax sarco engineering plc annual report 2014,,0,,0,,
spirax sarco engineering plc annual report 2017,,0,,0,,
spirax sarco engineering plc annual report 2018,,0,,0,,
spirax sarco engineering plc bullish and bearish analyst opinions,,0,,0.00,,
spirax sarco engineering plc careers,,0,,0,,
spirax sarco engineering plc ceo,,0,,0,,
spirax sarco engineering plc cfo,,0,,0,,
spirax sarco engineering plc email,,0,,0,,
spirax sarco engineering plc email address,,0,,0,,
spirax sarco engineering plc forecast and analysis,,0,,0.00,,
spirax sarco engineering plc ft,,0,,0,,
spirax sarco engineering plc investor presentation,,0,,0,,
spirax sarco engineering plc investor relations,,0,,0,,
spirax sarco engineering plc linkedin,,0,,0,,
spirax sarco engineering plc logo,,0,,0,,
spirax sarco engineering plc wiki,,0,,0,,
spirax sarco engineering plc www spiraxsarcoengineering com 2017 annual report,,0,,0,,
spirax sarco engineering salary,,0,,0,,
spirax sarco engineering stock,,0,,0.00,,
spirax sarco engineering tutorials,,0,,0.00,,
spirax sarco enjs1025,,0,,0.00,,
spirax sarco entalpia,,0,,0.00,,
spirax sarco enthalpy,,0,,0.00,,
spirax sarco enthalpy calculator,,0,,0.00,,
spirax sarco ep 305,,0,,0.00,,
spirax sarco ep 305 din 3443 dn80,,0,,0.00,,
spirax sarco ep 500,,0,,0.00,,
spirax sarco ep 500 installation manual,,0,,0.00,,
spirax sarco ep 500 positioner,,0,,0.00,,
spirax sarco ep3 positioner,,0,,0.00,,
spirax sarco ep305,,0,,0.00,,
spirax sarco ep5 3.3.3,,0,,0.00,,
spirax sarco ep5 calibracion,,0,,0.00,,
spirax sarco ep5 calibration,,0,,0.00,,
spirax sarco ep5 data,,0,,0.00,,
spirax sarco ep5 pdf,,0,,0.00,,
spirax sarco ep5 posicionador para que sirve,,0,,0.00,,
spirax sarco ep5 positioner manual calibrate,,0,,0.00,,
spirax sarco ep5 positioner para que sirve,,0,,0.00,,
spirax sarco ep500 advanced,,0,,0.00,,
spirax sarco ep500 calibration,,0,,0.00,,
spirax sarco ep500 electro-pneumatic positioner,,0,,0.00,,
spirax sarco ep500 electropneumatic positioner,,0,,0.00,,
spirax sarco ep500 manual pdf,,0,,0.00,,
spirax sarco ep500 positioner,,0,,0.00,,
spirax sarco ep500 positioner manual,,0,,0.00,,
spirax sarco ep500 user manual,,0,,0.00,,
spirax sarco epr fn2sn3ntr,,0,,0.00,,
spirax sarco ergonomia,,0,,0.00,,
spirax sarco error 4,,0,,0.00,,
spirax sarco es000110,,0,,0.00,,
spirax sarco esperanza,,0,,0.00,,
spirax sarco espesores de aislaciones,,0,,0.00,,
spirax sarco estacion de vapor,,0,,0.00,,
spirax sarco estacion reductora de vapor,,0,,0.00,,
spirax sarco ev141,,0,,0.00,,
spirax sarco ev41,,0,,0.00,,
spirax sarco evaporation rate,,0,,0.00,,
spirax sarco expansion joint,,0,,0.00,,
spirax sarco expansion loop,,0,,0.00,,
spirax sarco experiencia soluciones,,0,,0.00,,
spirax sarco extranet,,0,,0.00,,
spirax sarco eyector de vapor,,0,,0.00,,
spirax sarco f50,,0,,0.00,,
spirax sarco f50c,,0,,0.00,,
spirax sarco fa-150 installation manual,,0,,0.00,,
spirax sarco fa-150 s s float drain trap,,0,,0.00,,
spirax sarco facebook,,0,,0.00,,
spirax sarco faltenbalg absperrventil,,0,,0.00,,
spirax sarco fan,,0,,0.00,,
spirax sarco fc50,,0,,0.00,,
spirax sarco fig 106,,0,,0.00,,
spirax sarco fig 12 sg,,0,,0.00,,
spirax sarco fig 12 sg25a,,0,,0.00,,
spirax sarco fig 14 hp,,0,,0.00,,
spirax sarco fig 16,,0,,0.00,,
spirax sarco fig 16 hp,,0,,0.00,,
spirax sarco fig 16-hp2,,0,,0.00,,
spirax sarco fig 32,,0,,0.00,,
spirax sarco fig 33 strainer,,0,,0.00,,
spirax sarco fig 34 hp,,0,,0.00,,
spirax sarco fig34 dn100,,0,,0.00,,
spirax sarco filter regulator,,0,,0.00,,
spirax sarco filter tramp,,0,,0.00,,
spirax sarco filter y,,0,,0.00,,
spirax sarco filtr sw,,0,,0.00,,
spirax sarco filtre sf 65-3,,0,,0.00,,
spirax sarco filtro 33,,0,,0.00,,
spirax sarco filtro at,,0,,0.00,,
spirax sarco filtro at 3 4 bsp,,0,,0.00,,
spirax sarco filtro at 3601210,,0,,0.00,,
spirax sarco filtro bridado ci,,0,,0.00,,
spirax sarco filtro de hierro fundido,,0,,0.00,,
spirax sarco filtro fig 14,,0,,0.00,,
spirax sarco filtro y 3 4,,0,,0.00,,
spirax sarco filtro y 3 4 dimensiones,,0,,0.00,,
spirax sarco financial calendar,,0,,0.00,,
spirax sarco financials morningstar,,0,,0.00,,
spirax sarco fitlros,,0,,0.00,,
spirax sarco fjw-1 sarco,,0,,0.00,,
spirax sarco flanged y strainer,,0,,0.00,,
spirax sarco flash steam recovery,,0,,0.00,,
spirax sarco flash steam recovery vessels,,0,,0.00,,
spirax sarco flash vessels,,0,,0.00,,
spirax sarco flexibility,,0,,0.00,,
spirax sarco float steam trap,,0,,0.00,,
spirax sarco float trap selection,,0,,0.00,,
spirax sarco float trap sizing,,0,,0.00,,
spirax sarco flow coefficient,,0,,0.00,,
spirax sarco flow meter manual,,0,,0.00,,
spirax sarco flow meter steam,,0,,0.00,,
spirax sarco flr,,0,,0.00,,
spirax sarco fole,,0,,0.00,,
spirax sarco food and beverage,,0,,0.00,,
spirax sarco forbes marshall split,,0,,0.00,,
spirax sarco founded,,0,,0.00,,
spirax sarco france address,,0,,0.00,,
spirax sarco ft 14,,0,,0.00,,
spirax sarco ft 14 2,,0,,0.00,,
spirax sarco ft 14 x,,0,,0.00,,
spirax sarco ft 145,,0,,0.00,,
spirax sarco ft 14x,,0,,0.00,,
spirax sarco ft 200,,0,,0.00,,
spirax sarco ft 4 5,,0,,0.00,,
spirax sarco ft 43-4 5,,0,,0.00,,
spirax sarco ft 44,,0,,0.00,,
spirax sarco ft 46,,0,,0.00,,
spirax sarco ft 47,,0,,0.00,,
spirax sarco ft 47 durchsatz,,0,,0.00,,
spirax sarco ft 47h-08tv-dn 25,,0,,0.00,,
spirax sarco ft 55,,0,,0.00,,
spirax sarco ft 550,,0,,0.00,,
spirax sarco ft 550 ac,,0,,0.00,,
spirax sarco ft 550 ac precio,,0,,0.00,,
spirax sarco ft 550 ac price,,0,,0.00,,
spirax sarco ft 550 ae,,0,,0.00,,
spirax sarco ft 551,,0,,0.00,,
spirax sarco ft 552 tv,,0,,0.00,,
spirax sarco ft capacity ft14 2,,0,,0.00,,
spirax sarco ft traps,,0,,0.00,,
spirax sarco ft-15 float and thermostatic parallel pipe connections,,0,,0.00,,
spirax sarco ft-185,,0,,0.00,,
spirax sarco ft-2075 steam trap,,0,,0.00,,
spirax sarco ft-44v,,0,,0.00,,
spirax sarco ft10 steam trap,,0,,0.00,,
spirax sarco ft125,,0,,0.00,,
spirax sarco ft14 1 1 2,,0,,0.00,,
spirax sarco ft14 1 2,,0,,0.00,,
spirax sarco ft14 10tv,,0,,0.00,,
spirax sarco ft14 2,,0,,0.00,,
spirax sarco ft14 capacity,,0,,0.00,,
spirax sarco ft14 ebay,,0,,0.00,,
spirax sarco ft14 parts,,0,,0.00,,
spirax sarco ft14 rebuild kit,,0,,0.00,,
spirax sarco ft14 steam trap installation,,0,,0.00,,
spirax sarco ft14 upside down,,0,,0.00,,
spirax sarco ft14-10 2 npt,,0,,0.00,,
spirax sarco ft14-10 flanged,,0,,0.00,,
spirax sarco ft14-10c,,0,,0.00,,
spirax sarco ft14-10tv,,0,,0.00,,
spirax sarco ft1410,,0,,0.00,,
spirax sarco ft144 5,,0,,0.00,,
spirax sarco ft144.5,,0,,0.00,,
spirax sarco ft145,,0,,0.00,,
spirax sarco ft14c,,0,,0.00,,
spirax sarco ft15 capacity,,0,,0.00,,
spirax sarco ft15 steam trap,,0,,0.00,,
spirax sarco ft200,,0,,0.00,,
spirax sarco ft2075,,0,,0.00,,
spirax sarco ft2075 steam trap,,0,,0.00,,
spirax sarco ft43 dn40,,0,,0.00,,
spirax sarco ft43 dn80,,0,,0.00,,
spirax sarco ft43 manual,,0,,0.00,,
spirax sarco ft43-10tv,,0,,0.00,,
spirax sarco ft43-14,,0,,0.00,,
spirax sarco ft43-4 5,,0,,0.00,,
spirax sarco ft4310,,0,,0.00,,
spirax sarco ft43h,,0,,0.00,,
spirax sarco ft43h trap,,0,,0.00,,
spirax sarco ft43v,,0,,0.00,,
spirax sarco ft44 dn80,,0,,0.00,,
spirax sarco ft44 steam trap,,0,,0.00,,
spirax sarco ft44-10,,0,,0.00,,
spirax sarco ft44-10 1,,0,,0.00,,
spirax sarco ft44-10tv,,0,,0.00,,
spirax sarco ft44-14,,0,,0.00,,
spirax sarco ft44-21,,0,,0.00,,
spirax sarco ft44-21 tv,,0,,0.00,,
spirax sarco ft44-32,,0,,0.00,,
spirax sarco ft44-4.5,,0,,0.00,,
spirax sarco ft47 dn capacity,,0,,0.00,,
spirax sarco ft55,,0,,0.00,,
spirax sarco ft55 tv,,0,,0.00,,
spirax sarco ft550,,0,,0.00,,
spirax sarco ft552 tv,,0,,0.00,,
spirax sarco ft57,,0,,0.00,,
spirax sarco ft57h,,0,,0.00,,
spirax sarco ft75,,0,,0.00,,
spirax sarco ftc32,,0,,0.00,,
spirax sarco ftc32 dn25,,0,,0.00,,
spirax sarco ftc32-10,,0,,0.00,,
spirax sarco ftc32-10 1,,0,,0.00,,
spirax sarco ftd,,0,,0.00,,
spirax sarco ftd 2,,0,,0.00,,
spirax sarco ftdh 2,,0,,0.00,,
spirax sarco ftgs,,0,,0.00,,
spirax sarco fts14-4.5,,0,,0.00,,
spirax sarco fv50,,0,,0.00,,
spirax sarco gas,,0,,0.00,,
spirax sarco gas natural,,0,,0.00,,
spirax sarco gas outlet,,0,,0.00,,
spirax sarco gate valve pn25,,0,,0.00,,
spirax sarco gauge 1000kpa,,0,,0.00,,
spirax sarco gauge 1571001000,,0,,0.00,,
spirax sarco gaziantep,,0,,0.00,,
spirax sarco generador de vapor,,0,,0.00,,
spirax sarco generadores de vapor,,0,,0.00,,
spirax sarco gerente,,0,,0.00,,
spirax sarco gestion,,0,,0.00,,
spirax sarco gestra india,,0,,0.00,,
spirax sarco gg,,0,,0.00,,
spirax sarco gg25,,0,,0.00,,
spirax sarco ghjlfv,,0,,0.00,,
spirax sarco gilflo,,0,,0.00,,
spirax sarco gilflo b,,0,,0.00,,
spirax sarco gjs 100,,0,,0.00,,
spirax sarco gl51,,0,,0.00,,
spirax sarco global graduate engineer salary,,0,,0.00,,
spirax sarco global graduate programme salary,,0,,0.00,,
spirax sarco globe control valve,,0,,0.00,,
spirax sarco globe valve installation,,0,,0.00,,
spirax sarco globe valve m10s,,0,,0.00,,
spirax sarco globe valve manual,,0,,0.00,,
spirax sarco gm stop valve bsp 11 2 hv3,,0,,0.00,,
spirax sarco gmbh founded,,0,,0.00,,
spirax sarco gmbh reichenaustr 20 de-78467 konstanz,,0,,0.00,,
spirax sarco grad program,,0,,0.00,,
spirax sarco gradaute salary,,0,,0.00,,
spirax sarco graduate program,,0,,0.00,,
spirax sarco graduate program ability test question,,0,,0.00,,
spirax sarco graduate program australia,,0,,0.00,,
spirax sarco graduate programme 2019,,0,,0.00,,
spirax sarco graduate programme salary,,0,,0.00,,
spirax sarco graduate programme salary melbourne,,0,,0.00,,
spirax sarco graduate salary,,0,,0.00,,
spirax sarco graduates,,0,,0.00,,
spirax sarco graduation program selection,,0,,0.00,,
spirax sarco guadalajara telefono,,0,,0.00,,
spirax sarco guide,,0,,0.00,,
spirax sarco guilldermo 21-24 lima,,0,,0.00,,
spirax sarco guilldermo dansey 21-24 lima,,0,,0.00,,
spirax sarco hanger,,0,,0.00,,
spirax sarco hanger support,,0,,0.00,,
spirax sarco hartmann,,0,,0.00,,
spirax sarco hawkes bay,,0,,0.00,,
spirax sarco heat pipe,,0,,0.00,,
spirax sarco heat tables,,0,,0.00,,
spirax sarco heating charge,,0,,0.00,,
spirax sarco heating coil for marine applications,,0,,0.00,,
spirax sarco heating with coils and jackets,,0,,0.00,,
spirax sarco herramientas,,0,,0.00,,
spirax sarco historia,,0,,0.00,,
spirax sarco hiter crosby,,0,,0.00,,
spirax sarco hk,,0,,0.00,,
spirax sarco hm00 6,,0,,0.00,,
spirax sarco hm00 7,,0,,0.00,,
spirax sarco hong kong company limited,,0,,0.00,,
spirax sarco hook up,,0,,0.00,,
spirax sarco hook up diagrams,,0,,0.00,,
spirax sarco hot well,,0,,0.00,,
spirax sarco hotwell tank,,0,,0.00,,
spirax sarco hotwell tanks,,0,,0.00,,
spirax sarco how to ensure dry steam,,0,,0.00,,
spirax sarco hr,,0,,0.00,,
spirax sarco hr email,,0,,0.00,,
spirax sarco hs-7300,,0,,0.00,,
spirax sarco hs-7300 datasheet,,0,,0.00,,
spirax sarco hwsus,,0,,0.00,,
spirax sarco ib 10 condensate recovery,,0,,0.00,,
spirax sarco ift14,,0,,0.00,,
spirax sarco il1,,0,,0.00,,
spirax sarco imi 2.3041,,0,,0.00,,
spirax sarco in india,,0,,0.00,,
spirax sarco in mahindra city,,0,,0.00,,
spirax sarco in service training 2018,,0,,0.00,,
spirax sarco in25,,0,,0.00,,
spirax sarco inc asbestos,,0,,0.00,,
spirax sarco inc vb21,,0,,0.00,,
spirax sarco incendio,,0,,0.00,,
spirax sarco india address,,0,,0.00,,
spirax sarco india contact,,0,,0.00,,
spirax sarco india glassdoor,,0,,0.00,,
spirax sarco india noida,,0,,0.00,,
spirax sarco india office,,0,,0.00,,
spirax sarco india products,,0,,0.00,,
spirax sarco india pune,,0,,0.00,,
spirax sarco india pvt ltd careers,,0,,0.00,,
spirax sarco india pvt ltd credit rating,,0,,0.00,,
spirax sarco india pvt ltd jobs,,0,,0.00,,
spirax sarco india pvt ltd linkedin,,0,,0.00,,
spirax sarco india pvt ltd mumbai,,0,,0.00,,
spirax sarco india pvt ltd noida,,0,,0.00,,
spirax sarco india pvt ltd pune,,0,,0.00,,
spirax sarco india pvt ltd zauba,,0,,0.00,,
spirax sarco india salary,,0,,0.00,,
spirax sarco india turnover,,0,,0.00,,
spirax sarco industry,,0,,0.00,,
spirax sarco industry sector,,0,,0.00,,
spirax sarco infiintata,,0,,0.00,,
spirax sarco information book the boiler house,,0,,0.00,,
spirax sarco informe de sustentabilidad,,0,,0.00,,
spirax sarco inglaterra,,0,,0.00,,
spirax sarco initial condensate,,0,,0.00,,
spirax sarco inox,,0,,0.00,,
spirax sarco inox 41574,,0,,0.00,,
spirax sarco ins,,0,,0.00,,
spirax sarco ins steam,,0,,0.00,,
spirax sarco ins15,,0,,0.00,,
spirax sarco instalaciones dee vapor,,0,,0.00,,
spirax sarco insulation,,0,,0.00,,
spirax sarco intercambiadores de calor,,0,,0.00,,
spirax sarco international headquarters,,0,,0.00,,
spirax sarco interview review,,0,,0.00,,
spirax sarco introduces new compact heat exchanger,,0,,0.00,,
spirax sarco investments limited,,0,,0.00,,
spirax sarco investor,,0,,0.00,,
spirax sarco inyector de vapor,,0,,0.00,,
spirax sarco ipc 4 converter,,0,,0.00,,
spirax sarco ir,,0,,0.00,,
spirax sarco isimatik,,0,,0.00,,
spirax sarco isolation valves,,0,,0.00,,
spirax sarco isp5,,0,,0.00,,
spirax sarco isp5 i p positioner,,0,,0.00,,
spirax sarco isp5 i/p positioner,,0,,0.00,,
spirax sarco isp5 positioner,,0,,0.00,,
spirax sarco it jobs,,0,,0.00,,
spirax sarco italy nova milanese mb,,0,,0.00,,
spirax sarco jackets,,0,,0.00,,
spirax sarco jalisco,,0,,0.00,,
spirax sarco japan address,,0,,0.00,,
spirax sarco jl1040,,0,,0.00,,
spirax sarco jn massachusetts,,0,,0.00,,
spirax sarco jobs australia,,0,,0.00,,
spirax sarco jobs in canada,,0,,0.00,,
spirax sarco jobs in mahindra city,,0,,0.00,,
spirax sarco jordan co,,0,,0.00,,
spirax sarco jutrzenki,,0,,0.00,,
spirax sarco jutrzenki 98,,0,,0.00,,
spirax sarco jy 2,,0,,0.00,,
spirax sarco k series with peek seat class vi,,0,,0.00,,
spirax sarco k14 npt,,0,,0.00,,
spirax sarco k14 npt vent,,0,,0.00,,
spirax sarco kalkulator,,0,,0.00,,
spirax sarco kalkulator entalpia,,0,,0.00,,
spirax sarco kariyer,,0,,0.00,,
spirax sarco katalog pdf,,0,,0.00,,
spirax sarco ke 4341,,0,,0.00,,
spirax sarco ke31,,0,,0.00,,
spirax sarco ke43ptuss.2,,0,,0.00,,
spirax sarco ke43ptuss.2-kvs370,,0,,0.00,,
spirax sarco ke73 open position,,0,,0.00,,
spirax sarco kea43,,0,,0.00,,
spirax sarco kea73,,0,,0.00,,
spirax sarco kh 1071 t,,0,,0.00,,
spirax sarco kitap,,0,,0.00,,
spirax sarco klapy,,0,,0.00,,
spirax sarco knowledge,,0,,0.00,,
spirax sarco kondens pompa,,0,,0.00,,
spirax sarco kondensatavledare,,0,,0.00,,
spirax sarco kondenspot,,0,,0.00,,
spirax sarco kondenstop fiyat listesi,,0,,0.00,,
spirax sarco kondenstop tipi,,0,,0.00,,
spirax sarco koulutus,,0,,0.00,,
spirax sarco kpinie,,0,,0.00,,
spirax sarco krs,,0,,0.00,,
spirax sarco kugelschwimmerkondensatableiter,,0,,0.00,,
spirax sarco kurs,,0,,0.00,,
spirax sarco kv calculator,,0,,0.00,,
spirax sarco kzn,,0,,0.00,,
spirax sarco laboratorio,,0,,0.00,,
spirax sarco laboratorio mty,,0,,0.00,,
spirax sarco lauhteenpoistimet,,0,,0.00,,
spirax sarco lc 1350 manual,,0,,0.00,,
spirax sarco lc 2200 controller,,0,,0.00,,
spirax sarco lc 2610,,0,,0.00,,
spirax sarco lc 3050,,0,,0.00,,
spirax sarco lc1300,,0,,0.00,,
spirax sarco lc1350 level controller,,0,,0.00,,
spirax sarco lc2610 damping,,0,,0.00,,
spirax sarco lc2610 manual,,0,,0.00,,
spirax sarco lc2650 manual,,0,,0.00,,
spirax sarco lc3000 pdf,,0,,0.00,,
spirax sarco lcs1000,,0,,0.00,,
spirax sarco lcs3050,,0,,0.00,,
spirax sarco le 33 pn16,,0,,0.00,,
spirax sarco le31,,0,,0.00,,
spirax sarco le33 ptsuss2,,0,,0.00,,
spirax sarco lea 33,,0,,0.00,,
spirax sarco lea33,,0,,0.00,,
spirax sarco learning,,0,,0.00,,
spirax sarco leser,,0,,0.00,,
spirax sarco level probe,,0,,0.00,,
spirax sarco level switch,,0,,0.00,,
spirax sarco library 3d,,0,,0.00,,
spirax sarco libro gratis,,0,,0.00,,
spirax sarco lietuvoje,,0,,0.00,,
spirax sarco lima peru,,0,,0.00,,
spirax sarco limited company profile,,0,,0.00,,
spirax sarco lisboa,,0,,0.00,,
spirax sarco literature,,0,,0.00,,
spirax sarco ll33 ptsuss.2,,0,,0.00,,
spirax sarco logos,,0,,0.00,,
spirax sarco lolombia,,0,,0.00,,
spirax sarco loop,,0,,0.00,,
spirax sarco losses steam,,0,,0.00,,
spirax sarco losses steam orifice,,0,,0.00,,
spirax sarco lp 10,,0,,0.00,,
spirax sarco lp 10-4,,0,,0.00,,
spirax sarco lp-st-4,,0,,0.00,,
spirax sarco lp10-4 level probe,,0,,0.00,,
spirax sarco lp104,,0,,0.00,,
spirax sarco lp20 capacitance probe,,0,,0.00,,
spirax sarco lp20 level probe,,0,,0.00,,
spirax sarco lp21,,0,,0.00,,
spirax sarco lp30 4024700,,0,,0.00,,
spirax sarco lp30 probe,,0,,0.00,,
spirax sarco lp31,,0,,0.00,,
spirax sarco lrv2b cena,,0,,0.00,,
spirax sarco lsb 3 3v 2p 220v,,0,,0.00,,
spirax sarco lsb3 3v 2p 220v,,0,,0.00,,
spirax sarco lt 2010 pdf,,0,,0.00,,
spirax sarco lt10-4,,0,,0.00,,
spirax sarco lt2010 pdf,,0,,0.00,,
spirax sarco ltd address,,0,,0.00,,
spirax sarco ltd denmark,,0,,0.00,,
spirax sarco ltd england dansk afd,,0,,0.00,,
spirax sarco ltd gl51 9nq,,0,,0.00,,
spirax sarco ltd gl53 8er,,0,,0.00,,
spirax sarco ltd ireland,,0,,0.00,,
spirax sarco ltd kenya,,0,,0.00,,
spirax sarco ltd linkedin,,0,,0.00,,
spirax sarco ltd new zealand,,0,,0.00,,
spirax sarco ltd romania,,0,,0.00,,
spirax sarco ltd uae,,0,,0.00,,
spirax sarco luftudlader,,0,,0.00,,
spirax sarco m 10 s 2,,0,,0.00,,
spirax sarco m 10 s2,,0,,0.00,,
spirax sarco m1 v2,,0,,0.00,,
spirax sarco m10 actuated,,0,,0.00,,
spirax sarco m10 ball valve,,0,,0.00,,
spirax sarco m10 bve actuator,,0,,0.00,,
spirax sarco m10 pneumatic actuator,,0,,0.00,,
spirax sarco m10 pneumaticactuator,,0,,0.00,,
spirax sarco m10 si2 rb,,0,,0.00,,
spirax sarco m10hi2,,0,,0.00,,
spirax sarco m10s s2,,0,,0.00,,
spirax sarco m10s si2 rb,,0,,0.00,,
spirax sarco m10s4,,0,,0.00,,
spirax sarco m10v2rb,,0,,0.00,,
spirax sarco m10vi4,,0,,0.00,,
spirax sarco m111,,0,,0.00,,
spirax sarco m140,,0,,0.00,,
spirax sarco m20,,0,,0.00,,
spirax sarco m200 manual,,0,,0.00,,
spirax sarco m200g manual,,0,,0.00,,
spirax sarco m21si2,,0,,0.00,,
spirax sarco m21si2 bva325,,0,,0.00,,
spirax sarco m21si2 bva325 slr42,,0,,0.00,,
spirax sarco m250,,0,,0.00,,
spirax sarco m33,,0,,0.00,,
spirax sarco m33f2,,0,,0.00,,
spirax sarco m40,,0,,0.00,,
spirax sarco m40 ball valve,,0,,0.00,,
spirax sarco m5,,0,,0.00,,
spirax sarco m5 3p 316 pt 3 4,,0,,0.00,,
spirax sarco m60 ti,,0,,0.00,,
spirax sarco m60g,,0,,0.00,,
spirax sarco m60v,,0,,0.00,,
spirax sarco m610,,0,,0.00,,
spirax sarco m610 manual,,0,,0.00,,
spirax sarco m70i,,0,,0.00,,
spirax sarco m70i ball valve,,0,,0.00,,
spirax sarco m741,,0,,0.00,,
spirax sarco m7iv,,0,,0.00,,
spirax sarco m800 manual,,0,,0.00,,
spirax sarco m850 full installation and maintenance manual,,0,,0.00,,
spirax sarco magnetic flow meter,,0,,0.00,,
spirax sarco magnetic level switch,,0,,0.00,,
spirax sarco magnetrol,,0,,0.00,,
spirax sarco mail,,0,,0.00,,
spirax sarco main valve assembly 114180,,0,,0.00,,
spirax sarco maintenance,,0,,0.00,,
spirax sarco maintenance kit 905034833,,0,,0.00,,
spirax sarco maintence,,0,,0.00,,
spirax sarco mamas,,0,,0.00,,
spirax sarco management team,,0,,0.00,,
spirax sarco manifold,,0,,0.00,,
spirax sarco manifold de 6 bar,,0,,0.00,,
spirax sarco manizales,,0,,0.00,,
spirax sarco manometer,,0,,0.00,,
spirax sarco manometer with transducer,,0,,0.00,,
spirax sarco manual ingeniero,,0,,0.00,,
spirax sarco manual redes de vapor,,0,,0.00,,
spirax sarco manuales,,0,,0.00,,
spirax sarco manufacturing locations,,0,,0.00,,
spirax sarco marketing,,0,,0.00,,
spirax sarco marketing strategy,,0,,0.00,,
spirax sarco markham,,0,,0.00,,
spirax sarco mechanical traps,,0,,0.00,,
spirax sarco medellin,,0,,0.00,,
spirax sarco medidores de agua,,0,,0.00,,
spirax sarco mejico,,0,,0.00,,
spirax sarco mendoza,,0,,0.00,,
spirax sarco mercado libre,,0,,0.00,,
spirax sarco meters,,0,,0.00,,
spirax sarco mezcladora de agua,,0,,0.00,,
spirax sarco mf regulacyjny,,0,,0.00,,
spirax sarco mfp 14,,0,,0.00,,
spirax sarco mfr14 price,,0,,0.00,,
spirax sarco michigan,,0,,0.00,,
spirax sarco microturbine,,0,,0.00,,
spirax sarco middelfart,,0,,0.00,,
spirax sarco milan,,0,,0.00,,
spirax sarco mini mono spi,,0,,0.00,,
spirax sarco minimonospi,,0,,0.00,,
spirax sarco mision,,0,,0.00,,
spirax sarco mixing water calculator,,0,,0.00,,
spirax sarco mkii,,0,,0.00,,
spirax sarco mod sp400,,0,,0.00,,
spirax sarco model 3d,,0,,0.00,,
spirax sarco model ca14,,0,,0.00,,
spirax sarco model download,,0,,0.00,,
spirax sarco model vb21,,0,,0.00,,
spirax sarco modelo 211s,,0,,0.00,,
spirax sarco modelo 25p,,0,,0.00,,
spirax sarco modelo ca 14,,0,,0.00,,
spirax sarco modelo ft450,,0,,0.00,,
spirax sarco modelo ift14,,0,,0.00,,
spirax sarco modelo le,,0,,0.00,,
spirax sarco modelo lp 31,,0,,0.00,,
spirax sarco modelo lp31,,0,,0.00,,
spirax sarco modelo ptf,,0,,0.00,,
spirax sarco modelo valve,,0,,0.00,,
spirax sarco modulating steam valve,,0,,0.00,,
spirax sarco module,,0,,0.00,,
spirax sarco modules,,0,,0.00,,
spirax sarco montage,,0,,0.00,,
spirax sarco montage td42,,0,,0.00,,
spirax sarco montague gardens,,0,,0.00,,
spirax sarco monterrey direccion,,0,,0.00,,
spirax sarco monterrey unegas,,0,,0.00,,
spirax sarco monterrey vacantes,,0,,0.00,,
spirax sarco motive steam calculator,,0,,0.00,,
spirax sarco motorized control valve pneumatic revit,,0,,0.00,,
spirax sarco ms pn16,,0,,0.00,,
spirax sarco ms100,,0,,0.00,,
spirax sarco ms100 modbus,,0,,0.00,,
spirax sarco msds,,0,,0.00,,
spirax sarco mst 18,,0,,0.00,,
spirax sarco mst 21,,0,,0.00,,
spirax sarco mst 30 ac,,0,,0.00,,
spirax sarco mts 30 ac,,0,,0.00,,
spirax sarco mty numero,,0,,0.00,,
spirax sarco mx1m,,0,,0.00,,
spirax sarco n.v,,0,,0.00,,
spirax sarco nedir,,0,,0.00,,
spirax sarco needle valve,,0,,0.00,,
spirax sarco nelspruit,,0,,0.00,,
spirax sarco net worth,,0,,0.00,,
spirax sarco neuquen,,0,,0.00,,
spirax sarco nicholas j anderson,,0,,0.00,,
spirax sarco niittytie,,0,,0.00,,
spirax sarco nip,,0,,0.00,,
spirax sarco nit,,0,,0.00,,
spirax sarco nl,,0,,0.00,,
spirax sarco no serial 255189,,0,,0.00,,
spirax sarco normas,,0,,0.00,,
spirax sarco northern ireland,,0,,0.00,,
spirax sarco notice of intent florida 2026,,0,,0.00,,
spirax sarco nts sxs 1703,,0,,0.00,,
spirax sarco nts sxs1703,,0,,0.00,,
spirax sarco nz jobs,,0,,0.00,,
spirax sarco nz msds,,0,,0.00,,
spirax sarco occ,,0,,0.00,,
spirax sarco odwadniacz po angielsku,,0,,0.00,,
spirax sarco offerte lavoro,,0,,0.00,,
spirax sarco offices,,0,,0.00,,
spirax sarco online,,0,,0.00,,
spirax sarco online sizing software,,0,,0.00,,
spirax sarco online sizing software steam jet thermocompressor,,0,,0.00,,
spirax sarco online software,,0,,0.00,,
spirax sarco online steam table,,0,,0.00,,
spirax sarco online steam tables,,0,,0.00,,
spirax sarco online training,,0,,0.00,,
spirax sarco ontluchter,,0,,0.00,,
spirax sarco opinie,,0,,0.00,,
spirax sarco opleidingen,,0,,0.00,,
spirax sarco oransal vana,,0,,0.00,,
spirax sarco organigrama,,0,,0.00,,
spirax sarco origen,,0,,0.00,,
spirax sarco oslo,,0,,0.00,,
spirax sarco oslo norway,,0,,0.00,,
spirax sarco ot15,,0,,0.00,,
spirax sarco ot15 dwg,,0,,0.00,,
spirax sarco overseas limited,,0,,0.00,,
spirax sarco overseas ltd,,0,,0.00,,
spirax sarco oy,,0,,0.00,,
spirax sarco p20,,0,,0.00,,
spirax sarco p25 3d,,0,,0.00,,
spirax sarco p25 instrucciones vapor,,0,,0.00,,
spirax sarco p25 regulator instalacion,,0,,0.00,,
spirax sarco p58178,,0,,0.00,,
spirax sarco p58178-a,,0,,0.00,,
spirax sarco p58178a,,0,,0.00,,
spirax sarco pa 20 pdf,,0,,0.00,,
spirax sarco pa20 amplifier,,0,,0.00,,
spirax sarco pa42p,,0,,0.00,,
spirax sarco pakistan,,0,,0.00,,
spirax sarco para,,0,,0.00,,
spirax sarco paraguay,,0,,0.00,,
spirax sarco parent company,,0,,0.00,,
spirax sarco part drawings,,0,,0.00,,
spirax sarco pendiente tuberia,,0,,0.00,,
spirax sarco pendientes en vapor,,0,,0.00,,
spirax sarco peport,,0,,0.00,,
spirax sarco peristaltic pump,,0,,0.00,,
spirax sarco pero,,0,,0.00,,
spirax sarco peru capacitacion,,0,,0.00,,
spirax sarco peru presentacion,,0,,0.00,,
spirax sarco peru ruc,,0,,0.00,,
spirax sarco peru s.a.c 2019,,0,,0.00,,
spirax sarco peru s.a.c ruc,,0,,0.00,,
spirax sarco pf61g 2bd,,0,,0.00,,
spirax sarco pf61g2nc,,0,,0.00,,
spirax sarco philippines careers,,0,,0.00,,
spirax sarco piezas 3d,,0,,0.00,,
spirax sarco pilot bulb,,0,,0.00,,
spirax sarco pilot bulb 10,,0,,0.00,,
spirax sarco pilot operated pressure reducing valve,,0,,0.00,,
spirax sarco pilot operated temperature regulator,,0,,0.00,,
spirax sarco pipe design,,0,,0.00,,
spirax sarco pipe losses,,0,,0.00,,
spirax sarco pipe losses steam calculator,,0,,0.00,,
spirax sarco pipe support,,0,,0.00,,
spirax sarco piping,,0,,0.00,,
spirax sarco piston valve,,0,,0.00,,
spirax sarco pistonlu vanalar,,0,,0.00,,
spirax sarco pivotrol,,0,,0.00,,
spirax sarco planta,,0,,0.00,,
spirax sarco planta apodaca,,0,,0.00,,
spirax sarco planta en don torcuatto,,0,,0.00,,
spirax sarco plate heat exchangers,,0,,0.00,,
spirax sarco plc annual report 2017,,0,,0.00,,
spirax sarco plc headoffice,,0,,0.00,,
spirax sarco pmc,,0,,0.00,,
spirax sarco pmo,,0,,0.00,,
spirax sarco pmo pdf,,0,,0.00,,
spirax sarco pn 15 80,,0,,0.00,,
spirax sarco pn 25 js1030,,0,,0.00,,
spirax sarco pn 3220,,0,,0.00,,
spirax sarco pn 3320,,0,,0.00,,
spirax sarco pn 3420,,0,,0.00,,
spirax sarco pn 3430,,0,,0.00,,
spirax sarco pn 3436,,0,,0.00,,
spirax sarco pn 40,,0,,0.00,,
spirax sarco pn 420,,0,,0.00,,
spirax sarco pn 4420 pn16 dn32,,0,,0.00,,
spirax sarco pn 9123,,0,,0.00,,
spirax sarco pn 9123 change e to r,,0,,0.00,,
spirax sarco pn 9123 plaqueta electronica,,0,,0.00,,
spirax sarco pn1000,,0,,0.00,,
spirax sarco pn12,,0,,0.00,,
spirax sarco pn16 en-js1025,,0,,0.00,,
spirax sarco pn25 cf8m 1.4408,,0,,0.00,,
spirax sarco pn25 ggg40,,0,,0.00,,
spirax sarco pn25 ggg40.3,,0,,0.00,,
spirax sarco pn25 ggg403,,0,,0.00,,
spirax sarco pn3436,,0,,0.00,,
spirax sarco pn600 controller,,0,,0.00,,
spirax sarco pn61200,,0,,0.00,,
spirax sarco pn9000 manual,,0,,0.00,,
spirax sarco pn9337e,,0,,0.00,,
spirax sarco pn9420,,0,,0.00,,
spirax sarco pneumatic control valve,,0,,0.00,,
spirax sarco pns420,,0,,0.00,,
spirax sarco pompa kondensatu porcjowe,,0,,0.00,,
spirax sarco pompy porcjowe,,0,,0.00,,
spirax sarco porter,,0,,0.00,,
spirax sarco porto,,0,,0.00,,
spirax sarco posicionador,,0,,0.00,,
spirax sarco posicionador ep5,,0,,0.00,,
spirax sarco posicionador la llave,,0,,0.00,,
spirax sarco positioner card,,0,,0.00,,
spirax sarco positioner ep5,,0,,0.00,,
spirax sarco positioner epl,,0,,0.00,,
spirax sarco positioner epl-da15n4tl,,0,,0.00,,
spirax sarco positioner epl-da1sn4tl,,0,,0.00,,
spirax sarco positioner manual,,0,,0.00,,
spirax sarco positioner pp5,,0,,0.00,,
spirax sarco positioner sp400,,0,,0.00,,
spirax sarco ppc pump,,0,,0.00,,
spirax sarco praca opinie,,0,,0.00,,
spirax sarco precios,,0,,0.00,,
spirax sarco presentacion,,0,,0.00,,
spirax sarco pressure powered pump pdf,,0,,0.00,,
spirax sarco pressure reducing valve dn50 dp 17,,0,,0.00,,
spirax sarco pressure relief valve sizing,,0,,0.00,,
spirax sarco pressure safety valve,,0,,0.00,,
spirax sarco price book filetype pdf,,0,,0.00,,
spirax sarco product overview,,0,,0.00,,
spirax sarco productos,,0,,0.00,,
spirax sarco products and services,,0,,0.00,,
spirax sarco products psv,,0,,0.00,,
spirax sarco properties,,0,,0.00,,
spirax sarco proyecto,,0,,0.00,,
spirax sarco prs,,0,,0.00,,
spirax sarco prv dp 27,,0,,0.00,,
spirax sarco przelicznik,,0,,0.00,,
spirax sarco psv,,0,,0.00,,
spirax sarco psychrometric chart download,,0,,0.00,,
spirax sarco psyscometric exam video,,0,,0.00,,
spirax sarco pt,,0,,0.00,,
spirax sarco pt-25,,0,,0.00,,
spirax sarco pt1,,0,,0.00,,
spirax sarco ptc 3x2,,0,,0.00,,
spirax sarco ptc 3x2 price,,0,,0.00,,
spirax sarco ptf-hp,,0,,0.00,,
spirax sarco ptf-hp selection and sizing,,0,,0.00,,
spirax sarco ptf4,,0,,0.00,,
spirax sarco pump trap installation,,0,,0.00,,
spirax sarco pumpp trap,,0,,0.00,,
spirax sarco pure steam generator,,0,,0.00,,
spirax sarco purga,,0,,0.00,,
spirax sarco push beam trolley,,0,,0.00,,
spirax sarco pvt ltd,,0,,0.00,,
spirax sarco ql 33 pn16,,0,,0.00,,
spirax sarco ql33,,0,,0.00,,
spirax sarco ql33 pn16,,0,,0.00,,
spirax sarco ql33d,,0,,0.00,,
spirax sarco ql33d dn50,,0,,0.00,,
spirax sarco qld 33,,0,,0.00,,
spirax sarco qld 33 dn50,,0,,0.00,,
spirax sarco que es,,0,,0.00,,
spirax sarco quide steam and condensate services,,0,,0.00,,
spirax sarco quien es,,0,,0.00,,
spirax sarco r,,0,,0.00,,
spirax sarco r16c,,0,,0.00,,
spirax sarco ravel electronics pvt ltd,,0,,0.00,,
spirax sarco rb12,,0,,0.00,,
spirax sarco recursos,,0,,0.00,,
spirax sarco recursos humanos,,0,,0.00,,
spirax sarco reduceer,,0,,0.00,,
spirax sarco reduceer irv-2,,0,,0.00,,
spirax sarco reducer irv2,,0,,0.00,,
spirax sarco referencia pn9123e,,0,,0.00,,
spirax sarco referencia sv74xn,,0,,0.00,,
spirax sarco refrigerant properties,,0,,0.00,,
spirax sarco region centralny,,0,,0.00,,
spirax sarco register,,0,,0.00,,
spirax sarco reguladoras de vapor dp25,,0,,0.00,,
spirax sarco reguladoras de vapor p 25,,0,,0.00,,
spirax sarco reguladoras de vapor pn25,,0,,0.00,,
spirax sarco reguladoras para aire,,0,,0.00,,
spirax sarco reguladores de vapor,,0,,0.00,,
spirax sarco regulating valve,,0,,0.00,,
spirax sarco regulator sx 25 ma,,0,,0.00,,
spirax sarco relief valve sizing,,0,,0.00,,
spirax sarco replacement greece,,0,,0.00,,
spirax sarco replacement kit,,0,,0.00,,
spirax sarco representante,,0,,0.00,,
spirax sarco research,,0,,0.00,,
spirax sarco resources calculator,,0,,0.00,,
spirax sarco resources calculators steam flow heat rate,,0,,0.00,,
spirax sarco resources steam tables,,0,,0.00,,
spirax sarco resources steam tables saturated,,0,,0.00,,
spirax sarco revenue 2024,,0,,0.00,,
spirax sarco revit families,,0,,0.00,,
spirax sarco revit family,,0,,0.00,,
spirax sarco revolt,,0,,0.00,,
spirax sarco rociadores,,0,,0.00,,
spirax sarco rosario,,0,,0.00,,
spirax sarco roscada,,0,,0.00,,
spirax sarco rp,,0,,0.00,,
spirax sarco rp 824,,0,,0.00,,
spirax sarco rs,,0,,0.00,,
spirax sarco russia,,0,,0.00,,
spirax sarco rut,,0,,0.00,,
spirax sarco rv12,,0,,0.00,,
spirax sarco rv2c,,0,,0.00,,
spirax sarco s,,0,,0.00,,
spirax sarco s.a argentina,,0,,0.00,,
spirax sarco s.a boulogne,,0,,0.00,,
spirax sarco s.a boulogne bs as,,0,,0.00,,
spirax sarco s.a cuit online,,0,,0.00,,
spirax sarco s1,,0,,0.00,,
spirax sarco s13 separator,,0,,0.00,,
spirax sarco s2,,0,,0.00,,
spirax sarco s20 separator,,0,,0.00,,
spirax sarco s3 separator,,0,,0.00,,
spirax sarco s7,,0,,0.00,,
spirax sarco sa argentina,,0,,0.00,,
spirax sarco sa argentina linkedin,,0,,0.00,,
spirax sarco sa autopista panamericana colectora,,0,,0.00,,
spirax sarco sa cuit,,0,,0.00,,
spirax sarco sa cuit online,,0,,0.00,,
spirax sarco sa kondenzno garne,,0,,0.00,,
spirax sarco sa linkedin,,0,,0.00,,
spirax sarco sa yellow pages,,0,,0.00,,
spirax sarco sa121 manual,,0,,0.00,,
spirax sarco sa128 rus,,0,,0.00,,
spirax sarco sa8,,0,,0.00,,
spirax sarco safety valve 570,,0,,0.00,,
spirax sarco safety valve sales,,0,,0.00,,
spirax sarco safety valve sales brochure,,0,,0.00,,
spirax sarco safety valve sv 73,,0,,0.00,,
spirax sarco safety valves warranty,,0,,0.00,,
spirax sarco sales engineer salary,,0,,0.00,,
spirax sarco sanitari automatic air and gas vents stainless steel,,0,,0.00,,
spirax sarco sanitary pressure regulator,,0,,0.00,,
spirax sarco saturated steam line,,0,,0.00,,
spirax sarco saturated steam properties,,0,,0.00,,
spirax sarco saturated steam table,,0,,0.00,,
spirax sarco saturated steam tables,,0,,0.00,,
spirax sarco saturated water,,0,,0.00,,
spirax sarco saturated water table,,0,,0.00,,
spirax sarco sb,,0,,0.00,,
spirax sarco sb-p401-02,,0,,0.00,,
spirax sarco sbra,,0,,0.00,,
spirax sarco schulung,,0,,0.00,,
spirax sarco schweiz mitarbeiter,,0,,0.00,,
spirax sarco scv,,0,,0.00,,
spirax sarco scv cfm8,,0,,0.00,,
spirax sarco scv8,,0,,0.00,,
spirax sarco secunda,,0,,0.00,,
spirax sarco sedi,,0,,0.00,,
spirax sarco selection software,,0,,0.00,,
spirax sarco seleecion trampasde vapor,,0,,0.00,,
spirax sarco self acting control heating sa121,,0,,0.00,,
spirax sarco self acting control sa121,,0,,0.00,,
spirax sarco self acting temperature controls,,0,,0.00,,
spirax sarco self-actuated 25t,,0,,0.00,,
spirax sarco selfacting temperature control valve,,0,,0.00,,
spirax sarco sello,,0,,0.00,,
spirax sarco seminar,,0,,0.00,,
spirax sarco sensor chamber,,0,,0.00,,
spirax sarco sensor of oxygen,,0,,0.00,,
spirax sarco separador de humedad,,0,,0.00,,
spirax sarco separador de humedad cad,,0,,0.00,,
spirax sarco separate chambers,,0,,0.00,,
spirax sarco separate chambers meaning,,0,,0.00,,
spirax sarco separator price,,0,,0.00,,
spirax sarco separator s3,,0,,0.00,,
spirax sarco separator s7,,0,,0.00,,
spirax sarco seperator stainless,,0,,0.00,,
spirax sarco serie-25 e-bay,,0,,0.00,,
spirax sarco series 25 manual,,0,,0.00,,
spirax sarco series 25 type 591-22 manual,,0,,0.00,,
spirax sarco service,,0,,0.00,,
spirax sarco services south africa,,0,,0.00,,
spirax sarco serwis,,0,,0.00,,
spirax sarco sf,,0,,0.00,,
spirax sarco sf 250,,0,,0.00,,
spirax sarco sf1,,0,,0.00,,
spirax sarco sf2,,0,,0.00,,
spirax sarco sg,,0,,0.00,,
spirax sarco shanghai,,0,,0.00,,
spirax sarco share prices,,0,,0.00,,
spirax sarco shares price,,0,,0.00,,
spirax sarco shell heat excahnger,,0,,0.00,,
spirax sarco shell heat exchanger,,0,,0.00,,
spirax sarco sib 30,,0,,0.00,,
spirax sarco sib 30 6,,0,,0.00,,
spirax sarco sight check,,0,,0.00,,
spirax sarco sii,,0,,0.00,,
spirax sarco sil,,0,,0.00,,
spirax sarco silencer,,0,,0.00,,
spirax sarco silhan,,0,,0.00,,
spirax sarco singapore career,,0,,0.00,,
spirax sarco singapore general manager,,0,,0.00,,
spirax sarco singapore glassdoor,,0,,0.00,,
spirax sarco singapore jobs,,0,,0.00,,
spirax sarco singapore office address,,0,,0.00,,
spirax sarco siphon,,0,,0.00,,
spirax sarco sjt steam jet thermocompressor,,0,,0.00,,
spirax sarco sjt steam jet thermocompressor price,,0,,0.00,,
spirax sarco sjt steam jet thermocompressor price ebay,,0,,0.00,,
spirax sarco sjt steam jet thermocompressor prize,,0,,0.00,,
spirax sarco slavina,,0,,0.00,,
spirax sarco slavina cena,,0,,0.00,,
spirax sarco slope on steam,,0,,0.00,,
spirax sarco slovenija bolha,,0,,0.00,,
spirax sarco smart dp transmitter,,0,,0.00,,
spirax sarco smc 32,,0,,0.00,,
spirax sarco smc32,,0,,0.00,,
spirax sarco sn 203794,,0,,0.00,,
spirax sarco snap 4,,0,,0.00,,
spirax sarco snavssamler,,0,,0.00,,
spirax sarco socios,,0,,0.00,,
spirax sarco software sx-uni,,0,,0.00,,
spirax sarco solenoid,,0,,0.00,,
spirax sarco solenoid valve,,0,,0.00,,
spirax sarco solenoid valves catalogue,,0,,0.00,,
spirax sarco solidworks,,0,,0.00,,
spirax sarco soporte tecnico,,0,,0.00,,
spirax sarco soporteria y expansion tuberia,,0,,0.00,,
spirax sarco south africa contact,,0,,0.00,,
spirax sarco south africa pty ltd,,0,,0.00,,
spirax sarco south africa valves,,0,,0.00,,
spirax sarco sp 200 manual,,0,,0.00,,
spirax sarco sp 301,,0,,0.00,,
spirax sarco sp 301 tipo 4x,,0,,0.00,,
spirax sarco sp 303,,0,,0.00,,
spirax sarco sp 400 user manual,,0,,0.00,,
spirax sarco sp 500,,0,,0.00,,
spirax sarco sp 500 positioner,,0,,0.00,,
spirax sarco sp 7-10,,0,,0.00,,
spirax sarco sp z o.o krs,,0,,0.00,,
spirax sarco sp z o.o ul jutrzenki 98 02-230 warszawa,,0,,0.00,,
spirax sarco sp z oo,,0,,0.00,,
spirax sarco sp. z o.o,,0,,0.00,,
spirax sarco sp2,,0,,0.00,,
spirax sarco sp2 smart positioner pdf,,0,,0.00,,
spirax sarco sp200 manual,,0,,0.00,,
spirax sarco sp303,,0,,0.00,,
spirax sarco sp400 aplikacje,,0,,0.00,,
spirax sarco sp400 error 1,,0,,0.00,,
spirax sarco sp400 error 4,,0,,0.00,,
spirax sarco sp400 fiyat,,0,,0.00,,
spirax sarco sp400 pdf,,0,,0.00,,
spirax sarco sp400 problem,,0,,0.00,,
spirax sarco sp400 sale,,0,,0.00,,
spirax sarco sp400 setup,,0,,0.00,,
spirax sarco sp400 spare parts,,0,,0.00,,
spirax sarco sp400ls,,0,,0.00,,
spirax sarco sp500 aplikacje,,0,,0.00,,
spirax sarco sp500 manual pdf,,0,,0.00,,
spirax sarco sp500 manuel,,0,,0.00,,
spirax sarco sp500 user manual,,0,,0.00,,
spirax sarco sp710,,0,,0.00,,
spirax sarco sp710 manual,,0,,0.00,,
spirax sarco sp710 wiring diagram,,0,,0.00,,
spirax sarco spare parts greece,,0,,0.00,,
spirax sarco sparge pipe,,0,,0.00,,
spirax sarco spira pump,,0,,0.00,,
spirax sarco spira trol le33,,0,,0.00,,
spirax sarco spira trol le33 greece,,0,,0.00,,
spirax sarco spira-trol le33 408907 408551 407437,,0,,0.00,,
spirax sarco spirapump,,0,,0.00,,
spirax sarco spiratrol,,0,,0.00,,
spirax sarco spirax sarco drv7 b4 ws4 dn32 pn25,,0,,0.00,,
spirax sarco spirax sarco needle valve,,0,,0.00,,
spirax sarco spol s ro,,0,,0.00,,
spirax sarco sps,,0,,0.00,,
spirax sarco srbija ar16f 125 60,,0,,0.00,,
spirax sarco srl italiam milan,,0,,0.00,,
spirax sarco srv,,0,,0.00,,
spirax sarco ss1,,0,,0.00,,
spirax sarco ss3 strainer,,0,,0.00,,
spirax sarco st17,,0,,0.00,,
spirax sarco stainless steel ball valve,,0,,0.00,,
spirax sarco staps isa100 wireless,,0,,0.00,,
spirax sarco staps wireless,,0,,0.00,,
spirax sarco steam air eliminator,,0,,0.00,,
spirax sarco steam and condensate loop,,0,,0.00,,
spirax sarco steam and condensate loop book download,,0,,0.00,,
spirax sarco steam calc,,0,,0.00,,
spirax sarco steam calculations,,0,,0.00,,
spirax sarco steam condensate pipe sizing,,0,,0.00,,
spirax sarco steam condensate removal,,0,,0.00,,
spirax sarco steam condensing vessels,,0,,0.00,,
spirax sarco steam consumption of plant,,0,,0.00,,
spirax sarco steam cooler,,0,,0.00,,
spirax sarco steam design manual,,0,,0.00,,
spirax sarco steam diagram,,0,,0.00,,
spirax sarco steam engineering filetype pdf,,0,,0.00,,
spirax sarco steam engineering principles and heat transfer filetype pdf,,0,,0.00,,
spirax sarco steam engineering principles and heat transfers,,0,,0.00,,
spirax sarco steam engineering tutorials pdf,,0,,0.00,,
spirax sarco steam expansion,,0,,0.00,,
spirax sarco steam expantion joint,,0,,0.00,,
spirax sarco steam expantion joint nz,,0,,0.00,,
spirax sarco steam handbook,,0,,0.00,,
spirax sarco steam header design,,0,,0.00,,
spirax sarco steam impurity filter strainer,,0,,0.00,,
spirax sarco steam jacket,,0,,0.00,,
spirax sarco steam jet thermocompressor calculator,,0,,0.00,,
spirax sarco steam line design,,0,,0.00,,
spirax sarco steam lock release,,0,,0.00,,
spirax sarco steam main,,0,,0.00,,
spirax sarco steam mains and drainage,,0,,0.00,,
spirax sarco steam manifolds,,0,,0.00,,
spirax sarco steam news,,0,,0.00,,
spirax sarco steam non return valve,,0,,0.00,,
spirax sarco steam pipe slope,,0,,0.00,,
spirax sarco steam pressure,,0,,0.00,,
spirax sarco steam pressure reducing valve 25p,,0,,0.00,,
spirax sarco steam pressure regulator,,0,,0.00,,
spirax sarco steam recovery vessels,,0,,0.00,,
spirax sarco steam reducing valve,,0,,0.00,,
spirax sarco steam separator s13,,0,,0.00,,
spirax sarco steam separator s5,,0,,0.00,,
spirax sarco steam strainer,,0,,0.00,,
spirax sarco steam table pdf,,0,,0.00,,
spirax sarco steam table saturated,,0,,0.00,,
spirax sarco steam tables calculator,,0,,0.00,,
spirax sarco steam tables free download,,0,,0.00,,
spirax sarco steam tables malaysia,,0,,0.00,,
spirax sarco steam tables online,,0,,0.00,,
spirax sarco steam tables uk,,0,,0.00,,
spirax sarco steam tables us,,0,,0.00,,
spirax sarco steam tables usa,,0,,0.00,,
spirax sarco steam tank water heater,,0,,0.00,,
spirax sarco steam tools,,0,,0.00,,
spirax sarco steam tools app,,0,,0.00,,
spirax sarco steam trap app,,0,,0.00,,
spirax sarco steam trap cad,,0,,0.00,,
spirax sarco steam trap ft-15 1 in bm 50927,,0,,0.00,,
spirax sarco steam trap image,,0,,0.00,,
spirax sarco steam trap monitoring system,,0,,0.00,,
spirax sarco steam trap orifice size,,0,,0.00,,
spirax sarco steam trap safety factor,,0,,0.00,,
spirax sarco steam trap tables,,0,,0.00,,
spirax sarco steam trap td42,,0,,0.00,,
spirax sarco steam trap td42 orifice,,0,,0.00,,
spirax sarco steam trap types,,0,,0.00,,
spirax sarco steam trap uft32,,0,,0.00,,
spirax sarco steam trap utd52l-hp,,0,,0.00,,
spirax sarco steam traps bt6,,0,,0.00,,
spirax sarco steam traps distributors,,0,,0.00,,
spirax sarco steam traps ft 14,,0,,0.00,,
spirax sarco steam traps ft 15,,0,,0.00,,
spirax sarco steam traps price list,,0,,0.00,,
spirax sarco steam traps td42,,0,,0.00,,
spirax sarco steam traps td62m,,0,,0.00,,
spirax sarco steam traps uk,,0,,0.00,,
spirax sarco steam tutorial,,0,,0.00,,
spirax sarco steam valve specification,,0,,0.00,,
spirax sarco steam valves spain,,0,,0.00,,
spirax sarco steam water heater,,0,,0.00,,
spirax sarco steam water mixer,,0,,0.00,,
spirax sarco steam water washdown unit,,0,,0.00,,
spirax sarco steam y strainers,,0,,0.00,,
spirax sarco steam/water mixing valve,,0,,0.00,,
spirax sarco steamtables,,0,,0.00,,
spirax sarco stellenangebote,,0,,0.00,,
spirax sarco stgs14,,0,,0.00,,
spirax sarco stockholm,,0,,0.00,,
spirax sarco stoomcursus,,0,,0.00,,
spirax sarco stoomfilter,,0,,0.00,,
spirax sarco stoomtabel,,0,,0.00,,
spirax sarco stoomtabellen,,0,,0.00,,
spirax sarco straight strainer type fig 12 sg,,0,,0.00,,
spirax sarco straight strainer type fig 12sg,,0,,0.00,,
spirax sarco strainer fig 12,,0,,0.00,,
spirax sarco strainer fig 16,,0,,0.00,,
spirax sarco strainer fig 33,,0,,0.00,,
spirax sarco strainer fig 37,,0,,0.00,,
spirax sarco strainer india,,0,,0.00,,
spirax sarco strainer mesh,,0,,0.00,,
spirax sarco straps isa100 wireless,,0,,0.00,,
spirax sarco strategy analyse,,0,,0.00,,
spirax sarco strategy analysis,,0,,0.00,,
spirax sarco strategy marketing product custumer,,0,,0.00,,
spirax sarco structure of group,,0,,0.00,,
spirax sarco stw 24,,0,,0.00,,
spirax sarco stw24,,0,,0.00,,
spirax sarco sub saturated water,,0,,0.00,,
spirax sarco subcooled liquid,,0,,0.00,,
spirax sarco subcooled water,,0,,0.00,,
spirax sarco sucursales,,0,,0.00,,
spirax sarco superheated,,0,,0.00,,
spirax sarco superheated steam table,,0,,0.00,,
spirax sarco superheated steam tables,,0,,0.00,,
spirax sarco superheated steam tables pdf,,0,,0.00,,
spirax sarco supplier contract,,0,,0.00,,
spirax sarco supports,,0,,0.00,,
spirax sarco sv,,0,,0.00,,
spirax sarco sv 900,,0,,0.00,,
spirax sarco sv 901,,0,,0.00,,
spirax sarco sv5601,,0,,0.00,,
spirax sarco sv606,,0,,0.00,,
spirax sarco sv60h,,0,,0.00,,
spirax sarco sv615ae,,0,,0.00,,
spirax sarco sv80,,0,,0.00,,
spirax sarco sv901,,0,,0.00,,
spirax sarco sv901 leistung,,0,,0.00,,
spirax sarco swing check valve,,0,,0.00,,
spirax sarco swot,,0,,0.00,,
spirax sarco swot analysis,,0,,0.00,,
spirax sarco sx 25 manual,,0,,0.00,,
spirax sarco sx 65,,0,,0.00,,
spirax sarco sx 80 manual,,0,,0.00,,
spirax sarco sx 90 manual,,0,,0.00,,
spirax sarco sx25 instrukcja,,0,,0.00,,
spirax sarco sx25-ma,,0,,0.00,,
spirax sarco sx77 manual,,0,,0.00,,
spirax sarco sx80 configuracion,,0,,0.00,,
spirax sarco sx90 controller,,0,,0.00,,
spirax sarco sx95,,0,,0.00,,
spirax sarco szkolenia,,0,,0.00,,
spirax sarco t a125,,0,,0.00,,
spirax sarco t25,,0,,0.00,,
spirax sarco t3,,0,,0.00,,
spirax sarco tabel,,0,,0.00,,
spirax sarco tabla de conversiones,,0,,0.00,,
spirax sarco tabla de vapor,,0,,0.00,,
spirax sarco tabla vapor saturado,,0,,0.00,,
spirax sarco tablas de agua,,0,,0.00,,
spirax sarco tablas de vapor vapor saturado,,0,,0.00,,
spirax sarco tablas vapor saturado,,0,,0.00,,
spirax sarco tablas vapor sobrecalentado,,0,,0.00,,
spirax sarco table,,0,,0.00,,
spirax sarco table of steam,,0,,0.00,,
spirax sarco tablice parowe,,0,,0.00,,
spirax sarco tank heat loss,,0,,0.00,,
spirax sarco tank surface heat loss,,0,,0.00,,
spirax sarco tank water heater,,0,,0.00,,
spirax sarco tanque de agua caliente,,0,,0.00,,
spirax sarco tanque flash 38 kg,,0,,0.00,,
spirax sarco tax id,,0,,0.00,,
spirax sarco td 32,,0,,0.00,,
spirax sarco td 42,,0,,0.00,,
spirax sarco td 52 2 plg,,0,,0.00,,
spirax sarco td 62,,0,,0.00,,
spirax sarco td-52h-dn-20,,0,,0.00,,
spirax sarco td32f steam trap,,0,,0.00,,
spirax sarco td42 steam loss,,0,,0.00,,
spirax sarco td42 working principle,,0,,0.00,,
spirax sarco td4252,,0,,0.00,,
spirax sarco td42ha,,0,,0.00,,
spirax sarco td42ha orifice,,0,,0.00,,
spirax sarco td42ha thread length,,0,,0.00,,
spirax sarco td42ha thread mm,,0,,0.00,,
spirax sarco td42l steam trap 1 2,,0,,0.00,,
spirax sarco td42la,,0,,0.00,,
spirax sarco td43l,,0,,0.00,,
spirax sarco td52 3 8 comprar,,0,,0.00,,
spirax sarco td52 h,,0,,0.00,,
spirax sarco td52 instal,,0,,0.00,,
spirax sarco td52 manual,,0,,0.00,,
spirax sarco td52h,,0,,0.00,,
spirax sarco td52m,,0,,0.00,,
spirax sarco td52m dwg,,0,,0.00,,
spirax sarco tds 52 iso tapa dn25 1,,0,,0.00,,
spirax sarco tds52,,0,,0.00,,
spirax sarco tds52 iso tapa 1,,0,,0.00,,
spirax sarco tds52 iso tapa dn25 1,,0,,0.00,,
spirax sarco team loop,,0,,0.00,,
spirax sarco technical manual,,0,,0.00,,
spirax sarco teknik bilgiler,,0,,0.00,,
spirax sarco telefonos,,0,,0.00,,
spirax sarco temperature control software,,0,,0.00,,
spirax sarco temperature control software sx-uni,,0,,0.00,,
spirax sarco temperature pilot,,0,,0.00,,
spirax sarco temperature regulators,,0,,0.00,,
spirax sarco termocompresor,,0,,0.00,,
spirax sarco termocompresores,,0,,0.00,,
spirax sarco termodinamik kondenstop,,0,,0.00,,
spirax sarco termodyanmic steam traps,,0,,0.00,,
spirax sarco texas,,0,,0.00,,
spirax sarco tf14,,0,,0.00,,
spirax sarco tf14 manual,,0,,0.00,,
spirax sarco tfa,,0,,0.00,,
spirax sarco tfa flowmeter im-p193-04,,0,,0.00,,
spirax sarco th-125,,0,,0.00,,
spirax sarco th25,,0,,0.00,,
spirax sarco the boiler house,,0,,0.00,,
spirax sarco the steam and concendensate loop,,0,,0.00,,
spirax sarco the steam and condensate loop,,0,,0.00,,
spirax sarco thermocompressor,,0,,0.00,,
spirax sarco thermodynamic steam trap cad drawing,,0,,0.00,,
spirax sarco thermodynamische condenspot,,0,,0.00,,
spirax sarco thermostatic steam traps,,0,,0.00,,
spirax sarco threaded strainer,,0,,0.00,,
spirax sarco thremal relief valve,,0,,0.00,,
spirax sarco throttle valve,,0,,0.00,,
spirax sarco throttle valve comparison,,0,,0.00,,
spirax sarco throttle valve comparison filetype pdf,,0,,0.00,,
spirax sarco ti-2-314 ft-200,,0,,0.00,,
spirax sarco ti-p192-01,,0,,0.00,,
spirax sarco ti-p403-57,,0,,0.00,,
spirax sarco ti-p403-57 ab issue 8,,0,,0.00,,
spirax sarco ti-p404-03,,0,,0.00,,
spirax sarco ti-p404-03 ab issue 8,,0,,0.00,,
spirax sarco ti-po 17-07,,0,,0.00,,
spirax sarco ti-po17-07,,0,,0.00,,
spirax sarco ti/p,,0,,0.00,,
spirax sarco tis 3.030,,0,,0.00,,
spirax sarco tlv7,,0,,0.00,,
spirax sarco tochterunternehmen,,0,,0.00,,
spirax sarco toluca,,0,,0.00,,
spirax sarco tools,,0,,0.00,,
spirax sarco torreon,,0,,0.00,,
spirax sarco tosic,,0,,0.00,,
spirax sarco tosik,,0,,0.00,,
spirax sarco totalisateur,,0,,0.00,,
spirax sarco tour 2017,,0,,0.00,,
spirax sarco trackid sp-006,,0,,0.00,,
spirax sarco trade nosis,,0,,0.00,,
spirax sarco training 2019,,0,,0.00,,
spirax sarco training b1,,0,,0.00,,
spirax sarco training center,,0,,0.00,,
spirax sarco training pdf,,0,,0.00,,
spirax sarco tramp,,0,,0.00,,
spirax sarco trap safety factor,,0,,0.00,,
spirax sarco trnava,,0,,0.00,,
spirax sarco tultitlan,,0,,0.00,,
spirax sarco turkmenistan,,0,,0.00,,
spirax sarco tutorial cad 2010,,0,,0.00,,
spirax sarco tutorial cad pdf,,0,,0.00,,
spirax sarco tutorial pdf,,0,,0.00,,
spirax sarco tva dn100 pn16,,0,,0.00,,
spirax sarco tva manual,,0,,0.00,,
spirax sarco twin float steam trap,,0,,0.00,,
spirax sarco typ20,,0,,0.00,,
spirax sarco typ20 model 2,,0,,0.00,,
spirax sarco type 20,,0,,0.00,,
spirax sarco type 20 for clean steam,,0,,0.00,,
spirax sarco type 25p,,0,,0.00,,
spirax sarco type 4,,0,,0.00,,
spirax sarco type 4 dn100,,0,,0.00,,
spirax sarco type 4 dn16 dn100,,0,,0.00,,
spirax sarco type 4 pressure,,0,,0.00,,
spirax sarco type 4 repair,,0,,0.00,,
spirax sarco type 40,,0,,0.00,,
spirax sarco type dcv2,,0,,0.00,,
spirax sarco type dcv2 pl,,0,,0.00,,
spirax sarco type ft14-4.5,,0,,0.00,,
spirax sarco type lcv2,,0,,0.00,,
spirax sarco type le33,,0,,0.00,,
spirax sarco type pn933oe,,0,,0.00,,
spirax sarco type s,,0,,0.00,,
spirax sarco typical site steam leaks,,0,,0.00,,
spirax sarco ubp 32,,0,,0.00,,
spirax sarco uft32-10 failure,,0,,0.00,,
spirax sarco ukraine,,0,,0.00,,
spirax sarco unit converter,,0,,0.00,,
spirax sarco usa careers,,0,,0.00,,
spirax sarco usa locations,,0,,0.00,,
spirax sarco usa owler,,0,,0.00,,
spirax sarco usa tables,,0,,0.00,,
spirax sarco usa zoominfo,,0,,0.00,,
spirax sarco uv,,0,,0.00,,
spirax sarco uv rp,,0,,0.00,,
spirax sarco uv rp 824,,0,,0.00,,
spirax sarco v93ad,,0,,0.00,,
spirax sarco vacantes,,0,,0.00,,
spirax sarco vacature,,0,,0.00,,
spirax sarco vacatures,,0,,0.00,,
spirax sarco vadodara,,0,,0.00,,
spirax sarco vakuumbrecher,,0,,0.00,,
spirax sarco valores,,0,,0.00,,
spirax sarco valores mision vision,,0,,0.00,,
spirax sarco valve calculator,,0,,0.00,,
spirax sarco valve catalogue pdf,,0,,0.00,,
spirax sarco valve dimensions,,0,,0.00,,
spirax sarco valve logo,,0,,0.00,,
spirax sarco valve positioner,,0,,0.00,,
spirax sarco valve price list,,0,,0.00,,
spirax sarco valves data sheet,,0,,0.00,,
spirax sarco valves pdf,,0,,0.00,,
spirax sarco valves uk,,0,,0.00,,
spirax sarco vana,,0,,0.00,,
spirax sarco vanalar,,0,,0.00,,
spirax sarco vandudlader,,0,,0.00,,
spirax sarco vapor posicionador,,0,,0.00,,
spirax sarco vapor recalentado,,0,,0.00,,
spirax sarco vapor sobrecalentado,,0,,0.00,,
spirax sarco vb14 instal,,0,,0.00,,
spirax sarco vb14instal,,0,,0.00,,
spirax sarco vcv-2,,0,,0.00,,
spirax sarco venta en guanajuato,,0,,0.00,,
spirax sarco ventas,,0,,0.00,,
spirax sarco ventiladores,,0,,0.00,,
spirax sarco ventiler,,0,,0.00,,
spirax sarco venttiili,,0,,0.00,,
spirax sarco venturi steam trap,,0,,0.00,,
spirax sarco vep,,0,,0.00,,
spirax sarco versus,,0,,0.00,,
spirax sarco vessel,,0,,0.00,,
spirax sarco vht2,,0,,0.00,,
spirax sarco vht8,,0,,0.00,,
spirax sarco video interview,,0,,0.00,,
spirax sarco video interview questions,,0,,0.00,,
spirax sarco videos,,0,,0.00,,
spirax sarco viscosity control unit,,0,,0.00,,
spirax sarco visor de flujo,,0,,0.00,,
spirax sarco visor de fluxo,,0,,0.00,,
spirax sarco vlm20,,0,,0.00,,
spirax sarco vlm20 manual,,0,,0.00,,
spirax sarco vm13,,0,,0.00,,
spirax sarco vmd,,0,,0.00,,
spirax sarco vrv-25,,0,,0.00,,
spirax sarco vs-204 instal,,0,,0.00,,
spirax sarco vzla,,0,,0.00,,
spirax sarco wafer pn40 dn50 tip dcv3,,0,,0.00,,
spirax sarco warszawa fosa,,0,,0.00,,
spirax sarco water,,0,,0.00,,
spirax sarco water properties,,0,,0.00,,
spirax sarco water properties calculator,,0,,0.00,,
spirax sarco water treatment automatic,,0,,0.00,,
spirax sarco wcv,,0,,0.00,,
spirax sarco wcv2v,,0,,0.00,,
spirax sarco webinar,,0,,0.00,,
spirax sarco webshop,,0,,0.00,,
spirax sarco wet steam table,,0,,0.00,,
spirax sarco wfi generator,,0,,0.00,,
spirax sarco wfi stiller,,0,,0.00,,
spirax sarco what is steam,,0,,0.00,,
spirax sarco wzierniki,,0,,0.00,,
spirax sarco xs,,0,,0.00,,
spirax sarco y strainer dimensions,,0,,0.00,,
spirax sarco y-strainer catalog,,0,,0.00,,
spirax sarco yhteystiedot,,0,,0.00,,
spirax sarco youla,,0,,0.00,,
spirax sarco zawory kulowe,,0,,0.00,,
spirax sarco zawory odmulajace,,0,,0.00,,
spirax sarco zg,,0,,0.00,,
spirax sarco zg 25,,0,,0.00,,
spirax sarco zvedac kondenzatu,,0,,0.00,,
spirax sarco-lc2610,,0,,0.00,,
spirax sarco.,,0,,2.45,,
spirax sarco.c,,0,,0.00,,
spirax sarco.com,,0,,0.00,,
spirax sarco.modelo ptf,,0,,0.00,,
spirax sarco.modelo ptf en yuotube,,0,,0.00,,
spirax sarcon,,0,,0.00,,
spirax sarcos usa distributor,,0,,0.00,,
spirax+sarco,,0,,1.51,,
spirax-sarco 4037990 1 2,,0,,0.00,,
spirax-sarco 4037990 1 4,,0,,0.00,,
spirax-sarco aktiebolag,,0,,0.00,,
spirax-sarco aktiebolag vd,,0,,0.00,,
spirax-sarco assurecnce,,0,,0.00,,
spirax-sarco audit report,,0,,0.00,,
spirax-sarco audit report 2015,,0,,0.00,,
spirax-sarco audit report 2016,,0,,0.00,,
spirax-sarco audit report 2017,,0,,0.00,,
spirax-sarco chiba,,0,,0.00,,
spirax-sarco chile limitada chile,,0,,0.00,,
spirax-sarco chile limitada chile chile,,0,,0.00,,
spirax-sarco company profile,,0,,0.00,,
spirax-sarco competitors,,0,,0.00,,
spirax-sarco dividend,,0,,0.00,,
spirax-sarco dividend performance,,0,,0.00,,
spirax-sarco eng,,0,,0.00,,
spirax-sarco engineering p l c,,0,,0.00,,
spirax-sarco engineering plc companies house,,0,,0.00,,
spirax-sarco engineering plc review,,0,,0.00,,
spirax-sarco engineering plc stock,,0,,0.00,,
spirax-sarco engineering plc zoominfo,,0,,0.00,,
spirax-sarco engineering share price,,0,,0.00,,
spirax-sarco engineering stock price,,0,,0.00,,
spirax-sarco engineering subsidiaries,,0,,0.00,,
spirax-sarco engineering watson-marlow pty limited,,0,,0.00,,
spirax-sarco engr,,0,,0.00,,
spirax-sarco engr company,,0,,0.00,,
spirax-sarco honeywell,,0,,0.00,,
spirax-sarco inc clean steam separator,,0,,0.00,,
spirax-sarco indeed,,0,,0.00,,
spirax-sarco india baroda office,,0,,0.00,,
spirax-sarco india mumbai office,,0,,0.00,,
spirax-sarco india pvt ltd,,0,,0.00,,
spirax-sarco india pvt ltd thirutheri r.f tamil nadu,,0,,0.00,,
spirax-sarco istoric,,0,,0.00,,
spirax-sarco lea 33 de 2,,0,,0.00,,
spirax-sarco limited 66387,,0,,0.00,,
spirax-sarco limited charlton house cheltenham gloucestershire gl53 8er uk,,0,,0.00,,
spirax-sarco monterrey indeed,,0,,0.00,,
spirax-sarco n.v industriepark 5 9052 zwijnaarde,,0,,0.00,,
spirax-sarco overseas ltd shareholder,,0,,0.00,,
spirax-sarco share price spx market cap,,0,,0.00,,
spirax-sarco software pscs,,0,,0.00,,
spirax-sarco stock,,0,,0.00,,
spirax.com sarco,,0,,0.00,,
spirax.sarco,,0,,0.05,,
spirax/sarco,,0,,0.10,,
spiraxs sarco,,0,,0.00,,
sprzedam spirax sarco odwadniacz,,0,,0.00,,
spx spirax sarco,,0,,0.00,,
st14 spirax sarco,,0,,0.00,,
staps spirax sarco,,0,,0.00,,
steam accumulator spirax sarco,,0,,0.00,,
steam and condensate loop spirax sarco,,0,,0.00,,
steam and condensate loop spirax sarco amazon,,0,,0.00,,
steam bellow spirax sarco,,0,,0.00,,
steam calculator spirax sarco,,0,,0.00,,
steam condensate pump spirax sarco convert to compressed air,,0,,0.00,,
steam diffuser installation spirax sarco,,0,,0.00,,
steam ejector control spirax sarco,,0,,0.00,,
steam engineering spirax sarco,,0,,0.00,,
steam engineering tutorials spirax sarco,,0,,0.00,,
steam filter pn63 spirax sarco,,0,,0.00,,
steam filter spirax sarco,,0,,0.00,,
steam flow sheet spirax sarco,,0,,0.00,,
steam flow through prv spirax sarco,,0,,0.00,,
steam line sizing spirax sarco,,0,,0.00,,
steam main spirax sarco pdf,,0,,0.00,,
steam properties spirax sarco,,0,,0.00,,
steam separator spirax sarco s13,,0,,0.00,,
steam spirax sarco,,0,,0.00,,
steam spirax sarco pdf,,0,,0.00,,
steam spirax sarco red,,0,,0.00,,
steam system spirax sarco,,0,,0.00,,
steam table calculator spirax sarco,,0,,0.00,,
steam table calculator spirax sarco quality,,0,,0.00,,
steam table spirax sarco pdf,,0,,0.00,,
steam tramp ft 14 spirax sarco,,0,,0.00,,
steam trap calculator spirax sarco,,0,,0.00,,
steam trap pipe design spirax sarco,,0,,0.00,,
steam trap spirax sarco ft 30 installation,,0,,0.00,,
steam trap spirax sarco ft30,,0,,0.00,,
steam trap spirax sarco ft30 instalation,,0,,0.00,,
steam trap thermodynamic spirax sarco,,0,,0.00,,
steam tutorial spirax sarco,,0,,0.00,,
steam tutorial spirax sarco pdf,,0,,0.00,,
steam valve spirax sarco,,0,,0.00,,
steamtrap spirax sarco,,0,,0.00,,
steamtrap spirax sarco tri clamp,,0,,0.00,,
steri trol spirax sarco,,0,,0.00,,
sterilization of air filter spirax sarco,,0,,0.00,,
stms spirax sarco descargar,,0,,0.00,,
stoomtabel spirax sarco,,0,,0.00,,
strainer 33 spirax sarco,,0,,0.00,,
strainer it spirax sarco,,0,,0.00,,
strainer spirax sarco,,0,,0.00,,
strainer y spirax sarco 767,,0,,0.00,,
strategie 3 diagram product customer spirax sarco,,0,,0.00,,
stream buffer spirax sarco,,0,,0.00,,
sts 17.2 spirax sarco,,0,,0.00,,
sts13 spirax sarco,,0,,0.00,,
sts17 spirax sarco,,0,,0.00,,
stvm spirax sarco,,0,,0.00,,
sungyoon baek spirax sarco,,0,,0.00,,
superheated steam spirax sarco,,0,,0.00,,
superheated steam table spirax sarco,,0,,0.00,,
surveillance purge sonde spirax sarco,,0,,0.00,,
surveillance purge spirax sarco,,0,,0.00,,
sv 56 spirax sarco,,0,,0.00,,
sv 56 spirax sarco sv615,,0,,0.00,,
sv 5708 spirax sarco,,0,,0.00,,
sv56 spirax sarco,,0,,0.00,,
sv5708 spirax sarco,,0,,0.00,,
sv604 spirax sarco,,0,,0.00,,
sv69l spirax sarco,,0,,0.00,,
swp 01 spirax sarco,,0,,0.00,,
sx 90 spirax sarco manual,,0,,0.00,,
sx2000 spirax sarco,,0,,0.00,,
sx40 spirax sarco,,0,,0.00,,
sx80 spirax sarco datasheet,,0,,0.00,,
sygnalizator lc3000 spirax sarco,,0,,0.00,,
sygnalizator lc3000 spirax sarco cena,,0,,0.00,,
t-p022-01 spirax sarco,,0,,0.00,,
t2 spirax sarco,,0,,0.00,,
tabla agua subenfriada spirax sarco,,0,,0.00,,
tabla de conversiones spirax sarco,,0,,0.00,,
tabla de inyeccion de vapor in40m spirax sarcos,,0,,0.00,,
tabla de vapor de spirax sarco,,0,,0.00,,
tabla vapor sobrecalentado spirax sarco,,0,,0.00,,
tabla vapor spirax sarco,,0,,0.00,,
tablas de agua spirax sarco,,0,,0.00,,
tablas de vapor de agua spirax sarco,,0,,0.00,,
tablas de vapor sobrecalentado spirax sarco,,0,,0.00,,
tablas de vapor spirax sarco online,,0,,0.00,,
tablas termodinamicas spirax sarco,,0,,0.00,,
tablas vapor spirax sarco,,0,,0.00,,
tank shell heat coefficient spirax sarco,,0,,0.00,,
tanque alimentacion spirax sarco,,0,,0.00,,
tanque de alimentacion spirax sarco,,0,,0.00,,
tanque de condensados spirax sarco,,0,,0.00,,
tanque de purgas spirax sarco,,0,,0.00,,
tanque fv8 spirax sarco,,0,,0.00,,
tanque vapor flash spirax sarco,,0,,0.00,,
tanques de alimentacion para calderas spirax sarco,,0,,0.00,,
td 32 fa spirax sarco,,0,,0.00,,
td42 l 1 spirax sarco,,0,,0.00,,
td42 spirax sarco installation,,0,,0.00,,
td42h spirax sarco order code,,0,,0.00,,
td42l spirax sarco 1 2,,0,,0.00,,
td62m spirax sarco,,0,,0.00,,
tds 52 spirax sarco pdf,,0,,0.00,,
tds46m spirax sarco,,0,,0.00,,
telefono spirax sarco,,0,,0.00,,
temperature control system spirax sarco,,0,,0.00,,
temperature control valve spirax sarco,,0,,0.00,,
termocompresor spirax sarco,,0,,0.00,,
termocompresor spirax sarco sjt,,0,,0.00,,
tf14 spirax sarco,,0,,0.00,,
tfa medidor de punto consumo spirax sarco,,0,,0.00,,
tfa spirax sarco,,0,,0.00,,
the steam and condensate loop book spirax sarco 2014,,0,,0.00,,
the steam and condensate loop book spirax sarco pdf,,0,,0.00,,
thermal gauge spirax sarco,,0,,0.00,,
thermodinamic steam trap td42h spirax sarco,,0,,0.00,,
thermodynamics steam traps horizontal vertical spirax sarco,,0,,0.00,,
thermostatic spirax sarco,,0,,0.00,,
thermoton spirax sarco,,0,,0.00,,
tiendas spirax sarco,,0,,0.00,,
tip d17 g spirax sarco,,0,,0.00,,
tip d17 g spirax sarco cena,,0,,0.00,,
tip d17 spirax sarco cena,,0,,0.00,,
tipos de vapor de agua spirax sarco,,0,,0.00,,
tlv o spirax sarco,,0,,0.00,,
tlv spirax sarco,,0,,0.00,,
tlv vs spirax sarco,,0,,0.00,,
tom sharpe spirax sarco,,0,,0.00,,
tom sharpe spirax sarco contact,,0,,0.00,,
top news spirax-sarco in gbp139 million takeover bid for thermocoax,,0,,0.00,,
topol spirax sarco,,0,,0.00,,
trabajo en spirax sarco,,0,,0.00,,
trabajo en spirax sarco peru,,0,,0.00,,
traducir spirax sarco straight strainer,,0,,0.00,,
traductor spirax sarco,,0,,0.00,,
trama de vapor spirax sarco ft 75,,0,,0.00,,
trama de vapor spirax sarco ft75,,0,,0.00,,
tramapas de vapor spirax sarco,,0,,0.00,,
transmisor temperatura pt100 spirax-sarco,,0,,0.00,,
transmitter differentielle spirax sarco,,0,,0.00,,
transmitter spirax sarco,,0,,0.00,,
trap location spirax sarco,,0,,0.00,,
trap spirax sarco,,0,,0.00,,
trap steam 3 4 ft-15 spirax sarco,,0,,0.00,,
tss 300 spirax sarco,,0,,0.00,,
tss 300 spirax sarco colombia,,0,,0.00,,
tss300 spirax sarco,,0,,0.00,,
turbinas spirax sarco,,0,,0.00,,
tutorial spirax sarco,,0,,0.00,,
tva spirax sarco instalacion electrica,,0,,0.00,,
up1-124-hl-sp spirax sarco,,0,,0.00,,
vacantes spirax sarco cali,,0,,0.00,,
vacuum pump spirax sarco,,0,,0.00,,
value discipline spirax sarco,,0,,0.00,,
valv reductora spirax sarco,,0,,0.00,,
valve cryogenic spirax sarco,,0,,0.00,,
valves spirax sarco in chile,,0,,0.00,,
vapor recalentado spirax sarco,,0,,0.00,,
vapor saturado spirax sarco,,0,,0.00,,
vapor spirax sarco pdf,,0,,0.00,,
vep 4 spirax sarco,,0,,0.00,,
vep spirax sarco,,0,,0.00,,
vertriebsingenieur spirax sarco,,0,,0.00,,
vertriebsingenieur spirax sarco schweiz,,0,,0.00,,
video calderas spirax sarco,,0,,0.00,,
video de calderas spirax sarco,,0,,0.00,,
videos de spirax sarco,,0,,0.00,,
videos spirax sarco vapor,,0,,0.00,,
vim20 spirax sarco,,0,,0.00,,
visor de 1 spirax sarco,,0,,0.00,,
visor de flujo1 spirax sarco,,0,,0.00,,
visor doble mirilla spirax sarco,,0,,0.00,,
visor doble ventana bronce spirax sarco,,0,,0.00,,
vlm 30 spirax sarco,,0,,0.00,,
vlm20 spirax sarco,,0,,0.00,,
vs204 spirax sarco,,0,,0.00,,
vtgo arm pil p vap 6902215 spirax sarco,,0,,0.00,,
vtgo arm pil p vap spirax sarco,,0,,0.00,,
warm up condensate spirax sarco,,0,,0.00,,
water flow indicator spirax sarco,,0,,0.00,,
water separator spirax sarco,,0,,0.00,,
water separator spirax sarco pressure drop,,0,,0.00,,
water separator spirax sarco pressure drop 12,,0,,0.00,,
watson marlow ltd spirax sarco,,0,,0.00,,
watson-marlow division spirax-sarco indonesia,,0,,0.00,,
wav 1 spirax sarco,,0,,0.00,,
wav spirax sarco,,0,,0.00,,
weakness analyse spirax sarco,,0,,0.00,,
weakness analysis spirax sarco,,0,,0.00,,
weakness spirax sarco,,0,,0.00,,
what is spirax sarco,,0,,0.00,,
what is spirax sarco dp 17,,0,,0.00,,
where can a buy spirax sarco products,,0,,0.00,,
where doi use spirax sarco products,,0,,0.00,,
why to join spirax sarco,,0,,0.00,,
wiki spirax-sarco,,0,,0.00,,
ws4 spirax sarco 3 8 bspt,,0,,0.00,,
www spirax sarco 25p,,0,,0.00,,
www spirax sarco com,,0,,0.00,,
www.spirax sarco.com ar,,0,,0.00,,
wymiennik vep 4 sk 1 fv 80 25 spirax sarco,,0,,0.00,,
wymiennik vep 4 sk 1 fv 85 25 spirax sarco,,0,,0.00,,
wymiennik vep 4 spirax sarco,,0,,0.00,,
yahoo spirax sarco engineering plc,,0,,0.00,,
zastopstvo spirax sarco,,0,,0.00,,
zawr ke73 spirax sarco,,0,,0.00,,
zbiorniczek ws4 spirax sarco,,0,,0.00,,
zbiornik ws4 spirax sarco,,0,,0.00,,
