型号,口径,价格,物料代码,分类,必要说明,库存状态,参考编号,英文描述,材质,规格,数量,TIS项目,来源文件,文档名,表格标题,表格序号
阀盖组件，含螺钉和垫片,"1/2""",719,326763,减压阀,"备注说明：, 原始多列合并数据已展开为逐规格单行记录, 便于按列筛选和导出。, 价格包含 13% 增值税（Prices valid from 1st January 2024. Price Includes 13% VAT）。",,A B C,Cover Assembly with Cap Screws & Gasket,,,,,减压阀/25P 减压阀备件包 (Kits).md,25P 减压阀备件包 (Kits),备件包详细对照表,1
阀盖组件，含螺钉和垫片,"3/4""",719,326763,减压阀,"备注说明：, 原始多列合并数据已展开为逐规格单行记录, 便于按列筛选和导出。, 价格包含 13% 增值税（Prices valid from 1st January 2024. Price Includes 13% VAT）。",,A B C,Cover Assembly with Cap Screws & Gasket,,,,,减压阀/25P 减压阀备件包 (Kits).md,25P 减压阀备件包 (Kits),备件包详细对照表,1
阀盖组件，含螺钉和垫片,"1""",781,326764,减压阀,"备注说明：, 原始多列合并数据已展开为逐规格单行记录, 便于按列筛选和导出。, 价格包含 13% 增值税（Prices valid from 1st January 2024. Price Includes 13% VAT）。",,A B C,Cover Assembly with Cap Screws & Gasket,,,,,减压阀/25P 减压阀备件包 (Kits).md,25P 减压阀备件包 (Kits),备件包详细对照表,1
阀盖组件，含螺钉和垫片,"1 1/4""","1,030",3265598,减压阀,"备注说明：, 原始多列合并数据已展开为逐规格单行记录, 便于按列筛选和导出。, 价格包含 13% 增值税（Prices valid from 1st January 2024. Price Includes 13% VAT）。",,A B C,Cover Assembly with Cap Screws & Gasket,,,,,减压阀/25P 减压阀备件包 (Kits).md,25P 减压阀备件包 (Kits),备件包详细对照表,1
阀盖组件，含螺钉和垫片,"1 1/2""","1,030",3265598,减压阀,"备注说明：, 原始多列合并数据已展开为逐规格单行记录, 便于按列筛选和导出。, 价格包含 13% 增值税（Prices valid from 1st January 2024. Price Includes 13% VAT）。",,A B C,Cover Assembly with Cap Screws & Gasket,,,,,减压阀/25P 减压阀备件包 (Kits).md,25P 减压阀备件包 (Kits),备件包详细对照表,1
阀盖组件，含螺钉和垫片,"2""","1,223",3265599,减压阀,"备注说明：, 原始多列合并数据已展开为逐规格单行记录, 便于按列筛选和导出。, 价格包含 13% 增值税（Prices valid from 1st January 2024. Price Includes 13% VAT）。",,A B C,Cover Assembly with Cap Screws & Gasket,,,,,减压阀/25P 减压阀备件包 (Kits).md,25P 减压阀备件包 (Kits),备件包详细对照表,1
滤网、滤网支撑盘、阀门弹簧和阀盖垫片,"1/2""",336,3265651,减压阀,"备注说明：, 原始多列合并数据已展开为逐规格单行记录, 便于按列筛选和导出。, 价格包含 13% 增值税（Prices valid from 1st January 2024. Price Includes 13% VAT）。",,M N O C,"Screen, Screen Support Disc, Valve Spring & Cap Gasket",,,,,减压阀/25P 减压阀备件包 (Kits).md,25P 减压阀备件包 (Kits),备件包详细对照表,1
滤网、滤网支撑盘、阀门弹簧和阀盖垫片,"3/4""",336,3265651,减压阀,"备注说明：, 原始多列合并数据已展开为逐规格单行记录, 便于按列筛选和导出。, 价格包含 13% 增值税（Prices valid from 1st January 2024. Price Includes 13% VAT）。",,M N O C,"Screen, Screen Support Disc, Valve Spring & Cap Gasket",,,,,减压阀/25P 减压阀备件包 (Kits).md,25P 减压阀备件包 (Kits),备件包详细对照表,1
滤网、滤网支撑盘、阀门弹簧和阀盖垫片,"1""",473,3265652,减压阀,"备注说明：, 原始多列合并数据已展开为逐规格单行记录, 便于按列筛选和导出。, 价格包含 13% 增值税（Prices valid from 1st January 2024. Price Includes 13% VAT）。",,M N O C,"Screen, Screen Support Disc, Valve Spring & Cap Gasket",,,,,减压阀/25P 减压阀备件包 (Kits).md,25P 减压阀备件包 (Kits),备件包详细对照表,1
滤网、滤网支撑盘、阀门弹簧和阀盖垫片,"1 1/4""",473,3265653,减压阀,"备注说明：, 原始多列合并数据已展开为逐规格单行记录, 便于按列筛选和导出。, 价格包含 13% 增值税（Prices valid from 1st January 2024. Price Includes 13% VAT）。",,M N O C,"Screen, Screen Support Disc, Valve Spring & Cap Gasket",,,,,减压阀/25P 减压阀备件包 (Kits).md,25P 减压阀备件包 (Kits),备件包详细对照表,1
滤网、滤网支撑盘、阀门弹簧和阀盖垫片,"1 1/2""",473,3265653,减压阀,"备注说明：, 原始多列合并数据已展开为逐规格单行记录, 便于按列筛选和导出。, 价格包含 13% 增值税（Prices valid from 1st January 2024. Price Includes 13% VAT）。",,M N O C,"Screen, Screen Support Disc, Valve Spring & Cap Gasket",,,,,减压阀/25P 减压阀备件包 (Kits).md,25P 减压阀备件包 (Kits),备件包详细对照表,1
滤网、滤网支撑盘、阀门弹簧和阀盖垫片,"2""",632,3265654,减压阀,"备注说明：, 原始多列合并数据已展开为逐规格单行记录, 便于按列筛选和导出。, 价格包含 13% 增值税（Prices valid from 1st January 2024. Price Includes 13% VAT）。",,M N O C,"Screen, Screen Support Disc, Valve Spring & Cap Gasket",,,,,减压阀/25P 减压阀备件包 (Kits).md,25P 减压阀备件包 (Kits),备件包详细对照表,1
阀盖垫片、阀芯、阀座和阀座垫片,"1/2""",439,3265657,减压阀,"备注说明：, 原始多列合并数据已展开为逐规格单行记录, 便于按列筛选和导出。, 价格包含 13% 增值税（Prices valid from 1st January 2024. Price Includes 13% VAT）。",,* C P Q R,"Cover Gasket, Valve Head, Seat & Seat Gasket",,,,,减压阀/25P 减压阀备件包 (Kits).md,25P 减压阀备件包 (Kits),备件包详细对照表,1
阀盖垫片、阀芯、阀座和阀座垫片,"3/4""",473,3265658,减压阀,"备注说明：, 原始多列合并数据已展开为逐规格单行记录, 便于按列筛选和导出。, 价格包含 13% 增值税（Prices valid from 1st January 2024. Price Includes 13% VAT）。",,* C P Q R,"Cover Gasket, Valve Head, Seat & Seat Gasket",,,,,减压阀/25P 减压阀备件包 (Kits).md,25P 减压阀备件包 (Kits),备件包详细对照表,1
阀盖垫片、阀芯、阀座和阀座垫片,"1""",647,3265665,减压阀,"备注说明：, 原始多列合并数据已展开为逐规格单行记录, 便于按列筛选和导出。, 价格包含 13% 增值税（Prices valid from 1st January 2024. Price Includes 13% VAT）。",,* C P Q R,"Cover Gasket, Valve Head, Seat & Seat Gasket",,,,,减压阀/25P 减压阀备件包 (Kits).md,25P 减压阀备件包 (Kits),备件包详细对照表,1
阀盖垫片、阀芯、阀座和阀座垫片,"1 1/4""",706,3265669,减压阀,"备注说明：, 原始多列合并数据已展开为逐规格单行记录, 便于按列筛选和导出。, 价格包含 13% 增值税（Prices valid from 1st January 2024. Price Includes 13% VAT）。",,* C P Q R,"Cover Gasket, Valve Head, Seat & Seat Gasket",,,,,减压阀/25P 减压阀备件包 (Kits).md,25P 减压阀备件包 (Kits),备件包详细对照表,1
阀盖垫片、阀芯、阀座和阀座垫片,"1 1/2""",867,3265672,减压阀,"备注说明：, 原始多列合并数据已展开为逐规格单行记录, 便于按列筛选和导出。, 价格包含 13% 增值税（Prices valid from 1st January 2024. Price Includes 13% VAT）。",,* C P Q R,"Cover Gasket, Valve Head, Seat & Seat Gasket",,,,,减压阀/25P 减压阀备件包 (Kits).md,25P 减压阀备件包 (Kits),备件包详细对照表,1
阀盖垫片、阀芯、阀座和阀座垫片,"2""","1,139",3265675,减压阀,"备注说明：, 原始多列合并数据已展开为逐规格单行记录, 便于按列筛选和导出。, 价格包含 13% 增值税（Prices valid from 1st January 2024. Price Includes 13% VAT）。",,* C P Q R,"Cover Gasket, Valve Head, Seat & Seat Gasket",,,,,减压阀/25P 减压阀备件包 (Kits).md,25P 减压阀备件包 (Kits),备件包详细对照表,1
阀杆导向、阀杆和螺母、阀体/膜片座垫片,"1/2""",940,3265680,减压阀,"备注说明：, 原始多列合并数据已展开为逐规格单行记录, 便于按列筛选和导出。, 价格包含 13% 增值税（Prices valid from 1st January 2024. Price Includes 13% VAT）。",,J S T,"Valve Stem Guide, Stem & Nut, Body/Diaphragm Case Gasket",,,,,减压阀/25P 减压阀备件包 (Kits).md,25P 减压阀备件包 (Kits),备件包详细对照表,1
阀杆导向、阀杆和螺母、阀体/膜片座垫片,"3/4""",940,3265680,减压阀,"备注说明：, 原始多列合并数据已展开为逐规格单行记录, 便于按列筛选和导出。, 价格包含 13% 增值税（Prices valid from 1st January 2024. Price Includes 13% VAT）。",,J S T,"Valve Stem Guide, Stem & Nut, Body/Diaphragm Case Gasket",,,,,减压阀/25P 减压阀备件包 (Kits).md,25P 减压阀备件包 (Kits),备件包详细对照表,1
阀杆导向、阀杆和螺母、阀体/膜片座垫片,"1""",978,3265681,减压阀,"备注说明：, 原始多列合并数据已展开为逐规格单行记录, 便于按列筛选和导出。, 价格包含 13% 增值税（Prices valid from 1st January 2024. Price Includes 13% VAT）。",,J S T,"Valve Stem Guide, Stem & Nut, Body/Diaphragm Case Gasket",,,,,减压阀/25P 减压阀备件包 (Kits).md,25P 减压阀备件包 (Kits),备件包详细对照表,1
阀杆导向、阀杆和螺母、阀体/膜片座垫片,"1 1/4""","1,298",3265682,减压阀,"备注说明：, 原始多列合并数据已展开为逐规格单行记录, 便于按列筛选和导出。, 价格包含 13% 增值税（Prices valid from 1st January 2024. Price Includes 13% VAT）。",,J S T,"Valve Stem Guide, Stem & Nut, Body/Diaphragm Case Gasket",,,,,减压阀/25P 减压阀备件包 (Kits).md,25P 减压阀备件包 (Kits),备件包详细对照表,1
阀杆导向、阀杆和螺母、阀体/膜片座垫片,"1 1/2""","1,298",3265682,减压阀,"备注说明：, 原始多列合并数据已展开为逐规格单行记录, 便于按列筛选和导出。, 价格包含 13% 增值税（Prices valid from 1st January 2024. Price Includes 13% VAT）。",,J S T,"Valve Stem Guide, Stem & Nut, Body/Diaphragm Case Gasket",,,,,减压阀/25P 减压阀备件包 (Kits).md,25P 减压阀备件包 (Kits),备件包详细对照表,1
阀杆导向、阀杆和螺母、阀体/膜片座垫片,"2""","1,570",3265683,减压阀,"备注说明：, 原始多列合并数据已展开为逐规格单行记录, 便于按列筛选和导出。, 价格包含 13% 增值税（Prices valid from 1st January 2024. Price Includes 13% VAT）。",,J S T,"Valve Stem Guide, Stem & Nut, Body/Diaphragm Case Gasket",,,,,减压阀/25P 减压阀备件包 (Kits).md,25P 减压阀备件包 (Kits),备件包详细对照表,1
膜片托盘,"1/2""",-,-,减压阀,"备注说明：, 原始多列合并数据已展开为逐规格单行记录, 便于按列筛选和导出。, 价格包含 13% 增值税（Prices valid from 1st January 2024. Price Includes 13% VAT）。",,K,Diaphragm Plate,,,,,减压阀/25P 减压阀备件包 (Kits).md,25P 减压阀备件包 (Kits),备件包详细对照表,1
膜片托盘,"3/4""",-,-,减压阀,"备注说明：, 原始多列合并数据已展开为逐规格单行记录, 便于按列筛选和导出。, 价格包含 13% 增值税（Prices valid from 1st January 2024. Price Includes 13% VAT）。",,K,Diaphragm Plate,,,,,减压阀/25P 减压阀备件包 (Kits).md,25P 减压阀备件包 (Kits),备件包详细对照表,1
膜片托盘,"1""",288,3258008,减压阀,"备注说明：, 原始多列合并数据已展开为逐规格单行记录, 便于按列筛选和导出。, 价格包含 13% 增值税（Prices valid from 1st January 2024. Price Includes 13% VAT）。",,K,Diaphragm Plate,,,,,减压阀/25P 减压阀备件包 (Kits).md,25P 减压阀备件包 (Kits),备件包详细对照表,1
膜片托盘,"1 1/4""",288,3258008,减压阀,"备注说明：, 原始多列合并数据已展开为逐规格单行记录, 便于按列筛选和导出。, 价格包含 13% 增值税（Prices valid from 1st January 2024. Price Includes 13% VAT）。",,K,Diaphragm Plate,,,,,减压阀/25P 减压阀备件包 (Kits).md,25P 减压阀备件包 (Kits),备件包详细对照表,1
膜片托盘,"1 1/2""",288,3258008,减压阀,"备注说明：, 原始多列合并数据已展开为逐规格单行记录, 便于按列筛选和导出。, 价格包含 13% 增值税（Prices valid from 1st January 2024. Price Includes 13% VAT）。",,K,Diaphragm Plate,,,,,减压阀/25P 减压阀备件包 (Kits).md,25P 减压阀备件包 (Kits),备件包详细对照表,1
膜片托盘,"2""",288,3258009,减压阀,"备注说明：, 原始多列合并数据已展开为逐规格单行记录, 便于按列筛选和导出。, 价格包含 13% 增值税（Prices valid from 1st January 2024. Price Includes 13% VAT）。",,K,Diaphragm Plate,,,,,减压阀/25P 减压阀备件包 (Kits).md,25P 减压阀备件包 (Kits),备件包详细对照表,1
膜片，每套2片,"1/2""",219,3265689,减压阀,"备注说明：, 原始多列合并数据已展开为逐规格单行记录, 便于按列筛选和导出。, 价格包含 13% 增值税（Prices valid from 1st January 2024. Price Includes 13% VAT）。",,L,Diaphragms (2 per set),,,,,减压阀/25P 减压阀备件包 (Kits).md,25P 减压阀备件包 (Kits),备件包详细对照表,1
膜片，每套2片,"3/4""",219,3265689,减压阀,"备注说明：, 原始多列合并数据已展开为逐规格单行记录, 便于按列筛选和导出。, 价格包含 13% 增值税（Prices valid from 1st January 2024. Price Includes 13% VAT）。",,L,Diaphragms (2 per set),,,,,减压阀/25P 减压阀备件包 (Kits).md,25P 减压阀备件包 (Kits),备件包详细对照表,1
膜片，每套2片,"1""",219,3265689,减压阀,"备注说明：, 原始多列合并数据已展开为逐规格单行记录, 便于按列筛选和导出。, 价格包含 13% 增值税（Prices valid from 1st January 2024. Price Includes 13% VAT）。",,L,Diaphragms (2 per set),,,,,减压阀/25P 减压阀备件包 (Kits).md,25P 减压阀备件包 (Kits),备件包详细对照表,1
膜片，每套2片,"1 1/4""",225,3265690,减压阀,"备注说明：, 原始多列合并数据已展开为逐规格单行记录, 便于按列筛选和导出。, 价格包含 13% 增值税（Prices valid from 1st January 2024. Price Includes 13% VAT）。",,L,Diaphragms (2 per set),,,,,减压阀/25P 减压阀备件包 (Kits).md,25P 减压阀备件包 (Kits),备件包详细对照表,1
膜片，每套2片,"1 1/2""",225,3265690,减压阀,"备注说明：, 原始多列合并数据已展开为逐规格单行记录, 便于按列筛选和导出。, 价格包含 13% 增值税（Prices valid from 1st January 2024. Price Includes 13% VAT）。",,L,Diaphragms (2 per set),,,,,减压阀/25P 减压阀备件包 (Kits).md,25P 减压阀备件包 (Kits),备件包详细对照表,1
膜片，每套2片,"2""",325,3265691,减压阀,"备注说明：, 原始多列合并数据已展开为逐规格单行记录, 便于按列筛选和导出。, 价格包含 13% 增值税（Prices valid from 1st January 2024. Price Includes 13% VAT）。",,L,Diaphragms (2 per set),,,,,减压阀/25P 减压阀备件包 (Kits).md,25P 减压阀备件包 (Kits),备件包详细对照表,1
带接头的铜导管,"1/2""",695,13265694,减压阀,"备注说明：, 原始多列合并数据已展开为逐规格单行记录, 便于按列筛选和导出。, 价格包含 13% 增值税（Prices valid from 1st January 2024. Price Includes 13% VAT）。",,"* U (copper, 2 pipes)",Transmission Tubing with Fittings,,,,,减压阀/25P 减压阀备件包 (Kits).md,25P 减压阀备件包 (Kits),备件包详细对照表,1
带接头的铜导管,"3/4""",695,13265694,减压阀,"备注说明：, 原始多列合并数据已展开为逐规格单行记录, 便于按列筛选和导出。, 价格包含 13% 增值税（Prices valid from 1st January 2024. Price Includes 13% VAT）。",,"* U (copper, 2 pipes)",Transmission Tubing with Fittings,,,,,减压阀/25P 减压阀备件包 (Kits).md,25P 减压阀备件包 (Kits),备件包详细对照表,1
带接头的铜导管,"1""",719,13265697,减压阀,"备注说明：, 原始多列合并数据已展开为逐规格单行记录, 便于按列筛选和导出。, 价格包含 13% 增值税（Prices valid from 1st January 2024. Price Includes 13% VAT）。",,"* U (copper, 2 pipes)",Transmission Tubing with Fittings,,,,,减压阀/25P 减压阀备件包 (Kits).md,25P 减压阀备件包 (Kits),备件包详细对照表,1
带接头的铜导管,"1 1/4""",719,13265698,减压阀,"备注说明：, 原始多列合并数据已展开为逐规格单行记录, 便于按列筛选和导出。, 价格包含 13% 增值税（Prices valid from 1st January 2024. Price Includes 13% VAT）。",,"* U (copper, 2 pipes)",Transmission Tubing with Fittings,,,,,减压阀/25P 减压阀备件包 (Kits).md,25P 减压阀备件包 (Kits),备件包详细对照表,1
带接头的铜导管,"1 1/2""",719,13265698,减压阀,"备注说明：, 原始多列合并数据已展开为逐规格单行记录, 便于按列筛选和导出。, 价格包含 13% 增值税（Prices valid from 1st January 2024. Price Includes 13% VAT）。",,"* U (copper, 2 pipes)",Transmission Tubing with Fittings,,,,,减压阀/25P 减压阀备件包 (Kits).md,25P 减压阀备件包 (Kits),备件包详细对照表,1
带接头的铜导管,"2""",719,13265751,减压阀,"备注说明：, 原始多列合并数据已展开为逐规格单行记录, 便于按列筛选和导出。, 价格包含 13% 增值税（Prices valid from 1st January 2024. Price Includes 13% VAT）。",,"* U (copper, 2 pipes)",Transmission Tubing with Fittings,,,,,减压阀/25P 减压阀备件包 (Kits).md,25P 减压阀备件包 (Kits),备件包详细对照表,1
带接头的内感应铜管,"1/2""",373,13265695,减压阀,"备注说明：, 原始多列合并数据已展开为逐规格单行记录, 便于按列筛选和导出。, 价格包含 13% 增值税（Prices valid from 1st January 2024. Price Includes 13% VAT）。",,-,Internal Sensing Tubing with Fittings,,,,,减压阀/25P 减压阀备件包 (Kits).md,25P 减压阀备件包 (Kits),备件包详细对照表,1
带接头的内感应铜管,"3/4""",373,13265695,减压阀,"备注说明：, 原始多列合并数据已展开为逐规格单行记录, 便于按列筛选和导出。, 价格包含 13% 增值税（Prices valid from 1st January 2024. Price Includes 13% VAT）。",,-,Internal Sensing Tubing with Fittings,,,,,减压阀/25P 减压阀备件包 (Kits).md,25P 减压阀备件包 (Kits),备件包详细对照表,1
带接头的内感应铜管,"1""",373,13265695,减压阀,"备注说明：, 原始多列合并数据已展开为逐规格单行记录, 便于按列筛选和导出。, 价格包含 13% 增值税（Prices valid from 1st January 2024. Price Includes 13% VAT）。",,-,Internal Sensing Tubing with Fittings,,,,,减压阀/25P 减压阀备件包 (Kits).md,25P 减压阀备件包 (Kits),备件包详细对照表,1
带接头的内感应铜管,"1 1/4""",436,13265699,减压阀,"备注说明：, 原始多列合并数据已展开为逐规格单行记录, 便于按列筛选和导出。, 价格包含 13% 增值税（Prices valid from 1st January 2024. Price Includes 13% VAT）。",,-,Internal Sensing Tubing with Fittings,,,,,减压阀/25P 减压阀备件包 (Kits).md,25P 减压阀备件包 (Kits),备件包详细对照表,1
带接头的内感应铜管,"1 1/2""",436,13265699,减压阀,"备注说明：, 原始多列合并数据已展开为逐规格单行记录, 便于按列筛选和导出。, 价格包含 13% 增值税（Prices valid from 1st January 2024. Price Includes 13% VAT）。",,-,Internal Sensing Tubing with Fittings,,,,,减压阀/25P 减压阀备件包 (Kits).md,25P 减压阀备件包 (Kits),备件包详细对照表,1
带接头的内感应铜管,"2""",387,13265752,减压阀,"备注说明：, 原始多列合并数据已展开为逐规格单行记录, 便于按列筛选和导出。, 价格包含 13% 增值税（Prices valid from 1st January 2024. Price Includes 13% VAT）。",,-,Internal Sensing Tubing with Fittings,,,,,减压阀/25P 减压阀备件包 (Kits).md,25P 减压阀备件包 (Kits),备件包详细对照表,1
带接头的不锈钢输送和感应管,"1/2""","1,643",6901092,减压阀,"备注说明：, 原始多列合并数据已展开为逐规格单行记录, 便于按列筛选和导出。, 价格包含 13% 增值税（Prices valid from 1st January 2024. Price Includes 13% VAT）。",,"* U (SS, 3 pipes)",Transmission and Sensing Tubing with Fittings,,,,,减压阀/25P 减压阀备件包 (Kits).md,25P 减压阀备件包 (Kits),备件包详细对照表,1
带接头的不锈钢输送和感应管,"3/4""","1,643",6901092,减压阀,"备注说明：, 原始多列合并数据已展开为逐规格单行记录, 便于按列筛选和导出。, 价格包含 13% 增值税（Prices valid from 1st January 2024. Price Includes 13% VAT）。",,"* U (SS, 3 pipes)",Transmission and Sensing Tubing with Fittings,,,,,减压阀/25P 减压阀备件包 (Kits).md,25P 减压阀备件包 (Kits),备件包详细对照表,1
带接头的不锈钢输送和感应管,"1""","1,643",6901102,减压阀,"备注说明：, 原始多列合并数据已展开为逐规格单行记录, 便于按列筛选和导出。, 价格包含 13% 增值税（Prices valid from 1st January 2024. Price Includes 13% VAT）。",,"* U (SS, 3 pipes)",Transmission and Sensing Tubing with Fittings,,,,,减压阀/25P 减压阀备件包 (Kits).md,25P 减压阀备件包 (Kits),备件包详细对照表,1
带接头的不锈钢输送和感应管,"1 1/4""","1,643",6901112,减压阀,"备注说明：, 原始多列合并数据已展开为逐规格单行记录, 便于按列筛选和导出。, 价格包含 13% 增值税（Prices valid from 1st January 2024. Price Includes 13% VAT）。",,"* U (SS, 3 pipes)",Transmission and Sensing Tubing with Fittings,,,,,减压阀/25P 减压阀备件包 (Kits).md,25P 减压阀备件包 (Kits),备件包详细对照表,1
带接头的不锈钢输送和感应管,"1 1/2""","1,668",6901112,减压阀,"备注说明：, 原始多列合并数据已展开为逐规格单行记录, 便于按列筛选和导出。, 价格包含 13% 增值税（Prices valid from 1st January 2024. Price Includes 13% VAT）。",,"* U (SS, 3 pipes)",Transmission and Sensing Tubing with Fittings,,,,,减压阀/25P 减压阀备件包 (Kits).md,25P 减压阀备件包 (Kits),备件包详细对照表,1
带接头的不锈钢输送和感应管,"2""","1,668",6901122,减压阀,"备注说明：, 原始多列合并数据已展开为逐规格单行记录, 便于按列筛选和导出。, 价格包含 13% 增值税（Prices valid from 1st January 2024. Price Includes 13% VAT）。",,"* U (SS, 3 pipes)",Transmission and Sensing Tubing with Fittings,,,,,减压阀/25P 减压阀备件包 (Kits).md,25P 减压阀备件包 (Kits),备件包详细对照表,1
垫片包：含阀盖、阀座、阀体/膜片座及4个导阀垫片,"1/2""",325,3265757,减压阀,"备注说明：, 原始多列合并数据已展开为逐规格单行记录, 便于按列筛选和导出。, 价格包含 13% 增值税（Prices valid from 1st January 2024. Price Includes 13% VAT）。",,* C R S W,"Gasket Kit: Cap, Seat, Body/Diaphragm Case & Four Pilot Gaskets",,,,,减压阀/25P 减压阀备件包 (Kits).md,25P 减压阀备件包 (Kits),备件包详细对照表,1
垫片包：含阀盖、阀座、阀体/膜片座及4个导阀垫片,"3/4""",325,3265757,减压阀,"备注说明：, 原始多列合并数据已展开为逐规格单行记录, 便于按列筛选和导出。, 价格包含 13% 增值税（Prices valid from 1st January 2024. Price Includes 13% VAT）。",,* C R S W,"Gasket Kit: Cap, Seat, Body/Diaphragm Case & Four Pilot Gaskets",,,,,减压阀/25P 减压阀备件包 (Kits).md,25P 减压阀备件包 (Kits),备件包详细对照表,1
垫片包：含阀盖、阀座、阀体/膜片座及4个导阀垫片,"1""",349,3265759,减压阀,"备注说明：, 原始多列合并数据已展开为逐规格单行记录, 便于按列筛选和导出。, 价格包含 13% 增值税（Prices valid from 1st January 2024. Price Includes 13% VAT）。",,* C R S W,"Gasket Kit: Cap, Seat, Body/Diaphragm Case & Four Pilot Gaskets",,,,,减压阀/25P 减压阀备件包 (Kits).md,25P 减压阀备件包 (Kits),备件包详细对照表,1
垫片包：含阀盖、阀座、阀体/膜片座及4个导阀垫片,"1 1/4""",349,3265761,减压阀,"备注说明：, 原始多列合并数据已展开为逐规格单行记录, 便于按列筛选和导出。, 价格包含 13% 增值税（Prices valid from 1st January 2024. Price Includes 13% VAT）。",,* C R S W,"Gasket Kit: Cap, Seat, Body/Diaphragm Case & Four Pilot Gaskets",,,,,减压阀/25P 减压阀备件包 (Kits).md,25P 减压阀备件包 (Kits),备件包详细对照表,1
垫片包：含阀盖、阀座、阀体/膜片座及4个导阀垫片,"1 1/2""",349,3265763,减压阀,"备注说明：, 原始多列合并数据已展开为逐规格单行记录, 便于按列筛选和导出。, 价格包含 13% 增值税（Prices valid from 1st January 2024. Price Includes 13% VAT）。",,* C R S W,"Gasket Kit: Cap, Seat, Body/Diaphragm Case & Four Pilot Gaskets",,,,,减压阀/25P 减压阀备件包 (Kits).md,25P 减压阀备件包 (Kits),备件包详细对照表,1
垫片包：含阀盖、阀座、阀体/膜片座及4个导阀垫片,"2""",410,3265765,减压阀,"备注说明：, 原始多列合并数据已展开为逐规格单行记录, 便于按列筛选和导出。, 价格包含 13% 增值税（Prices valid from 1st January 2024. Price Includes 13% VAT）。",,* C R S W,"Gasket Kit: Cap, Seat, Body/Diaphragm Case & Four Pilot Gaskets",,,,,减压阀/25P 减压阀备件包 (Kits).md,25P 减压阀备件包 (Kits),备件包详细对照表,1
25P SG Blue,"1/2""","12,840",6090328,减压阀,,无库存 (N),,,,,,,减压阀/25P.md,25P,1. 25P 球墨铸铁阀门 - 螺纹连接 (BSP) 或法兰连接 (PN16),1
25P SG Blue,"3/4""","13,023",6090331,减压阀,,有库存 (Y),,,,,,,减压阀/25P.md,25P,1. 25P 球墨铸铁阀门 - 螺纹连接 (BSP) 或法兰连接 (PN16),1
25P SG Blue,"1""","14,305",6090334,减压阀,,有库存 (Y),,,,,,,减压阀/25P.md,25P,1. 25P 球墨铸铁阀门 - 螺纹连接 (BSP) 或法兰连接 (PN16),1
25P SG Blue,"1 1/4""","14,984",6090337,减压阀,,有库存 (Y),,,,,,,减压阀/25P.md,25P,1. 25P 球墨铸铁阀门 - 螺纹连接 (BSP) 或法兰连接 (PN16),1
25P SG Blue,"1 1/2""","16,008",6090340,减压阀,,有库存 (Y),,,,,,,减压阀/25P.md,25P,1. 25P 球墨铸铁阀门 - 螺纹连接 (BSP) 或法兰连接 (PN16),1
25P SG Blue,"2""","18,660",6090343,减压阀,,无库存 (N),,,,,,,减压阀/25P.md,25P,1. 25P 球墨铸铁阀门 - 螺纹连接 (BSP) 或法兰连接 (PN16),1
25P SG Blue,DN15,"13,839",6090349,减压阀,,有库存 (Y),,,,,,,减压阀/25P.md,25P,1. 25P 球墨铸铁阀门 - 螺纹连接 (BSP) 或法兰连接 (PN16),1
25P SG Blue,DN20,"14,478",6090352,减压阀,,有库存 (Y),,,,,,,减压阀/25P.md,25P,1. 25P 球墨铸铁阀门 - 螺纹连接 (BSP) 或法兰连接 (PN16),1
25P SG Blue,DN25,"15,984",6090355,减压阀,,有库存 (Y),,,,,,,减压阀/25P.md,25P,1. 25P 球墨铸铁阀门 - 螺纹连接 (BSP) 或法兰连接 (PN16),1
25P SG Blue,DN32,"18,151",6090358,减压阀,,有库存 (Y),,,,,,,减压阀/25P.md,25P,1. 25P 球墨铸铁阀门 - 螺纹连接 (BSP) 或法兰连接 (PN16),1
25P SG Blue,DN40,"18,227",6090361,减压阀,,有库存 (Y),,,,,,,减压阀/25P.md,25P,1. 25P 球墨铸铁阀门 - 螺纹连接 (BSP) 或法兰连接 (PN16),1
25P SG Blue,DN50,"21,726",6090364,减压阀,,有库存 (Y),,,,,,,减压阀/25P.md,25P,1. 25P 球墨铸铁阀门 - 螺纹连接 (BSP) 或法兰连接 (PN16),1
25P SG Blue,DN65,"47,459",6095200,减压阀,,有库存 (Y),,,,,,,减压阀/25P.md,25P,1. 25P 球墨铸铁阀门 - 螺纹连接 (BSP) 或法兰连接 (PN16),1
25P SG Blue,DN80,"51,220",6095203,减压阀,,有库存 (Y),,,,,,,减压阀/25P.md,25P,1. 25P 球墨铸铁阀门 - 螺纹连接 (BSP) 或法兰连接 (PN16),1
25P SG Blue,DN100,"61,454",6095206,减压阀,,有库存 (Y),,,,,,,减压阀/25P.md,25P,1. 25P 球墨铸铁阀门 - 螺纹连接 (BSP) 或法兰连接 (PN16),1
25P SG Blue,DN125,"88,764",3267145,减压阀,,有库存 (Y),,,,,,,减压阀/25P.md,25P,1. 25P 球墨铸铁阀门 - 螺纹连接 (BSP) 或法兰连接 (PN16),1
25P CI Blue,DN150,"187,020",6000354,减压阀,,有库存 (Y),,,,,,,减压阀/25P.md,25P,1. 25P 球墨铸铁阀门 - 螺纹连接 (BSP) 或法兰连接 (PN16),1
25P CS Blue,DN15,"41,564",9307015005,减压阀,"英文原标题： 25P Cast Steel- flanged PN40 (BSP screwed also available), 备注： 同样适用于 ANSI 法兰或 NPT 螺纹连接 (Also available with ANSI flanged or NPT screwed)",无库存 (N),,,,,,,减压阀/25P.md,25P,2. 25P 铸钢阀门 - 法兰连接 (PN40)（也可提供螺纹连接 BSP）,2
25P CS Blue,DN20,"41,564",9307020005,减压阀,"英文原标题： 25P Cast Steel- flanged PN40 (BSP screwed also available), 备注： 同样适用于 ANSI 法兰或 NPT 螺纹连接 (Also available with ANSI flanged or NPT screwed)",无库存 (N),,,,,,,减压阀/25P.md,25P,2. 25P 铸钢阀门 - 法兰连接 (PN40)（也可提供螺纹连接 BSP）,2
25P CS Blue,DN25,"50,437",7307025005,减压阀,"英文原标题： 25P Cast Steel- flanged PN40 (BSP screwed also available), 备注： 同样适用于 ANSI 法兰或 NPT 螺纹连接 (Also available with ANSI flanged or NPT screwed)",无库存 (N),,,,,,,减压阀/25P.md,25P,2. 25P 铸钢阀门 - 法兰连接 (PN40)（也可提供螺纹连接 BSP）,2
25P CS Blue,DN40,"64,061",9307040005,减压阀,"英文原标题： 25P Cast Steel- flanged PN40 (BSP screwed also available), 备注： 同样适用于 ANSI 法兰或 NPT 螺纹连接 (Also available with ANSI flanged or NPT screwed)",有库存 (Y),,,,,,,减压阀/25P.md,25P,2. 25P 铸钢阀门 - 法兰连接 (PN40)（也可提供螺纹连接 BSP）,2
25P CS Blue,DN50,"67,485",9307050005,减压阀,"英文原标题： 25P Cast Steel- flanged PN40 (BSP screwed also available), 备注： 同样适用于 ANSI 法兰或 NPT 螺纹连接 (Also available with ANSI flanged or NPT screwed)",有库存 (Y),,,,,,,减压阀/25P.md,25P,2. 25P 铸钢阀门 - 法兰连接 (PN40)（也可提供螺纹连接 BSP）,2
25P CS Blue,DN65,"114,052",9307065005,减压阀,"英文原标题： 25P Cast Steel- flanged PN40 (BSP screwed also available), 备注： 同样适用于 ANSI 法兰或 NPT 螺纹连接 (Also available with ANSI flanged or NPT screwed)",有库存 (Y),,,,,,,减压阀/25P.md,25P,2. 25P 铸钢阀门 - 法兰连接 (PN40)（也可提供螺纹连接 BSP）,2
25P CS Blue,DN80,"127,795",9307080005,减压阀,"英文原标题： 25P Cast Steel- flanged PN40 (BSP screwed also available), 备注： 同样适用于 ANSI 法兰或 NPT 螺纹连接 (Also available with ANSI flanged or NPT screwed)",有库存 (Y),,,,,,,减压阀/25P.md,25P,2. 25P 铸钢阀门 - 法兰连接 (PN40)（也可提供螺纹连接 BSP）,2
25P CS Blue,DN100,"155,521",9307100005,减压阀,"英文原标题： 25P Cast Steel- flanged PN40 (BSP screwed also available), 备注： 同样适用于 ANSI 法兰或 NPT 螺纹连接 (Also available with ANSI flanged or NPT screwed)",有库存 (Y),,,,,,,减压阀/25P.md,25P,2. 25P 铸钢阀门 - 法兰连接 (PN40)（也可提供螺纹连接 BSP）,2
25P CS Blue,DN150,"289,683",9307150006,减压阀,"英文原标题： 25P Cast Steel- flanged PN40 (BSP screwed also available), 备注： 同样适用于 ANSI 法兰或 NPT 螺纹连接 (Also available with ANSI flanged or NPT screwed)",无库存 (N),,,,,,,减压阀/25P.md,25P,2. 25P 铸钢阀门 - 法兰连接 (PN40)（也可提供螺纹连接 BSP）,2
阀盖组件（含顶丝与垫片，包含上阀杆导向件）,"2 1/2"" (DN65)","3,025",3266765,减压阀,"注：价格自 2024年1月1日起生效, 已包含 13% 增值税 (VAT)。",,A B C,Cap Assembly with Cap Screws & Gasket - Includes Upper Stem Guide,,,,,减压阀/25P_减压阀备件包_DN65-DN150.md,25P_减压阀备件包_DN65-DN150,25P 减压阀备件包 (Kits) 数据表 (DN65-DN150),1
阀盖组件（含顶丝与垫片，包含上阀杆导向件）,"3"" (DN80)","3,604",3266766,减压阀,"注：价格自 2024年1月1日起生效, 已包含 13% 增值税 (VAT)。",,A B C,Cap Assembly with Cap Screws & Gasket - Includes Upper Stem Guide,,,,,减压阀/25P_减压阀备件包_DN65-DN150.md,25P_减压阀备件包_DN65-DN150,25P 减压阀备件包 (Kits) 数据表 (DN65-DN150),1
阀盖组件（含顶丝与垫片，包含上阀杆导向件）,"4""/5""","5,133",3266767,减压阀,"注：价格自 2024年1月1日起生效, 已包含 13% 增值税 (VAT)。",,A B C,Cap Assembly with Cap Screws & Gasket - Includes Upper Stem Guide,,,,,减压阀/25P_减压阀备件包_DN65-DN150.md,25P_减压阀备件包_DN65-DN150,25P 减压阀备件包 (Kits) 数据表 (DN65-DN150),1
滤网、滤网固定环、主阀弹簧与阀盖垫片,"2 1/2"" (DN65)",657,3265854,减压阀,"注：价格自 2024年1月1日起生效, 已包含 13% 增值税 (VAT)。",,M N O C,"Screen, Screen Retaining Ring, Main Valve Spring & Cap Gasket",,,,,减压阀/25P_减压阀备件包_DN65-DN150.md,25P_减压阀备件包_DN65-DN150,25P 减压阀备件包 (Kits) 数据表 (DN65-DN150),1
滤网、滤网固定环、主阀弹簧与阀盖垫片,"3"" (DN80)",657,3265863,减压阀,"注：价格自 2024年1月1日起生效, 已包含 13% 增值税 (VAT)。",,M N O C,"Screen, Screen Retaining Ring, Main Valve Spring & Cap Gasket",,,,,减压阀/25P_减压阀备件包_DN65-DN150.md,25P_减压阀备件包_DN65-DN150,25P 减压阀备件包 (Kits) 数据表 (DN65-DN150),1
滤网、滤网固定环、主阀弹簧与阀盖垫片,"4""/5""",657,3265864,减压阀,"注：价格自 2024年1月1日起生效, 已包含 13% 增值税 (VAT)。",,M N O C,"Screen, Screen Retaining Ring, Main Valve Spring & Cap Gasket",,,,,减压阀/25P_减压阀备件包_DN65-DN150.md,25P_减压阀备件包_DN65-DN150,25P 减压阀备件包 (Kits) 数据表 (DN65-DN150),1
阀盖垫片、阀头与阀杆组件、阀座与阀杆导向件,"2 1/2"" (DN65)","7,006",3265853,减压阀,"注：价格自 2024年1月1日起生效, 已包含 13% 增值税 (VAT)。",,* C P Q X,"Cap Gasket, Head & Stem Assembly Seat & Stem Guide",,,,,减压阀/25P_减压阀备件包_DN65-DN150.md,25P_减压阀备件包_DN65-DN150,25P 减压阀备件包 (Kits) 数据表 (DN65-DN150),1
阀盖垫片、阀头与阀杆组件、阀座与阀杆导向件,"3"" (DN80)","8,597",3265858,减压阀,"注：价格自 2024年1月1日起生效, 已包含 13% 增值税 (VAT)。",,* C P Q X,"Cap Gasket, Head & Stem Assembly Seat & Stem Guide",,,,,减压阀/25P_减压阀备件包_DN65-DN150.md,25P_减压阀备件包_DN65-DN150,25P 减压阀备件包 (Kits) 数据表 (DN65-DN150),1
阀盖垫片、阀头与阀杆组件、阀座与阀杆导向件,"4""/5""","10,546",3265859,减压阀,"注：价格自 2024年1月1日起生效, 已包含 13% 增值税 (VAT)。",,* C P Q X,"Cap Gasket, Head & Stem Assembly Seat & Stem Guide",,,,,减压阀/25P_减压阀备件包_DN65-DN150.md,25P_减压阀备件包_DN65-DN150,25P 减压阀备件包 (Kits) 数据表 (DN65-DN150),1
下阀杆、螺母与阀杆导向件,"2 1/2"" (DN65)",632,3265788,减压阀,"注：价格自 2024年1月1日起生效, 已包含 13% 增值税 (VAT)。",,J Y Z,"Lower Stem, Nut & Stem Guide",,,,,减压阀/25P_减压阀备件包_DN65-DN150.md,25P_减压阀备件包_DN65-DN150,25P 减压阀备件包 (Kits) 数据表 (DN65-DN150),1
下阀杆、螺母与阀杆导向件,"3"" (DN80)",632,3265788,减压阀,"注：价格自 2024年1月1日起生效, 已包含 13% 增值税 (VAT)。",,J Y Z,"Lower Stem, Nut & Stem Guide",,,,,减压阀/25P_减压阀备件包_DN65-DN150.md,25P_减压阀备件包_DN65-DN150,25P 减压阀备件包 (Kits) 数据表 (DN65-DN150),1
下阀杆、螺母与阀杆导向件,"4""/5""",867,3265789,减压阀,"注：价格自 2024年1月1日起生效, 已包含 13% 增值税 (VAT)。",,J Y Z,"Lower Stem, Nut & Stem Guide",,,,,减压阀/25P_减压阀备件包_DN65-DN150.md,25P_减压阀备件包_DN65-DN150,25P 减压阀备件包 (Kits) 数据表 (DN65-DN150),1
隔膜盘,"2 1/2"" (DN65)","1,545",3258010,减压阀,"注：价格自 2024年1月1日起生效, 已包含 13% 增值税 (VAT)。",,K,Diaphragm Plate,,,,,减压阀/25P_减压阀备件包_DN65-DN150.md,25P_减压阀备件包_DN65-DN150,25P 减压阀备件包 (Kits) 数据表 (DN65-DN150),1
隔膜盘,"3"" (DN80)","1,545",3258010,减压阀,"注：价格自 2024年1月1日起生效, 已包含 13% 增值税 (VAT)。",,K,Diaphragm Plate,,,,,减压阀/25P_减压阀备件包_DN65-DN150.md,25P_减压阀备件包_DN65-DN150,25P 减压阀备件包 (Kits) 数据表 (DN65-DN150),1
隔膜盘,"4""/5""","2,162",3258011,减压阀,"注：价格自 2024年1月1日起生效, 已包含 13% 增值税 (VAT)。",,K,Diaphragm Plate,,,,,减压阀/25P_减压阀备件包_DN65-DN150.md,25P_减压阀备件包_DN65-DN150,25P 减压阀备件包 (Kits) 数据表 (DN65-DN150),1
隔膜（每套2片）,"2 1/2"" (DN65)",480,3265692,减压阀,"注：价格自 2024年1月1日起生效, 已包含 13% 增值税 (VAT)。",,L,Diaphragms (2 per set),,,,,减压阀/25P_减压阀备件包_DN65-DN150.md,25P_减压阀备件包_DN65-DN150,25P 减压阀备件包 (Kits) 数据表 (DN65-DN150),1
隔膜（每套2片）,"3"" (DN80)",480,3265692,减压阀,"注：价格自 2024年1月1日起生效, 已包含 13% 增值税 (VAT)。",,L,Diaphragms (2 per set),,,,,减压阀/25P_减压阀备件包_DN65-DN150.md,25P_减压阀备件包_DN65-DN150,25P 减压阀备件包 (Kits) 数据表 (DN65-DN150),1
隔膜（每套2片）,"4""/5""",657,3265693,减压阀,"注：价格自 2024年1月1日起生效, 已包含 13% 增值税 (VAT)。",,L,Diaphragms (2 per set),,,,,减压阀/25P_减压阀备件包_DN65-DN150.md,25P_减压阀备件包_DN65-DN150,25P 减压阀备件包 (Kits) 数据表 (DN65-DN150),1
带接头的导压管（铜制）,"2 1/2"" (DN65)",904,1326753,减压阀,"注：价格自 2024年1月1日起生效, 已包含 13% 增值税 (VAT)。",,* U (铜),Transmission Tubing with Fittings (Copper),,,,,减压阀/25P_减压阀备件包_DN65-DN150.md,25P_减压阀备件包_DN65-DN150,25P 减压阀备件包 (Kits) 数据表 (DN65-DN150),1
带接头的导压管（铜制）,"3"" (DN80)",904,1326754,减压阀,"注：价格自 2024年1月1日起生效, 已包含 13% 增值税 (VAT)。",,* U (铜),Transmission Tubing with Fittings (Copper),,,,,减压阀/25P_减压阀备件包_DN65-DN150.md,25P_减压阀备件包_DN65-DN150,25P 减压阀备件包 (Kits) 数据表 (DN65-DN150),1
带接头的导压管（铜制）,"4""/5""",904,1326755,减压阀,"注：价格自 2024年1月1日起生效, 已包含 13% 增值税 (VAT)。",,* U (铜),Transmission Tubing with Fittings (Copper),,,,,减压阀/25P_减压阀备件包_DN65-DN150.md,25P_减压阀备件包_DN65-DN150,25P 减压阀备件包 (Kits) 数据表 (DN65-DN150),1
带接头的导压管（不锈钢制）,"2 1/2"" (DN65)","1,298",6901132,减压阀,"注：价格自 2024年1月1日起生效, 已包含 13% 增值税 (VAT)。",,* U (不锈钢),Transmission Tubing with Fittings (SS),,,,,减压阀/25P_减压阀备件包_DN65-DN150.md,25P_减压阀备件包_DN65-DN150,25P 减压阀备件包 (Kits) 数据表 (DN65-DN150),1
带接头的导压管（不锈钢制）,"3"" (DN80)","1,298",6901142,减压阀,"注：价格自 2024年1月1日起生效, 已包含 13% 增值税 (VAT)。",,* U (不锈钢),Transmission Tubing with Fittings (SS),,,,,减压阀/25P_减压阀备件包_DN65-DN150.md,25P_减压阀备件包_DN65-DN150,25P 减压阀备件包 (Kits) 数据表 (DN65-DN150),1
带接头的导压管（不锈钢制）,"4""/5""","1,298",6901152,减压阀,"注：价格自 2024年1月1日起生效, 已包含 13% 增值税 (VAT)。",,* U (不锈钢),Transmission Tubing with Fittings (SS),,,,,减压阀/25P_减压阀备件包_DN65-DN150.md,25P_减压阀备件包_DN65-DN150,25P 减压阀备件包 (Kits) 数据表 (DN65-DN150),1
垫片包：阀盖、阀体/隔膜室及四个导阀垫片,"2 1/2"" (DN65)",373,3265770,减压阀,"注：价格自 2024年1月1日起生效, 已包含 13% 增值税 (VAT)。",,* C S W,"Gasket Kit: Cap, Body/Diaphragm Case & Four Pilot Gaskets",,,,,减压阀/25P_减压阀备件包_DN65-DN150.md,25P_减压阀备件包_DN65-DN150,25P 减压阀备件包 (Kits) 数据表 (DN65-DN150),1
垫片包：阀盖、阀体/隔膜室及四个导阀垫片,"3"" (DN80)",373,3265771,减压阀,"注：价格自 2024年1月1日起生效, 已包含 13% 增值税 (VAT)。",,* C S W,"Gasket Kit: Cap, Body/Diaphragm Case & Four Pilot Gaskets",,,,,减压阀/25P_减压阀备件包_DN65-DN150.md,25P_减压阀备件包_DN65-DN150,25P 减压阀备件包 (Kits) 数据表 (DN65-DN150),1
垫片包：阀盖、阀体/隔膜室及四个导阀垫片,"4""/5""",405,3265772,减压阀,"注：价格自 2024年1月1日起生效, 已包含 13% 增值税 (VAT)。",,* C S W,"Gasket Kit: Cap, Body/Diaphragm Case & Four Pilot Gaskets",,,,,减压阀/25P_减压阀备件包_DN65-DN150.md,25P_减压阀备件包_DN65-DN150,25P 减压阀备件包 (Kits) 数据表 (DN65-DN150),1
阻尼组件,"2 1/2"" (DN65)",509,3258027,减压阀,"注：价格自 2024年1月1日起生效, 已包含 13% 增值税 (VAT)。",,A1 C1,Damping Assembly,,,,,减压阀/25P_减压阀备件包_DN65-DN150.md,25P_减压阀备件包_DN65-DN150,25P 减压阀备件包 (Kits) 数据表 (DN65-DN150),1
阻尼组件,"3"" (DN80)",509,3258027,减压阀,"注：价格自 2024年1月1日起生效, 已包含 13% 增值税 (VAT)。",,A1 C1,Damping Assembly,,,,,减压阀/25P_减压阀备件包_DN65-DN150.md,25P_减压阀备件包_DN65-DN150,25P 减压阀备件包 (Kits) 数据表 (DN65-DN150),1
阻尼组件,"4""/5""",509,3258028,减压阀,"注：价格自 2024年1月1日起生效, 已包含 13% 增值税 (VAT)。",,A1 C1,Damping Assembly,,,,,减压阀/25P_减压阀备件包_DN65-DN150.md,25P_减压阀备件包_DN65-DN150,25P 减压阀备件包 (Kits) 数据表 (DN65-DN150),1
泄压管,"2 1/2"" (DN65)",349,3258022,减压阀,"注：价格自 2024年1月1日起生效, 已包含 13% 增值税 (VAT)。",,D1,Relief Tube,,,,,减压阀/25P_减压阀备件包_DN65-DN150.md,25P_减压阀备件包_DN65-DN150,25P 减压阀备件包 (Kits) 数据表 (DN65-DN150),1
泄压管,"3"" (DN80)",349,3258022,减压阀,"注：价格自 2024年1月1日起生效, 已包含 13% 增值税 (VAT)。",,D1,Relief Tube,,,,,减压阀/25P_减压阀备件包_DN65-DN150.md,25P_减压阀备件包_DN65-DN150,25P 减压阀备件包 (Kits) 数据表 (DN65-DN150),1
泄压管,"4""/5""",349,3258023,减压阀,"注：价格自 2024年1月1日起生效, 已包含 13% 增值税 (VAT)。",,D1,Relief Tube,,,,,减压阀/25P_减压阀备件包_DN65-DN150.md,25P_减压阀备件包_DN65-DN150,25P 减压阀备件包 (Kits) 数据表 (DN65-DN150),1
适用于 DN65-DN150 的感应管（铜制）,"2 1/2"" (DN65)",414,V000000000,减压阀,"注：价格自 2024年1月1日起生效, 已包含 13% 增值税 (VAT)。",,-,Sensing Tube (Copper) for DN65-DN150,,,,,减压阀/25P_减压阀备件包_DN65-DN150.md,25P_减压阀备件包_DN65-DN150,25P 减压阀备件包 (Kits) 数据表 (DN65-DN150),1
适用于 DN65-DN150 的感应管（铜制）,"3"" (DN80)",414,V000000000,减压阀,"注：价格自 2024年1月1日起生效, 已包含 13% 增值税 (VAT)。",,-,Sensing Tube (Copper) for DN65-DN150,,,,,减压阀/25P_减压阀备件包_DN65-DN150.md,25P_减压阀备件包_DN65-DN150,25P 减压阀备件包 (Kits) 数据表 (DN65-DN150),1
适用于 DN65-DN150 的感应管（铜制）,"4""/5""",414,V000000000,减压阀,"注：价格自 2024年1月1日起生效, 已包含 13% 增值税 (VAT)。",,-,Sensing Tube (Copper) for DN65-DN150,,,,,减压阀/25P_减压阀备件包_DN65-DN150.md,25P_减压阀备件包_DN65-DN150,25P 减压阀备件包 (Kits) 数据表 (DN65-DN150),1
25P 导阀 SG 红弹簧,,"2,494",3266760,减压阀,"注：价格自 2024年1月1日起生效, 已包含 13% 增值税 (VAT)。",,-,25P Pilot Valve SG Red Spring,,,,,减压阀/25P_导阀备件包_数据表.md,25P_导阀备件包_数据表,25P 导阀备件包数据表 (25P Pilot Valve),1
25P 导阀 SG 蓝弹簧,,"2,494",3266761,减压阀,"注：价格自 2024年1月1日起生效, 已包含 13% 增值税 (VAT)。",,-,25P Pilot Valve SG Blue Spring,,,,,减压阀/25P_导阀备件包_数据表.md,25P_导阀备件包_数据表,25P 导阀备件包数据表 (25P Pilot Valve),1
25P 导阀 SG 黄弹簧,,"2,494",3266762,减压阀,"注：价格自 2024年1月1日起生效, 已包含 13% 增值税 (VAT)。",,-,25P Pilot Valve SG Yellow Spring,,,,,减压阀/25P_导阀备件包_数据表.md,25P_导阀备件包_数据表,25P 导阀备件包数据表 (25P Pilot Valve),1
带固定环的盖板,,238,3265791,减压阀,"注：价格自 2024年1月1日起生效, 已包含 13% 增值税 (VAT)。",,A B,Cover Plate with Retaining Ring,,,,,减压阀/25P_导阀备件包_数据表.md,25P_导阀备件包_数据表,25P 导阀备件包数据表 (25P Pilot Valve),1
调节螺钉（含螺母与上弹簧支撑盘）,,325,3265867,减压阀,"注：价格自 2024年1月1日起生效, 已包含 13% 增值税 (VAT)。",,G H,Adjustment Screw with Nut and Upper Spring Support Discs,,,,,减压阀/25P_导阀备件包_数据表.md,25P_导阀备件包_数据表,25P 导阀备件包数据表 (25P Pilot Valve),1
调节弹簧（黄色）,,288,3258004,减压阀,"注：价格自 2024年1月1日起生效, 已包含 13% 增值税 (VAT)。",,K,Adjustment Spring Yellow,,,,,减压阀/25P_导阀备件包_数据表.md,25P_导阀备件包_数据表,25P 导阀备件包数据表 (25P Pilot Valve),1
调节弹簧（蓝色）,,288,3258005,减压阀,"注：价格自 2024年1月1日起生效, 已包含 13% 增值税 (VAT)。",,K,Adjustment Spring Blue,,,,,减压阀/25P_导阀备件包_数据表.md,25P_导阀备件包_数据表,25P 导阀备件包数据表 (25P Pilot Valve),1
调节弹簧（红色）,,288,3258006,减压阀,"注：价格自 2024年1月1日起生效, 已包含 13% 增值税 (VAT)。",,K,Adjustment Spring Red,,,,,减压阀/25P_导阀备件包_数据表.md,25P_导阀备件包_数据表,25P 导阀备件包数据表 (25P Pilot Valve),1
隔膜组件,,325,6902220,减压阀,"注：价格自 2024年1月1日起生效, 已包含 13% 增值税 (VAT)。",,L,Diaphragm Assembly,,,,,减压阀/25P_导阀备件包_数据表.md,25P_导阀备件包_数据表,25P 导阀备件包数据表 (25P Pilot Valve),1
阀杆导向件（含垫片 P 和 PA）,,225,3265793,减压阀,"注：价格自 2024年1月1日起生效, 已包含 13% 增值税 (VAT)。",,M N,Stem Guide with Gasket P & PA,,,,,减压阀/25P_导阀备件包_数据表.md,25P_导阀备件包_数据表,25P 导阀备件包数据表 (25P Pilot Valve),1
阀杆导向件（含密封件与垫片，适用于 25 BP，未在图中标出）,,278,3265794,减压阀,"注：价格自 2024年1月1日起生效, 已包含 13% 增值税 (VAT)。",,P Q R,Stem Guide with Seal & Gasket 25 BP (not shown),,,,,减压阀/25P_导阀备件包_数据表.md,25P_导阀备件包_数据表,25P 导阀备件包数据表 (25P Pilot Valve),1
阀头与阀座组件（含垫片，蒸汽用）,,655,3265797,减压阀,"注：价格自 2024年1月1日起生效, 已包含 13% 增值税 (VAT)。",,S T,Head & Seat Assembly with Gasket(Steam),,,,,减压阀/25P_导阀备件包_数据表.md,25P_导阀备件包_数据表,25P 导阀备件包数据表 (25P Pilot Valve),1
阀头与阀座组件（含垫片，气体用）,,864,3265798,减压阀,"注：价格自 2024年1月1日起生效, 已包含 13% 增值税 (VAT)。",,S T,Head & Seat Assembly with Gasket(Gas),,,,,减压阀/25P_导阀备件包_数据表.md,25P_导阀备件包_数据表,25P 导阀备件包数据表 (25P Pilot Valve),1
阀头与阀座组件（适用于 25BP，未在图中标出）,,739,3265875,减压阀,"注：价格自 2024年1月1日起生效, 已包含 13% 增值税 (VAT)。",,U V,Head & Seat Assembly for25BP (not shown),,,,,减压阀/25P_导阀备件包_数据表.md,25P_导阀备件包_数据表,25P 导阀备件包数据表 (25P Pilot Valve),1
通用导阀方形垫片（每包3个）,,176,3265866,减压阀,"注：价格自 2024年1月1日起生效, 已包含 13% 增值税 (VAT)。",,W,Square Gasket for all Pilots (packet of 3),,,,,减压阀/25P_导阀备件包_数据表.md,25P_导阀备件包_数据表,25P 导阀备件包数据表 (25P Pilot Valve),1
主阀弹簧与下隔膜盖垫片,"6"" (DN150)","1,791",201.150.012,减压阀,"注：价格自 2024年1月1日起生效, 已包含 13% 增值税 (VAT)。",,O S,Main Valve Spring & Lower Diaphragm Cover Gaskets,,,,,减压阀/25系列减压阀备件包_6寸.md,25系列减压阀备件包_6寸,"25 系列减压阀备件包数据表 (6"" / DN150)",1
隔膜盘与固定螺丝,"6"" (DN150)","10,477",1.201.150.004,减压阀,"注：价格自 2024年1月1日起生效, 已包含 13% 增值税 (VAT)。",,K D,Diaphragm Plate & Set Screws,,,,,减压阀/25系列减压阀备件包_6寸.md,25系列减压阀备件包_6寸,"25 系列减压阀备件包数据表 (6"" / DN150)",1
阀盖垫片、阀头与阀杆组件、阀座与阀杆导向件,"6"" (DN150)","22,618",1201150800,减压阀,"注：价格自 2024年1月1日起生效, 已包含 13% 增值税 (VAT)。",,C P Q,"Cap Gasket, Head & Stem Assembly Seat & Stem Guide",,,,,减压阀/25系列减压阀备件包_6寸.md,25系列减压阀备件包_6寸,"25 系列减压阀备件包数据表 (6"" / DN150)",1
导阀滤网组件,"6"" (DN150)",448,1201.150.316,减压阀,"注：价格自 2024年1月1日起生效, 已包含 13% 增值税 (VAT)。",,I J,Pilot Screen Assembly,,,,,减压阀/25系列减压阀备件包_6寸.md,25系列减压阀备件包_6寸,"25 系列减压阀备件包数据表 (6"" / DN150)",1
主隔膜（每套2片）,"6"" (DN150)","7,470",201.150.444,减压阀,"注：价格自 2024年1月1日起生效, 已包含 13% 增值税 (VAT)。",,L,Main Diaphragms (2 per set),,,,,减压阀/25系列减压阀备件包_6寸.md,25系列减压阀备件包_6寸,"25 系列减压阀备件包数据表 (6"" / DN150)",1
带接头的导压管（铜制）,"6"" (DN150)","2,197",201.150.200,减压阀,"注：价格自 2024年1月1日起生效, 已包含 13% 增值税 (VAT)。",,* U (铜),Transmission Tubing with Fittings (Copper),,,,,减压阀/25系列减压阀备件包_6寸.md,25系列减压阀备件包_6寸,"25 系列减压阀备件包数据表 (6"" / DN150)",1
带接头的导压管（不锈钢制）,"6"" (DN150)","6,492",2201150200,减压阀,"注：价格自 2024年1月1日起生效, 已包含 13% 增值税 (VAT)。",,* U (不锈钢),Transmission Tubing with Fittings (SS),,,,,减压阀/25系列减压阀备件包_6寸.md,25系列减压阀备件包_6寸,"25 系列减压阀备件包数据表 (6"" / DN150)",1
垫片包：阀盖、阀体/隔膜室及导阀垫片,"6"" (DN150)","1,443",201.150.333,减压阀,"注：价格自 2024年1月1日起生效, 已包含 13% 增值税 (VAT)。",,C S W,"Gasket Kit: Cap, Body/Diaphragm Case & Pilot Gaskets",,,,,减压阀/25系列减压阀备件包_6寸.md,25系列减压阀备件包_6寸,"25 系列减压阀备件包数据表 (6"" / DN150)",1
铸铁导阀平台,"6"" (DN150)","2,219",1.201.150.320,减压阀,"注：价格自 2024年1月1日起生效, 已包含 13% 增值税 (VAT)。",,X,Pilot Platform Cast Iron,,,,,减压阀/25系列减压阀备件包_6寸.md,25系列减压阀备件包_6寸,"25 系列减压阀备件包数据表 (6"" / DN150)",1
导阀与主阀连接管,"6"" (DN150)",833,1201150010,减压阀,"注：价格自 2024年1月1日起生效, 已包含 13% 增值税 (VAT)。",,Y,Pilot & Main Linkage Tube,,,,,减压阀/25系列减压阀备件包_6寸.md,25系列减压阀备件包_6寸,"25 系列减压阀备件包数据表 (6"" / DN150)",1
BRV2S GREY (1/2吋 灰色),"1/2""","4,701",0457300,减压阀,注：此系列亦提供 NPT 螺纹连接 (Also Available with NPT connections).,Y,,,,,,,减压阀/BRV2S.md,BRV2S,BRV2S 减压阀价格表 (BRV2S - screwed BSP or flanged PN25),1
BRV2S GREEN (1/2吋 绿色),"1/2""","4,701",0457400,减压阀,注：此系列亦提供 NPT 螺纹连接 (Also Available with NPT connections).,Y,,,,,,,减压阀/BRV2S.md,BRV2S,BRV2S 减压阀价格表 (BRV2S - screwed BSP or flanged PN25),1
BRV2S ORG (1/2吋 橙色),"1/2""","4,701",0457500,减压阀,注：此系列亦提供 NPT 螺纹连接 (Also Available with NPT connections).,Y,,,,,,,减压阀/BRV2S.md,BRV2S,BRV2S 减压阀价格表 (BRV2S - screwed BSP or flanged PN25),1
BRV2S GREY (3/4吋 灰色),"3/4""","4,862",0458300,减压阀,注：此系列亦提供 NPT 螺纹连接 (Also Available with NPT connections).,Y,,,,,,,减压阀/BRV2S.md,BRV2S,BRV2S 减压阀价格表 (BRV2S - screwed BSP or flanged PN25),1
BRV2S GREEN (3/4吋 绿色),"3/4""","4,862",0458400,减压阀,注：此系列亦提供 NPT 螺纹连接 (Also Available with NPT connections).,Y,,,,,,,减压阀/BRV2S.md,BRV2S,BRV2S 减压阀价格表 (BRV2S - screwed BSP or flanged PN25),1
BRV2S ORG (3/4吋 橙色),"3/4""","4,862",0458500,减压阀,注：此系列亦提供 NPT 螺纹连接 (Also Available with NPT connections).,Y,,,,,,,减压阀/BRV2S.md,BRV2S,BRV2S 减压阀价格表 (BRV2S - screwed BSP or flanged PN25),1
BRV2S GREY (1吋 灰色),"1""","5,083",0459300,减压阀,注：此系列亦提供 NPT 螺纹连接 (Also Available with NPT connections).,Y,,,,,,,减压阀/BRV2S.md,BRV2S,BRV2S 减压阀价格表 (BRV2S - screwed BSP or flanged PN25),1
BRV2S GREEN (1吋 绿色),"1""","5,083",0459400,减压阀,注：此系列亦提供 NPT 螺纹连接 (Also Available with NPT connections).,Y,,,,,,,减压阀/BRV2S.md,BRV2S,BRV2S 减压阀价格表 (BRV2S - screwed BSP or flanged PN25),1
BRV2S ORG (1吋 橙色),"1""","5,083",0459500,减压阀,注：此系列亦提供 NPT 螺纹连接 (Also Available with NPT connections).,Y,,,,,,,减压阀/BRV2S.md,BRV2S,BRV2S 减压阀价格表 (BRV2S - screwed BSP or flanged PN25),1
BRV2S GREY (灰色),DN15,"6,835",0457393,减压阀,注：此系列亦提供 NPT 螺纹连接 (Also Available with NPT connections).,Y,,,,,,,减压阀/BRV2S.md,BRV2S,BRV2S 减压阀价格表 (BRV2S - screwed BSP or flanged PN25),1
BRV2S GREEN (绿色),DN15,"6,835",0457493,减压阀,注：此系列亦提供 NPT 螺纹连接 (Also Available with NPT connections).,Y,,,,,,,减压阀/BRV2S.md,BRV2S,BRV2S 减压阀价格表 (BRV2S - screwed BSP or flanged PN25),1
BRV2S ORG (橙色),DN15,"6,835",0457593,减压阀,注：此系列亦提供 NPT 螺纹连接 (Also Available with NPT connections).,Y,,,,,,,减压阀/BRV2S.md,BRV2S,BRV2S 减压阀价格表 (BRV2S - screwed BSP or flanged PN25),1
BRV2S GREY (灰色),DN20,"6,959",0458393,减压阀,注：此系列亦提供 NPT 螺纹连接 (Also Available with NPT connections).,Y,,,,,,,减压阀/BRV2S.md,BRV2S,BRV2S 减压阀价格表 (BRV2S - screwed BSP or flanged PN25),1
BRV2S GREEN (绿色),DN20,"6,959",0458493,减压阀,注：此系列亦提供 NPT 螺纹连接 (Also Available with NPT connections).,Y,,,,,,,减压阀/BRV2S.md,BRV2S,BRV2S 减压阀价格表 (BRV2S - screwed BSP or flanged PN25),1
BRV2S ORG (橙色),DN20,"6,959",0458593,减压阀,注：此系列亦提供 NPT 螺纹连接 (Also Available with NPT connections).,Y,,,,,,,减压阀/BRV2S.md,BRV2S,BRV2S 减压阀价格表 (BRV2S - screwed BSP or flanged PN25),1
BRV2S GREY (灰色),DN25,"7,130",0459393,减压阀,注：此系列亦提供 NPT 螺纹连接 (Also Available with NPT connections).,Y,,,,,,,减压阀/BRV2S.md,BRV2S,BRV2S 减压阀价格表 (BRV2S - screwed BSP or flanged PN25),1
BRV2S GREEN (绿色),DN25,"7,130",0459493,减压阀,注：此系列亦提供 NPT 螺纹连接 (Also Available with NPT connections).,Y,,,,,,,减压阀/BRV2S.md,BRV2S,BRV2S 减压阀价格表 (BRV2S - screwed BSP or flanged PN25),1
BRV2S ORG (橙色),DN25,"7,130",0459593,减压阀,注：此系列亦提供 NPT 螺纹连接 (Also Available with NPT connections).,Y,,,,,,,减压阀/BRV2S.md,BRV2S,BRV2S 减压阀价格表 (BRV2S - screwed BSP or flanged PN25),1
控制弹簧（绿色）及阀盖，适用于 BRV2 / BRV7,,251,0457484,减压阀,,,,CONTROL SPRING ( GREEN) & CAP FOR BRV2 / BRV7,,,,"4,18",减压阀/BRV2S:2B:2SP:2BP:2S5:2B5系列减压阀备件表 (Spare Parts).md,BRV2S:2B:2SP:2BP:2S5:2B5系列减压阀备件表 (Spare Parts),BRV2S / 2B / 2SP / 2BP / 2S5 / 2B5 系列减压阀备件表 (Spare Parts),1
控制弹簧（灰色）及阀盖，适用于 BRV2 / BRV7,,251,0457384,减压阀,,,,CONTROL SPRING ( GREY) & CAP FOR BRV2 / BRV 7,,,,"4,18",减压阀/BRV2S:2B:2SP:2BP:2S5:2B5系列减压阀备件表 (Spare Parts).md,BRV2S:2B:2SP:2BP:2S5:2B5系列减压阀备件表 (Spare Parts),BRV2S / 2B / 2SP / 2BP / 2S5 / 2B5 系列减压阀备件表 (Spare Parts),1
控制弹簧（橙色）及阀盖，适用于 BRV2,,251,0457584,减压阀,,,,CONTROL SPRING ( ORANGE) & CAP FOR BRV2,,,,"4,18",减压阀/BRV2S:2B:2SP:2BP:2S5:2B5系列减压阀备件表 (Spare Parts).md,BRV2S:2B:2SP:2BP:2S5:2B5系列减压阀备件表 (Spare Parts),BRV2S / 2B / 2SP / 2BP / 2S5 / 2B5 系列减压阀备件表 (Spare Parts),1
"波纹管组件，适用于 BRV2S, SRV2S 以及 BRV7 的控制波纹管",,"1,162",0457380,减压阀,,,,"BELLOWS ASSY FOR BRV2S, SRV2S & CONTROL BELLOWS For BRV7",,,,"5,6,9",减压阀/BRV2S:2B:2SP:2BP:2S5:2B5系列减压阀备件表 (Spare Parts).md,BRV2S:2B:2SP:2BP:2S5:2B5系列减压阀备件表 (Spare Parts),BRV2S / 2B / 2SP / 2BP / 2S5 / 2B5 系列减压阀备件表 (Spare Parts),1
波纹管组件，适用于 BRV2B/BP & LRV2B,,"1,504",0457382,减压阀,,,,BELLOWS ASSY FOR BRV2B/BP & LRV2B,,,,"5,6,9",减压阀/BRV2S:2B:2SP:2BP:2S5:2B5系列减压阀备件表 (Spare Parts).md,BRV2S:2B:2SP:2BP:2S5:2B5系列减压阀备件表 (Spare Parts),BRV2S / 2B / 2SP / 2BP / 2S5 / 2B5 系列减压阀备件表 (Spare Parts),1
螺栓组，适用于 BRV2,,176,0457383,减压阀,,,,BOLTS SET FOR BRV2,,,,7,减压阀/BRV2S:2B:2SP:2BP:2S5:2B5系列减压阀备件表 (Spare Parts).md,BRV2S:2B:2SP:2BP:2S5:2B5系列减压阀备件表 (Spare Parts),BRV2S / 2B / 2SP / 2BP / 2S5 / 2B5 系列减压阀备件表 (Spare Parts),1
阀座组件，适用于 BRV2S / 2B / 2SP / 2BP / 2S5 / 2B5,"1/2""",891,10457381,减压阀,,,,"SEAT ASSY FOR 1/2"" BRV2S / 2B / 2SP / 2BP / 2S5 / 2B5",,,,"6,11,12,19",减压阀/BRV2S:2B:2SP:2BP:2S5:2B5系列减压阀备件表 (Spare Parts).md,BRV2S:2B:2SP:2BP:2S5:2B5系列减压阀备件表 (Spare Parts),BRV2S / 2B / 2SP / 2BP / 2S5 / 2B5 系列减压阀备件表 (Spare Parts),1
阀座组件，适用于 BRV2S / 2B / 2SP / 2BP / 2S5 / 2B5,"3/4""","1,030",10458381,减压阀,,,,"SEAT ASSY FOR 3/4"" BRV2S / 2B / 2SP / 2BP / 2S5 / 2B5",,,,"6,11,12,19",减压阀/BRV2S:2B:2SP:2BP:2S5:2B5系列减压阀备件表 (Spare Parts).md,BRV2S:2B:2SP:2BP:2S5:2B5系列减压阀备件表 (Spare Parts),BRV2S / 2B / 2SP / 2BP / 2S5 / 2B5 系列减压阀备件表 (Spare Parts),1
阀座组件，适用于 BRV2S / 2B / 2SP / 2BP / 2S5 / 2B5,"1""","1,202",10459381,减压阀,,,,"SEAT ASSY FOR 1"" BRV2S / 2B / 2SP / 2BP / 2S5 / 2B5",,,,"6,11,12,19",减压阀/BRV2S:2B:2SP:2BP:2S5:2B5系列减压阀备件表 (Spare Parts).md,BRV2S:2B:2SP:2BP:2S5:2B5系列减压阀备件表 (Spare Parts),BRV2S / 2B / 2SP / 2BP / 2S5 / 2B5 系列减压阀备件表 (Spare Parts),1
垫片组，适用于 BRV2,,221,0957243,减压阀,,,,GASKET SET FOR BRV2,,,,"6,12",减压阀/BRV2S:2B:2SP:2BP:2S5:2B5系列减压阀备件表 (Spare Parts).md,BRV2S:2B:2SP:2BP:2S5:2B5系列减压阀备件表 (Spare Parts),BRV2S / 2B / 2SP / 2BP / 2S5 / 2B5 系列减压阀备件表 (Spare Parts),1
垫片组，适用于 LRV2/BRV2S5/BRV2B5,,359,0957244,减压阀,,,,GASKET SET FOR LRV2/BRV2S5/BRV2B5,,,,"6,12,17",减压阀/BRV2S:2B:2SP:2BP:2S5:2B5系列减压阀备件表 (Spare Parts).md,BRV2S:2B:2SP:2BP:2S5:2B5系列减压阀备件表 (Spare Parts),BRV2S / 2B / 2SP / 2BP / 2S5 / 2B5 系列减压阀备件表 (Spare Parts),1
BELLOWS & PUSH ROD ASSY FOR BRV7 & HP10 / (BRV7及HP10波纹管与推杆组件),DN25-DN32,"3,691",2100080,减压阀,,,,,,,,"E,C,H",减压阀/BRV7 备件价格表.md,BRV7 备件价格表,BRV7 备件价格表 (Spare Parts - BRV7),1
BELLOWS & PUSH ROD ASSY FOR BRV7 & HP10 / (BRV7及HP10波纹管与推杆组件),DN40-DN50,"3,419",2100680,减压阀,,,,,,,,"E,C,H",减压阀/BRV7 备件价格表.md,BRV7 备件价格表,BRV7 备件价格表 (Spare Parts - BRV7),1
BOLTS SET FOR BRV7 & HP10 / (BRV7及HP10螺栓组),DN25-DN50,127,2100084,减压阀,,,,,,,,"L,A",减压阀/BRV7 备件价格表.md,BRV7 备件价格表,BRV7 备件价格表 (Spare Parts - BRV7),1
BOTTOM CAP & GASKET SET FOR BRV7 & HP10 / (BRV7及HP10底盖与垫片组),DN25-DN50,"1,323",2100082,减压阀,,,,,,,,F,减压阀/BRV7 备件价格表.md,BRV7 备件价格表,BRV7 备件价格表 (Spare Parts - BRV7),1
CONTROL SPRING (ORANGE) & CAP FOR BRV7 & HP10 / (BRV7及HP10控制弹簧(橙色)与帽),DN25-DN50,251,2100085,减压阀,,,,,,,,"K,Q",减压阀/BRV7 备件价格表.md,BRV7 备件价格表,BRV7 备件价格表 (Spare Parts - BRV7),1
RETURN SPRING & GASKET SET FOR BRV7 & HP10 / (BRV7及HP10复位弹簧与垫片组),DN25-DN50,238,2100083,减压阀,,,,,,,,"D,F",减压阀/BRV7 备件价格表.md,BRV7 备件价格表,BRV7 备件价格表 (Spare Parts - BRV7),1
STRAINER SCREEN & GASKET SET FOR BRV7 & HP10 / (BRV7及HP10过滤网与垫片组),DN25-DN50,891,2100081,减压阀,,,,,,,,"G,F",减压阀/BRV7 备件价格表.md,BRV7 备件价格表,BRV7 备件价格表 (Spare Parts - BRV7),1
BRV71 GREY (1吋 灰色彈簧),"1""","10,300",210300,减压阀,,N,,,,,,,减压阀/BRV71和BRV73.md,BRV71和BRV73,"BRV71 / BRV73 減壓閥價格表 (BRV71 - screwed BSP, BRV73 flanged PN16)",1
BRV71 GREEN (1吋 綠色彈簧),"1""","10,300",2103100,减压阀,,Y,,,,,,,减压阀/BRV71和BRV73.md,BRV71和BRV73,"BRV71 / BRV73 減壓閥價格表 (BRV71 - screwed BSP, BRV73 flanged PN16)",1
BRV71 ORG (1吋 橙色彈簧),"1""","10,300",2103200,减压阀,,N,,,,,,,减压阀/BRV71和BRV73.md,BRV71和BRV73,"BRV71 / BRV73 減壓閥價格表 (BRV71 - screwed BSP, BRV73 flanged PN16)",1
BRV71 GREY (1 1/4吋 灰色彈簧),"1 1/4""","10,706",2103300,减压阀,,N,,,,,,,减压阀/BRV71和BRV73.md,BRV71和BRV73,"BRV71 / BRV73 減壓閥價格表 (BRV71 - screwed BSP, BRV73 flanged PN16)",1
BRV71 GREEN (1 1/4吋 綠色彈簧),"1 1/4""","10,706",2103400,减压阀,,N,,,,,,,减压阀/BRV71和BRV73.md,BRV71和BRV73,"BRV71 / BRV73 減壓閥價格表 (BRV71 - screwed BSP, BRV73 flanged PN16)",1
BRV71 ORG (1 1/4吋 橙色彈簧),"1 1/4""","10,706",2103500,减压阀,,N,,,,,,,减压阀/BRV71和BRV73.md,BRV71和BRV73,"BRV71 / BRV73 減壓閥價格表 (BRV71 - screwed BSP, BRV73 flanged PN16)",1
BRV71 GREY (1 1/2吋 灰色彈簧),"1 1/2""","11,025",2103600,减压阀,,N,,,,,,,减压阀/BRV71和BRV73.md,BRV71和BRV73,"BRV71 / BRV73 減壓閥價格表 (BRV71 - screwed BSP, BRV73 flanged PN16)",1
BRV71 GREEN (1 1/2吋 綠色彈簧),"1 1/2""","11,025",2103700,减压阀,,N,,,,,,,减压阀/BRV71和BRV73.md,BRV71和BRV73,"BRV71 / BRV73 減壓閥價格表 (BRV71 - screwed BSP, BRV73 flanged PN16)",1
BRV71 ORG (1 1/2吋 橙色彈簧),"1 1/2""","11,025",2103800,减压阀,,N,,,,,,,减压阀/BRV71和BRV73.md,BRV71和BRV73,"BRV71 / BRV73 減壓閥價格表 (BRV71 - screwed BSP, BRV73 flanged PN16)",1
BRV71 GREY (2吋 灰色彈簧),"2""","11,483",2103900,减压阀,,N,,,,,,,减压阀/BRV71和BRV73.md,BRV71和BRV73,"BRV71 / BRV73 減壓閥價格表 (BRV71 - screwed BSP, BRV73 flanged PN16)",1
BRV71 GREEN (2吋 綠色彈簧),"2""","11,483",2104000,减压阀,,N,,,,,,,减压阀/BRV71和BRV73.md,BRV71和BRV73,"BRV71 / BRV73 減壓閥價格表 (BRV71 - screwed BSP, BRV73 flanged PN16)",1
BRV71 ORG (2吋 橙色彈簧),"2""","11,483",2104100,减压阀,,N,,,,,,,减压阀/BRV71和BRV73.md,BRV71和BRV73,"BRV71 / BRV73 減壓閥價格表 (BRV71 - screwed BSP, BRV73 flanged PN16)",1
BRV73 GREY (灰色彈簧),DN25,"11,814",2103093,减压阀,,N,,,,,,,减压阀/BRV71和BRV73.md,BRV71和BRV73,"BRV71 / BRV73 減壓閥價格表 (BRV71 - screwed BSP, BRV73 flanged PN16)",1
BRV73 GREEN (綠色彈簧),DN25,"11,814",2103193,减压阀,,Y,,,,,,,减压阀/BRV71和BRV73.md,BRV71和BRV73,"BRV71 / BRV73 減壓閥價格表 (BRV71 - screwed BSP, BRV73 flanged PN16)",1
BRV73 ORG (橙色彈簧),DN25,"11,814",2103293,减压阀,,Y,,,,,,,减压阀/BRV71和BRV73.md,BRV71和BRV73,"BRV71 / BRV73 減壓閥價格表 (BRV71 - screwed BSP, BRV73 flanged PN16)",1
BRV73 GREY (灰色彈簧),DN32,"12,307",2103393,减压阀,,N,,,,,,,减压阀/BRV71和BRV73.md,BRV71和BRV73,"BRV71 / BRV73 減壓閥價格表 (BRV71 - screwed BSP, BRV73 flanged PN16)",1
BRV73 GREEN (綠色彈簧),DN32,"12,307",2103493,减压阀,,Y,,,,,,,减压阀/BRV71和BRV73.md,BRV71和BRV73,"BRV71 / BRV73 減壓閥價格表 (BRV71 - screwed BSP, BRV73 flanged PN16)",1
BRV73 ORG (橙色彈簧),DN32,"12,307",2103593,减压阀,,N,,,,,,,减压阀/BRV71和BRV73.md,BRV71和BRV73,"BRV71 / BRV73 減壓閥價格表 (BRV71 - screwed BSP, BRV73 flanged PN16)",1
BRV73 GREY (灰色彈簧),DN40,"12,876",2103693,减压阀,,N,,,,,,,减压阀/BRV71和BRV73.md,BRV71和BRV73,"BRV71 / BRV73 減壓閥價格表 (BRV71 - screwed BSP, BRV73 flanged PN16)",1
BRV73 GREEN (綠色彈簧),DN40,"12,876",2103793,减压阀,,Y,,,,,,,减压阀/BRV71和BRV73.md,BRV71和BRV73,"BRV71 / BRV73 減壓閥價格表 (BRV71 - screwed BSP, BRV73 flanged PN16)",1
BRV73 ORG (橙色彈簧),DN40,"12,876",2103893,减压阀,,N,,,,,,,减压阀/BRV71和BRV73.md,BRV71和BRV73,"BRV71 / BRV73 減壓閥價格表 (BRV71 - screwed BSP, BRV73 flanged PN16)",1
BRV73 GREY (灰色彈簧),DN50,"13,282",2103993,减压阀,,N,,,,,,,减压阀/BRV71和BRV73.md,BRV71和BRV73,"BRV71 / BRV73 減壓閥價格表 (BRV71 - screwed BSP, BRV73 flanged PN16)",1
BRV73 GREEN (綠色彈簧),DN50,"13,282",2104093,减压阀,,Y,,,,,,,减压阀/BRV71和BRV73.md,BRV71和BRV73,"BRV71 / BRV73 減壓閥價格表 (BRV71 - screwed BSP, BRV73 flanged PN16)",1
BRV73 ORG (橙色彈簧),DN50,"13,282",2104193,减压阀,,Y,,,,,,,减压阀/BRV71和BRV73.md,BRV71和BRV73,"BRV71 / BRV73 減壓閥價格表 (BRV71 - screwed BSP, BRV73 flanged PN16)",1
Maintenance Kit For DP143 LC,DN15,"4,941",0062088,减压阀,,,,,,,,,减压阀/DP143 减压阀备件与价格表.md,DP143 减压阀备件与价格表,备件 (Spare Part),1
Maintenance Kit For DP143,DN20,"4,941",0064088,减压阀,,,,,,,,,减压阀/DP143 减压阀备件与价格表.md,DP143 减压阀备件与价格表,备件 (Spare Part),1
Maintenance Kit For DP143,DN25,"5,053",0066088,减压阀,,,,,,,,,减压阀/DP143 减压阀备件与价格表.md,DP143 减压阀备件与价格表,备件 (Spare Part),1
Maintenance Kit For DP143,DN32,"5,053",0068088,减压阀,,,,,,,,,减压阀/DP143 减压阀备件与价格表.md,DP143 减压阀备件与价格表,备件 (Spare Part),1
Maintenance Kit For DP143,DN40,"7,890",0070088,减压阀,,,,,,,,,减压阀/DP143 减压阀备件与价格表.md,DP143 减压阀备件与价格表,备件 (Spare Part),1
Maintenance Kit For DP143,DN50,"7,890",0072088,减压阀,,,,,,,,,减压阀/DP143 减压阀备件与价格表.md,DP143 减压阀备件与价格表,备件 (Spare Part),1
Maintenance Kit For DP143,DN80,"7,410",0074088,减压阀,,,,,,,,,减压阀/DP143 减压阀备件与价格表.md,DP143 减压阀备件与价格表,备件 (Spare Part),1
DP143,DN15,"42,184",0062693,减压阀,备注: 也可提供 ANSI 法兰连接 (Also available with ANSI flanged connection).,N,,,,,,,减压阀/DP143.md,DP143,DP143 法兰 (DP143 flanged),1
DP143,DN20,"43,508",0064693,减压阀,备注: 也可提供 ANSI 法兰连接 (Also available with ANSI flanged connection).,N,,,,,,,减压阀/DP143.md,DP143,DP143 法兰 (DP143 flanged),1
DP143,DN25,"55,286",0066693,减压阀,备注: 也可提供 ANSI 法兰连接 (Also available with ANSI flanged connection).,N,,,,,,,减压阀/DP143.md,DP143,DP143 法兰 (DP143 flanged),1
DP143,DN32,"57,502",0068693,减压阀,备注: 也可提供 ANSI 法兰连接 (Also available with ANSI flanged connection).,N,,,,,,,减压阀/DP143.md,DP143,DP143 法兰 (DP143 flanged),1
DP143,DN40,"65,613",0070693,减压阀,备注: 也可提供 ANSI 法兰连接 (Also available with ANSI flanged connection).,N,,,,,,,减压阀/DP143.md,DP143,DP143 法兰 (DP143 flanged),1
DP143,DN50,"68,450",0072693,减压阀,备注: 也可提供 ANSI 法兰连接 (Also available with ANSI flanged connection).,N,,,,,,,减压阀/DP143.md,DP143,DP143 法兰 (DP143 flanged),1
DP143,DN80,"123,760",0074293,减压阀,备注: 也可提供 ANSI 法兰连接 (Also available with ANSI flanged connection).,N,,,,,,,减压阀/DP143.md,DP143,DP143 法兰 (DP143 flanged),1
DP27LC BSP,"1/2""","23,040",4700100IN,减压阀,备注: 也可提供 NPT 连接或 ANSI 法兰 (Also available with NPT connections or ANSI flanged).,N,,,,,,,减压阀/DP27.md,DP27,DP27 - 螺纹 BSP 或法兰 PN16/25 (DP27 - screwed BSP or flanged either PN16/25),1
DP27 BSP,"1/2""","23,040",4700000IN,减压阀,备注: 也可提供 NPT 连接或 ANSI 法兰 (Also available with NPT connections or ANSI flanged).,N,,,,,,,减压阀/DP27.md,DP27,DP27 - 螺纹 BSP 或法兰 PN16/25 (DP27 - screwed BSP or flanged either PN16/25),1
DP27 BSP,"3/4""","24,338",4700200IN,减压阀,备注: 也可提供 NPT 连接或 ANSI 法兰 (Also available with NPT connections or ANSI flanged).,N,,,,,,,减压阀/DP27.md,DP27,DP27 - 螺纹 BSP 或法兰 PN16/25 (DP27 - screwed BSP or flanged either PN16/25),1
DP27 BSP,"1""","24,338",4700300IN,减压阀,备注: 也可提供 NPT 连接或 ANSI 法兰 (Also available with NPT connections or ANSI flanged).,N,,,,,,,减压阀/DP27.md,DP27,DP27 - 螺纹 BSP 或法兰 PN16/25 (DP27 - screwed BSP or flanged either PN16/25),1
DP27LC PN25/16,DN15,"29,698",4700194IN,减压阀,备注: 也可提供 NPT 连接或 ANSI 法兰 (Also available with NPT connections or ANSI flanged).,N,,,,,,,减压阀/DP27.md,DP27,DP27 - 螺纹 BSP 或法兰 PN16/25 (DP27 - screwed BSP or flanged either PN16/25),1
DP27 PN25/16,DN15,"29,698",4700009IN,减压阀,备注: 也可提供 NPT 连接或 ANSI 法兰 (Also available with NPT connections or ANSI flanged).,Y,,,,,,,减压阀/DP27.md,DP27,DP27 - 螺纹 BSP 或法兰 PN16/25 (DP27 - screwed BSP or flanged either PN16/25),1
DP27 PN25/16,DN20,"31,123",4700294IN,减压阀,备注: 也可提供 NPT 连接或 ANSI 法兰 (Also available with NPT connections or ANSI flanged).,Y,,,,,,,减压阀/DP27.md,DP27,DP27 - 螺纹 BSP 或法兰 PN16/25 (DP27 - screwed BSP or flanged either PN16/25),1
DP27 PN25/16,DN25,"31,673",4700394IN,减压阀,备注: 也可提供 NPT 连接或 ANSI 法兰 (Also available with NPT connections or ANSI flanged).,Y,,,,,,,减压阀/DP27.md,DP27,DP27 - 螺纹 BSP 或法兰 PN16/25 (DP27 - screwed BSP or flanged either PN16/25),1
DP27 PN25/16,DN32,"32,365",4700494IN,减压阀,备注: 也可提供 NPT 连接或 ANSI 法兰 (Also available with NPT connections or ANSI flanged).,N,,,,,,,减压阀/DP27.md,DP27,DP27 - 螺纹 BSP 或法兰 PN16/25 (DP27 - screwed BSP or flanged either PN16/25),1
DP27 PN25/16,DN40,"39,558",4700594IN,减压阀,备注: 也可提供 NPT 连接或 ANSI 法兰 (Also available with NPT connections or ANSI flanged).,Y,,,,,,,减压阀/DP27.md,DP27,DP27 - 螺纹 BSP 或法兰 PN16/25 (DP27 - screwed BSP or flanged either PN16/25),1
DP27 PN25/16,DN50,"48,571",4700694IN,减压阀,备注: 也可提供 NPT 连接或 ANSI 法兰 (Also available with NPT connections or ANSI flanged).,Y,,,,,,,减压阀/DP27.md,DP27,DP27 - 螺纹 BSP 或法兰 PN16/25 (DP27 - screwed BSP or flanged either PN16/25),1
Maintenance Kits DP27 and DP27R / (维护保养包 DP27 和 DP27R),"DN15LC, DN15","5,028",4700088,减压阀,,,,,,,,,减压阀/DP27备件.md,DP27备件,备件价格清单 (Spare Parts Price List),1
Maintenance Kits DP27 and DP27R / (维护保养包 DP27 和 DP27R),"1/2""LC, 1/2"", 3/4"", DN20","5,124",4700288,减压阀,,,,,,,,,减压阀/DP27备件.md,DP27备件,备件价格清单 (Spare Parts Price List),1
Maintenance Kits DP27 and DP27R / (维护保养包 DP27 和 DP27R),"1"", DN25","5,138",4700388,减压阀,,,,,,,,,减压阀/DP27备件.md,DP27备件,备件价格清单 (Spare Parts Price List),1
Maintenance Kits DP27 and DP27R / (维护保养包 DP27 和 DP27R),DN32,"5,180",4700488,减压阀,,,,,,,,,减压阀/DP27备件.md,DP27备件,备件价格清单 (Spare Parts Price List),1
Maintenance Kits DP27 and DP27R / (维护保养包 DP27 和 DP27R),DN40,"5,944",4700588,减压阀,,,,,,,,,减压阀/DP27备件.md,DP27备件,备件价格清单 (Spare Parts Price List),1
Maintenance Kits DP27 and DP27R / (维护保养包 DP27 和 DP27R),DN50,"5,944",4700688,减压阀,,,,,,,,,减压阀/DP27备件.md,DP27备件,备件价格清单 (Spare Parts Price List),1
DP27 Pilot Filter/CAP Gasket 3pcs each / (DP27 导阀过滤器/阀盖垫圈 每种3件),"1/2""- 2""","1,034",4700180,减压阀,,,,,,,,"15,17",减压阀/DP27备件.md,DP27备件,备件价格清单 (Spare Parts Price List),1
"DP27 Pilot Seat ASSY / (DP27 导阀阀座总成 1/2""- 2办)","1/2""- 2""","1,767",4700085,减压阀,,,,,,,,11,减压阀/DP27备件.md,DP27备件,备件价格清单 (Spare Parts Price List),1
LRV2S GREY (灰色),"1/2""","8,707",0014360,减压阀,,N,,,,,,,减压阀/LRV2S.md,LRV2S,LRV2S - screwed BSP (螺紋連接),1
LRV2S GREEN (綠色),"1/2""","8,707",0014460,减压阀,,Y,,,,,,,减压阀/LRV2S.md,LRV2S,LRV2S - screwed BSP (螺紋連接),1
LRV2S ORG (橙色),"1/2""","8,707",0014560,减压阀,,Y,,,,,,,减压阀/LRV2S.md,LRV2S,LRV2S - screwed BSP (螺紋連接),1
LRV2S GREY (灰色),"3/4""","8,748",0015360,减压阀,,N,,,,,,,减压阀/LRV2S.md,LRV2S,LRV2S - screwed BSP (螺紋連接),1
LRV2S GREEN (綠色),"3/4""","8,748",0015460,减压阀,,Y,,,,,,,减压阀/LRV2S.md,LRV2S,LRV2S - screwed BSP (螺紋連接),1
LRV2S ORG (橙色),"3/4""","8,748",0015560,减压阀,,Y,,,,,,,减压阀/LRV2S.md,LRV2S,LRV2S - screwed BSP (螺紋連接),1
LRV2S GREY (灰色),"1""","8,993",0016360,减压阀,,Y,,,,,,,减压阀/LRV2S.md,LRV2S,LRV2S - screwed BSP (螺紋連接),1
LRV2S GREEN (綠色),"1""","8,993",0016460,减压阀,,Y,,,,,,,减压阀/LRV2S.md,LRV2S,LRV2S - screwed BSP (螺紋連接),1
LRV2S ORG (橙色),"1""","8,993",0016560,减压阀,,Y,,,,,,,减压阀/LRV2S.md,LRV2S,LRV2S - screwed BSP (螺紋連接),1
,,"1,896",027K900003,压力表,"Technical information sheet TI-P027-01 / 技术资料表 TI-P027-01, Note / 备注: Also available with NPT connection. / 亦可提供 NPT 连接方式。",N,,,,-0.1 - 0.5 MPa,,,压力表/压力表.md,压力表,Pressure gauge c/w Ring or U syphon and gauge cock - BSP / 压力表带圈形或U形虹吸管及表阀 - BSP,1
,,"1,896",027K900003,压力表,"Technical information sheet TI-P027-01 / 技术资料表 TI-P027-01, Note / 备注: Also available with NPT connection. / 亦可提供 NPT 连接方式。",N,,,,0 - 0.4 MPa,,,压力表/压力表.md,压力表,Pressure gauge c/w Ring or U syphon and gauge cock - BSP / 压力表带圈形或U形虹吸管及表阀 - BSP,1
,,"1,896",027K900003,压力表,"Technical information sheet TI-P027-01 / 技术资料表 TI-P027-01, Note / 备注: Also available with NPT connection. / 亦可提供 NPT 连接方式。",N,,,,0 - 0.6 MPa,,,压力表/压力表.md,压力表,Pressure gauge c/w Ring or U syphon and gauge cock - BSP / 压力表带圈形或U形虹吸管及表阀 - BSP,1
,,"1,896",027K900003,压力表,"Technical information sheet TI-P027-01 / 技术资料表 TI-P027-01, Note / 备注: Also available with NPT connection. / 亦可提供 NPT 连接方式。",N,,,,0 - 1.0 MPa,,,压力表/压力表.md,压力表,Pressure gauge c/w Ring or U syphon and gauge cock - BSP / 压力表带圈形或U形虹吸管及表阀 - BSP,1
,,"1,896",027K900003,压力表,"Technical information sheet TI-P027-01 / 技术资料表 TI-P027-01, Note / 备注: Also available with NPT connection. / 亦可提供 NPT 连接方式。",N,,,,0 - 1.6 MPa,,,压力表/压力表.md,压力表,Pressure gauge c/w Ring or U syphon and gauge cock - BSP / 压力表带圈形或U形虹吸管及表阀 - BSP,1
,,"1,896",027K900003,压力表,"Technical information sheet TI-P027-01 / 技术资料表 TI-P027-01, Note / 备注: Also available with NPT connection. / 亦可提供 NPT 连接方式。",N,,,,0 - 2.5 MPa,,,压力表/压力表.md,压力表,Pressure gauge c/w Ring or U syphon and gauge cock - BSP / 压力表带圈形或U形虹吸管及表阀 - BSP,1
,,"1,896",027K900003,压力表,"Technical information sheet TI-P027-01 / 技术资料表 TI-P027-01, Note / 备注: Also available with NPT connection. / 亦可提供 NPT 连接方式。",N,,,,0 - 4.0 MPa,,,压力表/压力表.md,压力表,Pressure gauge c/w Ring or U syphon and gauge cock - BSP / 压力表带圈形或U形虹吸管及表阀 - BSP,1
CA14,"1/2""","2,617",1488000,压缩空气,"備註：, 可提供 NPT 連接和 PN16 法蘭連接 / Also available with NPT connection and PN16 Flanged connection., 可提供不鏽鋼閥芯 (CA14S) / Also available with stainless steel valve cone (CA14S).",Y,,,,,,,压缩空气/CA14 和 Arodyn.md,CA14 和 Arodyn,"1/2"" & 3/4"" CA14",1
CA14,"3/4""","2,630",1488100,压缩空气,"備註：, 可提供 NPT 連接和 PN16 法蘭連接 / Also available with NPT connection and PN16 Flanged connection., 可提供不鏽鋼閥芯 (CA14S) / Also available with stainless steel valve cone (CA14S).",Y,,,,,,,压缩空气/CA14 和 Arodyn.md,CA14 和 Arodyn,"1/2"" & 3/4"" CA14",1
Airodyn,"1/2""","2,350",6100600,压缩空气,"備註：, 可提供 NPT 連接 / Also available with NPT connection.",Y,,,,,,,压缩空气/CA14 和 Arodyn.md,CA14 和 Arodyn,Arodyn - 螺紋 BSP / Airodyn - screwed BSP,2
SV615 AS,"1/2"" x 3/4""","6,024",tba,安全阀,"技術資料表參考 (See technical information sheet): TI-P316-01, 型號說明: AS - Closed bonnet/easing lever with stainless steel seat (封閉式閥蓋/帶扳手, 不銹鋼閥座), 備註: 可提供 NPT 連接方式 (Also available with NPT connection.)",tba,,,,,,,安全阀/安全阀.md,安全阀,1. SV615 - screwed BSP 系列,1
SV615 AS,"3/4"" x 1 1/4""","6,206",tba,安全阀,"技術資料表參考 (See technical information sheet): TI-P316-01, 型號說明: AS - Closed bonnet/easing lever with stainless steel seat (封閉式閥蓋/帶扳手, 不銹鋼閥座), 備註: 可提供 NPT 連接方式 (Also available with NPT connection.)",tba,,,,,,,安全阀/安全阀.md,安全阀,1. SV615 - screwed BSP 系列,1
SV615 AS,"1"" x 1 1/2""","7,598",tba,安全阀,"技術資料表參考 (See technical information sheet): TI-P316-01, 型號說明: AS - Closed bonnet/easing lever with stainless steel seat (封閉式閥蓋/帶扳手, 不銹鋼閥座), 備註: 可提供 NPT 連接方式 (Also available with NPT connection.)",tba,,,,,,,安全阀/安全阀.md,安全阀,1. SV615 - screwed BSP 系列,1
SV615 AS,"1 1/4"" x 2""","10,149",tba,安全阀,"技術資料表參考 (See technical information sheet): TI-P316-01, 型號說明: AS - Closed bonnet/easing lever with stainless steel seat (封閉式閥蓋/帶扳手, 不銹鋼閥座), 備註: 可提供 NPT 連接方式 (Also available with NPT connection.)",tba,,,,,,,安全阀/安全阀.md,安全阀,1. SV615 - screwed BSP 系列,1
SV615 AS,"1 1/2"" x 2 1/2""","12,946",tba,安全阀,"技術資料表參考 (See technical information sheet): TI-P316-01, 型號說明: AS - Closed bonnet/easing lever with stainless steel seat (封閉式閥蓋/帶扳手, 不銹鋼閥座), 備註: 可提供 NPT 連接方式 (Also available with NPT connection.)",tba,,,,,,,安全阀/安全阀.md,安全阀,1. SV615 - screwed BSP 系列,1
SV615 AS,"2"" x 3""","17,415",tba,安全阀,"技術資料表參考 (See technical information sheet): TI-P316-01, 型號說明: AS - Closed bonnet/easing lever with stainless steel seat (封閉式閥蓋/帶扳手, 不銹鋼閥座), 備註: 可提供 NPT 連接方式 (Also available with NPT connection.)",tba,,,,,,,安全阀/安全阀.md,安全阀,1. SV615 - screwed BSP 系列,1
SV607 DS,DN20/DN32,"9,101",tba,安全阀,"技術資料表參考 (See technical information sheet): TI-S13-27, 型號說明: DS - Open bonnet/easing lever with stainless steel seat (開放式閥蓋/帶扳手, 不銹鋼閥座), 重要備註:, 以上尺寸表示每個閥門的入口和出口尺寸 (Above sizes indicate inlet and outlet size for each valve.), 可提供入口法蘭為 PN16 (DN65 至 DN100) 的規格 (Also available with inlet flanged PN16 (DN65 to DN100).), 可提供碳鋼閥體的 SV604 型號 (Also available with SV604 with carbon steel body.)",tba,,,,,,,安全阀/安全阀.md,安全阀,"2. SV607 - flanged PN25 inlet, PN16 outlet 系列",2
SV607 DS,DN25/DN40,"9,514",tba,安全阀,"技術資料表參考 (See technical information sheet): TI-S13-27, 型號說明: DS - Open bonnet/easing lever with stainless steel seat (開放式閥蓋/帶扳手, 不銹鋼閥座), 重要備註:, 以上尺寸表示每個閥門的入口和出口尺寸 (Above sizes indicate inlet and outlet size for each valve.), 可提供入口法蘭為 PN16 (DN65 至 DN100) 的規格 (Also available with inlet flanged PN16 (DN65 to DN100).), 可提供碳鋼閥體的 SV604 型號 (Also available with SV604 with carbon steel body.)",tba,,,,,,,安全阀/安全阀.md,安全阀,"2. SV607 - flanged PN25 inlet, PN16 outlet 系列",2
SV607 DS,DN32/DN50,"12,435",tba,安全阀,"技術資料表參考 (See technical information sheet): TI-S13-27, 型號說明: DS - Open bonnet/easing lever with stainless steel seat (開放式閥蓋/帶扳手, 不銹鋼閥座), 重要備註:, 以上尺寸表示每個閥門的入口和出口尺寸 (Above sizes indicate inlet and outlet size for each valve.), 可提供入口法蘭為 PN16 (DN65 至 DN100) 的規格 (Also available with inlet flanged PN16 (DN65 to DN100).), 可提供碳鋼閥體的 SV604 型號 (Also available with SV604 with carbon steel body.)",tba,,,,,,,安全阀/安全阀.md,安全阀,"2. SV607 - flanged PN25 inlet, PN16 outlet 系列",2
SV607 DS,DN40/DN65,"13,531",tba,安全阀,"技術資料表參考 (See technical information sheet): TI-S13-27, 型號說明: DS - Open bonnet/easing lever with stainless steel seat (開放式閥蓋/帶扳手, 不銹鋼閥座), 重要備註:, 以上尺寸表示每個閥門的入口和出口尺寸 (Above sizes indicate inlet and outlet size for each valve.), 可提供入口法蘭為 PN16 (DN65 至 DN100) 的規格 (Also available with inlet flanged PN16 (DN65 to DN100).), 可提供碳鋼閥體的 SV604 型號 (Also available with SV604 with carbon steel body.)",tba,,,,,,,安全阀/安全阀.md,安全阀,"2. SV607 - flanged PN25 inlet, PN16 outlet 系列",2
SV607 DS,DN50/DN80,"14,864",tba,安全阀,"技術資料表參考 (See technical information sheet): TI-S13-27, 型號說明: DS - Open bonnet/easing lever with stainless steel seat (開放式閥蓋/帶扳手, 不銹鋼閥座), 重要備註:, 以上尺寸表示每個閥門的入口和出口尺寸 (Above sizes indicate inlet and outlet size for each valve.), 可提供入口法蘭為 PN16 (DN65 至 DN100) 的規格 (Also available with inlet flanged PN16 (DN65 to DN100).), 可提供碳鋼閥體的 SV604 型號 (Also available with SV604 with carbon steel body.)",tba,,,,,,,安全阀/安全阀.md,安全阀,"2. SV607 - flanged PN25 inlet, PN16 outlet 系列",2
SV607 DS,DN65/DN100,"21,690",tba,安全阀,"技術資料表參考 (See technical information sheet): TI-S13-27, 型號說明: DS - Open bonnet/easing lever with stainless steel seat (開放式閥蓋/帶扳手, 不銹鋼閥座), 重要備註:, 以上尺寸表示每個閥門的入口和出口尺寸 (Above sizes indicate inlet and outlet size for each valve.), 可提供入口法蘭為 PN16 (DN65 至 DN100) 的規格 (Also available with inlet flanged PN16 (DN65 to DN100).), 可提供碳鋼閥體的 SV604 型號 (Also available with SV604 with carbon steel body.)",tba,,,,,,,安全阀/安全阀.md,安全阀,"2. SV607 - flanged PN25 inlet, PN16 outlet 系列",2
SV607 DS,DN80/DN125,"25,791",tba,安全阀,"技術資料表參考 (See technical information sheet): TI-S13-27, 型號說明: DS - Open bonnet/easing lever with stainless steel seat (開放式閥蓋/帶扳手, 不銹鋼閥座), 重要備註:, 以上尺寸表示每個閥門的入口和出口尺寸 (Above sizes indicate inlet and outlet size for each valve.), 可提供入口法蘭為 PN16 (DN65 至 DN100) 的規格 (Also available with inlet flanged PN16 (DN65 to DN100).), 可提供碳鋼閥體的 SV604 型號 (Also available with SV604 with carbon steel body.)",tba,,,,,,,安全阀/安全阀.md,安全阀,"2. SV607 - flanged PN25 inlet, PN16 outlet 系列",2
SV607 DS,DN100/DN150,"37,095",tba,安全阀,"技術資料表參考 (See technical information sheet): TI-S13-27, 型號說明: DS - Open bonnet/easing lever with stainless steel seat (開放式閥蓋/帶扳手, 不銹鋼閥座), 重要備註:, 以上尺寸表示每個閥門的入口和出口尺寸 (Above sizes indicate inlet and outlet size for each valve.), 可提供入口法蘭為 PN16 (DN65 至 DN100) 的規格 (Also available with inlet flanged PN16 (DN65 to DN100).), 可提供碳鋼閥體的 SV604 型號 (Also available with SV604 with carbon steel body.)",tba,,,,,,,安全阀/安全阀.md,安全阀,"2. SV607 - flanged PN25 inlet, PN16 outlet 系列",2
SV607 DS,DN125/DN200,"89,525",tba,安全阀,"技術資料表參考 (See technical information sheet): TI-S13-27, 型號說明: DS - Open bonnet/easing lever with stainless steel seat (開放式閥蓋/帶扳手, 不銹鋼閥座), 重要備註:, 以上尺寸表示每個閥門的入口和出口尺寸 (Above sizes indicate inlet and outlet size for each valve.), 可提供入口法蘭為 PN16 (DN65 至 DN100) 的規格 (Also available with inlet flanged PN16 (DN65 to DN100).), 可提供碳鋼閥體的 SV604 型號 (Also available with SV604 with carbon steel body.)",tba,,,,,,,安全阀/安全阀.md,安全阀,"2. SV607 - flanged PN25 inlet, PN16 outlet 系列",2
SV607 DS,DN150/DN250,"114,653",tba,安全阀,"技術資料表參考 (See technical information sheet): TI-S13-27, 型號說明: DS - Open bonnet/easing lever with stainless steel seat (開放式閥蓋/帶扳手, 不銹鋼閥座), 重要備註:, 以上尺寸表示每個閥門的入口和出口尺寸 (Above sizes indicate inlet and outlet size for each valve.), 可提供入口法蘭為 PN16 (DN65 至 DN100) 的規格 (Also available with inlet flanged PN16 (DN65 to DN100).), 可提供碳鋼閥體的 SV604 型號 (Also available with SV604 with carbon steel body.)",tba,,,,,,,安全阀/安全阀.md,安全阀,"2. SV607 - flanged PN25 inlet, PN16 outlet 系列",2
BSA2T PN16,DN15,"1,823",11841300,截止阀,注： BSA2-BD 是带有平衡阀芯的双层波纹管截止阀 ( BSA2-BD is twin ply bellows valve with balanced plug),Y,,,,,,,截止阀/BSA2T.md,BSA2T,BSA2T - 法兰 PN16 (BSA2T - flanged PN16),1
BSA2T PN16,DN20,"1,872",11841400,截止阀,注： BSA2-BD 是带有平衡阀芯的双层波纹管截止阀 ( BSA2-BD is twin ply bellows valve with balanced plug),Y,,,,,,,截止阀/BSA2T.md,BSA2T,BSA2T - 法兰 PN16 (BSA2T - flanged PN16),1
BSA2T PN16,DN25,"2,142",11841500,截止阀,注： BSA2-BD 是带有平衡阀芯的双层波纹管截止阀 ( BSA2-BD is twin ply bellows valve with balanced plug),Y,,,,,,,截止阀/BSA2T.md,BSA2T,BSA2T - 法兰 PN16 (BSA2T - flanged PN16),1
BSA2T PN16,DN32,"2,519",11841600,截止阀,注： BSA2-BD 是带有平衡阀芯的双层波纹管截止阀 ( BSA2-BD is twin ply bellows valve with balanced plug),Y,,,,,,,截止阀/BSA2T.md,BSA2T,BSA2T - 法兰 PN16 (BSA2T - flanged PN16),1
BSA2T PN16,DN40,"3,006",11841700,截止阀,注： BSA2-BD 是带有平衡阀芯的双层波纹管截止阀 ( BSA2-BD is twin ply bellows valve with balanced plug),Y,,,,,,,截止阀/BSA2T.md,BSA2T,BSA2T - 法兰 PN16 (BSA2T - flanged PN16),1
BSA2T PN16,DN50,"3,142",11841800,截止阀,注： BSA2-BD 是带有平衡阀芯的双层波纹管截止阀 ( BSA2-BD is twin ply bellows valve with balanced plug),Y,,,,,,,截止阀/BSA2T.md,BSA2T,BSA2T - 法兰 PN16 (BSA2T - flanged PN16),1
BSA2T PN16,DN65,"3,678",11841900,截止阀,注： BSA2-BD 是带有平衡阀芯的双层波纹管截止阀 ( BSA2-BD is twin ply bellows valve with balanced plug),Y,,,,,,,截止阀/BSA2T.md,BSA2T,BSA2T - 法兰 PN16 (BSA2T - flanged PN16),1
BSA2T PN16,DN80,"4,900",11842000,截止阀,注： BSA2-BD 是带有平衡阀芯的双层波纹管截止阀 ( BSA2-BD is twin ply bellows valve with balanced plug),Y,,,,,,,截止阀/BSA2T.md,BSA2T,BSA2T - 法兰 PN16 (BSA2T - flanged PN16),1
BSA2T PN16,DN100,"6,890",11842100,截止阀,注： BSA2-BD 是带有平衡阀芯的双层波纹管截止阀 ( BSA2-BD is twin ply bellows valve with balanced plug),Y,,,,,,,截止阀/BSA2T.md,BSA2T,BSA2T - 法兰 PN16 (BSA2T - flanged PN16),1
BSA2T PN16,DN125,"12,360",11842200,截止阀,注： BSA2-BD 是带有平衡阀芯的双层波纹管截止阀 ( BSA2-BD is twin ply bellows valve with balanced plug),Y,,,,,,,截止阀/BSA2T.md,BSA2T,BSA2T - 法兰 PN16 (BSA2T - flanged PN16),1
BSA2T PN16,DN150,"15,606",11842300,截止阀,注： BSA2-BD 是带有平衡阀芯的双层波纹管截止阀 ( BSA2-BD is twin ply bellows valve with balanced plug),Y,,,,,,,截止阀/BSA2T.md,BSA2T,BSA2T - 法兰 PN16 (BSA2T - flanged PN16),1
BSA2T PN16,DN200,"35,864",11842400,截止阀,注： BSA2-BD 是带有平衡阀芯的双层波纹管截止阀 ( BSA2-BD is twin ply bellows valve with balanced plug),Y,,,,,,,截止阀/BSA2T.md,BSA2T,BSA2T - 法兰 PN16 (BSA2T - flanged PN16),1
BSA2-BD PN16,DN200,"47,718",11372463,截止阀,注： BSA2-BD 是带有平衡阀芯的双层波纹管截止阀 ( BSA2-BD is twin ply bellows valve with balanced plug),Y,,,,,,,截止阀/BSA2T.md,BSA2T,BSA2T - 法兰 PN16 (BSA2T - flanged PN16),1
BSA2T PN25,DN15,"2,031",1841351,截止阀,"注：, PN16 法兰可选。最高压力/温度将会降低 (PN16 flanges is available. Maximum pressure/temperature will reduce), BSA2-BD 带有平衡阀芯 ( BSA2-BD with balanced plug)",Y,,,,,,,截止阀/BSA2T_PN25_and_BSA3T_PN40.md,BSA2T_PN25_and_BSA3T_PN40,BSA2T - 法兰 PN25 (BSA2T - flanged PN25),1
BSA2T PN25,DN20,"2,081",1841451,截止阀,"注：, PN16 法兰可选。最高压力/温度将会降低 (PN16 flanges is available. Maximum pressure/temperature will reduce), BSA2-BD 带有平衡阀芯 ( BSA2-BD with balanced plug)",Y,,,,,,,截止阀/BSA2T_PN25_and_BSA3T_PN40.md,BSA2T_PN25_and_BSA3T_PN40,BSA2T - 法兰 PN25 (BSA2T - flanged PN25),1
BSA2T PN25,DN25,"2,372",1841551,截止阀,"注：, PN16 法兰可选。最高压力/温度将会降低 (PN16 flanges is available. Maximum pressure/temperature will reduce), BSA2-BD 带有平衡阀芯 ( BSA2-BD with balanced plug)",Y,,,,,,,截止阀/BSA2T_PN25_and_BSA3T_PN40.md,BSA2T_PN25_and_BSA3T_PN40,BSA2T - 法兰 PN25 (BSA2T - flanged PN25),1
BSA2T PN25,DN32,"2,787",1841651,截止阀,"注：, PN16 法兰可选。最高压力/温度将会降低 (PN16 flanges is available. Maximum pressure/temperature will reduce), BSA2-BD 带有平衡阀芯 ( BSA2-BD with balanced plug)",Y,,,,,,,截止阀/BSA2T_PN25_and_BSA3T_PN40.md,BSA2T_PN25_and_BSA3T_PN40,BSA2T - 法兰 PN25 (BSA2T - flanged PN25),1
BSA2T PN25,DN40,"3,325",1841751,截止阀,"注：, PN16 法兰可选。最高压力/温度将会降低 (PN16 flanges is available. Maximum pressure/temperature will reduce), BSA2-BD 带有平衡阀芯 ( BSA2-BD with balanced plug)",Y,,,,,,,截止阀/BSA2T_PN25_and_BSA3T_PN40.md,BSA2T_PN25_and_BSA3T_PN40,BSA2T - 法兰 PN25 (BSA2T - flanged PN25),1
BSA2T PN25,DN50,"3,484",1841851,截止阀,"注：, PN16 法兰可选。最高压力/温度将会降低 (PN16 flanges is available. Maximum pressure/temperature will reduce), BSA2-BD 带有平衡阀芯 ( BSA2-BD with balanced plug)",Y,,,,,,,截止阀/BSA2T_PN25_and_BSA3T_PN40.md,BSA2T_PN25_and_BSA3T_PN40,BSA2T - 法兰 PN25 (BSA2T - flanged PN25),1
BSA2T PN25,DN65,"4,083",1841951,截止阀,"注：, PN16 法兰可选。最高压力/温度将会降低 (PN16 flanges is available. Maximum pressure/temperature will reduce), BSA2-BD 带有平衡阀芯 ( BSA2-BD with balanced plug)",Y,,,,,,,截止阀/BSA2T_PN25_and_BSA3T_PN40.md,BSA2T_PN25_and_BSA3T_PN40,BSA2T - 法兰 PN25 (BSA2T - flanged PN25),1
BSA2T PN25,DN80,"5,436",1842051,截止阀,"注：, PN16 法兰可选。最高压力/温度将会降低 (PN16 flanges is available. Maximum pressure/temperature will reduce), BSA2-BD 带有平衡阀芯 ( BSA2-BD with balanced plug)",Y,,,,,,,截止阀/BSA2T_PN25_and_BSA3T_PN40.md,BSA2T_PN25_and_BSA3T_PN40,BSA2T - 法兰 PN25 (BSA2T - flanged PN25),1
BSA2T PN25,DN100,"7,624",1842151,截止阀,"注：, PN16 法兰可选。最高压力/温度将会降低 (PN16 flanges is available. Maximum pressure/temperature will reduce), BSA2-BD 带有平衡阀芯 ( BSA2-BD with balanced plug)",Y,,,,,,,截止阀/BSA2T_PN25_and_BSA3T_PN40.md,BSA2T_PN25_and_BSA3T_PN40,BSA2T - 法兰 PN25 (BSA2T - flanged PN25),1
BSA2T PN25,DN125,"15,449",1842251,截止阀,"注：, PN16 法兰可选。最高压力/温度将会降低 (PN16 flanges is available. Maximum pressure/temperature will reduce), BSA2-BD 带有平衡阀芯 ( BSA2-BD with balanced plug)",Y,,,,,,,截止阀/BSA2T_PN25_and_BSA3T_PN40.md,BSA2T_PN25_and_BSA3T_PN40,BSA2T - 法兰 PN25 (BSA2T - flanged PN25),1
BSA2T PN25,DN150,"19,504",1842351,截止阀,"注：, PN16 法兰可选。最高压力/温度将会降低 (PN16 flanges is available. Maximum pressure/temperature will reduce), BSA2-BD 带有平衡阀芯 ( BSA2-BD with balanced plug)",Y,,,,,,,截止阀/BSA2T_PN25_and_BSA3T_PN40.md,BSA2T_PN25_and_BSA3T_PN40,BSA2T - 法兰 PN25 (BSA2T - flanged PN25),1
BSA2T PN25,DN200,"44,813",1842451,截止阀,"注：, PN16 法兰可选。最高压力/温度将会降低 (PN16 flanges is available. Maximum pressure/temperature will reduce), BSA2-BD 带有平衡阀芯 ( BSA2-BD with balanced plug)",Y,,,,,,,截止阀/BSA2T_PN25_and_BSA3T_PN40.md,BSA2T_PN25_and_BSA3T_PN40,BSA2T - 法兰 PN25 (BSA2T - flanged PN25),1
BSA2-BD PN25,DN150,"22,420",11372367,截止阀,"注：, PN16 法兰可选。最高压力/温度将会降低 (PN16 flanges is available. Maximum pressure/temperature will reduce), BSA2-BD 带有平衡阀芯 ( BSA2-BD with balanced plug)",Y,,,,,,,截止阀/BSA2T_PN25_and_BSA3T_PN40.md,BSA2T_PN25_and_BSA3T_PN40,BSA2T - 法兰 PN25 (BSA2T - flanged PN25),1
BSA2-BD PN25,DN200,"51,540",11372467,截止阀,"注：, PN16 法兰可选。最高压力/温度将会降低 (PN16 flanges is available. Maximum pressure/temperature will reduce), BSA2-BD 带有平衡阀芯 ( BSA2-BD with balanced plug)",Y,,,,,,,截止阀/BSA2T_PN25_and_BSA3T_PN40.md,BSA2T_PN25_and_BSA3T_PN40,BSA2T - 法兰 PN25 (BSA2T - flanged PN25),1
BSA3T PN40,DN15,"2,495",1842600,截止阀,,Y,,,,,,,截止阀/BSA2T_PN25_and_BSA3T_PN40.md,BSA2T_PN25_and_BSA3T_PN40,BSA3T - 法兰 PN40 (BSA3T - flanged PN40),2
BSA3T PN40,DN20,"2,605",1842700,截止阀,,Y,,,,,,,截止阀/BSA2T_PN25_and_BSA3T_PN40.md,BSA2T_PN25_and_BSA3T_PN40,BSA3T - 法兰 PN40 (BSA3T - flanged PN40),2
BSA3T PN40,DN25,"2,850",1842800,截止阀,,Y,,,,,,,截止阀/BSA2T_PN25_and_BSA3T_PN40.md,BSA2T_PN25_and_BSA3T_PN40,BSA3T - 法兰 PN40 (BSA3T - flanged PN40),2
BSA3T PN40,DN32,"3,350",1842900,截止阀,,Y,,,,,,,截止阀/BSA2T_PN25_and_BSA3T_PN40.md,BSA2T_PN25_and_BSA3T_PN40,BSA3T - 法兰 PN40 (BSA3T - flanged PN40),2
BSA3T PN40,DN40,"3,996",1843000,截止阀,,Y,,,,,,,截止阀/BSA2T_PN25_and_BSA3T_PN40.md,BSA2T_PN25_and_BSA3T_PN40,BSA3T - 法兰 PN40 (BSA3T - flanged PN40),2
BSA3T PN40,DN50,"4,230",1843100,截止阀,,Y,,,,,,,截止阀/BSA2T_PN25_and_BSA3T_PN40.md,BSA2T_PN25_and_BSA3T_PN40,BSA3T - 法兰 PN40 (BSA3T - flanged PN40),2
BSA3T PN40,DN65,"5,157",1843200,截止阀,,Y,,,,,,,截止阀/BSA2T_PN25_and_BSA3T_PN40.md,BSA2T_PN25_and_BSA3T_PN40,BSA3T - 法兰 PN40 (BSA3T - flanged PN40),2
BSA3T PN40,DN80,"6,524",1843300,截止阀,,Y,,,,,,,截止阀/BSA2T_PN25_and_BSA3T_PN40.md,BSA2T_PN25_and_BSA3T_PN40,BSA3T - 法兰 PN40 (BSA3T - flanged PN40),2
BSA3T PN40,DN100,"9,832",1843400,截止阀,,Y,,,,,,,截止阀/BSA2T_PN25_and_BSA3T_PN40.md,BSA2T_PN25_and_BSA3T_PN40,BSA3T - 法兰 PN40 (BSA3T - flanged PN40),2
BSA3T PN40,DN125,"20,688",1843500,截止阀,,Y,,,,,,,截止阀/BSA2T_PN25_and_BSA3T_PN40.md,BSA2T_PN25_and_BSA3T_PN40,BSA3T - 法兰 PN40 (BSA3T - flanged PN40),2
BSA3T PN40,DN150,"26,085",1843600,截止阀,,Y,,,,,,,截止阀/BSA2T_PN25_and_BSA3T_PN40.md,BSA2T_PN25_and_BSA3T_PN40,BSA3T - 法兰 PN40 (BSA3T - flanged PN40),2
BSA3-BD PN40,DN200,"53,494",1846399,截止阀,,Y,,,,,,,截止阀/BSA3-BD.md,BSA3-BD,BSA3-BD,1
BSA3-BD PN40,DN250,"87,120",1846499,截止阀,,Y,,,,,,,截止阀/BSA3-BD.md,BSA3-BD,BSA3-BD,1
BSA3-BD PN40,DN300,"114,933",1846599,截止阀,,N,,,,,,,截止阀/BSA3-BD.md,BSA3-BD,BSA3-BD,1
BSA3-BD PN40,DN350,"156,484",1846699,截止阀,,N,,,,,,,截止阀/BSA3-BD.md,BSA3-BD,BSA3-BD,1
BSA3-BD PN40,DN400,"218,667",1846799,截止阀,,N,,,,,,,截止阀/BSA3-BD.md,BSA3-BD,BSA3-BD,1
BSA3-BD PN25,DN200,"53,494",1846396,截止阀,,Y,,,,,,,截止阀/BSA3-BD.md,BSA3-BD,BSA3-BD,1
BSA3-BD PN25,DN250,"87,120",1846496,截止阀,,Y,,,,,,,截止阀/BSA3-BD.md,BSA3-BD,BSA3-BD,1
BSA3-BD PN25,DN300,"114,933",1846596,截止阀,,N,,,,,,,截止阀/BSA3-BD.md,BSA3-BD,BSA3-BD,1
BSA3-BD PN25,DN350,"156,484",1846696,截止阀,,N,,,,,,,截止阀/BSA3-BD.md,BSA3-BD,BSA3-BD,1
BSA3-BD PN25,DN400,"218,667",1846796,截止阀,,N,,,,,,,截止阀/BSA3-BD.md,BSA3-BD,BSA3-BD,1
BSA3-BD PN16,DN200,"53,494",1846392,截止阀,,N,,,,,,,截止阀/BSA3-BD.md,BSA3-BD,BSA3-BD,1
BSA3-BD PN16,DN250,"87,120",1846492,截止阀,,Y,,,,,,,截止阀/BSA3-BD.md,BSA3-BD,BSA3-BD,1
BSA3-BD PN16,DN300,"114,933",1846592,截止阀,,Y,,,,,,,截止阀/BSA3-BD.md,BSA3-BD,BSA3-BD,1
BSA3-BD PN16,DN350,"156,484",1846692,截止阀,,N,,,,,,,截止阀/BSA3-BD.md,BSA3-BD,BSA3-BD,1
BSA3-BD PN16,DN400,"218,667",1846792,截止阀,,N,,,,,,,截止阀/BSA3-BD.md,BSA3-BD,BSA3-BD,1
"BSA1,1T, BSA2, 2T & BSA3,3T Gasket & Stem Packing Kit",DN15/DN20,309,1370081,截止阀,,,,,,,,,截止阀/波纹管截止阀 备件.md,波纹管截止阀 备件,Spirax Sarco 波纹管密封截止阀备件表 (Bellows Sealed Stop Valves Spare Part),1
"BSA1,1T, BSA2, 2T & BSA3,3T Gasket & Stem Packing Kit",DN25/DN32,405,1370281,截止阀,,,,,,,,,截止阀/波纹管截止阀 备件.md,波纹管截止阀 备件,Spirax Sarco 波纹管密封截止阀备件表 (Bellows Sealed Stop Valves Spare Part),1
"BSA1,1T, BSA2, 2T & BSA3,3T Gasket & Stem Packing Kit",DN40/DN50,467,1370481,截止阀,,,,,,,,,截止阀/波纹管截止阀 备件.md,波纹管截止阀 备件,Spirax Sarco 波纹管密封截止阀备件表 (Bellows Sealed Stop Valves Spare Part),1
"BSA1,1T, BSA2, 2T & BSA3,3T Gasket & Stem Packing Kit",DN65,565,1370681,截止阀,,,,,,,,,截止阀/波纹管截止阀 备件.md,波纹管截止阀 备件,Spirax Sarco 波纹管密封截止阀备件表 (Bellows Sealed Stop Valves Spare Part),1
"BSA1,1T, BSA2, 2T & BSA3,3T Gasket & Stem Packing Kit",DN80,639,1370781,截止阀,,,,,,,,,截止阀/波纹管截止阀 备件.md,波纹管截止阀 备件,Spirax Sarco 波纹管密封截止阀备件表 (Bellows Sealed Stop Valves Spare Part),1
"BSA1,1T, BSA2, 2T & BSA3,3T Gasket & Stem Packing Kit",DN100,724,1370881,截止阀,,,,,,,,,截止阀/波纹管截止阀 备件.md,波纹管截止阀 备件,Spirax Sarco 波纹管密封截止阀备件表 (Bellows Sealed Stop Valves Spare Part),1
"BSA1,1T, BSA2, 2T & BSA3,3T Gasket & Stem Packing Kit",DN125,883,1370981,截止阀,,,,,,,,,截止阀/波纹管截止阀 备件.md,波纹管截止阀 备件,Spirax Sarco 波纹管密封截止阀备件表 (Bellows Sealed Stop Valves Spare Part),1
"BSA1,1T, BSA2, 2T & BSA3,3T Gasket & Stem Packing Kit",DN150,"1,080",1371081,截止阀,,,,,,,,,截止阀/波纹管截止阀 备件.md,波纹管截止阀 备件,Spirax Sarco 波纹管密封截止阀备件表 (Bellows Sealed Stop Valves Spare Part),1
"BSA1,1T, BSA2, 2T & BSA3,3T Gasket & Stem Packing Kit",DN200,"1,261",1371181,截止阀,,,,,,,,,截止阀/波纹管截止阀 备件.md,波纹管截止阀 备件,Spirax Sarco 波纹管密封截止阀备件表 (Bellows Sealed Stop Valves Spare Part),1
"Stem Bellows Kit with gaskets for BSA1T, BSA2T & BSA3T",DN15/DN20,870,1840082,截止阀,,,,,,,,,截止阀/波纹管截止阀 备件.md,波纹管截止阀 备件,Spirax Sarco 波纹管密封截止阀备件表 (Bellows Sealed Stop Valves Spare Part),1
"Stem Bellows Kit with gaskets for BSA1T, BSA2T & BSA3T",DN25/DN32,"1,080",1840282,截止阀,,,,,,,,,截止阀/波纹管截止阀 备件.md,波纹管截止阀 备件,Spirax Sarco 波纹管密封截止阀备件表 (Bellows Sealed Stop Valves Spare Part),1
"Stem Bellows Kit with gaskets for BSA1T, BSA2T & BSA3T",DN40/DN50,"1,580",1840482,截止阀,,,,,,,,,截止阀/波纹管截止阀 备件.md,波纹管截止阀 备件,Spirax Sarco 波纹管密封截止阀备件表 (Bellows Sealed Stop Valves Spare Part),1
"Stem Bellows Kit with gaskets for BSA1T, BSA2T & BSA3T",DN65,"1,811",1840682,截止阀,,,,,,,,,截止阀/波纹管截止阀 备件.md,波纹管截止阀 备件,Spirax Sarco 波纹管密封截止阀备件表 (Bellows Sealed Stop Valves Spare Part),1
"Stem Bellows Kit with gaskets for BSA1T, BSA2T & BSA3T",DN80,"2,654",1840782,截止阀,,,,,,,,,截止阀/波纹管截止阀 备件.md,波纹管截止阀 备件,Spirax Sarco 波纹管密封截止阀备件表 (Bellows Sealed Stop Valves Spare Part),1
"Stem Bellows Kit with Gaskets for BSA1T, BSA2T/2(PN25) & BSA3/3T",DN100,"3,666",1372182,截止阀,,,,,,,,,截止阀/波纹管截止阀 备件.md,波纹管截止阀 备件,Spirax Sarco 波纹管密封截止阀备件表 (Bellows Sealed Stop Valves Spare Part),1
"Stem Bellows Kit with Gaskets for BSA1T, BSA2T/2(PN25) & BSA3/3T",DN125,"9,991",1372282,截止阀,,,,,,,,,截止阀/波纹管截止阀 备件.md,波纹管截止阀 备件,Spirax Sarco 波纹管密封截止阀备件表 (Bellows Sealed Stop Valves Spare Part),1
"Stem Bellows Kit with Gaskets for BSA1T, BSA2T/2(PN25) & BSA3/3T",DN150,"11,994",1372382,截止阀,,,,,,,,,截止阀/波纹管截止阀 备件.md,波纹管截止阀 备件,Spirax Sarco 波纹管密封截止阀备件表 (Bellows Sealed Stop Valves Spare Part),1
"Stem Bellows Kit with Gaskets for BSA1T, BSA2T/2(PN25) & BSA3/3T",DN200,"16,878",1372482,截止阀,,,,,,,,,截止阀/波纹管截止阀 备件.md,波纹管截止阀 备件,Spirax Sarco 波纹管密封截止阀备件表 (Bellows Sealed Stop Valves Spare Part),1
Stem Bellows Kit with Gaskets for BSA2T/2(PN25),DN250,"29,788",1371285,截止阀,,,,,,,,,截止阀/波纹管截止阀 备件.md,波纹管截止阀 备件,Spirax Sarco 波纹管密封截止阀备件表 (Bellows Sealed Stop Valves Spare Part),1
"Throttling Plug Kit with gaskets for BSA1T, BSA2T & BSA3T",DN15/DN20,"1,141",1840083,截止阀,,,,,,,,,截止阀/波纹管截止阀 备件.md,波纹管截止阀 备件,Spirax Sarco 波纹管密封截止阀备件表 (Bellows Sealed Stop Valves Spare Part),1
"Throttling Plug Kit with gaskets for BSA1T, BSA2T & BSA3T",DN25,"1,358",1840283,截止阀,,,,,,,,,截止阀/波纹管截止阀 备件.md,波纹管截止阀 备件,Spirax Sarco 波纹管密封截止阀备件表 (Bellows Sealed Stop Valves Spare Part),1
"Throttling Plug Kit with gaskets for BSA1T, BSA2T & BSA3T",DN32,"1,358",1840383,截止阀,,,,,,,,,截止阀/波纹管截止阀 备件.md,波纹管截止阀 备件,Spirax Sarco 波纹管密封截止阀备件表 (Bellows Sealed Stop Valves Spare Part),1
"Throttling Plug Kit with gaskets for BSA1T, BSA2T & BSA3T",DN40,"1,823",1840483,截止阀,,,,,,,,,截止阀/波纹管截止阀 备件.md,波纹管截止阀 备件,Spirax Sarco 波纹管密封截止阀备件表 (Bellows Sealed Stop Valves Spare Part),1
"Throttling Plug Kit with gaskets for BSA1T, BSA2T & BSA3T",DN50,"2,337",1840583,截止阀,,,,,,,,,截止阀/波纹管截止阀 备件.md,波纹管截止阀 备件,Spirax Sarco 波纹管密封截止阀备件表 (Bellows Sealed Stop Valves Spare Part),1
"Throttling Plug Kit with gaskets for BSA1T, BSA2T & BSA3T",DN65,"2,836",1840683,截止阀,,,,,,,,,截止阀/波纹管截止阀 备件.md,波纹管截止阀 备件,Spirax Sarco 波纹管密封截止阀备件表 (Bellows Sealed Stop Valves Spare Part),1
"Throttling Plug Kit with gaskets for BSA1T, BSA2T & BSA3T",DN80,"3,203",1840783,截止阀,,,,,,,,,截止阀/波纹管截止阀 备件.md,波纹管截止阀 备件,Spirax Sarco 波纹管密封截止阀备件表 (Bellows Sealed Stop Valves Spare Part),1
"Throttling Plug Kit with gaskets for BSA1T, BSA2T & BSA3T",DN100,"4,631",1840883,截止阀,,,,,,,,,截止阀/波纹管截止阀 备件.md,波纹管截止阀 备件,Spirax Sarco 波纹管密封截止阀备件表 (Bellows Sealed Stop Valves Spare Part),1
"Throttling Plug Kit with gaskets for BSA1T, BSA2T & BSA3T",DN125,"6,511",1840983,截止阀,,,,,,,,,截止阀/波纹管截止阀 备件.md,波纹管截止阀 备件,Spirax Sarco 波纹管密封截止阀备件表 (Bellows Sealed Stop Valves Spare Part),1
"Throttling Plug Kit with gaskets for BSA1T, BSA2T & BSA3T",DN150,"8,417",1841083,截止阀,,,,,,,,,截止阀/波纹管截止阀 备件.md,波纹管截止阀 备件,Spirax Sarco 波纹管密封截止阀备件表 (Bellows Sealed Stop Valves Spare Part),1
"Throttling Plug Kit with gaskets for BSA1T, BSA2T & BSA3T",DN200,"12,189",1841183,截止阀,,,,,,,,,截止阀/波纹管截止阀 备件.md,波纹管截止阀 备件,Spirax Sarco 波纹管密封截止阀备件表 (Bellows Sealed Stop Valves Spare Part),1
Throttling Plug Kit with gaskets for BSA2T,DN250,"25,831",1841283,截止阀,,,,,,,,,截止阀/波纹管截止阀 备件.md,波纹管截止阀 备件,Spirax Sarco 波纹管密封截止阀备件表 (Bellows Sealed Stop Valves Spare Part),1
BSA2/3-BD balancing disc kit with gasket,DN125,"10,209",1372283,截止阀,,,,,,,,,截止阀/波纹管截止阀 备件.md,波纹管截止阀 备件,Spirax Sarco 波纹管密封截止阀备件表 (Bellows Sealed Stop Valves Spare Part),1
BSA2/3-BD balancing disc kit with gasket,DN150,"12,091",1372383,截止阀,,,,,,,,,截止阀/波纹管截止阀 备件.md,波纹管截止阀 备件,Spirax Sarco 波纹管密封截止阀备件表 (Bellows Sealed Stop Valves Spare Part),1
BSA1/2/3-BD balancing disc kit with gasket,DN200,"16,940",1372483,截止阀,,,,,,,,,截止阀/波纹管截止阀 备件.md,波纹管截止阀 备件,Spirax Sarco 波纹管密封截止阀备件表 (Bellows Sealed Stop Valves Spare Part),1
BSA2-BD balancing disc kit with gasket,DN250,"33,638",1372583,截止阀,,,,,,,,,截止阀/波纹管截止阀 备件.md,波纹管截止阀 备件,Spirax Sarco 波纹管密封截止阀备件表 (Bellows Sealed Stop Valves Spare Part),1
Body/bonnet gasket and gland packing kits,DN200,"1,261",1846381,截止阀,,,,,,,,,截止阀/波纹管截止阀 备件.md,波纹管截止阀 备件,Spirax Sarco 波纹管密封截止阀备件表 (Bellows Sealed Stop Valves Spare Part),1
Body/bonnet gasket and gland packing kits,DN250,"1,420",1846481,截止阀,,,,,,,,,截止阀/波纹管截止阀 备件.md,波纹管截止阀 备件,Spirax Sarco 波纹管密封截止阀备件表 (Bellows Sealed Stop Valves Spare Part),1
Body/bonnet gasket and stem packing kits,DN300,"1,531",1846581,截止阀,,,,,,,,,截止阀/波纹管截止阀 备件.md,波纹管截止阀 备件,Spirax Sarco 波纹管密封截止阀备件表 (Bellows Sealed Stop Valves Spare Part),1
Body/bonnet gasket and stem packing kits,DN350,"1,677",1846681,截止阀,,,,,,,,,截止阀/波纹管截止阀 备件.md,波纹管截止阀 备件,Spirax Sarco 波纹管密封截止阀备件表 (Bellows Sealed Stop Valves Spare Part),1
Body/bonnet gasket and stem packing kits,DN400,"1,774",1846781,截止阀,,,,,,,,,截止阀/波纹管截止阀 备件.md,波纹管截止阀 备件,Spirax Sarco 波纹管密封截止阀备件表 (Bellows Sealed Stop Valves Spare Part),1
Stem and bellows sub-assembly kits,DN200,"10,761",1846382,截止阀,,,,,,,,,截止阀/波纹管截止阀 备件.md,波纹管截止阀 备件,Spirax Sarco 波纹管密封截止阀备件表 (Bellows Sealed Stop Valves Spare Part),1
Stem and bellows sub-assembly kits,DN250,"17,866",1846482,截止阀,,,,,,,,,截止阀/波纹管截止阀 备件.md,波纹管截止阀 备件,Spirax Sarco 波纹管密封截止阀备件表 (Bellows Sealed Stop Valves Spare Part),1
Stem and bellows sub-assembly kits,DN300,"22,370",1846582,截止阀,,,,,,,,,截止阀/波纹管截止阀 备件.md,波纹管截止阀 备件,Spirax Sarco 波纹管密封截止阀备件表 (Bellows Sealed Stop Valves Spare Part),1
Stem and bellows sub-assembly kits,DN350,"25,120",1846682,截止阀,,,,,,,,,截止阀/波纹管截止阀 备件.md,波纹管截止阀 备件,Spirax Sarco 波纹管密封截止阀备件表 (Bellows Sealed Stop Valves Spare Part),1
Stem and bellows sub-assembly kits,DN400,"30,798",1846782,截止阀,,,,,,,,,截止阀/波纹管截止阀 备件.md,波纹管截止阀 备件,Spirax Sarco 波纹管密封截止阀备件表 (Bellows Sealed Stop Valves Spare Part),1
Stem and bellows sub-assembly kits,DN400,"30,798",1846383,截止阀,,,,,,,,,截止阀/波纹管截止阀 备件.md,波纹管截止阀 备件,Spirax Sarco 波纹管密封截止阀备件表 (Bellows Sealed Stop Valves Spare Part),1
Disc & Spigot kits,DN200,"27,634",1846483,截止阀,,,,,,,,,截止阀/波纹管截止阀 备件.md,波纹管截止阀 备件,Spirax Sarco 波纹管密封截止阀备件表 (Bellows Sealed Stop Valves Spare Part),1
Disc & Spigot kits,DN250,"38,720",1846583,截止阀,,,,,,,,,截止阀/波纹管截止阀 备件.md,波纹管截止阀 备件,Spirax Sarco 波纹管密封截止阀备件表 (Bellows Sealed Stop Valves Spare Part),1
Disc & Spigot kits,DN300,"47,499",1846683,截止阀,,,,,,,,,截止阀/波纹管截止阀 备件.md,波纹管截止阀 备件,Spirax Sarco 波纹管密封截止阀备件表 (Bellows Sealed Stop Valves Spare Part),1
Disc & Spigot kits,DN400,"63,774",1846783,截止阀,,,,,,,,,截止阀/波纹管截止阀 备件.md,波纹管截止阀 备件,Spirax Sarco 波纹管密封截止阀备件表 (Bellows Sealed Stop Valves Spare Part),1
AE14,"1/2""","2,938",1490600,排气阀,注：亦可提供 NPT 連接 (Also available with NPT connection),Y,,,,,,,排气阀/AE14 AE30.md,AE14 AE30,AE14 - 螺紋 BSP (screwed BSP),1
AE14,"3/4""","3,025",1490700,排气阀,注：亦可提供 NPT 連接 (Also available with NPT connection),N,,,,,,,排气阀/AE14 AE30.md,AE14 AE30,AE14 - 螺紋 BSP (screwed BSP),1
AE14E,"1/2""","2,938",1490000,排气阀,注：亦可提供 NPT 連接 (Also available with NPT connection),Y,,,,,,,排气阀/AE14 AE30.md,AE14 AE30,AE14 - 螺紋 BSP (screwed BSP),1
AE14E,"3/4""","3,025",1490100,排气阀,注：亦可提供 NPT 連接 (Also available with NPT connection),Y,,,,,,,排气阀/AE14 AE30.md,AE14 AE30,AE14 - 螺紋 BSP (screwed BSP),1
AE30,"1/2""","2,555",0170300,排气阀,注：亦可提供 NPT 連接 (Also available with NPT connection),Y,,,,,,,排气阀/AE14 AE30.md,AE14 AE30,AE30 - 螺紋 BSP (screwed BSP),2
AE30A,"1/2""","2,664",0170400,排气阀,注：亦可提供 NPT 連接 (Also available with NPT connection),Y,,,,,,,排气阀/AE14 AE30.md,AE14 AE30,AE30 - 螺紋 BSP (screwed BSP),2
AV13,"1/2""","2,713",1232600,排气阀,"(注：图片中表格上方未截全型号全称, 首两行为 AV13 相关规格), 注：亦可提供 NPT 连接 (Also available with NPT connections)",Y,,,,,,,排气阀/AV13 AVC32.md,AV13 AVC32,AV13,1
AV13,"3/4""","3,051",1232700,排气阀,"(注：图片中表格上方未截全型号全称, 首两行为 AV13 相关规格), 注：亦可提供 NPT 连接 (Also available with NPT connections)",Y,,,,,,,排气阀/AV13 AVC32.md,AV13 AVC32,AV13,1
AVC32,"1/2""","3,529",1234000,排气阀,,N,,,,,,,排气阀/AV13 AVC32.md,AV13 AVC32,AVC32 - 螺纹 BSP (screwed BSP),2
AVC32,"3/4""","3,742",1234200,排气阀,,N,,,,,,,排气阀/AV13 AVC32.md,AV13 AVC32,AVC32 - 螺纹 BSP (screwed BSP),2
AVC32,"1""","3,982",1234400,排气阀,,N,,,,,,,排气阀/AV13 AVC32.md,AV13 AVC32,AVC32 - 螺纹 BSP (screwed BSP),2
DCV10 PN16 JIS/KS10,DN25,"1,358",16018000,止回阀,,Y,,,,,,,止回阀/DCV10.md,DCV10,DCV10 Disc Check Valves / DCV10 碟式止回阀,1
DCV10 ANSI150/300,DN25,"2,449",6018092,止回阀,,N,,,,,,,止回阀/DCV10.md,DCV10,DCV10 Disc Check Valves / DCV10 碟式止回阀,1
DCV10 ANSI150/300 Inconel spring,DN25,"2,693",6018093,止回阀,,N,,,,,,,止回阀/DCV10.md,DCV10,DCV10 Disc Check Valves / DCV10 碟式止回阀,1
DCV10 ANSI150/300,DN40,"3,920",6018200,止回阀,,N,,,,,,,止回阀/DCV10.md,DCV10,DCV10 Disc Check Valves / DCV10 碟式止回阀,1
DCV10 ANSI150/300 Inconel spring,DN40,"3,854",6018215,止回阀,,N,,,,,,,止回阀/DCV10.md,DCV10,DCV10 Disc Check Valves / DCV10 碟式止回阀,1
DCV10 PN16 JIS/KS10,DN40,"2,310",16018100,止回阀,,Y,,,,,,,止回阀/DCV10.md,DCV10,DCV10 Disc Check Valves / DCV10 碟式止回阀,1
DCV10 PN16 JIS/KS10,DN50,"3,278",16018300,止回阀,,Y,,,,,,,止回阀/DCV10.md,DCV10,DCV10 Disc Check Valves / DCV10 碟式止回阀,1
DCV10 ANSI150/300,DN50,"5,422",6018305,止回阀,,N,,,,,,,止回阀/DCV10.md,DCV10,DCV10 Disc Check Valves / DCV10 碟式止回阀,1
DCV10 PN16 JIS/KS10,DN80,"6,413",16018400,止回阀,,Y,,,,,,,止回阀/DCV10.md,DCV10,DCV10 Disc Check Valves / DCV10 碟式止回阀,1
DCV10 ANSI150/300,DN80,"10,173",6018450,止回阀,,N,,,,,,,止回阀/DCV10.md,DCV10,DCV10 Disc Check Valves / DCV10 碟式止回阀,1
DCV10 PN16/25/40 JIS/KS10 & 20K ANSI150/300,DN100,"9,196",16019000,止回阀,,Y,,,,,,,止回阀/DCV10.md,DCV10,DCV10 Disc Check Valves / DCV10 碟式止回阀,1
"DCV10 PN16/25/40, JIS/KS10 & 20K ANSI150/300",DN125,"10,894",16019193,止回阀,,Y,,,,,,,止回阀/DCV10.md,DCV10,DCV10 Disc Check Valves / DCV10 碟式止回阀,1
"DCV10 PN16/25/40, JIS/KS10 & 20K ANSI150/300",DN150,"15,583",16019293,止回阀,,Y,,,,,,,止回阀/DCV10.md,DCV10,DCV10 Disc Check Valves / DCV10 碟式止回阀,1
"DCV10 PN16/25/40, JIS/KS10 & 20K ANSI150/300",DN200,"27,598",16019393,止回阀,,Y,,,,,,,止回阀/DCV10.md,DCV10,DCV10 Disc Check Valves / DCV10 碟式止回阀,1
"DCV10 PN16/25/40, JIS/KS10 & 20K ANSI150/300",DN250,"51,590",6019493,止回阀,,N,,,,,,,止回阀/DCV10.md,DCV10,DCV10 Disc Check Valves / DCV10 碟式止回阀,1
DCV3 EPDM,DN15,"1,469",1346092,止回阀,Note / 備註: Suitable for DIN flanges. / 適用於 DIN 法蘭。,Y,,,,,,,止回阀/DCV3.md,DCV3,DCV3 Standard Spring / DCV3 標準彈簧,1
DCV3 METAL,DN15,870,1346090,止回阀,Note / 備註: Suitable for DIN flanges. / 適用於 DIN 法蘭。,Y,,,,,,,止回阀/DCV3.md,DCV3,DCV3 Standard Spring / DCV3 標準彈簧,1
DCV3 VITON,DN15,"1,469",1346091,止回阀,Note / 備註: Suitable for DIN flanges. / 適用於 DIN 法蘭。,Y,,,,,,,止回阀/DCV3.md,DCV3,DCV3 Standard Spring / DCV3 標準彈簧,1
DCV3 EPDM,DN20,"1,640",1346192,止回阀,Note / 備註: Suitable for DIN flanges. / 適用於 DIN 法蘭。,Y,,,,,,,止回阀/DCV3.md,DCV3,DCV3 Standard Spring / DCV3 標準彈簧,1
DCV3 METAL,DN20,"1,066",1346190,止回阀,Note / 備註: Suitable for DIN flanges. / 適用於 DIN 法蘭。,Y,,,,,,,止回阀/DCV3.md,DCV3,DCV3 Standard Spring / DCV3 標準彈簧,1
DCV3 EPDM,DN25,"1,712",1346292,止回阀,Note / 備註: Suitable for DIN flanges. / 適用於 DIN 法蘭。,Y,,,,,,,止回阀/DCV3.md,DCV3,DCV3 Standard Spring / DCV3 標準彈簧,1
DCV3 METAL,DN25,"1,103",1346290,止回阀,Note / 備註: Suitable for DIN flanges. / 適用於 DIN 法蘭。,Y,,,,,,,止回阀/DCV3.md,DCV3,DCV3 Standard Spring / DCV3 標準彈簧,1
DCV3 VITON,DN25,"1,712",1346291,止回阀,Note / 備註: Suitable for DIN flanges. / 適用於 DIN 法蘭。,N,,,,,,,止回阀/DCV3.md,DCV3,DCV3 Standard Spring / DCV3 標準彈簧,1
DCV3 EPDM,DN32,"2,190",1346392,止回阀,Note / 備註: Suitable for DIN flanges. / 適用於 DIN 法蘭。,Y,,,,,,,止回阀/DCV3.md,DCV3,DCV3 Standard Spring / DCV3 標準彈簧,1
DCV3 METAL,DN32,"1,640",1346390,止回阀,Note / 備註: Suitable for DIN flanges. / 適用於 DIN 法蘭。,Y,,,,,,,止回阀/DCV3.md,DCV3,DCV3 Standard Spring / DCV3 標準彈簧,1
DCV3 EPDM,DN40,"2,581",1346492,止回阀,Note / 備註: Suitable for DIN flanges. / 適用於 DIN 法蘭。,Y,,,,,,,止回阀/DCV3.md,DCV3,DCV3 Standard Spring / DCV3 標準彈簧,1
DCV3 METAL,DN40,"1,969",1346490,止回阀,Note / 備註: Suitable for DIN flanges. / 適用於 DIN 法蘭。,Y,,,,,,,止回阀/DCV3.md,DCV3,DCV3 Standard Spring / DCV3 標準彈簧,1
DCV3 VITON,DN40,"2,764",1346491,止回阀,Note / 備註: Suitable for DIN flanges. / 適用於 DIN 法蘭。,Y,,,,,,,止回阀/DCV3.md,DCV3,DCV3 Standard Spring / DCV3 標準彈簧,1
DCV3 EPDM,DN50,"3,203",1346592,止回阀,Note / 備註: Suitable for DIN flanges. / 適用於 DIN 法蘭。,Y,,,,,,,止回阀/DCV3.md,DCV3,DCV3 Standard Spring / DCV3 標準彈簧,1
DCV3 METAL,DN50,"2,531",1346590,止回阀,Note / 備註: Suitable for DIN flanges. / 適用於 DIN 法蘭。,Y,,,,,,,止回阀/DCV3.md,DCV3,DCV3 Standard Spring / DCV3 標準彈簧,1
DCV3 VITON,DN50,"3,374",1346591,止回阀,Note / 備註: Suitable for DIN flanges. / 適用於 DIN 法蘭。,N,,,,,,,止回阀/DCV3.md,DCV3,DCV3 Standard Spring / DCV3 標準彈簧,1
DCV3 EPDM,DN65,"4,656",1346692,止回阀,Note / 備註: Suitable for DIN flanges. / 適用於 DIN 法蘭。,N,,,,,,,止回阀/DCV3.md,DCV3,DCV3 Standard Spring / DCV3 標準彈簧,1
DCV3 METAL,DN65,"3,996",1346690,止回阀,Note / 備註: Suitable for DIN flanges. / 適用於 DIN 法蘭。,Y,,,,,,,止回阀/DCV3.md,DCV3,DCV3 Standard Spring / DCV3 標準彈簧,1
DCV3 EPDM,DN80,"5,170",1346792,止回阀,Note / 備註: Suitable for DIN flanges. / 適用於 DIN 法蘭。,N,,,,,,,止回阀/DCV3.md,DCV3,DCV3 Standard Spring / DCV3 標準彈簧,1
DCV3 METAL,DN80,"4,558",1346790,止回阀,Note / 備註: Suitable for DIN flanges. / 適用於 DIN 法蘭。,Y,,,,,,,止回阀/DCV3.md,DCV3,DCV3 Standard Spring / DCV3 標準彈簧,1
DCV3 VITON,DN80,"5,597",1346791,止回阀,Note / 備註: Suitable for DIN flanges. / 適用於 DIN 法蘭。,N,,,,,,,止回阀/DCV3.md,DCV3,DCV3 Standard Spring / DCV3 標準彈簧,1
DCV3 EPDM,DN100,"7,584",1346892,止回阀,Note / 備註: Suitable for DIN flanges. / 適用於 DIN 法蘭。,N,,,,,,,止回阀/DCV3.md,DCV3,DCV3 Standard Spring / DCV3 標準彈簧,1
DCV3 METAL,DN100,"6,975",1346890,止回阀,Note / 備註: Suitable for DIN flanges. / 適用於 DIN 法蘭。,Y,,,,,,,止回阀/DCV3.md,DCV3,DCV3 Standard Spring / DCV3 標準彈簧,1
S1,"1/2""","4,029",0230200,汽水分离器,注：亦可提供 NPT 連接（Also available with NPT connection）。,Y,,,,,,,汽水分离器/S1_S13_S7.md,S1_S13_S7,1. S1 - 螺紋連接 BSP (S1 - screwed BSP),1
S1,"3/4""","5,500",0230300,汽水分离器,注：亦可提供 NPT 連接（Also available with NPT connection）。,Y,,,,,,,汽水分离器/S1_S13_S7.md,S1_S13_S7,1. S1 - 螺紋連接 BSP (S1 - screwed BSP),1
S1,"1""","7,028",0230400,汽水分离器,注：亦可提供 NPT 連接（Also available with NPT connection）。,Y,,,,,,,汽水分离器/S1_S13_S7.md,S1_S13_S7,1. S1 - 螺紋連接 BSP (S1 - screwed BSP),1
S13 PN25,DN40,"5,848",10231662,汽水分离器,"技術資料表編號: TI-P023-26, 說明: 蒸汽壓力等級取決於所選的法蘭類型。",Y,,,,,,,汽水分离器/S1_S13_S7.md,S1_S13_S7,2. S13 - 法蘭連接 PN16/PN25 (S13 - flanged PN16/PN25),2
S13 PN25,DN50,"6,994",10231762,汽水分离器,"技術資料表編號: TI-P023-26, 說明: 蒸汽壓力等級取決於所選的法蘭類型。",Y,,,,,,,汽水分离器/S1_S13_S7.md,S1_S13_S7,2. S13 - 法蘭連接 PN16/PN25 (S13 - flanged PN16/PN25),2
S13 PN25,DN65,"9,004",10231862,汽水分离器,"技術資料表編號: TI-P023-26, 說明: 蒸汽壓力等級取決於所選的法蘭類型。",Y,,,,,,,汽水分离器/S1_S13_S7.md,S1_S13_S7,2. S13 - 法蘭連接 PN16/PN25 (S13 - flanged PN16/PN25),2
S13 PN25,DN80,"10,964",10231962,汽水分离器,"技術資料表編號: TI-P023-26, 說明: 蒸汽壓力等級取決於所選的法蘭類型。",Y,,,,,,,汽水分离器/S1_S13_S7.md,S1_S13_S7,2. S13 - 法蘭連接 PN16/PN25 (S13 - flanged PN16/PN25),2
S13 PN25,DN100,"16,352",10231162,汽水分离器,"技術資料表編號: TI-P023-26, 說明: 蒸汽壓力等級取決於所選的法蘭類型。",Y,,,,,,,汽水分离器/S1_S13_S7.md,S1_S13_S7,2. S13 - 法蘭連接 PN16/PN25 (S13 - flanged PN16/PN25),2
S13 PN16,DN65,"8,747",10231861,汽水分离器,"技術資料表編號: TI-P023-26, 說明: 蒸汽壓力等級取決於所選的法蘭類型。",Y,,,,,,,汽水分离器/S1_S13_S7.md,S1_S13_S7,2. S13 - 法蘭連接 PN16/PN25 (S13 - flanged PN16/PN25),2
S13 PN16,DN80,"10,569",10231961,汽水分离器,"技術資料表編號: TI-P023-26, 說明: 蒸汽壓力等級取決於所選的法蘭類型。",Y,,,,,,,汽水分离器/S1_S13_S7.md,S1_S13_S7,2. S13 - 法蘭連接 PN16/PN25 (S13 - flanged PN16/PN25),2
S13 PN16,DN100,"15,834",10231161,汽水分离器,"技術資料表編號: TI-P023-26, 說明: 蒸汽壓力等級取決於所選的法蘭類型。",Y,,,,,,,汽水分离器/S1_S13_S7.md,S1_S13_S7,2. S13 - 法蘭連接 PN16/PN25 (S13 - flanged PN16/PN25),2
S7 PN16,DN125,"45,402",1382101004,汽水分离器,"技術資料表編號: TI-P023-03CN, 說明: 蒸汽壓力參考相關技術說明（TI）。",Y,,,,,,,汽水分离器/S1_S13_S7.md,S1_S13_S7,3. S7 - 擋板式分離器 (S7 Baffle Type Separator),3
S7 PN16,DN150,"59,049",1382101005,汽水分离器,"技術資料表編號: TI-P023-03CN, 說明: 蒸汽壓力參考相關技術說明（TI）。",Y,,,,,,,汽水分离器/S1_S13_S7.md,S1_S13_S7,3. S7 - 擋板式分離器 (S7 Baffle Type Separator),3
S7 PN16,DN200,"74,646",1382101006,汽水分离器,"技術資料表編號: TI-P023-03CN, 說明: 蒸汽壓力參考相關技術說明（TI）。",Y,,,,,,,汽水分离器/S1_S13_S7.md,S1_S13_S7,3. S7 - 擋板式分離器 (S7 Baffle Type Separator),3
S7 PN25,DN125,"45,623",1382102004,汽水分离器,"技術資料表編號: TI-P023-03CN, 說明: 蒸汽壓力參考相關技術說明（TI）。",Y,,,,,,,汽水分离器/S1_S13_S7.md,S1_S13_S7,3. S7 - 擋板式分離器 (S7 Baffle Type Separator),3
S7 PN25,DN150,"60,333",1382102005,汽水分离器,"技術資料表編號: TI-P023-03CN, 說明: 蒸汽壓力參考相關技術說明（TI）。",Y,,,,,,,汽水分离器/S1_S13_S7.md,S1_S13_S7,3. S7 - 擋板式分離器 (S7 Baffle Type Separator),3
S7 PN25,DN200,"75,755",1382102006,汽水分离器,"技術資料表編號: TI-P023-03CN, 說明: 蒸汽壓力參考相關技術說明（TI）。",Y,,,,,,,汽水分离器/S1_S13_S7.md,S1_S13_S7,3. S7 - 擋板式分離器 (S7 Baffle Type Separator),3
"APT14 / 法蘭 PN16，帶 1/2"" BSP 蒸汽連接",DN40 x DN25,"46,817",16120263,泵,,Y,,,,,,,泵/APT14 & APT14HC.md,APT14 & APT14HC,產品型號與價格表 (APT14 & APT14HC - 法蘭 PN16，帶 BSP 蒸汽連接),1
"APT14 HC / 法蘭 PN16，帶 1/2"" BSP 蒸汽連接",DN50 x DN40,"86,815",16120456,泵,,Y,,,,,,,泵/APT14 & APT14HC.md,APT14 & APT14HC,產品型號與價格表 (APT14 & APT14HC - 法蘭 PN16，帶 BSP 蒸汽連接),1
APT14 BSP (Motive BSP),"1 1/2""","44,654",16120020,泵,,N,,,,,,,泵/APT14 & APT14HC.md,APT14 & APT14HC,APT14 - 螺紋連接 (screwed connection),2
APT14 NPT (Motive NPT),"1 1/2""","44,654",16120390,泵,,N,,,,,,,泵/APT14 & APT14HC.md,APT14 & APT14HC,APT14 - 螺紋連接 (screwed connection),2
Cover gasket for APT14 (上蓋墊片),,826,16120284,泵,,,,,,,,,泵/APT14 & APT14HC.md,APT14 & APT14HC,APT14 備件,3
Inlet check valve for APT14 (入口單向閥),,"1,373",16120283,泵,,,,,,,,,泵/APT14 & APT14HC.md,APT14 & APT14HC,APT14 備件,3
Spring and actuator arm kit for APT14 (彈簧與執行機構搖臂套件),,"5,059",16120286,泵,,,,,,,,,泵/APT14 & APT14HC.md,APT14 & APT14HC,APT14 備件,3
Float kit for APT14 (浮球套件),,"6,193",16120285,泵,,,,,,,,,泵/APT14 & APT14HC.md,APT14 & APT14HC,APT14 備件,3
Trap and outlet check valve kit for APT14 (疏水閥及出口單向閥套件),,"5,306",16120281,泵,,,,,,,,,泵/APT14 & APT14HC.md,APT14 & APT14HC,APT14 備件,3
Inlet and exhaust valve/seat kit for APT14 (進氣與排氣閥/閥座套件),,"4,294",16120282,泵,,,,,,,,,泵/APT14 & APT14HC.md,APT14 & APT14HC,APT14 備件,3
Cover mechanism kit (BSP) for APT14 (上蓋內件套件 - BSP),,"35,291",16120280,泵,,,,,,,,,泵/APT14 & APT14HC.md,APT14 & APT14HC,APT14 備件,3
Cover mechanism kit (NPT) for APT14 (上蓋內件套件 - NPT),,"35,291",16120287,泵,,,,,,,,,泵/APT14 & APT14HC.md,APT14 & APT14HC,APT14 備件,3
Cover gasket for APT14HC (上蓋墊片),,670,16120490,泵,,,,,,,,,泵/APT14 & APT14HC.md,APT14 & APT14HC,APT14HC 備件,4
Inlet check valve for APT14HC (入口單向閥),,"1,582",16120489,泵,,,,,,,,,泵/APT14 & APT14HC.md,APT14 & APT14HC,APT14HC 備件,4
Spring and actuator arm kit for APT14HC (彈簧與執行機構搖臂套件),,"5,775",16120486,泵,,,,,,,,,泵/APT14 & APT14HC.md,APT14 & APT14HC,APT14HC 備件,4
Float kit for APT14HC (浮球套件),,"7,032",16120487,泵,,,,,,,,,泵/APT14 & APT14HC.md,APT14 & APT14HC,APT14HC 備件,4
Trap valve and seat for APT14HC (疏水閥閥芯與閥座),,"5,971",16120488,泵,,,,,,,,,泵/APT14 & APT14HC.md,APT14 & APT14HC,APT14HC 備件,4
Inlet and exhaust valve/seat kit for APT14HC (進氣與排氣閥/閥座套件),,"4,998",16120485,泵,,,,,,,,,泵/APT14 & APT14HC.md,APT14 & APT14HC,APT14HC 備件,4
Cover mechanism kit (BSP) with motive strainer for APT14HC (上蓋內件套件 - BSP，帶動力蒸汽過濾網),,"41,837",16120482,泵,,,,,,,,,泵/APT14 & APT14HC.md,APT14 & APT14HC,APT14HC 備件,4
Cover mechanism kit (NPT) with motive strainer for APT14HC (上蓋內件套件 - NPT，帶動力蒸汽過濾網),,"41,837",16120483,泵,,,,,,,,,泵/APT14 & APT14HC.md,APT14 & APT14HC,APT14HC 備件,4
MFP14,DN25,"43,379",11360093,泵,,N,,,,,,,泵/MFP14.md,MFP14,"MFP14 - 法蘭 PN16，BSP 動力連接，不帶單向閥 (Flanged PN16, BSP motive connection, without check valve)",1
MFP14,DN40,"45,141",11360493,泵,,N,,,,,,,泵/MFP14.md,MFP14,"MFP14 - 法蘭 PN16，BSP 動力連接，不帶單向閥 (Flanged PN16, BSP motive connection, without check valve)",1
MFP14,DN50,"51,174",1360893,泵,,Y,,,,,,,泵/MFP14.md,MFP14,"MFP14 - 法蘭 PN16，BSP 動力連接，不帶單向閥 (Flanged PN16, BSP motive connection, without check valve)",1
MFP14,DN80 x DN50,"55,231",1361293,泵,,Y,,,,,,,泵/MFP14.md,MFP14,"MFP14 - 法蘭 PN16，BSP 動力連接，不帶單向閥 (Flanged PN16, BSP motive connection, without check valve)",1
MFP14 package,DN25,"67,123",681P250100,泵,,N,,,,,,,泵/MFP14.md,MFP14,"MFP14 組合單元 - 蒸汽動力，PN16 法蘭連接 (MFP14 pump package , steam motive, PN16 flanged)",2
MFP14 package,DN40,"69,233",681P400100,泵,,Y,,,,,,,泵/MFP14.md,MFP14,"MFP14 組合單元 - 蒸汽動力，PN16 法蘭連接 (MFP14 pump package , steam motive, PN16 flanged)",2
MFP14 package,DN50,"73,548",681P500100,泵,,Y,,,,,,,泵/MFP14.md,MFP14,"MFP14 組合單元 - 蒸汽動力，PN16 法蘭連接 (MFP14 pump package , steam motive, PN16 flanged)",2
MFP14 package,DN80,"82,489",681P800100,泵,,Y,,,,,,,泵/MFP14.md,MFP14,"MFP14 組合單元 - 蒸汽動力，PN16 法蘭連接 (MFP14 pump package , steam motive, PN16 flanged)",2
MFP14 Duplex Package,DN80,"145,951",681P800200,泵,,Y,,,,,,,泵/MFP14.md,MFP14,"MFP14 組合單元 - 蒸汽動力，PN16 法蘭連接 (MFP14 pump package , steam motive, PN16 flanged)",2
MFP14S INC. CHK VLVS,DN80 x DN50,"68,830",1363800110,泵,,N,,,,,,,泵/MFP14S.md,MFP14S,"MFP14S - 法兰 PN16 带 BSP 连接，法兰 ASME150 带 NPT 连接 (Flanged PN16 with BSP connection, Flange ASME150 with NPT connection)",1
MFP14S INC. CHK VLVS,"3"" x 2""","80,321",1363800220,泵,,N,,,,,,,泵/MFP14S.md,MFP14S,"MFP14S - 法兰 PN16 带 BSP 连接，法兰 ASME150 带 NPT 连接 (Flanged PN16 with BSP connection, Flange ASME150 with NPT connection)",1
MFP14S EXC. CHK VLVS,DN80 x DN50,"59,140",1363800100,泵,,Y,,,,,,,泵/MFP14S.md,MFP14S,"MFP14S - 法兰 PN16 带 BSP 连接，法兰 ASME150 带 NPT 连接 (Flanged PN16 with BSP connection, Flange ASME150 with NPT connection)",1
MFP14S EXC. CHK VLVS,"3"" x 2""","68,951",1363800200,泵,,Y,,,,,,,泵/MFP14S.md,MFP14S,"MFP14S - 法兰 PN16 带 BSP 连接，法兰 ASME150 带 NPT 连接 (Flanged PN16 with BSP connection, Flange ASME150 with NPT connection)",1
Cover gasket for MFP14/S (MFP14/S 上盖垫片),DN25-DN80,336,1360880,泵,,,,,,,,,泵/MFP14S.md,MFP14S,Spare Part (备件清单),2
Float set for MFP14 (MFP14 浮球组件),DN25/DN40,"4,553",1360083,泵,,,,,,,,,泵/MFP14S.md,MFP14S,Spare Part (备件清单),2
Float set for MFP14/S/SS (MFP14/S/SS 浮球组件),DN50/DN80,"6,600",1360883,泵,,,,,,,,,泵/MFP14S.md,MFP14S,Spare Part (备件清单),2
Inlet and exhaust valves/seats set for MFP14 (MFP14 进气与排气阀/阀座套件),DN25/DN40,"2,740",1360081,泵,,,,,,,,,泵/MFP14S.md,MFP14S,Spare Part (备件清单),2
Inlet and exhaust valves/seats set for MFP14/S/SS (MFP14/S/SS 进气与排气阀/阀座套件),DN50/DN80,"2,309",1360881,泵,,,,,,,,,泵/MFP14S.md,MFP14S,Spare Part (备件清单),2
Spring and shaft kit for MFP14 (MFP14 弹簧与轴套件),DN25/DN40,"2,371",1360180,泵,,,,,,,,,泵/MFP14S.md,MFP14S,Spare Part (备件清单),2
Spring and shaft kit for MFP14 (MFP14 弹簧与轴套件),DN50/DN80,"3,407",1361282,泵,,,,,,,,,泵/MFP14S.md,MFP14S,Spare Part (备件清单),2
Mechanism set for MFP14 (MFP14 核心机构组件),DN25/DN40,"9,030",1360488,泵,,,,,,,,,泵/MFP14S.md,MFP14S,Spare Part (备件清单),2
Mechanism set for MFP14 (MFP14 核心机构组件),DN50/DN80,"9,387",1360888,泵,,,,,,,,,泵/MFP14S.md,MFP14S,Spare Part (备件清单),2
Cover mechanism set (BSP) for MFP14 (MFP14 上盖机构套件 - BSP),DN25/DN40,"26,917",1360084,泵,,,,,,,,,泵/MFP14S.md,MFP14S,Spare Part (备件清单),2
Cover mechanism set (BSP) for MFP14 (MFP14 上盖机构套件 - BSP),DN50/DN80,"26,917",1360884,泵,,,,,,,,,泵/MFP14S.md,MFP14S,Spare Part (备件清单),2
ILVA STATION PN16,DN50,"82,405",337P050107,流量计,,Y,,,,,,,流量计/ILVA 流量计.md,ILVA 流量计,2. 用于饱和蒸汽带压力传感器的 ILVA 减压阀站 (ILVA station with pressure sensor for saturated steam),1
ILVA STATION PN16,DN80,"87,497",337P080105,流量计,,Y,,,,,,,流量计/ILVA 流量计.md,ILVA 流量计,2. 用于饱和蒸汽带压力传感器的 ILVA 减压阀站 (ILVA station with pressure sensor for saturated steam),1
ILVA STATION PN16,DN100,"97,187",337P100102,流量计,,Y,,,,,,,流量计/ILVA 流量计.md,ILVA 流量计,2. 用于饱和蒸汽带压力传感器的 ILVA 减压阀站 (ILVA station with pressure sensor for saturated steam),1
ILVA STATION PN16,DN150,"108,277",337P150104,流量计,,Y,,,,,,,流量计/ILVA 流量计.md,ILVA 流量计,2. 用于饱和蒸汽带压力传感器的 ILVA 减压阀站 (ILVA station with pressure sensor for saturated steam),1
ILVA STATION PN16,DN200,"123,833",337P200102,流量计,,Y,,,,,,,流量计/ILVA 流量计.md,ILVA 流量计,2. 用于饱和蒸汽带压力传感器的 ILVA 减压阀站 (ILVA station with pressure sensor for saturated steam),1
ILVA STATION PN16,DN250,"152,180",337P250103,流量计,,N,,,,,,,流量计/ILVA 流量计.md,ILVA 流量计,2. 用于饱和蒸汽带压力传感器的 ILVA 减压阀站 (ILVA station with pressure sensor for saturated steam),1
ILVA STATION PN16,DN300,"184,863",337P300101,流量计,,N,,,,,,,流量计/ILVA 流量计.md,ILVA 流量计,2. 用于饱和蒸汽带压力传感器的 ILVA 减压阀站 (ILVA station with pressure sensor for saturated steam),1
ILVA KIT,DN50,"64,955",337K050002,流量计,注 (Note): 过热蒸汽应用需要同时配备温度和压力传感器。(For superheated steam application need the both temperature and pressure sensor.),Y,,,,,,,流量计/ILVA 流量计.md,ILVA 流量计,3. 用于饱和蒸汽的 ILVA 组件（不含流量计算机和引压管） (ILVA kit for saturated steam without flow computer and impulse pipes),2
ILVA KIT,DN80,"70,090",337K080002,流量计,注 (Note): 过热蒸汽应用需要同时配备温度和压力传感器。(For superheated steam application need the both temperature and pressure sensor.),Y,,,,,,,流量计/ILVA 流量计.md,ILVA 流量计,3. 用于饱和蒸汽的 ILVA 组件（不含流量计算机和引压管） (ILVA kit for saturated steam without flow computer and impulse pipes),2
ILVA KIT,DN100,"79,781",337K100002,流量计,注 (Note): 过热蒸汽应用需要同时配备温度和压力传感器。(For superheated steam application need the both temperature and pressure sensor.),Y,,,,,,,流量计/ILVA 流量计.md,ILVA 流量计,3. 用于饱和蒸汽的 ILVA 组件（不含流量计算机和引压管） (ILVA kit for saturated steam without flow computer and impulse pipes),2
ILVA KIT,DN150,"90,768",337K150002,流量计,注 (Note): 过热蒸汽应用需要同时配备温度和压力传感器。(For superheated steam application need the both temperature and pressure sensor.),Y,,,,,,,流量计/ILVA 流量计.md,ILVA 流量计,3. 用于饱和蒸汽的 ILVA 组件（不含流量计算机和引压管） (ILVA kit for saturated steam without flow computer and impulse pipes),2
ILVA KIT,DN200,"105,736",337K200002,流量计,注 (Note): 过热蒸汽应用需要同时配备温度和压力传感器。(For superheated steam application need the both temperature and pressure sensor.),Y,,,,,,,流量计/ILVA 流量计.md,ILVA 流量计,3. 用于饱和蒸汽的 ILVA 组件（不含流量计算机和引压管） (ILVA kit for saturated steam without flow computer and impulse pipes),2
ILVA KIT,DN250,"128,958",337K250002,流量计,注 (Note): 过热蒸汽应用需要同时配备温度和压力传感器。(For superheated steam application need the both temperature and pressure sensor.),Y,,,,,,,流量计/ILVA 流量计.md,ILVA 流量计,3. 用于饱和蒸汽的 ILVA 组件（不含流量计算机和引压管） (ILVA kit for saturated steam without flow computer and impulse pipes),2
ILVA KIT,DN300,"149,266",337K300002,流量计,注 (Note): 过热蒸汽应用需要同时配备温度和压力传感器。(For superheated steam application need the both temperature and pressure sensor.),Y,,,,,,,流量计/ILVA 流量计.md,ILVA 流量计,3. 用于饱和蒸汽的 ILVA 组件（不含流量计算机和引压管） (ILVA kit for saturated steam without flow computer and impulse pipes),2
ILVA Installation Kit 0800MM,,"3,056",3370020,流量计,注 (Note): 过热蒸汽应用需要同时配备温度和压力传感器。(For superheated steam application need the both temperature and pressure sensor.),N,,,,,,,流量计/ILVA 流量计.md,ILVA 流量计,3. 用于饱和蒸汽的 ILVA 组件（不含流量计算机和引压管） (ILVA kit for saturated steam without flow computer and impulse pipes),2
ILVA Installation Kit 1800MM,,"3,056",3370010,流量计,注 (Note): 过热蒸汽应用需要同时配备温度和压力传感器。(For superheated steam application need the both temperature and pressure sensor.),N,,,,,,,流量计/ILVA 流量计.md,ILVA 流量计,3. 用于饱和蒸汽的 ILVA 组件（不含流量计算机和引压管） (ILVA kit for saturated steam without flow computer and impulse pipes),2
M841 Wall Mounted,,"19,122",3370025,流量计,注 (Note): 过热蒸汽应用需要同时配备温度和压力传感器。(For superheated steam application need the both temperature and pressure sensor.),Y,,,,,,,流量计/ILVA 流量计.md,ILVA 流量计,3. 用于饱和蒸汽的 ILVA 组件（不含流量计算机和引压管） (ILVA kit for saturated steam without flow computer and impulse pipes),2
M850-W-1,,"45,124",3331091,流量计,注 (Note): 过热蒸汽应用需要同时配备温度和压力传感器。(For superheated steam application need the both temperature and pressure sensor.),N,,,,,,,流量计/ILVA 流量计.md,ILVA 流量计,3. 用于饱和蒸汽的 ILVA 组件（不含流量计算机和引压管） (ILVA kit for saturated steam without flow computer and impulse pipes),2
M850-P-1,,"42,043",3331096,流量计,注 (Note): 过热蒸汽应用需要同时配备温度和压力传感器。(For superheated steam application need the both temperature and pressure sensor.),N,,,,,,,流量计/ILVA 流量计.md,ILVA 流量计,3. 用于饱和蒸汽的 ILVA 组件（不含流量计算机和引压管） (ILVA kit for saturated steam without flow computer and impulse pipes),2
TFA Saturated Steam Flowmeter RS232,DN25,"35,842",11930200,流量计,技术资料参考 (Technical information sheet): TI-P193-01,Y,,,,,,,流量计/TFA.md,TFA,1. TFA 饱和蒸汽流量计 (TFA flowmeter),1
TFA Saturated Steam Flowmeter RS232,DN32,"36,536",11930300,流量计,技术资料参考 (Technical information sheet): TI-P193-01,N,,,,,,,流量计/TFA.md,TFA,1. TFA 饱和蒸汽流量计 (TFA flowmeter),1
TFA Saturated Steam Flowmeter RS232,DN40,"37,219",11930400,流量计,技术资料参考 (Technical information sheet): TI-P193-01,Y,,,,,,,流量计/TFA.md,TFA,1. TFA 饱和蒸汽流量计 (TFA flowmeter),1
TFA Saturated Steam Flowmeter RS232,DN50,"37,901",11930500,流量计,技术资料参考 (Technical information sheet): TI-P193-01,Y,,,,,,,流量计/TFA.md,TFA,1. TFA 饱和蒸汽流量计 (TFA flowmeter),1
TFA Saturated Steam Flowmeter RS485,DN25,"38,679",11930295,流量计,技术资料参考 (Technical information sheet): TI-P193-01,N,,,,,,,流量计/TFA.md,TFA,1. TFA 饱和蒸汽流量计 (TFA flowmeter),1
TFA Saturated Steam Flowmeter RS485,DN32,"39,410",11930395,流量计,技术资料参考 (Technical information sheet): TI-P193-01,N,,,,,,,流量计/TFA.md,TFA,1. TFA 饱和蒸汽流量计 (TFA flowmeter),1
TFA Saturated Steam Flowmeter RS485,DN40,"40,152",11930495,流量计,技术资料参考 (Technical information sheet): TI-P193-01,N,,,,,,,流量计/TFA.md,TFA,1. TFA 饱和蒸汽流量计 (TFA flowmeter),1
TFA Saturated Steam Flowmeter RS485,DN50,"40,905",11930595,流量计,技术资料参考 (Technical information sheet): TI-P193-01,N,,,,,,,流量计/TFA.md,TFA,1. TFA 饱和蒸汽流量计 (TFA flowmeter),1
TFA Electronics Front Panel RS232,,"5,036",11930280,流量计,技术资料参考 (Technical information sheet): TI-P193-01,N,,,,,,,流量计/TFA.md,TFA,1. TFA 饱和蒸汽流量计 (TFA flowmeter),1
TFA Electronics Front Panel RS485,,"6,206",11930285,流量计,技术资料参考 (Technical information sheet): TI-P193-01,N,,,,,,,流量计/TFA.md,TFA,1. TFA 饱和蒸汽流量计 (TFA flowmeter),1
TVA KIT RS232 WITH S13,DN50,"56,893",192K050100,流量计,,Y,,,,,,,流量计/TVA.md,TVA,TVA 饱和蒸汽流量计组件及配件 (TVA Saturated steam flowmeter),1
TVA KIT RS232 WITH S13,DN80,"63,871",192K080100,流量计,,Y,,,,,,,流量计/TVA.md,TVA,TVA 饱和蒸汽流量计组件及配件 (TVA Saturated steam flowmeter),1
TVA KIT RS232 WITH S13,DN100,"75,348",192K100100,流量计,,Y,,,,,,,流量计/TVA.md,TVA,TVA 饱和蒸汽流量计组件及配件 (TVA Saturated steam flowmeter),1
TVA KIT RS485 WITH S13,DN50,"59,933",192K050101,流量计,,N,,,,,,,流量计/TVA.md,TVA,TVA 饱和蒸汽流量计组件及配件 (TVA Saturated steam flowmeter),1
TVA KIT RS485 WITH S13,DN80,"66,696",192K080101,流量计,,N,,,,,,,流量计/TVA.md,TVA,TVA 饱和蒸汽流量计组件及配件 (TVA Saturated steam flowmeter),1
TVA KIT RS485 WITH S13,DN100,"78,245",192K100101,流量计,,N,,,,,,,流量计/TVA.md,TVA,TVA 饱和蒸汽流量计组件及配件 (TVA Saturated steam flowmeter),1
TVA Electronics Front Panel RS232,,"5,073",11920086,流量计,,N,,,,,,,流量计/TVA.md,TVA,TVA 饱和蒸汽流量计组件及配件 (TVA Saturated steam flowmeter),1
TVA Electronics Front Panel RS485,,"5,868",11920087,流量计,,N,,,,,,,流量计/TVA.md,TVA,TVA 饱和蒸汽流量计组件及配件 (TVA Saturated steam flowmeter),1
M741 Flow Computer Wall Mounted with RS485,,"12,821",3335248741,流量计,,Y,,,,,,,流量计/TVA.md,TVA,TVA 饱和蒸汽流量计组件及配件 (TVA Saturated steam flowmeter),1
FT14-4.5,"1 1/4""","4,606",1478000,浮球式疏水阀,,Y,,,,,,,浮球式疏水阀/FT14.md,FT14,FT14 - screwed BSP 產品價格表,1
FT14-10,"1 1/4""","4,606",1478100,浮球式疏水阀,,Y,,,,,,,浮球式疏水阀/FT14.md,FT14,FT14 - screwed BSP 產品價格表,1
FT14-14,"1 1/4""","4,606",1478200,浮球式疏水阀,,N,,,,,,,浮球式疏水阀/FT14.md,FT14,FT14 - screwed BSP 產品價格表,1
FT14-4.5,"1 1/2""","11,372",0666000,浮球式疏水阀,,Y,,,,,,,浮球式疏水阀/FT14.md,FT14,FT14 - screwed BSP 產品價格表,1
FT14-10,"1 1/2""","11,372",0666100,浮球式疏水阀,,Y,,,,,,,浮球式疏水阀/FT14.md,FT14,FT14 - screwed BSP 產品價格表,1
FT14-14,"1 1/2""","11,372",0666200,浮球式疏水阀,,N,,,,,,,浮球式疏水阀/FT14.md,FT14,FT14 - screwed BSP 產品價格表,1
FT14-4.5,"2""","14,244",0668000,浮球式疏水阀,,Y,,,,,,,浮球式疏水阀/FT14.md,FT14,FT14 - screwed BSP 產品價格表,1
FT14-10,"2""","14,244",0668100,浮球式疏水阀,,Y,,,,,,,浮球式疏水阀/FT14.md,FT14,FT14 - screwed BSP 產品價格表,1
FT14-14,"2""","14,244",0668200,浮球式疏水阀,,N,,,,,,,浮球式疏水阀/FT14.md,FT14,FT14 - screwed BSP 產品價格表,1
FT43-4.5,DN25,"5,848",0831293,浮球式疏水阀,,Y,,,,,,,浮球式疏水阀/FT43.md,FT43,FT43 - flanged PN16 standard flow Horizontal 產品價格表,1
FT43-10,DN25,"5,848",0831393,浮球式疏水阀,,Y,,,,,,,浮球式疏水阀/FT43.md,FT43,FT43 - flanged PN16 standard flow Horizontal 產品價格表,1
FT43-14,DN25,"5,848",0831493,浮球式疏水阀,,Y,,,,,,,浮球式疏水阀/FT43.md,FT43,FT43 - flanged PN16 standard flow Horizontal 產品價格表,1
FT43-4.5,DN40,"11,656",0831893,浮球式疏水阀,,Y,,,,,,,浮球式疏水阀/FT43.md,FT43,FT43 - flanged PN16 standard flow Horizontal 產品價格表,1
FT43-10,DN40,"11,656",0831993,浮球式疏水阀,,Y,,,,,,,浮球式疏水阀/FT43.md,FT43,FT43 - flanged PN16 standard flow Horizontal 產品價格表,1
FT43-14,DN40,"11,656",0832093,浮球式疏水阀,,Y,,,,,,,浮球式疏水阀/FT43.md,FT43,FT43 - flanged PN16 standard flow Horizontal 產品價格表,1
FT43-4.5,DN50,"14,319",0832493,浮球式疏水阀,,Y,,,,,,,浮球式疏水阀/FT43.md,FT43,FT43 - flanged PN16 standard flow Horizontal 產品價格表,1
FT43-10,DN50,"14,319",0832593,浮球式疏水阀,,Y,,,,,,,浮球式疏水阀/FT43.md,FT43,FT43 - flanged PN16 standard flow Horizontal 產品價格表,1
FT43-14,DN50,"14,319",0832693,浮球式疏水阀,,Y,,,,,,,浮球式疏水阀/FT43.md,FT43,FT43 - flanged PN16 standard flow Horizontal 產品價格表,1
FTGS14-4.5,"1/2""","2,332",1457110001,浮球式疏水阀,,Y,,,,,,,浮球式疏水阀/FTGS14.md,FTGS14,"FTGS14/14V - screwed BSP with SUB Capsule (flow R to L, Vertical)",1
FTGS14-10,"1/2""","2,332",1457110004,浮球式疏水阀,,Y,,,,,,,浮球式疏水阀/FTGS14.md,FTGS14,"FTGS14/14V - screwed BSP with SUB Capsule (flow R to L, Vertical)",1
FTGS14-14,"1/2""","2,332",1457110007,浮球式疏水阀,,Y,,,,,,,浮球式疏水阀/FTGS14.md,FTGS14,"FTGS14/14V - screwed BSP with SUB Capsule (flow R to L, Vertical)",1
FTGS14-4.5,"3/4""","2,332",1457110002,浮球式疏水阀,,Y,,,,,,,浮球式疏水阀/FTGS14.md,FTGS14,"FTGS14/14V - screwed BSP with SUB Capsule (flow R to L, Vertical)",1
FTGS14-10,"3/4""","2,332",1457110005,浮球式疏水阀,,Y,,,,,,,浮球式疏水阀/FTGS14.md,FTGS14,"FTGS14/14V - screwed BSP with SUB Capsule (flow R to L, Vertical)",1
FTGS14-14,"3/4""","2,332",1457110008,浮球式疏水阀,,Y,,,,,,,浮球式疏水阀/FTGS14.md,FTGS14,"FTGS14/14V - screwed BSP with SUB Capsule (flow R to L, Vertical)",1
FTGS14-4.5,"1""","2,482",1457110003,浮球式疏水阀,,Y,,,,,,,浮球式疏水阀/FTGS14.md,FTGS14,"FTGS14/14V - screwed BSP with SUB Capsule (flow R to L, Vertical)",1
FTGS14-10,"1""","2,482",1457110006,浮球式疏水阀,,Y,,,,,,,浮球式疏水阀/FTGS14.md,FTGS14,"FTGS14/14V - screwed BSP with SUB Capsule (flow R to L, Vertical)",1
FTGS14-14,"1""","2,482",1457110009,浮球式疏水阀,,Y,,,,,,,浮球式疏水阀/FTGS14.md,FTGS14,"FTGS14/14V - screwed BSP with SUB Capsule (flow R to L, Vertical)",1
FTGS14V-4.5,"1/2""","2,332",6157110001,浮球式疏水阀,,N,,,,,,,浮球式疏水阀/FTGS14.md,FTGS14,"FTGS14/14V - screwed BSP with SUB Capsule (flow R to L, Vertical)",1
FTGS14V-10,"1/2""","2,332",6157110004,浮球式疏水阀,,N,,,,,,,浮球式疏水阀/FTGS14.md,FTGS14,"FTGS14/14V - screwed BSP with SUB Capsule (flow R to L, Vertical)",1
FTGS14V-14,"1/2""","2,332",6157110007,浮球式疏水阀,,N,,,,,,,浮球式疏水阀/FTGS14.md,FTGS14,"FTGS14/14V - screwed BSP with SUB Capsule (flow R to L, Vertical)",1
FTGS14V-4.5,"3/4""","2,332",6157110002,浮球式疏水阀,,N,,,,,,,浮球式疏水阀/FTGS14.md,FTGS14,"FTGS14/14V - screwed BSP with SUB Capsule (flow R to L, Vertical)",1
FTGS14V-10,"3/4""","2,332",6157110005,浮球式疏水阀,,N,,,,,,,浮球式疏水阀/FTGS14.md,FTGS14,"FTGS14/14V - screwed BSP with SUB Capsule (flow R to L, Vertical)",1
FTGS14V-14,"3/4""","2,332",6157110008,浮球式疏水阀,,N,,,,,,,浮球式疏水阀/FTGS14.md,FTGS14,"FTGS14/14V - screwed BSP with SUB Capsule (flow R to L, Vertical)",1
FTGS14V-4.5,"1""","2,482",6157110003,浮球式疏水阀,,N,,,,,,,浮球式疏水阀/FTGS14.md,FTGS14,"FTGS14/14V - screwed BSP with SUB Capsule (flow R to L, Vertical)",1
FTGS14V-10,"1""","2,482",6157110006,浮球式疏水阀,,N,,,,,,,浮球式疏水阀/FTGS14.md,FTGS14,"FTGS14/14V - screwed BSP with SUB Capsule (flow R to L, Vertical)",1
FTGS14V-14,"1""","2,482",6157110009,浮球式疏水阀,,N,,,,,,,浮球式疏水阀/FTGS14.md,FTGS14,"FTGS14/14V - screwed BSP with SUB Capsule (flow R to L, Vertical)",1
FTGS14-4.5,DN15,"3,687",1457130001,浮球式疏水阀,,Y,,,,,,,浮球式疏水阀/FTGS14.md,FTGS14,"FTGS14/14V - flanged PN16 with SUB Capsule (flow R to L, Vertical)",2
FTGS14-10,DN15,"3,687",1457130004,浮球式疏水阀,,Y,,,,,,,浮球式疏水阀/FTGS14.md,FTGS14,"FTGS14/14V - flanged PN16 with SUB Capsule (flow R to L, Vertical)",2
FTGS14-14,DN15,"3,687",1457130007,浮球式疏水阀,,Y,,,,,,,浮球式疏水阀/FTGS14.md,FTGS14,"FTGS14/14V - flanged PN16 with SUB Capsule (flow R to L, Vertical)",2
FTGS14-4.5,DN20,"3,687",1457130002,浮球式疏水阀,,Y,,,,,,,浮球式疏水阀/FTGS14.md,FTGS14,"FTGS14/14V - flanged PN16 with SUB Capsule (flow R to L, Vertical)",2
FTGS14-10,DN20,"3,687",1457130005,浮球式疏水阀,,Y,,,,,,,浮球式疏水阀/FTGS14.md,FTGS14,"FTGS14/14V - flanged PN16 with SUB Capsule (flow R to L, Vertical)",2
FTGS14-14,DN20,"3,687",1457130008,浮球式疏水阀,,Y,,,,,,,浮球式疏水阀/FTGS14.md,FTGS14,"FTGS14/14V - flanged PN16 with SUB Capsule (flow R to L, Vertical)",2
FTGS14-4.5,DN25,"4,275",1457130003,浮球式疏水阀,,Y,,,,,,,浮球式疏水阀/FTGS14.md,FTGS14,"FTGS14/14V - flanged PN16 with SUB Capsule (flow R to L, Vertical)",2
FTGS14-10,DN25,"4,275",1457130006,浮球式疏水阀,,Y,,,,,,,浮球式疏水阀/FTGS14.md,FTGS14,"FTGS14/14V - flanged PN16 with SUB Capsule (flow R to L, Vertical)",2
FTGS14-14,DN25,"4,275",1457130009,浮球式疏水阀,,Y,,,,,,,浮球式疏水阀/FTGS14.md,FTGS14,"FTGS14/14V - flanged PN16 with SUB Capsule (flow R to L, Vertical)",2
FTGS14V-4.5,DN15,"3,687",6157130001,浮球式疏水阀,,N,,,,,,,浮球式疏水阀/FTGS14.md,FTGS14,"FTGS14/14V - flanged PN16 with SUB Capsule (flow R to L, Vertical)",2
FTGS14V-10,DN15,"3,687",6157130004,浮球式疏水阀,,N,,,,,,,浮球式疏水阀/FTGS14.md,FTGS14,"FTGS14/14V - flanged PN16 with SUB Capsule (flow R to L, Vertical)",2
FTGS14V-14,DN15,"3,687",6157130007,浮球式疏水阀,,N,,,,,,,浮球式疏水阀/FTGS14.md,FTGS14,"FTGS14/14V - flanged PN16 with SUB Capsule (flow R to L, Vertical)",2
FTGS14V-4.5,DN20,"3,687",6157130002,浮球式疏水阀,,N,,,,,,,浮球式疏水阀/FTGS14.md,FTGS14,"FTGS14/14V - flanged PN16 with SUB Capsule (flow R to L, Vertical)",2
FTGS14V-10,DN20,"3,687",6157130005,浮球式疏水阀,,N,,,,,,,浮球式疏水阀/FTGS14.md,FTGS14,"FTGS14/14V - flanged PN16 with SUB Capsule (flow R to L, Vertical)",2
FTGS14V-14,DN20,"3,687",6157130008,浮球式疏水阀,,N,,,,,,,浮球式疏水阀/FTGS14.md,FTGS14,"FTGS14/14V - flanged PN16 with SUB Capsule (flow R to L, Vertical)",2
FTGS14V-4.5,DN25,"4,275",6157130003,浮球式疏水阀,,N,,,,,,,浮球式疏水阀/FTGS14.md,FTGS14,"FTGS14/14V - flanged PN16 with SUB Capsule (flow R to L, Vertical)",2
FTGS14V-10,DN25,"4,293",6157130006,浮球式疏水阀,,N,,,,,,,浮球式疏水阀/FTGS14.md,FTGS14,"FTGS14/14V - flanged PN16 with SUB Capsule (flow R to L, Vertical)",2
FTGS14V-14,DN25,"4,275",6157130009,浮球式疏水阀,,N,,,,,,,浮球式疏水阀/FTGS14.md,FTGS14,"FTGS14/14V - flanged PN16 with SUB Capsule (flow R to L, Vertical)",2
FTGS14HC-4.5 R-L,"1""","4,413",1457190001,浮球式疏水阀,,N,,,,,,,浮球式疏水阀/FTGS14HC.md,FTGS14HC,FTGS14HC - screwed BSP With SUB Capsule,1
FTGS14HC-10 R-L,"1""","4,413",1457190002,浮球式疏水阀,,N,,,,,,,浮球式疏水阀/FTGS14HC.md,FTGS14HC,FTGS14HC - screwed BSP With SUB Capsule,1
FTGS14HC-14 R-L,"1""","4,413",1457190003,浮球式疏水阀,,N,,,,,,,浮球式疏水阀/FTGS14HC.md,FTGS14HC,FTGS14HC - screwed BSP With SUB Capsule,1
FTGS14HC-4.5 L-R,"1""","4,413",1457190007,浮球式疏水阀,,Y,,,,,,,浮球式疏水阀/FTGS14HC.md,FTGS14HC,FTGS14HC - screwed BSP With SUB Capsule,1
FTGS14HC-10 L-R,"1""","4,413",1457190008,浮球式疏水阀,,Y,,,,,,,浮球式疏水阀/FTGS14HC.md,FTGS14HC,FTGS14HC - screwed BSP With SUB Capsule,1
FTGS14HC-14 L-R,"1""","4,413",1457190009,浮球式疏水阀,,N,,,,,,,浮球式疏水阀/FTGS14HC.md,FTGS14HC,FTGS14HC - screwed BSP With SUB Capsule,1
FTGS14HC-4.5 R-L,,"5,976",1457190101,浮球式疏水阀,,N,,,,,,,浮球式疏水阀/FTGS14HC.md,FTGS14HC,FTGS14HC – Flanged DN25 PN16/25 with SUB capsule,2
FTGS14HC-10 R-L,,"5,976",1457190102,浮球式疏水阀,,N,,,,,,,浮球式疏水阀/FTGS14HC.md,FTGS14HC,FTGS14HC – Flanged DN25 PN16/25 with SUB capsule,2
FTGS14HC-14 R-L,,"5,976",1457190103,浮球式疏水阀,,N,,,,,,,浮球式疏水阀/FTGS14HC.md,FTGS14HC,FTGS14HC – Flanged DN25 PN16/25 with SUB capsule,2
FTGS14HC-4.5 L-R,,"5,976",1457190104,浮球式疏水阀,,N,,,,,,,浮球式疏水阀/FTGS14HC.md,FTGS14HC,FTGS14HC – Flanged DN25 PN16/25 with SUB capsule,2
FTGS14HC-10 L-R,,"5,976",1457190105,浮球式疏水阀,,N,,,,,,,浮球式疏水阀/FTGS14HC.md,FTGS14HC,FTGS14HC – Flanged DN25 PN16/25 with SUB capsule,2
FTGS14HC-14 L-R,,"5,976",1457190106,浮球式疏水阀,,N,,,,,,,浮球式疏水阀/FTGS14HC.md,FTGS14HC,FTGS14HC – Flanged DN25 PN16/25 with SUB capsule,2
Air vent assy for FTGS14/FTC32(up to 21 bar),"1/2""-1"", DN15-DN25",559,1440085,浮球式疏水阀,,,,,,,,,浮球式疏水阀/配件.md,配件,"1. Spare Part FTGS14 1/2""-1"", DN15-DN25",1
AIR VENT ASSY(SUB) FOR DN15-DN50 FT (UP to 21 BARG),"1/2""-2""",559,0836082001,浮球式疏水阀,,,,,,,,,浮球式疏水阀/配件.md,配件,"1. Spare Part FTGS14 1/2""-1"", DN15-DN25",1
SLR and air vent assy for FTGS14C,"1/2""-1"", DN15-DN25","2,335",1446680,浮球式疏水阀,,,,,,,,,浮球式疏水阀/配件.md,配件,"1. Spare Part FTGS14 1/2""-1"", DN15-DN25",1
Cover gasket set (Pkt of 3) for FTGS14/CA14/AE14,"1/2""-1"", DN15-DN25",251,1440081,浮球式疏水阀,,,,,,,,,浮球式疏水阀/配件.md,配件,"1. Spare Part FTGS14 1/2""-1"", DN15-DN25",1
Main valve assy with float for FTGS14-4.5,"1/2""-3/4"", DN15-DN20",917,1440080,浮球式疏水阀,,,,,,,,,浮球式疏水阀/配件.md,配件,"1. Spare Part FTGS14 1/2""-1"", DN15-DN25",1
Main valve assy with float for FTGS14-10,"1/2""-3/4"", DN15-DN20",917,1440180,浮球式疏水阀,,,,,,,,,浮球式疏水阀/配件.md,配件,"1. Spare Part FTGS14 1/2""-1"", DN15-DN25",1
Main valve assy with float for FTGS14-14,"1/2""-3/4"", DN15-DN20",917,1440280,浮球式疏水阀,,,,,,,,,浮球式疏水阀/配件.md,配件,"1. Spare Part FTGS14 1/2""-1"", DN15-DN25",1
Main valve assy with float for FTGS14-4.5,"1"", DN25","1,202",1475080,浮球式疏水阀,,,,,,,,,浮球式疏水阀/配件.md,配件,"1. Spare Part FTGS14 1/2""-1"", DN15-DN25",1
Main valve assy with float for FTGS14-10,"1"", DN25","1,202",1475180,浮球式疏水阀,,,,,,,,,浮球式疏水阀/配件.md,配件,"1. Spare Part FTGS14 1/2""-1"", DN15-DN25",1
Main valve assy with float for FTGS14-14,"1"", DN25","1,202",1475280,浮球式疏水阀,,,,,,,,,浮球式疏水阀/配件.md,配件,"1. Spare Part FTGS14 1/2""-1"", DN15-DN25",1
Maintenance kit for FTGS14-4.5,"1/2""-3/4"", DN15-DN20","1,274",1440088,浮球式疏水阀,,,,,,,,,浮球式疏水阀/配件.md,配件,"1. Spare Part FTGS14 1/2""-1"", DN15-DN25",1
Maintenance kit for FTGS14-10,"1/2""-3/4"", DN15-DN20","1,274",1440188,浮球式疏水阀,,,,,,,,,浮球式疏水阀/配件.md,配件,"1. Spare Part FTGS14 1/2""-1"", DN15-DN25",1
Maintenance kit for FTGS14-14,"1/2""-3/4"", DN15-DN20","1,274",1440288,浮球式疏水阀,,,,,,,,,浮球式疏水阀/配件.md,配件,"1. Spare Part FTGS14 1/2""-1"", DN15-DN25",1
Maintenance kit for FTGS14-4.5,"1"", DN25","1,298",1475088,浮球式疏水阀,,,,,,,,,浮球式疏水阀/配件.md,配件,"1. Spare Part FTGS14 1/2""-1"", DN15-DN25",1
Maintenance kit for FTGS14-10,"1"", DN25","1,298",1475188,浮球式疏水阀,,,,,,,,,浮球式疏水阀/配件.md,配件,"1. Spare Part FTGS14 1/2""-1"", DN15-DN25",1
Maintenance kit for FTGS14-14,"1"", DN25","1,298",1475288,浮球式疏水阀,,,,,,,,,浮球式疏水阀/配件.md,配件,"1. Spare Part FTGS14 1/2""-1"", DN15-DN25",1
AIR VENT ASSY FOR DN15-DN50 FT (UP to 21 BARG),"1/2"" - 2""",559,0836082,浮球式疏水阀,,,,,,,,,浮球式疏水阀/配件.md,配件,"2. Spare Part FTGS14HC, FT14 1 1/4""-2"", FT43/FT44/FT46/FT47 DN25-DN50",2
"Gasket set (Pkt of 3) for FT14GSHC, 1 1/4"" FT14, DN15-DN25 FT43","1""",251,0660085,浮球式疏水阀,,,,,,,,,浮球式疏水阀/配件.md,配件,"2. Spare Part FTGS14HC, FT14 1 1/4""-2"", FT43/FT44/FT46/FT47 DN25-DN50",2
"Gasket set (Pkt of 3) for FT14, DN40 FT43","1 1/2""",251,0660081,浮球式疏水阀,,,,,,,,,浮球式疏水阀/配件.md,配件,"2. Spare Part FTGS14HC, FT14 1 1/4""-2"", FT43/FT44/FT46/FT47 DN25-DN50",2
"Gasket set (Pkt of 3) for FT14, DN50-DN100 FT43","2""",373,0660082,浮球式疏水阀,,,,,,,,,浮球式疏水阀/配件.md,配件,"2. Spare Part FTGS14HC, FT14 1 1/4""-2"", FT43/FT44/FT46/FT47 DN25-DN50",2
"Ball float for FT14, DN40-DN100 FT43/FT44/FT46/FT47","1 1/2""-2""","1,113",0628085,浮球式疏水阀,,,,,,,,,浮球式疏水阀/配件.md,配件,"2. Spare Part FTGS14HC, FT14 1 1/4""-2"", FT43/FT44/FT46/FT47 DN25-DN50",2
"Main valve assy with float for FTGS14HC, 1 1/4"" FT14, DN25 FT43-4.5","1""",917,0664080,浮球式疏水阀,,,,,,,,,浮球式疏水阀/配件.md,配件,"2. Spare Part FTGS14HC, FT14 1 1/4""-2"", FT43/FT44/FT46/FT47 DN25-DN50",2
"Main valve assy with float for FT14GSHC, 1 1/4"" FT14, DN25 FT43-10","1""",917,0664180,浮球式疏水阀,,,,,,,,,浮球式疏水阀/配件.md,配件,"2. Spare Part FTGS14HC, FT14 1 1/4""-2"", FT43/FT44/FT46/FT47 DN25-DN50",2
"Main valve assy with float for FTGS14HC, 1 1/4"" FT14, DN25 FT43-14","1""",917,0664280,浮球式疏水阀,,,,,,,,,浮球式疏水阀/配件.md,配件,"2. Spare Part FTGS14HC, FT14 1 1/4""-2"", FT43/FT44/FT46/FT47 DN25-DN50",2
Main valve assy for FT14-4.5,"1 1/2""","6,070",0666085,浮球式疏水阀,,,,,,,,,浮球式疏水阀/配件.md,配件,"2. Spare Part FTGS14HC, FT14 1 1/4""-2"", FT43/FT44/FT46/FT47 DN25-DN50",2
Main valve assy for FT14-10,"1 1/2""","6,070",0666185,浮球式疏水阀,,,,,,,,,浮球式疏水阀/配件.md,配件,"2. Spare Part FTGS14HC, FT14 1 1/4""-2"", FT43/FT44/FT46/FT47 DN25-DN50",2
Main valve assy for FT14-14,"1 1/2""","6,128",0666285,浮球式疏水阀,,,,,,,,,浮球式疏水阀/配件.md,配件,"2. Spare Part FTGS14HC, FT14 1 1/4""-2"", FT43/FT44/FT46/FT47 DN25-DN50",2
Main valve assy for FT14-4.5,"2""","7,821",0668085,浮球式疏水阀,,,,,,,,,浮球式疏水阀/配件.md,配件,"2. Spare Part FTGS14HC, FT14 1 1/4""-2"", FT43/FT44/FT46/FT47 DN25-DN50",2
Main valve assy for FT14-10,"2""","7,747",0668185,浮球式疏水阀,,,,,,,,,浮球式疏水阀/配件.md,配件,"2. Spare Part FTGS14HC, FT14 1 1/4""-2"", FT43/FT44/FT46/FT47 DN25-DN50",2
Main valve assy for FT14-14,"2""","7,821",0668285,浮球式疏水阀,,,,,,,,,浮球式疏水阀/配件.md,配件,"2. Spare Part FTGS14HC, FT14 1 1/4""-2"", FT43/FT44/FT46/FT47 DN25-DN50",2
Main valve assy for FT43/FT44/FT46/FT47-4.5,DN40,"6,070",0666080,浮球式疏水阀,,,,,,,,,浮球式疏水阀/配件.md,配件,"2. Spare Part FTGS14HC, FT14 1 1/4""-2"", FT43/FT44/FT46/FT47 DN25-DN50",2
Main valve assy for FT43/FT44/FT46/FT47-10,DN40,"6,070",0666180,浮球式疏水阀,,,,,,,,,浮球式疏水阀/配件.md,配件,"2. Spare Part FTGS14HC, FT14 1 1/4""-2"", FT43/FT44/FT46/FT47 DN25-DN50",2
Main valve assy for FT43/FT44/FT46/FT47-14/21/32,DN40,"6,070",0666280,浮球式疏水阀,,,,,,,,,浮球式疏水阀/配件.md,配件,"2. Spare Part FTGS14HC, FT14 1 1/4""-2"", FT43/FT44/FT46/FT47 DN25-DN50",2
Main valve assy for FT43/FT44/FT46/FT47-4.5,DN50,"7,736",0668080,浮球式疏水阀,,,,,,,,,浮球式疏水阀/配件.md,配件,"2. Spare Part FTGS14HC, FT14 1 1/4""-2"", FT43/FT44/FT46/FT47 DN25-DN50",2
Main valve assy for FT43/FT44/FT46/FT47-10,DN50,"7,736",0668180,浮球式疏水阀,,,,,,,,,浮球式疏水阀/配件.md,配件,"2. Spare Part FTGS14HC, FT14 1 1/4""-2"", FT43/FT44/FT46/FT47 DN25-DN50",2
Main valve assy for FT43/FT44/FT46/FT47-14/21/32,DN50,"7,736",0668280,浮球式疏水阀,,,,,,,,,浮球式疏水阀/配件.md,配件,"2. Spare Part FTGS14HC, FT14 1 1/4""-2"", FT43/FT44/FT46/FT47 DN25-DN50",2
HL10 高溫限制切斷裝置 (HL10 high limit cutout),,"20,020",0730000,温控系统,,N,,,,,,,温控系统/HL10 高溫切斷裝置.md,HL10 高溫切斷裝置,3. 安全保護控制系統選型表 (Safeguard Control System),1
HL10 高溫限制切斷裝置 + 微動開關 (HL10 high limit cutout + microswitch),,"24,153",0731000,温控系统,,N,,,,,,,温控系统/HL10 高溫切斷裝置.md,HL10 高溫切斷裝置,3. 安全保護控制系統選型表 (Safeguard Control System),1
130 控制器 - 2米毛細管 (130 control - 2m capillary),,"15,958",0730690,温控系统,,N,,,,,,,温控系统/HL10 高溫切斷裝置.md,HL10 高溫切斷裝置,3. 安全保護控制系統選型表 (Safeguard Control System),1
130 控制器 - 4米毛細管 (130 control - 4m capillary),,"16,693",0730691,温控系统,,N,,,,,,,温控系统/HL10 高溫切斷裝置.md,HL10 高溫切斷裝置,3. 安全保護控制系統選型表 (Safeguard Control System),1
130 控制器 - 6米毛細管 (130 control - 6m capillary),,"17,328",0730692,温控系统,,N,,,,,,,温控系统/HL10 高溫切斷裝置.md,HL10 高溫切斷裝置,3. 安全保護控制系統選型表 (Safeguard Control System),1
不鏽鋼 130 感溫包套管 (Stainless steel 130 pocket),,"3,404",0730577,温控系统,,N,,,,,,,温控系统/HL10 高溫切斷裝置.md,HL10 高溫切斷裝置,3. 安全保護控制系統選型表 (Safeguard Control System),1
"KB31, KB33 & KB51 閥頭與閥座 (HEAD & SEAT FOR KB31, KB33 & KB51)",DN25,"1,212",0781280,温控系统,,,,,,,,"A,B,C,D,E,L,U,G",温控系统/HL10 高溫切斷裝置.md,HL10 高溫切斷裝置,4. 備件清單 - KB31/KB33 系列 (Spare Part - KB31/KB33),2
"KB31, KB33, KB43 & KB51, KY31, KY33 & KY51 閥頭與閥座 (HEAD & SEAT FOR KB31, KB33, KB43 & KB51,KY31,KY33&KY51)",DN32,"2,088",0782482,温控系统,,,,,,,,"A,B,C,D,E,L,U,G",温控系统/HL10 高溫切斷裝置.md,HL10 高溫切斷裝置,4. 備件清單 - KB31/KB33 系列 (Spare Part - KB31/KB33),2
"KB31, KB33, KB43 & KB51 閥頭與閥座 (HEAD & SEAT FOR KB31, KB33, KB43 & KB51)",DN40,"1,965",0783682,温控系统,,,,,,,,"A,B,C,D,E,L,U,G",温控系统/HL10 高溫切斷裝置.md,HL10 高溫切斷裝置,4. 備件清單 - KB31/KB33 系列 (Spare Part - KB31/KB33),2
"KB31, KB33, KB43 & KB51, KY31, KY33, KY51 閥頭與閥座 (HEAD & SEAT FOR KB31, KB33, KB43 & KB51,KY31,KY33,KY51)",DN50,"2,026",0784882,温控系统,,,,,,,,"A,B,C,D,E,L,U,G",温控系统/HL10 高溫切斷裝置.md,HL10 高溫切斷裝置,4. 備件清單 - KB31/KB33 系列 (Spare Part - KB31/KB33),2
"KB31, KB33 & KB51 波紋管與推桿 (BELLOWS & PUSH ROD FOR KB31, KB33 & KB51)",DN25,"2,987",0781281,温控系统,,,,,,,,"G,L,N,H",温控系统/HL10 高溫切斷裝置.md,HL10 高溫切斷裝置,4. 備件清單 - KB31/KB33 系列 (Spare Part - KB31/KB33),2
"KB31, KB33, KB43 & KB51 波紋管與推桿 (BELLOWS & PUSH ROD FOR KB31, KB33, KB43 & KB51)",DN32,"3,382",0782480,温控系统,,,,,,,,"G,L,N,H",温控系统/HL10 高溫切斷裝置.md,HL10 高溫切斷裝置,4. 備件清單 - KB31/KB33 系列 (Spare Part - KB31/KB33),2
"KB31, KB33, KB43 & KB51 波紋管與推桿總成 (BELLOWS & PUSH ROD ASSY FOR KB31, KB33, KB43 & KB51)",DN40,"3,567",0783680,温控系统,,,,,,,,"G,L,N,H",温控系统/HL10 高溫切斷裝置.md,HL10 高溫切斷裝置,4. 備件清單 - KB31/KB33 系列 (Spare Part - KB31/KB33),2
"KB31, KB33, KB43 & KB51 波紋管與推桿總成 (BELLOWS & PUSH ROD ASSY FOR KB31, KB33, KB43 & KB51)",DN50,"3,850",0784880,温控系统,,,,,,,,"G,L,N,H",温控系统/HL10 高溫切斷裝置.md,HL10 高溫切斷裝置,4. 備件清單 - KB31/KB33 系列 (Spare Part - KB31/KB33),2
"KB31, KB33, KB43 & KB51 墊片組 (GASKET SET FOR KB31, KB33, KB43 & KB51)",DN25,349,0781282,温控系统,,,,,,,,"B,C,E,L,U,G",温控系统/HL10 高溫切斷裝置.md,HL10 高溫切斷裝置,4. 備件清單 - KB31/KB33 系列 (Spare Part - KB31/KB33),2
"KA, KB, KC, KX & KY 閥門墊片組 (GASKET SET FOR KA, KB, KC, KX & KY VALVES)",DN32,302,0782581,温控系统,,,,,,,,"B,C,E,L,U,G",温控系统/HL10 高溫切斷裝置.md,HL10 高溫切斷裝置,4. 備件清單 - KB31/KB33 系列 (Spare Part - KB31/KB33),2
"KA, KB, KC, KX & KY 閥門墊片組 (GASKET SET FOR KA, KB, KC, KX & KY VALVES)",DN40,274,0783781,温控系统,,,,,,,,"B,C,E,L,U,G",温控系统/HL10 高溫切斷裝置.md,HL10 高溫切斷裝置,4. 備件清單 - KB31/KB33 系列 (Spare Part - KB31/KB33),2
"KA, KB, KC, KX & KY 閥門墊片組 (GASKET SET FOR KA, KB, KC, KX & KY VALVES)",DN50,238,0784981,温控系统,,,,,,,,"B,C,E,L,U,G",温控系统/HL10 高溫切斷裝置.md,HL10 高溫切斷裝置,4. 備件清單 - KB31/KB33 系列 (Spare Part - KB31/KB33),2
SB 閥門總成 (VALVE ASSY FOR SB),"1/2""","1,723",0440000,温控系统,,,,,,,,"A,D,E,L",温控系统/HL10 高溫切斷裝置.md,HL10 高溫切斷裝置,5. 備件清單 - SB 系列 (Spare Part - SB),3
SB 閥門總成 (VALVE ASSY FOR SB),"3/4""","1,723",0441080,温控系统,,,,,,,,"A,D,E,L",温控系统/HL10 高溫切斷裝置.md,HL10 高溫切斷裝置,5. 備件清單 - SB 系列 (Spare Part - SB),3
SB 閥門總成 (VALVE ASSY FOR SB),"1""","1,875",0442080,温控系统,,,,,,,,"A,D,E,L",温控系统/HL10 高溫切斷裝置.md,HL10 高溫切斷裝置,5. 備件清單 - SB 系列 (Spare Part - SB),3
SB 墊片組 (GASKET SET FOR SB),"1/2""",221,0440001,温控系统,,,,,,,,"E,L",温控系统/HL10 高溫切斷裝置.md,HL10 高溫切斷裝置,5. 備件清單 - SB 系列 (Spare Part - SB),3
SB 墊片組 (GASKET SET FOR SB),"3/4""",249,0441081,温控系统,,,,,,,,"E,L",温控系统/HL10 高溫切斷裝置.md,HL10 高溫切斷裝置,5. 備件清單 - SB 系列 (Spare Part - SB),3
SB 墊片組 (GASKET SET FOR SB),"1""",278,0442081,温控系统,,,,,,,,"E,L",温控系统/HL10 高溫切斷裝置.md,HL10 高溫切斷裝置,5. 備件清單 - SB 系列 (Spare Part - SB),3
SA121 RG1 2m 毛細管 (capillary),,"11,407",3810090,温控系统,"(注：左側邊緣部分顯示有溫度範圍, 如 0℃ to 50℃, 50℃ to 105℃, 50℃ to 160℃, 20℃ to 120℃, 70℃ to 170℃, 40℃ to 110℃, 70℃ to 170℃ 等)",N,,,黃銅 / Brass,,,,温控系统/SA121 SA122 SA128 SA1219.md,SA121 SA122 SA128 SA1219,自力式溫度調節閥（帶旋鈕調節） / Self acting temperature controls with knob adjustment,1
SA121 RG2 2m 毛細管 (capillary),,"11,407",3810190,温控系统,"(注：左側邊緣部分顯示有溫度範圍, 如 0℃ to 50℃, 50℃ to 105℃, 50℃ to 160℃, 20℃ to 120℃, 70℃ to 170℃, 40℃ to 110℃, 70℃ to 170℃ 等)",Y,,,黃銅 / Brass,,,,温控系统/SA121 SA122 SA128 SA1219.md,SA121 SA122 SA128 SA1219,自力式溫度調節閥（帶旋鈕調節） / Self acting temperature controls with knob adjustment,1
SA121 RG2 4m 毛細管 (capillary),,"12,608",3810191,温控系统,"(注：左側邊緣部分顯示有溫度範圍, 如 0℃ to 50℃, 50℃ to 105℃, 50℃ to 160℃, 20℃ to 120℃, 70℃ to 170℃, 40℃ to 110℃, 70℃ to 170℃ 等)",Y,,,聚丙烯覆蓋 / Armoured covering polypropylene,,,,温控系统/SA121 SA122 SA128 SA1219.md,SA121 SA122 SA128 SA1219,自力式溫度調節閥（帶旋鈕調節） / Self acting temperature controls with knob adjustment,1
SA121 RG3 2m 毛細管 (capillary),,"11,407",3810290,温控系统,"(注：左側邊緣部分顯示有溫度範圍, 如 0℃ to 50℃, 50℃ to 105℃, 50℃ to 160℃, 20℃ to 120℃, 70℃ to 170℃, 40℃ to 110℃, 70℃ to 170℃ 等)",N,,,黃銅 / Brass,,,,温控系统/SA121 SA122 SA128 SA1219.md,SA121 SA122 SA128 SA1219,自力式溫度調節閥（帶旋鈕調節） / Self acting temperature controls with knob adjustment,1
SA122 RG1 2m 毛細管 (capillary),,"11,585",3811090,温控系统,"(注：左側邊緣部分顯示有溫度範圍, 如 0℃ to 50℃, 50℃ to 105℃, 50℃ to 160℃, 20℃ to 120℃, 70℃ to 170℃, 40℃ to 110℃, 70℃ to 170℃ 等)",N,,,鋼 / Steel,,,,温控系统/SA121 SA122 SA128 SA1219.md,SA121 SA122 SA128 SA1219,自力式溫度調節閥（帶旋鈕調節） / Self acting temperature controls with knob adjustment,1
SA128 RG1 2m 毛細管 (capillary),,"11,202",3814090,温控系统,"(注：左側邊緣部分顯示有溫度範圍, 如 0℃ to 50℃, 50℃ to 105℃, 50℃ to 160℃, 20℃ to 120℃, 70℃ to 170℃, 40℃ to 110℃, 70℃ to 170℃ 等)",Y,,,,,,,温控系统/SA121 SA122 SA128 SA1219.md,SA121 SA122 SA128 SA1219,自力式溫度調節閥（帶旋鈕調節） / Self acting temperature controls with knob adjustment,1
SA1219 RG2 2m 毛細管 (capillary),,"13,630",3815190,温控系统,"(注：左側邊緣部分顯示有溫度範圍, 如 0℃ to 50℃, 50℃ to 105℃, 50℃ to 160℃, 20℃ to 120℃, 70℃ to 170℃, 40℃ to 110℃, 70℃ to 170℃ 等)",N,,,,,,,温控系统/SA121 SA122 SA128 SA1219.md,SA121 SA122 SA128 SA1219,自力式溫度調節閥（帶旋鈕調節） / Self acting temperature controls with knob adjustment,1
風管配件 / DUCT FITTING,,"1,560",0460373,温控系统,,N,,,不鏽鋼 / Stainless steel,,,,温控系统/SA121 SA122 SA128 SA1219.md,SA121 SA122 SA128 SA1219,自力式溫度控制輔助部件 / Self acting temperature control ancillaries,2
牆壁安裝支架 / ADAPTOR WALL MOUNTING BRACKET for SA,,918,3810079,温控系统,,N,,,,,,,温控系统/SA121 SA122 SA128 SA1219.md,SA121 SA122 SA128 SA1219,自力式溫度控制輔助部件 / Self acting temperature control ancillaries,2
SA121/1219 不鏽鋼溫度計套管 / SS pocket BSP,,571,0460274,温控系统,,Y,,,,,,,温控系统/SA121 SA122 SA128 SA1219.md,SA121 SA122 SA128 SA1219,自力式溫度控制輔助部件 / Self acting temperature control ancillaries,2
SA122 不鏽鋼溫度計套管 / SS pocket,,"3,249",3811090,温控系统,,N,,,,,,,温控系统/SA121 SA122 SA128 SA1219.md,SA121 SA122 SA128 SA1219,自力式溫度控制輔助部件 / Self acting temperature control ancillaries,2
SA128 不鏽鋼溫度計套管 / SS pocket,,"3,073",3814090,温控系统,,Y,,,,,,,温控系统/SA121 SA122 SA128 SA1219.md,SA121 SA122 SA128 SA1219,自力式溫度控制輔助部件 / Self acting temperature control ancillaries,2
SB,"1/2""","2,421",0440000,温控系统,"参考技术资料表：TI-P044-01, 注：亦可提供 NPT 连接版本 (Also available with NPT connections)。",N,,,,,,,温控系统/SB:SBRA & KB31:KB33.md,SB:SBRA & KB31:KB33,1. SB 和 SBRA 阀门 - BSP 螺纹连接 (SB and SBRA valves - screwed BSP),1
SB,"3/4""","3,025",0441000,温控系统,"参考技术资料表：TI-P044-01, 注：亦可提供 NPT 连接版本 (Also available with NPT connections)。",N,,,,,,,温控系统/SB:SBRA & KB31:KB33.md,SB:SBRA & KB31:KB33,1. SB 和 SBRA 阀门 - BSP 螺纹连接 (SB and SBRA valves - screwed BSP),1
SB,"1""","3,518",0442000,温控系统,"参考技术资料表：TI-P044-01, 注：亦可提供 NPT 连接版本 (Also available with NPT connections)。",N,,,,,,,温控系统/SB:SBRA & KB31:KB33.md,SB:SBRA & KB31:KB33,1. SB 和 SBRA 阀门 - BSP 螺纹连接 (SB and SBRA valves - screwed BSP),1
SBRA (无固定泄放 / no fixed bleed),"1/2""","7,423",0440300,温控系统,"参考技术资料表：TI-P044-01, 注：亦可提供 NPT 连接版本 (Also available with NPT connections)。",N,,,,,,,温控系统/SB:SBRA & KB31:KB33.md,SB:SBRA & KB31:KB33,1. SB 和 SBRA 阀门 - BSP 螺纹连接 (SB and SBRA valves - screwed BSP),1
SBRA (无固定泄放 / no fixed bleed),"3/4""","8,078",0441300,温控系统,"参考技术资料表：TI-P044-01, 注：亦可提供 NPT 连接版本 (Also available with NPT connections)。",N,,,,,,,温控系统/SB:SBRA & KB31:KB33.md,SB:SBRA & KB31:KB33,1. SB 和 SBRA 阀门 - BSP 螺纹连接 (SB and SBRA valves - screwed BSP),1
SBRA (无固定泄放 / no fixed bleed),"1""","8,558",0442300,温控系统,"参考技术资料表：TI-P044-01, 注：亦可提供 NPT 连接版本 (Also available with NPT connections)。",N,,,,,,,温控系统/SB:SBRA & KB31:KB33.md,SB:SBRA & KB31:KB33,1. SB 和 SBRA 阀门 - BSP 螺纹连接 (SB and SBRA valves - screwed BSP),1
KB71,"1""","5,256",0781227,温控系统,参考技术资料表：TI-P078-02,Y,,,,,,,温控系统/SB:SBRA & KB31:KB33.md,SB:SBRA & KB31:KB33,"3. KB31 - BSP 螺纹连接, KB33 - PN16 法兰连接 (KB31 - Screwed BSP, KB33 - Flanged PN16)",2
KB71,"1 1/4""","6,897",0782439,温控系统,参考技术资料表：TI-P078-02,Y,,,,,,,温控系统/SB:SBRA & KB31:KB33.md,SB:SBRA & KB31:KB33,"3. KB31 - BSP 螺纹连接, KB33 - PN16 法兰连接 (KB31 - Screwed BSP, KB33 - Flanged PN16)",2
KB71,"1 1/2""","7,130",0783643,温控系统,参考技术资料表：TI-P078-02,Y,,,,,,,温控系统/SB:SBRA & KB31:KB33.md,SB:SBRA & KB31:KB33,"3. KB31 - BSP 螺纹连接, KB33 - PN16 法兰连接 (KB31 - Screwed BSP, KB33 - Flanged PN16)",2
KB71,"2""","8,734",0784846,温控系统,参考技术资料表：TI-P078-02,Y,,,,,,,温控系统/SB:SBRA & KB31:KB33.md,SB:SBRA & KB31:KB33,"3. KB31 - BSP 螺纹连接, KB33 - PN16 法兰连接 (KB31 - Screwed BSP, KB33 - Flanged PN16)",2
KB33,DN25,"8,297",0781293,温控系统,参考技术资料表：TI-P078-02,Y,,,,,,,温控系统/SB:SBRA & KB31:KB33.md,SB:SBRA & KB31:KB33,"3. KB31 - BSP 螺纹连接, KB33 - PN16 法兰连接 (KB31 - Screwed BSP, KB33 - Flanged PN16)",2
KB33,DN32,"11,352",0782493,温控系统,参考技术资料表：TI-P078-02,N,,,,,,,温控系统/SB:SBRA & KB31:KB33.md,SB:SBRA & KB31:KB33,"3. KB31 - BSP 螺纹连接, KB33 - PN16 法兰连接 (KB31 - Screwed BSP, KB33 - Flanged PN16)",2
KB33,DN40,"12,062",0783693,温控系统,参考技术资料表：TI-P078-02,Y,,,,,,,温控系统/SB:SBRA & KB31:KB33.md,SB:SBRA & KB31:KB33,"3. KB31 - BSP 螺纹连接, KB33 - PN16 法兰连接 (KB31 - Screwed BSP, KB33 - Flanged PN16)",2
KB33,DN50,"12,538",0784893,温控系统,参考技术资料表：TI-P078-02,Y,,,,,,,温控系统/SB:SBRA & KB31:KB33.md,SB:SBRA & KB31:KB33,"3. KB31 - BSP 螺纹连接, KB33 - PN16 法兰连接 (KB31 - Screwed BSP, KB33 - Flanged PN16)",2
SX90 4-20 mA & VMD 输出通用输入 100-240 VAC (SX90 4-20 mA & VMD output universal input 100-240 VAC),,"12,225",3231396,温控系统,,Y,,,,,,,温控系统/SX80 SX90.md,SX80 SX90,选型表 (SX90 Process Controller),1
SX80 4-20 mA & VMD 输出通用输入 100-240 VAC (SX80 4-20 mA & VMD output universal input 100-240 VAC),,"6,060",3231395,温控系统,,Y,,,,,,,温控系统/SX80 SX90.md,SX80 SX90,选型表 (SX80 Process Controller),2
EL2270 PT100 25MM,,"5,117",3221260,温控系统,注：亦可提供更长的探头长度 (Longer tip lengths also available)。,Y,,,,,,,温控系统/温度与压力传感器.md,温度与压力传感器,"EL2270, EL2271 1/2"" NPT 连接选型表 (EL2270, EL2271 1/2"" NPT connection)",1
EL2270 PT100 50MM,,"5,117",3221261,温控系统,注：亦可提供更长的探头长度 (Longer tip lengths also available)。,Y,,,,,,,温控系统/温度与压力传感器.md,温度与压力传感器,"EL2270, EL2271 1/2"" NPT 连接选型表 (EL2270, EL2271 1/2"" NPT connection)",1
EL2270 PT100 75MM,,"5,117",3221262,温控系统,注：亦可提供更长的探头长度 (Longer tip lengths also available)。,Y,,,,,,,温控系统/温度与压力传感器.md,温度与压力传感器,"EL2270, EL2271 1/2"" NPT 连接选型表 (EL2270, EL2271 1/2"" NPT connection)",1
EL2270 PT100 125MM,,"5,117",3221263,温控系统,注：亦可提供更长的探头长度 (Longer tip lengths also available)。,Y,,,,,,,温控系统/温度与压力传感器.md,温度与压力传感器,"EL2270, EL2271 1/2"" NPT 连接选型表 (EL2270, EL2271 1/2"" NPT connection)",1
EL2270 75MM 套件 (EL2270 75MM KIT),,"7,020",322K1262,温控系统,注：亦可提供更长的探头长度 (Longer tip lengths also available)。,N,,,,,,,温控系统/温度与压力传感器.md,温度与压力传感器,"EL2270, EL2271 1/2"" NPT 连接选型表 (EL2270, EL2271 1/2"" NPT connection)",1
EL2270 125MM 套件 (EL2270 125MM KIT),,"7,020",322K1263,温控系统,注：亦可提供更长的探头长度 (Longer tip lengths also available)。,N,,,,,,,温控系统/温度与压力传感器.md,温度与压力传感器,"EL2270, EL2271 1/2"" NPT 连接选型表 (EL2270, EL2271 1/2"" NPT connection)",1
EL2271 100 -250 ℃ 50MM,,"10,262",3221365,温控系统,注：亦可提供更长的探头长度 (Longer tip lengths also available)。,N,,,,,,,温控系统/温度与压力传感器.md,温度与压力传感器,"EL2270, EL2271 1/2"" NPT 连接选型表 (EL2270, EL2271 1/2"" NPT connection)",1
EL2271 100 -250 ℃ 75MM,,"10,262",3221368,温控系统,注：亦可提供更长的探头长度 (Longer tip lengths also available)。,N,,,,,,,温控系统/温度与压力传感器.md,温度与压力传感器,"EL2270, EL2271 1/2"" NPT 连接选型表 (EL2270, EL2271 1/2"" NPT connection)",1
EL2271 100 -250 ℃ 125MM,,"10,262",3221391,温控系统,注：亦可提供更长的探头长度 (Longer tip lengths also available)。,Y,,,,,,,温控系统/温度与压力传感器.md,温度与压力传感器,"EL2270, EL2271 1/2"" NPT 连接选型表 (EL2270, EL2271 1/2"" NPT connection)",1
EL2271 75MM 套件 100 -250 ℃ (EL2271 75MM KIT 100 -250 ℃),,"12,165",322K1368,温控系统,注：亦可提供更长的探头长度 (Longer tip lengths also available)。,N,,,,,,,温控系统/温度与压力传感器.md,温度与压力传感器,"EL2270, EL2271 1/2"" NPT 连接选型表 (EL2270, EL2271 1/2"" NPT connection)",1
EL2271 125MM 套件 100 -250 ℃ (EL2271 125MM KIT 100 -250 ℃),,"12,165",322K1391,温控系统,注：亦可提供更长的探头长度 (Longer tip lengths also available)。,N,,,,,,,温控系统/温度与压力传感器.md,温度与压力传感器,"EL2270, EL2271 1/2"" NPT 连接选型表 (EL2270, EL2271 1/2"" NPT connection)",1
EL2270/1 套管 50 MM (EL2270/1 pocket 50 MM),,"1,776",3221294,温控系统,注：亦可提供更长的探头长度 (Longer tip lengths also available)。,Y,,,,,,,温控系统/温度与压力传感器.md,温度与压力传感器,"EL2270, EL2271 1/2"" NPT 连接选型表 (EL2270, EL2271 1/2"" NPT connection)",1
EL2270/1 套管 75 MM (EL2270/1 pocket 75 MM),,"1,776",3221295,温控系统,注：亦可提供更长的探头长度 (Longer tip lengths also available)。,Y,,,,,,,温控系统/温度与压力传感器.md,温度与压力传感器,"EL2270, EL2271 1/2"" NPT 连接选型表 (EL2270, EL2271 1/2"" NPT connection)",1
EL2270/1 套管 125 MM (EL2270/1 pocket 125 MM),,"1,776",3221292,温控系统,注：亦可提供更长的探头长度 (Longer tip lengths also available)。,Y,,,,,,,温控系统/温度与压力传感器.md,温度与压力传感器,"EL2270, EL2271 1/2"" NPT 连接选型表 (EL2270, EL2271 1/2"" NPT connection)",1
EL2600 0-10 bar g,,"7,108",3222090,温控系统,注：亦可提供其他压力范围 (Other pressure range available)。,Y,,,,,,,温控系统/温度与压力传感器.md,温度与压力传感器,"EL2600 压力变送器 1/4"" NPT 连接选型表 (EL2600 pressure transmitter 1/4"" NPT connetion)",2
EL2600 0-16 bar g,,"7,108",3222091,温控系统,注：亦可提供其他压力范围 (Other pressure range available)。,Y,,,,,,,温控系统/温度与压力传感器.md,温度与压力传感器,"EL2600 压力变送器 1/4"" NPT 连接选型表 (EL2600 pressure transmitter 1/4"" NPT connetion)",2
EL2600 0-25 bar g,,"7,108",3222092,温控系统,注：亦可提供其他压力范围 (Other pressure range available)。,Y,,,,,,,温控系统/温度与压力传感器.md,温度与压力传感器,"EL2600 压力变送器 1/4"" NPT 连接选型表 (EL2600 pressure transmitter 1/4"" NPT connetion)",2
EL2600 0-10 BARG 套件 (EL2600 0-10 BARG KIT),,"7,993",322K2090,温控系统,注：亦可提供其他压力范围 (Other pressure range available)。,N,,,,,,,温控系统/温度与压力传感器.md,温度与压力传感器,"EL2600 压力变送器 1/4"" NPT 连接选型表 (EL2600 pressure transmitter 1/4"" NPT connetion)",2
EL2600 0-16 BARG 套件 (EL2600 0-16 BARG KIT),,"7,993",322K2091,温控系统,注：亦可提供其他压力范围 (Other pressure range available)。,N,,,,,,,温控系统/温度与压力传感器.md,温度与压力传感器,"EL2600 压力变送器 1/4"" NPT 连接选型表 (EL2600 pressure transmitter 1/4"" NPT connetion)",2
EL2600 0-25 BARG 套件 (EL2600 0-25 BARG KIT),,"7,993",322K2092,温控系统,注：亦可提供其他压力范围 (Other pressure range available)。,N,,,,,,,温控系统/温度与压力传感器.md,温度与压力传感器,"EL2600 压力变送器 1/4"" NPT 连接选型表 (EL2600 pressure transmitter 1/4"" NPT connetion)",2
"U型虹吸管 NPT 不锈钢 (U Syphon 1/4"" NPT SS)","1/4""",405,0273095,温控系统,注：亦可提供其他压力范围 (Other pressure range available)。,Y,,,,,,,温控系统/温度与压力传感器.md,温度与压力传感器,"EL2600 压力变送器 1/4"" NPT 连接选型表 (EL2600 pressure transmitter 1/4"" NPT connetion)",2
"针阀 NPT 不锈钢 (Needle valve 1/4"" NPT SS)","1/4""",432,0273096,温控系统,注：亦可提供其他压力范围 (Other pressure range available)。,Y,,,,,,,温控系统/温度与压力传感器.md,温度与压力传感器,"EL2600 压力变送器 1/4"" NPT 连接选型表 (EL2600 pressure transmitter 1/4"" NPT connetion)",2
EL2270 PT100 25MM,,"5,117",3221260,温控阀,備註： Longer tip lengths also available. (亦可提供更長的探頭長度。),Y,,,,,,,温控阀/EL2270 EL2271.md,EL2270 EL2271,"EL2270, EL2271 1/2"" NPT connection 產品清單",1
EL2270 PT100 50MM,,"5,117",3221261,温控阀,備註： Longer tip lengths also available. (亦可提供更長的探頭長度。),Y,,,,,,,温控阀/EL2270 EL2271.md,EL2270 EL2271,"EL2270, EL2271 1/2"" NPT connection 產品清單",1
EL2270 PT100 75MM,,"5,117",3221262,温控阀,備註： Longer tip lengths also available. (亦可提供更長的探頭長度。),Y,,,,,,,温控阀/EL2270 EL2271.md,EL2270 EL2271,"EL2270, EL2271 1/2"" NPT connection 產品清單",1
EL2270 PT100 125MM,,"5,117",3221263,温控阀,備註： Longer tip lengths also available. (亦可提供更長的探頭長度。),Y,,,,,,,温控阀/EL2270 EL2271.md,EL2270 EL2271,"EL2270, EL2271 1/2"" NPT connection 產品清單",1
EL2270 75MM KIT,,"7,020",322K1262,温控阀,備註： Longer tip lengths also available. (亦可提供更長的探頭長度。),N,,,,,,,温控阀/EL2270 EL2271.md,EL2270 EL2271,"EL2270, EL2271 1/2"" NPT connection 產品清單",1
EL2270 125MM KIT,,"7,020",322K1263,温控阀,備註： Longer tip lengths also available. (亦可提供更長的探頭長度。),N,,,,,,,温控阀/EL2270 EL2271.md,EL2270 EL2271,"EL2270, EL2271 1/2"" NPT connection 產品清單",1
EL2271 100 -250 °C 50MM,,"10,262",3221365,温控阀,備註： Longer tip lengths also available. (亦可提供更長的探頭長度。),N,,,,,,,温控阀/EL2270 EL2271.md,EL2270 EL2271,"EL2270, EL2271 1/2"" NPT connection 產品清單",1
EL2271 100 -250 °C 75MM,,"10,262",3221368,温控阀,備註： Longer tip lengths also available. (亦可提供更長的探頭長度。),N,,,,,,,温控阀/EL2270 EL2271.md,EL2270 EL2271,"EL2270, EL2271 1/2"" NPT connection 產品清單",1
EL2271 100 -250 °C 125MM,,"10,262",3221391,温控阀,備註： Longer tip lengths also available. (亦可提供更長的探頭長度。),Y,,,,,,,温控阀/EL2270 EL2271.md,EL2270 EL2271,"EL2270, EL2271 1/2"" NPT connection 產品清單",1
EL2271 75MM KIT 100 -250 °C,,"12,165",322K1368,温控阀,備註： Longer tip lengths also available. (亦可提供更長的探頭長度。),N,,,,,,,温控阀/EL2270 EL2271.md,EL2270 EL2271,"EL2270, EL2271 1/2"" NPT connection 產品清單",1
EL2271 125MM KIT 100 -250 °C,,"12,165",322K1391,温控阀,備註： Longer tip lengths also available. (亦可提供更長的探頭長度。),N,,,,,,,温控阀/EL2270 EL2271.md,EL2270 EL2271,"EL2270, EL2271 1/2"" NPT connection 產品清單",1
EL2270/1 pocket 50 MM,,"1,776",3221294,温控阀,備註： Longer tip lengths also available. (亦可提供更長的探頭長度。),Y,,,,,,,温控阀/EL2270 EL2271.md,EL2270 EL2271,"EL2270, EL2271 1/2"" NPT connection 產品清單",1
EL2270/1 pocket 75 MM,,"1,776",3221295,温控阀,備註： Longer tip lengths also available. (亦可提供更長的探頭長度。),Y,,,,,,,温控阀/EL2270 EL2271.md,EL2270 EL2271,"EL2270, EL2271 1/2"" NPT connection 產品清單",1
EL2270/1 pocket 125MM,,"1,776",3221292,温控阀,備註： Longer tip lengths also available. (亦可提供更長的探頭長度。),Y,,,,,,,温控阀/EL2270 EL2271.md,EL2270 EL2271,"EL2270, EL2271 1/2"" NPT connection 產品清單",1
EL2600 0-10 bar g,,"7,108",3222090,温控阀,备注： Other pressure range available (亦可提供其他压力范围),Y,,,,,,,温控阀/EL2600.md,EL2600,"EL2600 pressure transmitter 1/4"" NPT connetion 产品清单",1
EL2600 0-16 bar g,,"7,108",3222091,温控阀,备注： Other pressure range available (亦可提供其他压力范围),Y,,,,,,,温控阀/EL2600.md,EL2600,"EL2600 pressure transmitter 1/4"" NPT connetion 产品清单",1
EL2600 0-25 bar g,,"7,108",3222092,温控阀,备注： Other pressure range available (亦可提供其他压力范围),Y,,,,,,,温控阀/EL2600.md,EL2600,"EL2600 pressure transmitter 1/4"" NPT connetion 产品清单",1
EL2600 0-10 BARG KIT,,"7,993",322K2090,温控阀,备注： Other pressure range available (亦可提供其他压力范围),N,,,,,,,温控阀/EL2600.md,EL2600,"EL2600 pressure transmitter 1/4"" NPT connetion 产品清单",1
EL2600 0-16 BARG KIT,,"7,993",322K2091,温控阀,备注： Other pressure range available (亦可提供其他压力范围),N,,,,,,,温控阀/EL2600.md,EL2600,"EL2600 pressure transmitter 1/4"" NPT connetion 产品清单",1
EL2600 0-25 BARG KIT,,"7,993",322K2092,温控阀,备注： Other pressure range available (亦可提供其他压力范围),N,,,,,,,温控阀/EL2600.md,EL2600,"EL2600 pressure transmitter 1/4"" NPT connetion 产品清单",1
U Syphon NPT SS,"1/4""",405,0273095,温控阀,备注： Other pressure range available (亦可提供其他压力范围),Y,,,,,,,温控阀/EL2600.md,EL2600,"EL2600 pressure transmitter 1/4"" NPT connetion 产品清单",1
Needle valve NPT SS,"1/4""",432,0273096,温控阀,备注： Other pressure range available (亦可提供其他压力范围),Y,,,,,,,温控阀/EL2600.md,EL2600,"EL2600 pressure transmitter 1/4"" NPT connetion 产品清单",1
SX90 4-20 mA & VMD output uiversal input 100-240 VAC,,"12,225",3231396,温控阀,,Y,,,,,,,温控阀/SX80 SX90.md,SX80 SX90,SX80 / SX90 Process Controller 产品清单,1
SX80 4-20 mA & VMD output uiversal input 100-240 VAC,,"6,060",3231395,温控阀,,Y,,,,,,,温控阀/SX80 SX90.md,SX80 SX90,SX80 / SX90 Process Controller 产品清单,1
TD16 - 螺纹 BSP (screwed BSP),,,,热动力疏水阀,,,,,,,,,热动力疏水阀/TD16_TD25_TD32.md,TD16_TD25_TD32,技术资料表 TI-CHN-03 (Technical information sheet TI-CHN-03),1
TD16,"1/2""","1,298",1510015000,热动力疏水阀,,Y,,,,,,,热动力疏水阀/TD16_TD25_TD32.md,TD16_TD25_TD32,技术资料表 TI-CHN-03 (Technical information sheet TI-CHN-03),1
TD16,"3/4""","1,411",1510020000,热动力疏水阀,,Y,,,,,,,热动力疏水阀/TD16_TD25_TD32.md,TD16_TD25_TD32,技术资料表 TI-CHN-03 (Technical information sheet TI-CHN-03),1
TD16,"1""","1,594",1510025000,热动力疏水阀,,Y,,,,,,,热动力疏水阀/TD16_TD25_TD32.md,TD16_TD25_TD32,技术资料表 TI-CHN-03 (Technical information sheet TI-CHN-03),1
TD16 - 法兰 PN16 (flanged PN16),,,,热动力疏水阀,,,,,,,,,热动力疏水阀/TD16_TD25_TD32.md,TD16_TD25_TD32,技术资料表 TI-CHN-03 (Technical information sheet TI-CHN-03),1
TD16,DN15,"2,000",1510015002,热动力疏水阀,,Y,,,,,,,热动力疏水阀/TD16_TD25_TD32.md,TD16_TD25_TD32,技术资料表 TI-CHN-03 (Technical information sheet TI-CHN-03),1
TD16,DN20,"2,112",1510020002,热动力疏水阀,,Y,,,,,,,热动力疏水阀/TD16_TD25_TD32.md,TD16_TD25_TD32,技术资料表 TI-CHN-03 (Technical information sheet TI-CHN-03),1
TD16,DN25,"2,666",1510025002,热动力疏水阀,,Y,,,,,,,热动力疏水阀/TD16_TD25_TD32.md,TD16_TD25_TD32,技术资料表 TI-CHN-03 (Technical information sheet TI-CHN-03),1
TD25 - 螺纹 BSP (screwed BSP),,,,热动力疏水阀,,,,,,,,,热动力疏水阀/TD16_TD25_TD32.md,TD16_TD25_TD32,技术资料表 TI-CHN-05 (Technical information sheet TI-CHN-05),2
TD25,"1/2""","1,557",1511015000,热动力疏水阀,,Y,,,,,,,热动力疏水阀/TD16_TD25_TD32.md,TD16_TD25_TD32,技术资料表 TI-CHN-05 (Technical information sheet TI-CHN-05),2
TD25,"3/4""","1,680",1511020000,热动力疏水阀,,Y,,,,,,,热动力疏水阀/TD16_TD25_TD32.md,TD16_TD25_TD32,技术资料表 TI-CHN-05 (Technical information sheet TI-CHN-05),2
TD25,"1""","1,916",1511025000,热动力疏水阀,,Y,,,,,,,热动力疏水阀/TD16_TD25_TD32.md,TD16_TD25_TD32,技术资料表 TI-CHN-05 (Technical information sheet TI-CHN-05),2
TD25 - 法兰 PN25 (flanged PN25),,,,热动力疏水阀,,,,,,,,,热动力疏水阀/TD16_TD25_TD32.md,TD16_TD25_TD32,技术资料表 TI-CHN-05 (Technical information sheet TI-CHN-05),2
TD25,DN15,"2,371",1511015001,热动力疏水阀,,Y,,,,,,,热动力疏水阀/TD16_TD25_TD32.md,TD16_TD25_TD32,技术资料表 TI-CHN-05 (Technical information sheet TI-CHN-05),2
TD25,DN20,"2,544",1511020001,热动力疏水阀,,Y,,,,,,,热动力疏水阀/TD16_TD25_TD32.md,TD16_TD25_TD32,技术资料表 TI-CHN-05 (Technical information sheet TI-CHN-05),2
TD25,DN25,"3,196",1511025001,热动力疏水阀,,Y,,,,,,,热动力疏水阀/TD16_TD25_TD32.md,TD16_TD25_TD32,技术资料表 TI-CHN-05 (Technical information sheet TI-CHN-05),2
TD32F - 法兰 PN40 (flanged PN40),,,,热动力疏水阀,,,,,,,,,热动力疏水阀/TD16_TD25_TD32.md,TD16_TD25_TD32,技术资料表 TI-P068-17 (Technical information sheet TI-P068-17),3
TD32F PN40,DN15,"6,225",0683166,热动力疏水阀,,Y,,,,,,,热动力疏水阀/TD16_TD25_TD32.md,TD16_TD25_TD32,技术资料表 TI-P068-17 (Technical information sheet TI-P068-17),3
TD32F PN40,DN20,"7,356",0683369,热动力疏水阀,,Y,,,,,,,热动力疏水阀/TD16_TD25_TD32.md,TD16_TD25_TD32,技术资料表 TI-P068-17 (Technical information sheet TI-P068-17),3
TD32F PN40,DN25,"8,748",0683468,热动力疏水阀,,Y,,,,,,,热动力疏水阀/TD16_TD25_TD32.md,TD16_TD25_TD32,技术资料表 TI-P068-17 (Technical information sheet TI-P068-17),3
TD32FLC - 法兰 PN40 (flanged PN40),,,,热动力疏水阀,,,,,,,,,热动力疏水阀/TD16_TD25_TD32.md,TD16_TD25_TD32,技术资料表 TI-P068-17 (Technical information sheet TI-P068-17),3
TD32FLC PN40,DN15,"6,225",0683263,热动力疏水阀,,N,,,,,,,热动力疏水阀/TD16_TD25_TD32.md,TD16_TD25_TD32,技术资料表 TI-P068-17 (Technical information sheet TI-P068-17),3
TD32FLC PN40,DN20,"7,356",0683382,热动力疏水阀,,N,,,,,,,热动力疏水阀/TD16_TD25_TD32.md,TD16_TD25_TD32,技术资料表 TI-P068-17 (Technical information sheet TI-P068-17),3
TD32FLC PN40,DN25,"8,748",0683483,热动力疏水阀,,Y,,,,,,,热动力疏水阀/TD16_TD25_TD32.md,TD16_TD25_TD32,技术资料表 TI-P068-17 (Technical information sheet TI-P068-17),3
TD42L - 螺紋 BSP (screwed BSP),,,,热动力疏水阀,,,,,,,,,热动力疏水阀/TD42H 和 TD42L.md,TD42H 和 TD42L,技術資料表 TI-S01-03 (Technical information sheet TI-S01-03),1
TD42L,"1/2""","2,223",10680700,热动力疏水阀,,Y,,,,,,,热动力疏水阀/TD42H 和 TD42L.md,TD42H 和 TD42L,技術資料表 TI-S01-03 (Technical information sheet TI-S01-03),1
TD42L,"3/4""","2,518",10683700,热动力疏水阀,,Y,,,,,,,热动力疏水阀/TD42H 和 TD42L.md,TD42H 和 TD42L,技術資料表 TI-S01-03 (Technical information sheet TI-S01-03),1
TD42L,"1""","3,530",10683800,热动力疏水阀,,Y,,,,,,,热动力疏水阀/TD42H 和 TD42L.md,TD42H 和 TD42L,技術資料表 TI-S01-03 (Technical information sheet TI-S01-03),1
TD42H - 螺紋 BSP (screwed BSP),,,,热动力疏水阀,,,,,,,,,热动力疏水阀/TD42H 和 TD42L.md,TD42H 和 TD42L,技術資料表 TI-S01-03 (Technical information sheet TI-S01-03),1
TD42H,"1/2""","2,472",1534000,热动力疏水阀,,Y,,,,,,,热动力疏水阀/TD42H 和 TD42L.md,TD42H 和 TD42L,技術資料表 TI-S01-03 (Technical information sheet TI-S01-03),1
TD42H,"3/4""","2,815",1534100,热动力疏水阀,,Y,,,,,,,热动力疏水阀/TD42H 和 TD42L.md,TD42H 和 TD42L,技術資料表 TI-S01-03 (Technical information sheet TI-S01-03),1
TD42H,"1""","3,918",1534500,热动力疏水阀,,Y,,,,,,,热动力疏水阀/TD42H 和 TD42L.md,TD42H 和 TD42L,技術資料表 TI-S01-03 (Technical information sheet TI-S01-03),1
TD42S2LC,"1/2""","3,005",6190300IN,热动力疏水阀,,N,,,,,,,热动力疏水阀/TD42S2及其他配件.md,TD42S2及其他配件,TD42S2 热动力式蒸汽疏水阀 - 承插焊连接 (socket weld),1
TD42S2,"1/2""","2,745",6190000IN,热动力疏水阀,,N,,,,,,,热动力疏水阀/TD42S2及其他配件.md,TD42S2及其他配件,TD42S2 热动力式蒸汽疏水阀 - 承插焊连接 (socket weld),1
TD42S2LC,"3/4""","3,320",6190400IN,热动力疏水阀,,N,,,,,,,热动力疏水阀/TD42S2及其他配件.md,TD42S2及其他配件,TD42S2 热动力式蒸汽疏水阀 - 承插焊连接 (socket weld),1
TD42S2L,"3/4""","2,990",6190100IN,热动力疏水阀,,N,,,,,,,热动力疏水阀/TD42S2及其他配件.md,TD42S2及其他配件,TD42S2 热动力式蒸汽疏水阀 - 承插焊连接 (socket weld),1
TD42S2LC,"1""","5,159",6190500IN,热动力疏水阀,,N,,,,,,,热动力疏水阀/TD42S2及其他配件.md,TD42S2及其他配件,TD42S2 热动力式蒸汽疏水阀 - 承插焊连接 (socket weld),1
TD42S2,"1""","4,833",6190200IN,热动力疏水阀,,N,,,,,,,热动力疏水阀/TD42S2及其他配件.md,TD42S2及其他配件,TD42S2 热动力式蒸汽疏水阀 - 承插焊连接 (socket weld),1
"Disc set (Pkt of 3) for TD16, TD25, TD42L, TD42S2LC, TD42S3LC, TD32FLC",DN15,387,0681083,热动力疏水阀,,,,,,,,,热动力疏水阀/TD42S2及其他配件.md,TD42S2及其他配件,备件 (Spare Part),2
"Disc set (Pkt of 3) for TD42H, TD42S2, TD42S3, DN15 TD32F","1/2""",413,0682080,热动力疏水阀,,,,,,,,,热动力疏水阀/TD42S2及其他配件.md,TD42S2及其他配件,备件 (Spare Part),2
"Disc set (Pkt of 3) for TD42H, TD42S2, TD42S3, DN20 TD32F","3/4""",562,0681383,热动力疏水阀,,,,,,,,,热动力疏水阀/TD42S2及其他配件.md,TD42S2及其他配件,备件 (Spare Part),2
"Disc set (Pkt of 3) for TD42H, TD42S2, TD42S3, TD52M DN25 TD32F","1""",824,0681483,热动力疏水阀,,,,,,,,,热动力疏水阀/TD42S2及其他配件.md,TD42S2及其他配件,备件 (Spare Part),2
"Strainer screen and gasket for TD16, TD42L, TD42H, DN15 TD32F","1/2""",189,1534080,热动力疏水阀,,,,,,,,,热动力疏水阀/TD42S2及其他配件.md,TD42S2及其他配件,备件 (Spare Part),2
"Strainer screen and gasket for TD42H, DN20-DN25 TD32F","3/4""-1""",238,1534180,热动力疏水阀,,,,,,,,,热动力疏水阀/TD42S2及其他配件.md,TD42S2及其他配件,备件 (Spare Part),2
"Strainer screen and gasket for TD42S2, TD42S3",,359,6190080,热动力疏水阀,,,,,,,,,热动力疏水阀/TD42S2及其他配件.md,TD42S2及其他配件,备件 (Spare Part),2
BPC32 STD,"1/2""","2,967",0051000,热静力疏水阀,,N,,,,,,,热静力疏水阀/BPC32.md,BPC32,BPC32 - 螺紋連接 BSP (BPC32 - screwed BSP),1
BPC32 SUB,"1/2""","2,967",0055800,热静力疏水阀,,N,,,,,,,热静力疏水阀/BPC32.md,BPC32,BPC32 - 螺紋連接 BSP (BPC32 - screwed BSP),1
BPC32 STD,"3/4""","3,146",0051400,热静力疏水阀,,N,,,,,,,热静力疏水阀/BPC32.md,BPC32,BPC32 - 螺紋連接 BSP (BPC32 - screwed BSP),1
BPC32 SUB,"3/4""","3,146",0056200,热静力疏水阀,,N,,,,,,,热静力疏水阀/BPC32.md,BPC32,BPC32 - 螺紋連接 BSP (BPC32 - screwed BSP),1
BPC32 STD,"1""","3,340",0051800,热静力疏水阀,,Y,,,,,,,热静力疏水阀/BPC32.md,BPC32,BPC32 - 螺紋連接 BSP (BPC32 - screwed BSP),1
BPC32 SUB,"1""","3,340",0056600,热静力疏水阀,,N,,,,,,,热静力疏水阀/BPC32.md,BPC32,BPC32 - 螺紋連接 BSP (BPC32 - screwed BSP),1
BPC32Y STD,"1/2""","3,340",0051060,热静力疏水阀,,N,,,,,,,热静力疏水阀/BPC32.md,BPC32,BPC32 - 螺紋連接 BSP (BPC32 - screwed BSP),1
BPC32Y SUB,"1/2""","3,340",0055860,热静力疏水阀,,N,,,,,,,热静力疏水阀/BPC32.md,BPC32,BPC32 - 螺紋連接 BSP (BPC32 - screwed BSP),1
BPC32Y STD,"3/4""","3,534",0051460,热静力疏水阀,,N,,,,,,,热静力疏水阀/BPC32.md,BPC32,BPC32 - 螺紋連接 BSP (BPC32 - screwed BSP),1
BPC32Y SUB,"3/4""","3,534",0056260,热静力疏水阀,,N,,,,,,,热静力疏水阀/BPC32.md,BPC32,BPC32 - 螺紋連接 BSP (BPC32 - screwed BSP),1
BPC32Y STD,"1""","3,702",0051860,热静力疏水阀,,N,,,,,,,热静力疏水阀/BPC32.md,BPC32,BPC32 - 螺紋連接 BSP (BPC32 - screwed BSP),1
BPC32Y SUB,"1""","3,702",0056660,热静力疏水阀,,N,,,,,,,热静力疏水阀/BPC32.md,BPC32,BPC32 - 螺紋連接 BSP (BPC32 - screwed BSP),1
BPC32 STD,"1/2""","4,287",0052255,热静力疏水阀,"備註：同時提供 NPT 螺紋、承插焊接 (socket weld)、對接焊接 (butt weld) 及法蘭連接版本。, 縮寫說明：SUB - 過冷型囊體 (sub-cooled capsule), STD - 標準型囊體。",N,,,,,,,热静力疏水阀/BPC32.md,BPC32,BPC32 - 法蘭連接 ANSI 150 (BPC32 - Flanged ANSI 150),2
BPC32 STD,"3/4""","4,553",0052655,热静力疏水阀,"備註：同時提供 NPT 螺紋、承插焊接 (socket weld)、對接焊接 (butt weld) 及法蘭連接版本。, 縮寫說明：SUB - 過冷型囊體 (sub-cooled capsule), STD - 標準型囊體。",N,,,,,,,热静力疏水阀/BPC32.md,BPC32,BPC32 - 法蘭連接 ANSI 150 (BPC32 - Flanged ANSI 150),2
BPT13A,"1/2""","2,131",1226200,热静力疏水阀,"備註：以上型號配置為標準型囊體 (Standard capsule)。另有 ""G""、""F"" 型囊體可供選擇。同時提供 NPT 連接版本。, 縮寫說明：X - 帶有平面過濾網 (with flat strainer), ""E"" - 標準型囊體, ""G"" - 接近蒸汽溫度型囊體, ""F"" - 過冷型囊體。",N,,,,,,,热静力疏水阀/BPT13 BTM7.md,BPT13 BTM7,BPT13 - 螺紋連接 BSP (BPT13 - screwed BSP),1
BPT13AX,"1/2""","2,131",1229200,热静力疏水阀,"備註：以上型號配置為標準型囊體 (Standard capsule)。另有 ""G""、""F"" 型囊體可供選擇。同時提供 NPT 連接版本。, 縮寫說明：X - 帶有平面過濾網 (with flat strainer), ""E"" - 標準型囊體, ""G"" - 接近蒸汽溫度型囊體, ""F"" - 過冷型囊體。",N,,,,,,,热静力疏水阀/BPT13 BTM7.md,BPT13 BTM7,BPT13 - 螺紋連接 BSP (BPT13 - screwed BSP),1
BPT13S,"1/2""","1,841",1225600,热静力疏水阀,"備註：以上型號配置為標準型囊體 (Standard capsule)。另有 ""G""、""F"" 型囊體可供選擇。同時提供 NPT 連接版本。, 縮寫說明：X - 帶有平面過濾網 (with flat strainer), ""E"" - 標準型囊體, ""G"" - 接近蒸汽溫度型囊體, ""F"" - 過冷型囊體。",Y,,,,,,,热静力疏水阀/BPT13 BTM7.md,BPT13 BTM7,BPT13 - 螺紋連接 BSP (BPT13 - screwed BSP),1
BPT13SX,"1/2""","1,841",1228600,热静力疏水阀,"備註：以上型號配置為標準型囊體 (Standard capsule)。另有 ""G""、""F"" 型囊體可供選擇。同時提供 NPT 連接版本。, 縮寫說明：X - 帶有平面過濾網 (with flat strainer), ""E"" - 標準型囊體, ""G"" - 接近蒸汽溫度型囊體, ""F"" - 過冷型囊體。",Y,,,,,,,热静力疏水阀/BPT13 BTM7.md,BPT13 BTM7,BPT13 - 螺紋連接 BSP (BPT13 - screwed BSP),1
BPT13A,"3/4""","2,272",1226500,热静力疏水阀,"備註：以上型號配置為標準型囊體 (Standard capsule)。另有 ""G""、""F"" 型囊體可供選擇。同時提供 NPT 連接版本。, 縮寫說明：X - 帶有平面過濾網 (with flat strainer), ""E"" - 標準型囊體, ""G"" - 接近蒸汽溫度型囊體, ""F"" - 過冷型囊體。",N,,,,,,,热静力疏水阀/BPT13 BTM7.md,BPT13 BTM7,BPT13 - 螺紋連接 BSP (BPT13 - screwed BSP),1
BPT13AX,"3/4""","2,272",1229500,热静力疏水阀,"備註：以上型號配置為標準型囊體 (Standard capsule)。另有 ""G""、""F"" 型囊體可供選擇。同時提供 NPT 連接版本。, 縮寫說明：X - 帶有平面過濾網 (with flat strainer), ""E"" - 標準型囊體, ""G"" - 接近蒸汽溫度型囊體, ""F"" - 過冷型囊體。",N,,,,,,,热静力疏水阀/BPT13 BTM7.md,BPT13 BTM7,BPT13 - 螺紋連接 BSP (BPT13 - screwed BSP),1
BPT13S,"3/4""","1,895",1225900,热静力疏水阀,"備註：以上型號配置為標準型囊體 (Standard capsule)。另有 ""G""、""F"" 型囊體可供選擇。同時提供 NPT 連接版本。, 縮寫說明：X - 帶有平面過濾網 (with flat strainer), ""E"" - 標準型囊體, ""G"" - 接近蒸汽溫度型囊體, ""F"" - 過冷型囊體。",N,,,,,,,热静力疏水阀/BPT13 BTM7.md,BPT13 BTM7,BPT13 - 螺紋連接 BSP (BPT13 - screwed BSP),1
BPT13SX,"3/4""","1,895",1228900,热静力疏水阀,"備註：以上型號配置為標準型囊體 (Standard capsule)。另有 ""G""、""F"" 型囊體可供選擇。同時提供 NPT 連接版本。, 縮寫說明：X - 帶有平面過濾網 (with flat strainer), ""E"" - 標準型囊體, ""G"" - 接近蒸汽溫度型囊體, ""F"" - 過冷型囊體。",Y,,,,,,,热静力疏水阀/BPT13 BTM7.md,BPT13 BTM7,BPT13 - 螺紋連接 BSP (BPT13 - screwed BSP),1
BPT13SX,"1""","2,688",1223300,热静力疏水阀,"備註：以上型號配置為標準型囊體 (Standard capsule)。另有 ""G""、""F"" 型囊體可供選擇。同時提供 NPT 連接版本。, 縮寫說明：X - 帶有平面過濾網 (with flat strainer), ""E"" - 標準型囊體, ""G"" - 接近蒸汽溫度型囊體, ""F"" - 過冷型囊體。",N,,,,,,,热静力疏水阀/BPT13 BTM7.md,BPT13 BTM7,BPT13 - 螺紋連接 BSP (BPT13 - screwed BSP),1
BTM TRI-CLAMP,"7 1/2""","4,941",1802660,热静力疏水阀,,Y,,,,,,,热静力疏水阀/BPT13 BTM7.md,BPT13 BTM7,BTM7,2
BTM TRI-CLAMP,"7 3/4""","5,681",1802760,热静力疏水阀,,Y,,,,,,,热静力疏水阀/BPT13 BTM7.md,BPT13 BTM7,BTM7,2
BTM7 TRI-CLAMP,"1""","6,948",1802860,热静力疏水阀,,Y,,,,,,,热静力疏水阀/BPT13 BTM7.md,BPT13 BTM7,BTM7,2
HM34/8,"1/2""","6,855",0720100,热静力疏水阀,,N,,,,,,,热静力疏水阀/HM.md,HM,1. HM - 螺紋連接 BSP (HM - screwed BSP),1
HM34/6,"1/2""","6,855",0720300,热静力疏水阀,,N,,,,,,,热静力疏水阀/HM.md,HM,1. HM - 螺紋連接 BSP (HM - screwed BSP),1
HM34/4,"1/2""","6,855",0720500,热静力疏水阀,,N,,,,,,,热静力疏水阀/HM.md,HM,1. HM - 螺紋連接 BSP (HM - screwed BSP),1
HM34/10,"3/4""","7,260",0721500,热静力疏水阀,,N,,,,,,,热静力疏水阀/HM.md,HM,1. HM - 螺紋連接 BSP (HM - screwed BSP),1
HM34/7,"3/4""","7,260",0721700,热静力疏水阀,,N,,,,,,,热静力疏水阀/HM.md,HM,1. HM - 螺紋連接 BSP (HM - screwed BSP),1
HM34/5,"3/4""","7,260",0721900,热静力疏水阀,,N,,,,,,,热静力疏水阀/HM.md,HM,1. HM - 螺紋連接 BSP (HM - screwed BSP),1
HM34/12,"1""","13,863",0722000,热静力疏水阀,,N,,,,,,,热静力疏水阀/HM.md,HM,1. HM - 螺紋連接 BSP (HM - screwed BSP),1
HM34/8,"1""","13,863",0722200,热静力疏水阀,,N,,,,,,,热静力疏水阀/HM.md,HM,1. HM - 螺紋連接 BSP (HM - screwed BSP),1
HM34/5,"1""","13,863",0722400,热静力疏水阀,,N,,,,,,,热静力疏水阀/HM.md,HM,1. HM - 螺紋連接 BSP (HM - screwed BSP),1
HM34/8,DN15,"9,061",0720193,热静力疏水阀,"備註： 同時可提供 NPT 螺紋以及 ASME Class 150/300 法蘭連接。, (Also available with NPT and ASME Class 150/300 connection)",N,,,,,,,热静力疏水阀/HM.md,HM,2. HM - 法蘭連接 PN40 (HM - flange PN40),2
HM34/6,DN15,"9,061",0720393,热静力疏水阀,"備註： 同時可提供 NPT 螺紋以及 ASME Class 150/300 法蘭連接。, (Also available with NPT and ASME Class 150/300 connection)",N,,,,,,,热静力疏水阀/HM.md,HM,2. HM - 法蘭連接 PN40 (HM - flange PN40),2
HM34/4,DN15,"9,061",0720593,热静力疏水阀,"備註： 同時可提供 NPT 螺紋以及 ASME Class 150/300 法蘭連接。, (Also available with NPT and ASME Class 150/300 connection)",N,,,,,,,热静力疏水阀/HM.md,HM,2. HM - 法蘭連接 PN40 (HM - flange PN40),2
HM34/10,DN20,"10,524",0721593,热静力疏水阀,"備註： 同時可提供 NPT 螺紋以及 ASME Class 150/300 法蘭連接。, (Also available with NPT and ASME Class 150/300 connection)",N,,,,,,,热静力疏水阀/HM.md,HM,2. HM - 法蘭連接 PN40 (HM - flange PN40),2
HM34/7,DN20,"10,524",0721793,热静力疏水阀,"備註： 同時可提供 NPT 螺紋以及 ASME Class 150/300 法蘭連接。, (Also available with NPT and ASME Class 150/300 connection)",N,,,,,,,热静力疏水阀/HM.md,HM,2. HM - 法蘭連接 PN40 (HM - flange PN40),2
HM34/5,DN20,"10,524",0721993,热静力疏水阀,"備註： 同時可提供 NPT 螺紋以及 ASME Class 150/300 法蘭連接。, (Also available with NPT and ASME Class 150/300 connection)",N,,,,,,,热静力疏水阀/HM.md,HM,2. HM - 法蘭連接 PN40 (HM - flange PN40),2
HM34/12,DN25,"15,664",0722093,热静力疏水阀,"備註： 同時可提供 NPT 螺紋以及 ASME Class 150/300 法蘭連接。, (Also available with NPT and ASME Class 150/300 connection)",N,,,,,,,热静力疏水阀/HM.md,HM,2. HM - 法蘭連接 PN40 (HM - flange PN40),2
HM34/8,DN25,"15,129",0722293,热静力疏水阀,"備註： 同時可提供 NPT 螺紋以及 ASME Class 150/300 法蘭連接。, (Also available with NPT and ASME Class 150/300 connection)",N,,,,,,,热静力疏水阀/HM.md,HM,2. HM - 法蘭連接 PN40 (HM - flange PN40),2
HM34/5,DN25,"15,129",0722493,热静力疏水阀,"備註： 同時可提供 NPT 螺紋以及 ASME Class 150/300 法蘭連接。, (Also available with NPT and ASME Class 150/300 connection)",N,,,,,,,热静力疏水阀/HM.md,HM,2. HM - 法蘭連接 PN40 (HM - flange PN40),2
MST BSP / STD Polished,"21 1/4""","2,050",1125060,热静力疏水阀,"备注： 同时可提供 NPT 螺纹连接。, (Also available with NPT connection)",Y,,,,,,,热静力疏水阀/MST21.md,MST21,MST21 - 螺纹连接 BSP (MST21 - screwed BSP),1
MST BSP / NTS Polished,"21 1/4""","2,198",1125160,热静力疏水阀,"备注： 同时可提供 NPT 螺纹连接。, (Also available with NPT connection)",Y,,,,,,,热静力疏水阀/MST21.md,MST21,MST21 - 螺纹连接 BSP (MST21 - screwed BSP),1
MST BSP / STD Polished,"21 1/2""","2,262",1125080,热静力疏水阀,"备注： 同时可提供 NPT 螺纹连接。, (Also available with NPT connection)",Y,,,,,,,热静力疏水阀/MST21.md,MST21,MST21 - 螺纹连接 BSP (MST21 - screwed BSP),1
MST BSP / NTS Polished,"21 1/2""","2,370",1125170,热静力疏水阀,"备注： 同时可提供 NPT 螺纹连接。, (Also available with NPT connection)",Y,,,,,,,热静力疏水阀/MST21.md,MST21,MST21 - 螺纹连接 BSP (MST21 - screwed BSP),1
MST21H BSP / STD Polished,"1/2""","2,532",1125140,热静力疏水阀,"备注： 同时可提供 NPT 螺纹连接。, (Also available with NPT connection)",Y,,,,,,,热静力疏水阀/MST21.md,MST21,MST21 - 螺纹连接 BSP (MST21 - screwed BSP),1
MST21H BSP / NTS Polished,"1/2""","2,532",1125180,热静力疏水阀,"备注： 同时可提供 NPT 螺纹连接。, (Also available with NPT connection)",Y,,,,,,,热静力疏水阀/MST21.md,MST21,MST21 - 螺纹连接 BSP (MST21 - screwed BSP),1
MST21H BSP / STD Polished,"3/4""","4,019",1125190,热静力疏水阀,"备注： 同时可提供 NPT 螺纹连接。, (Also available with NPT connection)",Y,,,,,,,热静力疏水阀/MST21.md,MST21,MST21 - 螺纹连接 BSP (MST21 - screwed BSP),1
MST21H BSP / NTS Polished,"3/4""","4,019",1125210,热静力疏水阀,"备注： 同时可提供 NPT 螺纹连接。, (Also available with NPT connection)",Y,,,,,,,热静力疏水阀/MST21.md,MST21,MST21 - 螺纹连接 BSP (MST21 - screwed BSP),1
MST21H BSP / STD Polished,"1""","5,003",1125220,热静力疏水阀,"备注： 同时可提供 NPT 螺纹连接。, (Also available with NPT connection)",Y,,,,,,,热静力疏水阀/MST21.md,MST21,MST21 - 螺纹连接 BSP (MST21 - screwed BSP),1
MST21H BSP / NTS Polished,"1""","5,003",1125240,热静力疏水阀,"备注： 同时可提供 NPT 螺纹连接。, (Also available with NPT connection)",Y,,,,,,,热静力疏水阀/MST21.md,MST21,MST21 - 螺纹连接 BSP (MST21 - screwed BSP),1
SMC32,"1/2""","3,863",0762800,热静力疏水阀,"备注： 同时可提供 NPT 螺纹、承插焊 (socket weld)、对焊 (butt weld) 以及法兰连接版本。, (Also available with NPT, socket weld, butt weld and flanged versions)",N,,,,,,,热静力疏水阀/SMC32 和 MSB.md,SMC32 和 MSB,SMC32 - 螺纹连接 BSP (SMC32 - screwed BSP),1
SMC32,"3/4""","4,015",0762900,热静力疏水阀,"备注： 同时可提供 NPT 螺纹、承插焊 (socket weld)、对焊 (butt weld) 以及法兰连接版本。, (Also available with NPT, socket weld, butt weld and flanged versions)",N,,,,,,,热静力疏水阀/SMC32 和 MSB.md,SMC32 和 MSB,SMC32 - 螺纹连接 BSP (SMC32 - screwed BSP),1
SMC32,"1""","4,233",0763000,热静力疏水阀,"备注： 同时可提供 NPT 螺纹、承插焊 (socket weld)、对焊 (butt weld) 以及法兰连接版本。, (Also available with NPT, socket weld, butt weld and flanged versions)",N,,,,,,,热静力疏水阀/SMC32 和 MSB.md,SMC32 和 MSB,SMC32 - 螺纹连接 BSP (SMC32 - screwed BSP),1
SMC32Y,"1/2""","4,410",0762860,热静力疏水阀,"备注： 同时可提供 NPT 螺纹、承插焊 (socket weld)、对焊 (butt weld) 以及法兰连接版本。, (Also available with NPT, socket weld, butt weld and flanged versions)",N,,,,,,,热静力疏水阀/SMC32 和 MSB.md,SMC32 和 MSB,SMC32 - 螺纹连接 BSP (SMC32 - screwed BSP),1
SMC32Y,"3/4""","4,669",0762960,热静力疏水阀,"备注： 同时可提供 NPT 螺纹、承插焊 (socket weld)、对焊 (butt weld) 以及法兰连接版本。, (Also available with NPT, socket weld, butt weld and flanged versions)",N,,,,,,,热静力疏水阀/SMC32 和 MSB.md,SMC32 和 MSB,SMC32 - 螺纹连接 BSP (SMC32 - screwed BSP),1
SMC32Y,"1""","4,968",0763060,热静力疏水阀,"备注： 同时可提供 NPT 螺纹、承插焊 (socket weld)、对焊 (butt weld) 以及法兰连接版本。, (Also available with NPT, socket weld, butt weld and flanged versions)",N,,,,,,,热静力疏水阀/SMC32 和 MSB.md,SMC32 和 MSB,SMC32 - 螺纹连接 BSP (SMC32 - screwed BSP),1
MSB-1 (包含 MSBS+MSBA+MSBN),,"15,850",748K000001,热静力疏水阀,,N,,,,,,,热静力疏水阀/SMC32 和 MSB.md,SMC32 和 MSB,MSB 价格表,2
MSB-1.2 (包含 MSBS+MSBA+MSBN),,"15,850",748K000002,热静力疏水阀,,N,,,,,,,热静力疏水阀/SMC32 和 MSB.md,SMC32 和 MSB,MSB 价格表,2
Gasket set (Pkt of 3) for BPT13/AV13,,812,1225680,热静力疏水阀,,,,,,,,,热静力疏水阀/备件.md,备件,備件 MST21/BPT13/AV13,1
Internal set for MST21/MST21H (E - FILL capsule),,273,1220183,热静力疏水阀,,,,,,,,,热静力疏水阀/备件.md,备件,備件 MST21/BPT13/AV13,1
Internal set for MST21/MST21H (F - FILL capsule),,467,1250580,热静力疏水阀,,,,,,,,,热静力疏水阀/备件.md,备件,備件 MST21/BPT13/AV13,1
Internal set for MST21/MST21H (G - FILL capsule),,467,1250080,热静力疏水阀,,,,,,,,,热静力疏水阀/备件.md,备件,備件 MST21/BPT13/AV13,1
Internal set for MST21/MST21H (G - FILL capsule) (重置項),,467,1251680,热静力疏水阀,,,,,,,,,热静力疏水阀/备件.md,备件,備件 MST21/BPT13/AV13,1
Capsule and seat set (STD) for BPC32/BPC32Y/BPS32/BPS32Y,,1158,0051080,热静力疏水阀,,,,,,,,,热静力疏水阀/备件.md,备件,"備件 - BPC32, BPC32Y, BPS32, BPS32Y (Spare Parts)",2
Capsule and seat set (NTS) for BPC32/BPC32Y/BPS32/BPS32Y,,1158,0053480,热静力疏水阀,,,,,,,,,热静力疏水阀/备件.md,备件,"備件 - BPC32, BPC32Y, BPS32, BPS32Y (Spare Parts)",2
Capsule and seat set (SUB) for BPC32/BPC32Y/BPS32/BPS32Y,,1158,0055880,热静力疏水阀,,,,,,,,,热静力疏水阀/备件.md,备件,"備件 - BPC32, BPC32Y, BPS32, BPS32Y (Spare Parts)",2
Capsule and seat set (STD) for BPC32CV/BPC32YCV/BPS32CV/BPS32YCV,,1228,0051280,热静力疏水阀,,,,,,,,,热静力疏水阀/备件.md,备件,"備件 - BPC32, BPC32Y, BPS32, BPS32Y (Spare Parts)",2
Capsule and seat set (NTS) for BPC32CV/BPC32YCV/BPS32CV/BPS32YCV,,1228,0053680,热静力疏水阀,,,,,,,,,热静力疏水阀/备件.md,备件,"備件 - BPC32, BPC32Y, BPS32, BPS32Y (Spare Parts)",2
Capsule and seat set (SUB) for BPC32CV/BPC32YCV/BPS32CV/BPS32YCV,,1228,0056080,热静力疏水阀,,,,,,,,,热静力疏水阀/备件.md,备件,"備件 - BPC32, BPC32Y, BPS32, BPS32Y (Spare Parts)",2
"Screen set for BPC32, BPC32CV, BPS32, AVC32, AVS32, SMC32",,198,0051081,热静力疏水阀,,,,,,,,,热静力疏水阀/备件.md,备件,"備件 - BPC32, BPC32Y, BPS32, BPS32Y (Spare Parts)",2
"Screen set (Pkt of 1) Y type for BPC32Y, BPC32YCV, BPS32Y, BPS32YCV, SMC32Y",,198,0051083,热静力疏水阀,,,,,,,,,热静力疏水阀/备件.md,备件,"備件 - BPC32, BPC32Y, BPS32, BPS32Y (Spare Parts)",2
"Cover gasket set (Pkt of 3) BPC32/Y, BPS32/Y, AVC32, AVS32, SMC32/Y",,198,0051082,热静力疏水阀,,,,,,,,,热静力疏水阀/备件.md,备件,"備件 - BPC32, BPC32Y, BPS32, BPS32Y (Spare Parts)",2
"Strainer cap gasket set (Pkt of 3) for BPC32Y/CV, BPS32YCV, SMC32Y",,214,0051085,热静力疏水阀,,,,,,,,,热静力疏水阀/备件.md,备件,"備件 - BPC32, BPC32Y, BPS32, BPS32Y (Spare Parts)",2
M10S2 RB,"1/4""",950,3397600,球阀,,Y,,,,,,,球阀/M10S2 RB 与 M10Si2 RB.md,M10S2 RB 与 M10Si2 RB,M10S2 RB - 螺纹连接 BSP (M10S2 RB - BSP screwed),1
M10S2 RB,"3/8""","1,007",3397613,球阀,,Y,,,,,,,球阀/M10S2 RB 与 M10Si2 RB.md,M10S2 RB 与 M10Si2 RB,M10S2 RB - 螺纹连接 BSP (M10S2 RB - BSP screwed),1
M10S2 RB,"1/2""","1,204",3397615,球阀,,Y,,,,,,,球阀/M10S2 RB 与 M10Si2 RB.md,M10S2 RB 与 M10Si2 RB,M10S2 RB - 螺纹连接 BSP (M10S2 RB - BSP screwed),1
M10S2 RB,"3/4""","1,443",3397620,球阀,,Y,,,,,,,球阀/M10S2 RB 与 M10Si2 RB.md,M10S2 RB 与 M10Si2 RB,M10S2 RB - 螺纹连接 BSP (M10S2 RB - BSP screwed),1
M10S2 RB,"1""","1,884",3397625,球阀,,Y,,,,,,,球阀/M10S2 RB 与 M10Si2 RB.md,M10S2 RB 与 M10Si2 RB,M10S2 RB - 螺纹连接 BSP (M10S2 RB - BSP screwed),1
M10S2 RB,"1 1/4""","2,372",3397630,球阀,,Y,,,,,,,球阀/M10S2 RB 与 M10Si2 RB.md,M10S2 RB 与 M10Si2 RB,M10S2 RB - 螺纹连接 BSP (M10S2 RB - BSP screwed),1
M10S2 RB,"1 1/2""","3,144",3397635,球阀,,Y,,,,,,,球阀/M10S2 RB 与 M10Si2 RB.md,M10S2 RB 与 M10Si2 RB,M10S2 RB - 螺纹连接 BSP (M10S2 RB - BSP screwed),1
M10S2 RB,DN15,"2,275",3398560,球阀,注：亦可提供全流道（满径）以及带有 NPT、SW、BW、ANSI150/300 连接的产品。,Y,,,,,,,球阀/M10S2 RB 与 M10Si2 RB.md,M10S2 RB 与 M10Si2 RB,M10S2 RB - PN40 法兰连接 (M10S2 RB - PN40 flanged),2
M10S2 RB,DN20,"2,485",3398565,球阀,注：亦可提供全流道（满径）以及带有 NPT、SW、BW、ANSI150/300 连接的产品。,Y,,,,,,,球阀/M10S2 RB 与 M10Si2 RB.md,M10S2 RB 与 M10Si2 RB,M10S2 RB - PN40 法兰连接 (M10S2 RB - PN40 flanged),2
M10S2 RB,DN25,"3,199",3398700,球阀,注：亦可提供全流道（满径）以及带有 NPT、SW、BW、ANSI150/300 连接的产品。,Y,,,,,,,球阀/M10S2 RB 与 M10Si2 RB.md,M10S2 RB 与 M10Si2 RB,M10S2 RB - PN40 法兰连接 (M10S2 RB - PN40 flanged),2
M10S2 RB,DN32,"4,339",3398705,球阀,注：亦可提供全流道（满径）以及带有 NPT、SW、BW、ANSI150/300 连接的产品。,Y,,,,,,,球阀/M10S2 RB 与 M10Si2 RB.md,M10S2 RB 与 M10Si2 RB,M10S2 RB - PN40 法兰连接 (M10S2 RB - PN40 flanged),2
M10S2 RB,DN40,"4,916",3398710,球阀,注：亦可提供全流道（满径）以及带有 NPT、SW、BW、ANSI150/300 连接的产品。,Y,,,,,,,球阀/M10S2 RB 与 M10Si2 RB.md,M10S2 RB 与 M10Si2 RB,M10S2 RB - PN40 法兰连接 (M10S2 RB - PN40 flanged),2
M10S2 RB,DN50,"6,123",3398715,球阀,注：亦可提供全流道（满径）以及带有 NPT、SW、BW、ANSI150/300 连接的产品。,Y,,,,,,,球阀/M10S2 RB 与 M10Si2 RB.md,M10S2 RB 与 M10Si2 RB,M10S2 RB - PN40 法兰连接 (M10S2 RB - PN40 flanged),2
"适用于 M10S RB & 3/8"" RB 的阀座和阀杆密封件","1/4""",244,6903002,球阀,,,,,,,,,球阀/M10S2 RB 与 M10Si2 RB.md,M10S2 RB 与 M10Si2 RB,备件 - M10S (Spare Parts - M10S),3
"适用于 M10S RB & 3/8"" FB 的阀座和阀杆密封件","1/2""",244,6903012,球阀,,,,,,,,,球阀/M10S2 RB 与 M10Si2 RB.md,M10S2 RB 与 M10Si2 RB,备件 - M10S (Spare Parts - M10S),3
"适用于 M10S RB & 1/2"" FB 的阀座和阀杆密封件","3/4""",244,6903022,球阀,,,,,,,,,球阀/M10S2 RB 与 M10Si2 RB.md,M10S2 RB 与 M10Si2 RB,备件 - M10S (Spare Parts - M10S),3
"适用于 M10S RB & 3/4"" FB 的阀座和阀杆密封件","1""",540,6903032,球阀,,,,,,,,,球阀/M10S2 RB 与 M10Si2 RB.md,M10S2 RB 与 M10Si2 RB,备件 - M10S (Spare Parts - M10S),3
"适用于 M10S RB & 1"" FB 的阀座和阀杆密封件","1 1/4""",540,6903042,球阀,,,,,,,,,球阀/M10S2 RB 与 M10Si2 RB.md,M10S2 RB 与 M10Si2 RB,备件 - M10S (Spare Parts - M10S),3
"适用于 M10S RB & 1 1/4"" FB 的阀座和阀杆密封件","1 1/2""",879,6903052,球阀,,,,,,,,,球阀/M10S2 RB 与 M10Si2 RB.md,M10S2 RB 与 M10Si2 RB,备件 - M10S (Spare Parts - M10S),3
适用于 M10S RB & 1 1/ FB 的阀座和阀杆密封件,"2""",920,6903062,球阀,,,,,,,,,球阀/M10S2 RB 与 M10Si2 RB.md,M10S2 RB 与 M10Si2 RB,备件 - M10S (Spare Parts - M10S),3
"适用于 M10S RB & 2"" FB 的阀座和阀杆密封件","2 1/2""","1,500",6903064,球阀,,,,,,,,,球阀/M10S2 RB 与 M10Si2 RB.md,M10S2 RB 与 M10Si2 RB,备件 - M10S (Spare Parts - M10S),3
M10Si2 RB,"1/2""","1,457",3460611,球阀,,Y,,,,,,,球阀/M10S2 RB 与 M10Si2 RB.md,M10S2 RB 与 M10Si2 RB,M10Si 2 RB 自动化 - 螺纹连接 BSP (M10Si 2 RB automation - BSP screwed),4
M10Si2 RB,"3/4""","1,585",3460616,球阀,,Y,,,,,,,球阀/M10S2 RB 与 M10Si2 RB.md,M10S2 RB 与 M10Si2 RB,M10Si 2 RB 自动化 - 螺纹连接 BSP (M10Si 2 RB automation - BSP screwed),4
M10Si2 RB,"1""","1,909",3460621,球阀,,Y,,,,,,,球阀/M10S2 RB 与 M10Si2 RB.md,M10S2 RB 与 M10Si2 RB,M10Si 2 RB 自动化 - 螺纹连接 BSP (M10Si 2 RB automation - BSP screwed),4
M10Si2 RB,"1 1/4""","2,797",3460626,球阀,,N,,,,,,,球阀/M10S2 RB 与 M10Si2 RB.md,M10S2 RB 与 M10Si2 RB,M10Si 2 RB 自动化 - 螺纹连接 BSP (M10Si 2 RB automation - BSP screwed),4
M10Si2 RB,"1 1/2""","3,333",3460631,球阀,,N,,,,,,,球阀/M10S2 RB 与 M10Si2 RB.md,M10S2 RB 与 M10Si2 RB,M10Si 2 RB 自动化 - 螺纹连接 BSP (M10Si 2 RB automation - BSP screwed),4
M10Si2 RB,"2""","4,405",3460636,球阀,,N,,,,,,,球阀/M10S2 RB 与 M10Si2 RB.md,M10S2 RB 与 M10Si2 RB,M10Si 2 RB 自动化 - 螺纹连接 BSP (M10Si 2 RB automation - BSP screwed),4
M10Si2 RB,DN15,"2,854",3462701,球阀,注：亦可提供带有 NPT、SW、BW、ANSI150/300 连接以及全流道的产品。,Y,,,,,,,球阀/M10S2 RB 与 M10Si2 RB.md,M10S2 RB 与 M10Si2 RB,M10Si 2 RB 自动化 - PN25 法兰连接 (M10Si 2 RB automation - PN25 flanged),5
M10Si2 RB,DN20,"3,148",3462706,球阀,注：亦可提供带有 NPT、SW、BW、ANSI150/300 连接以及全流道的产品。,Y,,,,,,,球阀/M10S2 RB 与 M10Si2 RB.md,M10S2 RB 与 M10Si2 RB,M10Si 2 RB 自动化 - PN25 法兰连接 (M10Si 2 RB automation - PN25 flanged),5
M10Si2 RB,DN25,"3,771",3462711,球阀,注：亦可提供带有 NPT、SW、BW、ANSI150/300 连接以及全流道的产品。,Y,,,,,,,球阀/M10S2 RB 与 M10Si2 RB.md,M10S2 RB 与 M10Si2 RB,M10Si 2 RB 自动化 - PN25 法兰连接 (M10Si 2 RB automation - PN25 flanged),5
M10Si2 RB,DN32,"5,405",3462716,球阀,注：亦可提供带有 NPT、SW、BW、ANSI150/300 连接以及全流道的产品。,Y,,,,,,,球阀/M10S2 RB 与 M10Si2 RB.md,M10S2 RB 与 M10Si2 RB,M10Si 2 RB 自动化 - PN25 法兰连接 (M10Si 2 RB automation - PN25 flanged),5
M10Si2 RB,DN40,"6,083",3462721,球阀,注：亦可提供带有 NPT、SW、BW、ANSI150/300 连接以及全流道的产品。,Y,,,,,,,球阀/M10S2 RB 与 M10Si2 RB.md,M10S2 RB 与 M10Si2 RB,M10Si 2 RB 自动化 - PN25 法兰连接 (M10Si 2 RB automation - PN25 flanged),5
M10Si2 RB,DN50,"7,620",3462726,球阀,注：亦可提供带有 NPT、SW、BW、ANSI150/300 连接以及全流道的产品。,Y,,,,,,,球阀/M10S2 RB 与 M10Si2 RB.md,M10S2 RB 与 M10Si2 RB,M10Si 2 RB 自动化 - PN25 法兰连接 (M10Si 2 RB automation - PN25 flanged),5
"适用于 M10Si to 3/8"" RB & FB and 1/2"" RB 的阀座和阀杆密封件","1/4""",370,6906101,球阀,,,,,,,,,球阀/M10S2 RB 与 M10Si2 RB.md,M10S2 RB 与 M10Si2 RB,备件 - M10Si (Spare Parts - M10Si),6
"适用于 M10Si RB & 1/2"" FB 的阀座和阀杆密封件","3/4""",370,6906106,球阀,,,,,,,,,球阀/M10S2 RB 与 M10Si2 RB.md,M10S2 RB 与 M10Si2 RB,备件 - M10Si (Spare Parts - M10Si),6
"适用于 M10Si RB & 3/4"" FB 的阀座和阀杆密封件","1""",609,6906111,球阀,,,,,,,,,球阀/M10S2 RB 与 M10Si2 RB.md,M10S2 RB 与 M10Si2 RB,备件 - M10Si (Spare Parts - M10Si),6
"适用于 M10Si RB & 1"" FB 的阀座和阀杆密封件","1 1/4""",781,6906116,球阀,,,,,,,,,球阀/M10S2 RB 与 M10Si2 RB.md,M10S2 RB 与 M10Si2 RB,备件 - M10Si (Spare Parts - M10Si),6
"适用于 M10Si RB & 1 1/4"" FB 的阀座和阀杆密封件","1 1/2""",920,6906121,球阀,,,,,,,,,球阀/M10S2 RB 与 M10Si2 RB.md,M10S2 RB 与 M10Si2 RB,备件 - M10Si (Spare Parts - M10Si),6
适用于 M10Si RB & 1 1/ FB 的阀座和阀杆密封件,"2""","1,007",6906126,球阀,,,,,,,,,球阀/M10S2 RB 与 M10Si2 RB.md,M10S2 RB 与 M10Si2 RB,备件 - M10Si (Spare Parts - M10Si),6
"适用于 M10Si RB & 2"" FB 的阀座和阀杆密封件","2 1/2""","2,453",6906131,球阀,,,,,,,,,球阀/M10S2 RB 与 M10Si2 RB.md,M10S2 RB 与 M10Si2 RB,备件 - M10Si (Spare Parts - M10Si),6
M10S2 RB,"1/4""",950,3397600,球阀,,Y,,,,,,,球阀/M10S2RB.md,M10S2RB,產品價格與編碼清單,1
M10S2 RB,"1/2""","1,007",3397610,球阀,,Y,,,,,,,球阀/M10S2RB.md,M10S2RB,產品價格與編碼清單,1
M10S2 RB,"3/4""","1,204",3397615,球阀,,Y,,,,,,,球阀/M10S2RB.md,M10S2RB,產品價格與編碼清單,1
M10S2 RB,"1""","1,443",3397620,球阀,,Y,,,,,,,球阀/M10S2RB.md,M10S2RB,產品價格與編碼清單,1
M10S2 RB,"1 1/4""","1,964",3397625,球阀,,Y,,,,,,,球阀/M10S2RB.md,M10S2RB,產品價格與編碼清單,1
M10S2 RB,"1 1/2""","2,372",3397630,球阀,,Y,,,,,,,球阀/M10S2RB.md,M10S2RB,產品價格與編碼清單,1
M10S2 RB,"2""","3,144",3397635,球阀,,Y,,,,,,,球阀/M10S2RB.md,M10S2RB,產品價格與編碼清單,1
M10S2 RB,DN15,"2,275",3398560,球阀,備註： 亦可提供全通徑（full bore）以及 NPT、SW、BW、ANSI150/300 連接方式。,Y,,,,,,,球阀/M10S2RB.md,M10S2RB,M10S2 RB - PN40 法蘭連接 (flanged),2
M10S2 RB,DN20,"2,485",3398565,球阀,備註： 亦可提供全通徑（full bore）以及 NPT、SW、BW、ANSI150/300 連接方式。,Y,,,,,,,球阀/M10S2RB.md,M10S2RB,M10S2 RB - PN40 法蘭連接 (flanged),2
M10S2 RB,DN25,"3,166",3398700,球阀,備註： 亦可提供全通徑（full bore）以及 NPT、SW、BW、ANSI150/300 連接方式。,Y,,,,,,,球阀/M10S2RB.md,M10S2RB,M10S2 RB - PN40 法蘭連接 (flanged),2
M10S2 RB,DN32,"4,339",3398705,球阀,備註： 亦可提供全通徑（full bore）以及 NPT、SW、BW、ANSI150/300 連接方式。,Y,,,,,,,球阀/M10S2RB.md,M10S2RB,M10S2 RB - PN40 法蘭連接 (flanged),2
M10S2 RB,DN40,"4,916",3398710,球阀,備註： 亦可提供全通徑（full bore）以及 NPT、SW、BW、ANSI150/300 連接方式。,Y,,,,,,,球阀/M10S2RB.md,M10S2RB,M10S2 RB - PN40 法蘭連接 (flanged),2
M10S2 RB,DN50,"6,123",3398715,球阀,備註： 亦可提供全通徑（full bore）以及 NPT、SW、BW、ANSI150/300 連接方式。,Y,,,,,,,球阀/M10S2RB.md,M10S2RB,M10S2 RB - PN40 法蘭連接 (flanged),2
M10Si2 RB,"1/2""","1,457",3460611,球阀,,Y,,,,,,,球阀/M10Si2.md,M10Si2,M10Si 2 RB automation - BSP 螺纹连接 (screwed),1
M10Si2 RB,"3/4""","1,585",3460616,球阀,,Y,,,,,,,球阀/M10Si2.md,M10Si2,M10Si 2 RB automation - BSP 螺纹连接 (screwed),1
M10Si2 RB,"1""","1,909",3460621,球阀,,Y,,,,,,,球阀/M10Si2.md,M10Si2,M10Si 2 RB automation - BSP 螺纹连接 (screwed),1
M10Si2 RB,"1 1/4""","2,797",3460626,球阀,,N,,,,,,,球阀/M10Si2.md,M10Si2,M10Si 2 RB automation - BSP 螺纹连接 (screwed),1
M10Si2 RB,"1 1/2""","3,333",3460631,球阀,,N,,,,,,,球阀/M10Si2.md,M10Si2,M10Si 2 RB automation - BSP 螺纹连接 (screwed),1
M10Si2 RB,"2""","4,405",3460636,球阀,,N,,,,,,,球阀/M10Si2.md,M10Si2,M10Si 2 RB automation - BSP 螺纹连接 (screwed),1
M10Si2 RB,DN15,"2,854",3462701,球阀,备注： 亦可提供 NPT、SW、BW、ANSI150/300 连接方式以及全通径（full bore）。,Y,,,,,,,球阀/M10Si2.md,M10Si2,M10Si 2 RB automation - PN25 法兰连接 (flanged),2
M10Si2 RB,DN20,"3,148",3462706,球阀,备注： 亦可提供 NPT、SW、BW、ANSI150/300 连接方式以及全通径（full bore）。,Y,,,,,,,球阀/M10Si2.md,M10Si2,M10Si 2 RB automation - PN25 法兰连接 (flanged),2
M10Si2 RB,DN25,"3,771",3462711,球阀,备注： 亦可提供 NPT、SW、BW、ANSI150/300 连接方式以及全通径（full bore）。,Y,,,,,,,球阀/M10Si2.md,M10Si2,M10Si 2 RB automation - PN25 法兰连接 (flanged),2
M10Si2 RB,DN32,"5,406",3462716,球阀,备注： 亦可提供 NPT、SW、BW、ANSI150/300 连接方式以及全通径（full bore）。,Y,,,,,,,球阀/M10Si2.md,M10Si2,M10Si 2 RB automation - PN25 法兰连接 (flanged),2
M10Si2 RB,DN40,"6,083",3462721,球阀,备注： 亦可提供 NPT、SW、BW、ANSI150/300 连接方式以及全通径（full bore）。,Y,,,,,,,球阀/M10Si2.md,M10Si2,M10Si 2 RB automation - PN25 法兰连接 (flanged),2
M10Si2 RB,DN50,"7,620",3462722,球阀,备注： 亦可提供 NPT、SW、BW、ANSI150/300 连接方式以及全通径（full bore）。,Y,,,,,,,球阀/M10Si2.md,M10Si2,M10Si 2 RB automation - PN25 法兰连接 (flanged),2
M10Si2AUTO ISO BSP + BVA310S/8 + BVL300X + MV11,"1/4""RB","9,244",3406001+6232906+16747000+13714700,球阀,,,,,,,,,球阀/M10Si2AUTO ISO 和 M21Si2AUTO ISO 球阀组装件.md,M10Si2AUTO ISO 和 M21Si2AUTO ISO 球阀组装件,(M10Si2AUTO ISO and M21Si2AUTO ISO ball valve assemblies (Air supply 6 bar g & Single acting)),1
M10Si2AUTO ISO BSP + BVA310S/8 + BVL300X + MV11,"3/8""RB","9,244",3406006+6232906+16747000+13714700,球阀,,,,,,,,,球阀/M10Si2AUTO ISO 和 M21Si2AUTO ISO 球阀组装件.md,M10Si2AUTO ISO 和 M21Si2AUTO ISO 球阀组装件,(M10Si2AUTO ISO and M21Si2AUTO ISO ball valve assemblies (Air supply 6 bar g & Single acting)),1
M10Si2AUTO ISO BSP + BVA310S/8 + BVL300X + MV11,"1/2""RB","9,287",3406011+6232906+16747000+13714700,球阀,,,,,,,,,球阀/M10Si2AUTO ISO 和 M21Si2AUTO ISO 球阀组装件.md,M10Si2AUTO ISO 和 M21Si2AUTO ISO 球阀组装件,(M10Si2AUTO ISO and M21Si2AUTO ISO ball valve assemblies (Air supply 6 bar g & Single acting)),1
M10Si2AUTO ISO BSP + BVA310S/8 + BVL300X + MV11,"3/4""RB","9,415",3406016+6232906+16747000+13714700,球阀,,,,,,,,,球阀/M10Si2AUTO ISO 和 M21Si2AUTO ISO 球阀组装件.md,M10Si2AUTO ISO 和 M21Si2AUTO ISO 球阀组装件,(M10Si2AUTO ISO and M21Si2AUTO ISO ball valve assemblies (Air supply 6 bar g & Single acting)),1
M10Si2AUTO ISO BSP + BVA315S/14 + BVL302X + MV11,"1""RB","10,413",3406021+6232911+16747010+13714700,球阀,,,,,,,,,球阀/M10Si2AUTO ISO 和 M21Si2AUTO ISO 球阀组装件.md,M10Si2AUTO ISO 和 M21Si2AUTO ISO 球阀组装件,(M10Si2AUTO ISO and M21Si2AUTO ISO ball valve assemblies (Air supply 6 bar g & Single acting)),1
M10Si2AUTO ISO BSP + BVA320S/14 + BVL311X + MV11,"1 1/4""RB","12,523",3406026+6232917+16747055+13714700,球阀,,,,,,,,,球阀/M10Si2AUTO ISO 和 M21Si2AUTO ISO 球阀组装件.md,M10Si2AUTO ISO 和 M21Si2AUTO ISO 球阀组装件,(M10Si2AUTO ISO and M21Si2AUTO ISO ball valve assemblies (Air supply 6 bar g & Single acting)),1
M10Si2AUTO ISO BSP + BVA330S/14 + BVL305X + MV11,"1 1/2""RB","15,730",3406031+6232927+16747025+13714700,球阀,,,,,,,,,球阀/M10Si2AUTO ISO 和 M21Si2AUTO ISO 球阀组装件.md,M10Si2AUTO ISO 和 M21Si2AUTO ISO 球阀组装件,(M10Si2AUTO ISO and M21Si2AUTO ISO ball valve assemblies (Air supply 6 bar g & Single acting)),1
M10Si2AUTO ISO BSP + BVA330S/14 + BVL306X + MV11,"2""RB","16,966",3406036+6232927+16747030+13714700,球阀,,,,,,,,,球阀/M10Si2AUTO ISO 和 M21Si2AUTO ISO 球阀组装件.md,M10Si2AUTO ISO 和 M21Si2AUTO ISO 球阀组装件,(M10Si2AUTO ISO and M21Si2AUTO ISO ball valve assemblies (Air supply 6 bar g & Single acting)),1
M10Si2AUTO ISO BSP + BVA335S/14 + BVL309X + MV11,"2 1/2""RB","23,997",3406041+6232932+6747045+13714700,球阀,,,,,,,,,球阀/M10Si2AUTO ISO 和 M21Si2AUTO ISO 球阀组装件.md,M10Si2AUTO ISO 和 M21Si2AUTO ISO 球阀组装件,(M10Si2AUTO ISO and M21Si2AUTO ISO ball valve assemblies (Air supply 6 bar g & Single acting)),1
M10Si2AUTO ISO PN40 + BVA310S/8 + BVL300X + MV11,DN15,"10,684",3462701+6232906+16747000+13714700,球阀,,,,,,,,,球阀/M10Si2AUTO ISO 和 M21Si2AUTO ISO 球阀组装件.md,M10Si2AUTO ISO 和 M21Si2AUTO ISO 球阀组装件,(M10Si2AUTO ISO and M21Si2AUTO ISO ball valve assemblies (Air supply 6 bar g & Single acting)),1
M10Si2AUTO ISO PN40 + BVA310S/8 + BVL300X + MV11,DN20,"10,978",3462706+6232906+16747000+13714700,球阀,,,,,,,,,球阀/M10Si2AUTO ISO 和 M21Si2AUTO ISO 球阀组装件.md,M10Si2AUTO ISO 和 M21Si2AUTO ISO 球阀组装件,(M10Si2AUTO ISO and M21Si2AUTO ISO ball valve assemblies (Air supply 6 bar g & Single acting)),1
M10Si2AUTO ISO PN40 + BVA315S/14 + BVL302X + MV11,DN25,"12,275",3462711+6232911+16747010+13714700,球阀,,,,,,,,,球阀/M10Si2AUTO ISO 和 M21Si2AUTO ISO 球阀组装件.md,M10Si2AUTO ISO 和 M21Si2AUTO ISO 球阀组装件,(M10Si2AUTO ISO and M21Si2AUTO ISO ball valve assemblies (Air supply 6 bar g & Single acting)),1
M10Si2AUTO ISO PN40 + BVA320S/14 + BVL311X + MV11,DN32,"15,132",3462716+6232917+16747055+13714700,球阀,,,,,,,,,球阀/M10Si2AUTO ISO 和 M21Si2AUTO ISO 球阀组装件.md,M10Si2AUTO ISO 和 M21Si2AUTO ISO 球阀组装件,(M10Si2AUTO ISO and M21Si2AUTO ISO ball valve assemblies (Air supply 6 bar g & Single acting)),1
M10Si2AUTO ISO PN40 + BVA330S/14 + BVL305X + MV11,DN40,"18,480",3462721+6232927+16747025+13714700,球阀,,,,,,,,,球阀/M10Si2AUTO ISO 和 M21Si2AUTO ISO 球阀组装件.md,M10Si2AUTO ISO 和 M21Si2AUTO ISO 球阀组装件,(M10Si2AUTO ISO and M21Si2AUTO ISO ball valve assemblies (Air supply 6 bar g & Single acting)),1
M10Si2AUTO ISO PN40 + BVA330S/14 + BVL306X + MV11,DN50,"20,181",3462726+6232927+16747030+13714700,球阀,,,,,,,,,球阀/M10Si2AUTO ISO 和 M21Si2AUTO ISO 球阀组装件.md,M10Si2AUTO ISO 和 M21Si2AUTO ISO 球阀组装件,(M10Si2AUTO ISO and M21Si2AUTO ISO ball valve assemblies (Air supply 6 bar g & Single acting)),1
M10Si2AUTO ISO PN40 + BVA335S/14 + BVL309X + MV11,DN65,"27,086",3462731+6232932+6747045+13714700,球阀,,,,,,,,,球阀/M10Si2AUTO ISO 和 M21Si2AUTO ISO 球阀组装件.md,M10Si2AUTO ISO 和 M21Si2AUTO ISO 球阀组装件,(M10Si2AUTO ISO and M21Si2AUTO ISO ball valve assemblies (Air supply 6 bar g & Single acting)),1
M16Vi BW,"4 3/8""","1,059",1735010036,球阀,,N,,,,,,,球阀/M16_Ball_系列.md,M16_Ball_系列,1. M16Vi - BW 对焊连接 (M16Vi - BW connection),1
M16Vi4RB BW,"1/2""","1,059",1735010016,球阀,,N,,,,,,,球阀/M16_Ball_系列.md,M16_Ball_系列,1. M16Vi - BW 对焊连接 (M16Vi - BW connection),1
M16Vi4RB BW,"3/4""","1,297",1735010017,球阀,,N,,,,,,,球阀/M16_Ball_系列.md,M16_Ball_系列,1. M16Vi - BW 对焊连接 (M16Vi - BW connection),1
M16Vi4RB BW,"1""","1,605",1735010018,球阀,,N,,,,,,,球阀/M16_Ball_系列.md,M16_Ball_系列,1. M16Vi - BW 对焊连接 (M16Vi - BW connection),1
M16Vi4RB BW,"1 1/4""","1,986",1735010019,球阀,,N,,,,,,,球阀/M16_Ball_系列.md,M16_Ball_系列,1. M16Vi - BW 对焊连接 (M16Vi - BW connection),1
M16Vi4RB BW,"1 1/2""","2,234",1735010020,球阀,,N,,,,,,,球阀/M16_Ball_系列.md,M16_Ball_系列,1. M16Vi - BW 对焊连接 (M16Vi - BW connection),1
M16Vi4RB BW,"2""","2,899",1735010021,球阀,,N,,,,,,,球阀/M16_Ball_系列.md,M16_Ball_系列,1. M16Vi - BW 对焊连接 (M16Vi - BW connection),1
M16Vi BSP,"4 3/8""","1,166",1735010022,球阀,"注：本系列亦有全流量 (FB) 版本。如需其他选项, 请联系产品经理 (PM)。",N,,,,,,,球阀/M16_Ball_系列.md,M16_Ball_系列,2. M16Vi - BSP 螺纹连接 (M16Vi - BSP connection),2
M16Vi4RB BSP,"1/2""","1,226",1735010002,球阀,"注：本系列亦有全流量 (FB) 版本。如需其他选项, 请联系产品经理 (PM)。",N,,,,,,,球阀/M16_Ball_系列.md,M16_Ball_系列,2. M16Vi - BSP 螺纹连接 (M16Vi - BSP connection),2
M16Vi4RB BSP,"3/4""","1,450",1735010003,球阀,"注：本系列亦有全流量 (FB) 版本。如需其他选项, 请联系产品经理 (PM)。",N,,,,,,,球阀/M16_Ball_系列.md,M16_Ball_系列,2. M16Vi - BSP 螺纹连接 (M16Vi - BSP connection),2
M16Vi4RB BSP,"1""","1,760",1735010004,球阀,"注：本系列亦有全流量 (FB) 版本。如需其他选项, 请联系产品经理 (PM)。",N,,,,,,,球阀/M16_Ball_系列.md,M16_Ball_系列,2. M16Vi - BSP 螺纹连接 (M16Vi - BSP connection),2
M16Vi4RB BSP,"1 1/4""","2,057",1735010005,球阀,"注：本系列亦有全流量 (FB) 版本。如需其他选项, 请联系产品经理 (PM)。",N,,,,,,,球阀/M16_Ball_系列.md,M16_Ball_系列,2. M16Vi - BSP 螺纹连接 (M16Vi - BSP connection),2
M16Vi4RB BSP,"1 1/2""","2,639",1735010006,球阀,"注：本系列亦有全流量 (FB) 版本。如需其他选项, 请联系产品经理 (PM)。",N,,,,,,,球阀/M16_Ball_系列.md,M16_Ball_系列,2. M16Vi - BSP 螺纹连接 (M16Vi - BSP connection),2
M16Vi4RB BSP,"2""","3,338",1735010007,球阀,"注：本系列亦有全流量 (FB) 版本。如需其他选项, 请联系产品经理 (PM)。",N,,,,,,,球阀/M16_Ball_系列.md,M16_Ball_系列,2. M16Vi - BSP 螺纹连接 (M16Vi - BSP connection),2
M16Si4RB BSP,"1/2""","1,357",1735011002,球阀,,[无显示],,,,,,,球阀/M16_Ball_系列.md,M16_Ball_系列,3. M16Si - BSP 螺纹连接 (M16Si - BSP connection),3
M16Si4RB BSP,"3/4""","1,472",1735011003,球阀,,[无显示],,,,,,,球阀/M16_Ball_系列.md,M16_Ball_系列,3. M16Si - BSP 螺纹连接 (M16Si - BSP connection),3
M16Si4RB BSP,"1""","1,791",1735011004,球阀,,[无显示],,,,,,,球阀/M16_Ball_系列.md,M16_Ball_系列,3. M16Si - BSP 螺纹连接 (M16Si - BSP connection),3
M16Si4RB BSP,"1 1/4""","2,365",1735011005,球阀,,[无显示],,,,,,,球阀/M16_Ball_系列.md,M16_Ball_系列,3. M16Si - BSP 螺纹连接 (M16Si - BSP connection),3
M16Si4RB BSP,"1 1/2""","3,035",1735011006,球阀,,[无显示],,,,,,,球阀/M16_Ball_系列.md,M16_Ball_系列,3. M16Si - BSP 螺纹连接 (M16Si - BSP connection),3
M16Si4RB BSP,"2""","3,840",1735011007,球阀,,[无显示],,,,,,,球阀/M16_Ball_系列.md,M16_Ball_系列,3. M16Si - BSP 螺纹连接 (M16Si - BSP connection),3
M16Si4RB BW,"1/2""","1,218",1735011016,球阀,"注：本系列亦有全流量 (FB) 版本。如需其他选项, 请联系产品经理 (PM)。",[无显示],,,,,,,球阀/M16_Ball_系列.md,M16_Ball_系列,4. M16Si - BW 对焊连接 (M16Si - BW connection),4
M16Si4RB BW,"3/4""","1,492",1735011017,球阀,"注：本系列亦有全流量 (FB) 版本。如需其他选项, 请联系产品经理 (PM)。",[无显示],,,,,,,球阀/M16_Ball_系列.md,M16_Ball_系列,4. M16Si - BW 对焊连接 (M16Si - BW connection),4
M16Si4RB BW,"1""","1,847",1735011018,球阀,"注：本系列亦有全流量 (FB) 版本。如需其他选项, 请联系产品经理 (PM)。",[无显示],,,,,,,球阀/M16_Ball_系列.md,M16_Ball_系列,4. M16Si - BW 对焊连接 (M16Si - BW connection),4
M16Si4RB BW,"1 1/4""","2,284",1735011019,球阀,"注：本系列亦有全流量 (FB) 版本。如需其他选项, 请联系产品经理 (PM)。",[无显示],,,,,,,球阀/M16_Ball_系列.md,M16_Ball_系列,4. M16Si - BW 对焊连接 (M16Si - BW connection),4
M16Si4RB BW,"1 1/2""","2,570",1735011020,球阀,"注：本系列亦有全流量 (FB) 版本。如需其他选项, 请联系产品经理 (PM)。",[无显示],,,,,,,球阀/M16_Ball_系列.md,M16_Ball_系列,4. M16Si - BW 对焊连接 (M16Si - BW connection),4
M16Si4RB BW,"2""","3,334",1735011021,球阀,"注：本系列亦有全流量 (FB) 版本。如需其他选项, 请联系产品经理 (PM)。",[无显示],,,,,,,球阀/M16_Ball_系列.md,M16_Ball_系列,4. M16Si - BW 对焊连接 (M16Si - BW connection),4
M21Si2AUTO ISO PN40(BS) + BVA315S/14 + BVL302X + MV11,DN25,"12,852",3516001+6232911+16747010+13714700,球阀,,Y,,,,,,,球阀/M21Si2AUTO_and_M16Vi4RB_Ball_Valve_Assemblies.md,M21Si2AUTO_and_M16Vi4RB_Ball_Valve_Assemblies,M21Si2AUTO ISO 球阀组装件 (M21Si2AUTO ISO ball valve assemblies),1
M21Si2AUTO ISO PN40(BS) + BVA320S/14 + BVL494X + MV11,DN32,"15,647",3516006+6232917+6747970+13714700,球阀,,Y,,,,,,,球阀/M21Si2AUTO_and_M16Vi4RB_Ball_Valve_Assemblies.md,M21Si2AUTO_and_M16Vi4RB_Ball_Valve_Assemblies,M21Si2AUTO ISO 球阀组装件 (M21Si2AUTO ISO ball valve assemblies),1
M21Si2AUTO ISO PN40(BS) + BVA325S/14 + BVL306X + MV11,DN40,"17,171",3516011+6232922+16747030+13714700,球阀,,Y,,,,,,,球阀/M21Si2AUTO_and_M16Vi4RB_Ball_Valve_Assemblies.md,M21Si2AUTO_and_M16Vi4RB_Ball_Valve_Assemblies,M21Si2AUTO ISO 球阀组装件 (M21Si2AUTO ISO ball valve assemblies),1
M21Si2AUTO ISO PN40(BS) + BVA325S/14 + BVL306X + MV11,DN50,"18,045",3516016+6232922+16747030+13714700,球阀,,Y,,,,,,,球阀/M21Si2AUTO_and_M16Vi4RB_Ball_Valve_Assemblies.md,M21Si2AUTO_and_M16Vi4RB_Ball_Valve_Assemblies,M21Si2AUTO ISO 球阀组装件 (M21Si2AUTO ISO ball valve assemblies),1
M21Si2AUTO ISO PN40(BS) + BVA330S/14 + BVL510X + MV11,DN65,"21,128",3516021+6232927+16748050+13714700,球阀,,Y,,,,,,,球阀/M21Si2AUTO_and_M16Vi4RB_Ball_Valve_Assemblies.md,M21Si2AUTO_and_M16Vi4RB_Ball_Valve_Assemblies,M21Si2AUTO ISO 球阀组装件 (M21Si2AUTO ISO ball valve assemblies),1
M21Si2AUTO ISO PN40(BS) + BVA335S/14 + BVL513X + MV11,DN80,"27,198",3516026+6232932+16748065+13714700,球阀,,Y,,,,,,,球阀/M21Si2AUTO_and_M16Vi4RB_Ball_Valve_Assemblies.md,M21Si2AUTO_and_M16Vi4RB_Ball_Valve_Assemblies,M21Si2AUTO ISO 球阀组装件 (M21Si2AUTO ISO ball valve assemblies),1
M21Si2AUTO ISO PN40(BS) + BVA340S/14 + BVL513X + MV11,DN100,"35,291",3516031+6232937+16748065+13714700,球阀,,Y,,,,,,,球阀/M21Si2AUTO_and_M16Vi4RB_Ball_Valve_Assemblies.md,M21Si2AUTO_and_M16Vi4RB_Ball_Valve_Assemblies,M21Si2AUTO ISO 球阀组装件 (M21Si2AUTO ISO ball valve assemblies),1
M21Si2AUTO ISO PN40(BS) + BVA345S/14 + BVL516X + MV11,DN150,"57,661",3516036+6232942+6748080+13714700,球阀,,N,,,,,,,球阀/M21Si2AUTO_and_M16Vi4RB_Ball_Valve_Assemblies.md,M21Si2AUTO_and_M16Vi4RB_Ball_Valve_Assemblies,M21Si2AUTO ISO 球阀组装件 (M21Si2AUTO ISO ball valve assemblies),1
M16Vi4RB BSP+BVA310S/8+BVL200X+MV11,"1/2""","9,056",1735010002+6232906+1674700001+13714700,球阀,"注： 库存栏中 Y 代表有现货, N 代表无现货。",N,,,,,,,球阀/M21Si2AUTO_and_M16Vi4RB_Ball_Valve_Assemblies.md,M21Si2AUTO_and_M16Vi4RB_Ball_Valve_Assemblies,M16Vi4RB 系列球阀组装件,2
M16Vi4RB BSP+BVA310S/8+BVL200X+MV11,"3/4""","9,280",1735010003+6232906+1674700001+13714700,球阀,"注： 库存栏中 Y 代表有现货, N 代表无现货。",N,,,,,,,球阀/M21Si2AUTO_and_M16Vi4RB_Ball_Valve_Assemblies.md,M21Si2AUTO_and_M16Vi4RB_Ball_Valve_Assemblies,M16Vi4RB 系列球阀组装件,2
M16Vi4RB BSP+BVA315S/14+BVL302X+MV11,"1""","10,264",1735010004+6232911+16747010+13714700,球阀,"注： 库存栏中 Y 代表有现货, N 代表无现货。",N,,,,,,,球阀/M21Si2AUTO_and_M16Vi4RB_Ball_Valve_Assemblies.md,M21Si2AUTO_and_M16Vi4RB_Ball_Valve_Assemblies,M16Vi4RB 系列球阀组装件,2
M16Vi4RB BSP+BVA320S/14+BVL311X+MV11,"1 1/4""","11,783",1735010005+6232917+16747055+13714700,球阀,"注： 库存栏中 Y 代表有现货, N 代表无现货。",N,,,,,,,球阀/M21Si2AUTO_and_M16Vi4RB_Ball_Valve_Assemblies.md,M21Si2AUTO_and_M16Vi4RB_Ball_Valve_Assemblies,M16Vi4RB 系列球阀组装件,2
M16Vi4RB BSP+BVA330S/14+BVL305X+MV11,"1 1/2""","15,036",1735010006+6232927+16747025+13714700,球阀,"注： 库存栏中 Y 代表有现货, N 代表无现货。",N,,,,,,,球阀/M21Si2AUTO_and_M16Vi4RB_Ball_Valve_Assemblies.md,M21Si2AUTO_and_M16Vi4RB_Ball_Valve_Assemblies,M16Vi4RB 系列球阀组装件,2
M16Vi4RB BSP+BVA330S/14+BVL305X+MV11,"2""","15,735",1735010007+6232927+16747025+13714700,球阀,"注： 库存栏中 Y 代表有现货, N 代表无现货。",N,,,,,,,球阀/M21Si2AUTO_and_M16Vi4RB_Ball_Valve_Assemblies.md,M21Si2AUTO_and_M16Vi4RB_Ball_Valve_Assemblies,M16Vi4RB 系列球阀组装件,2
M21Si2 PN40(BS),DN25,"4,603",3516000,球阀,"注： 库存栏中 Y 代表有现货, N 代表无现货。",Y,,,,,,,球阀/M21Si2_Ball_Valves_Specifications.md,M21Si2_Ball_Valves_Specifications,选型与价格表：M21Si2- PN40 法兰连接 (M21Si2- PN40 flanged),1
M21Si2 PN40(BS),DN32,"5,719",3516005,球阀,"注： 库存栏中 Y 代表有现货, N 代表无现货。",N,,,,,,,球阀/M21Si2_Ball_Valves_Specifications.md,M21Si2_Ball_Valves_Specifications,选型与价格表：M21Si2- PN40 法兰连接 (M21Si2- PN40 flanged),1
M21Si2 PN40(BS),DN40,"6,240",3516010,球阀,"注： 库存栏中 Y 代表有现货, N 代表无现货。",N,,,,,,,球阀/M21Si2_Ball_Valves_Specifications.md,M21Si2_Ball_Valves_Specifications,选型与价格表：M21Si2- PN40 法兰连接 (M21Si2- PN40 flanged),1
M21Si2 PN40(BS),DN50,"7,141",3516015,球阀,"注： 库存栏中 Y 代表有现货, N 代表无现货。",Y,,,,,,,球阀/M21Si2_Ball_Valves_Specifications.md,M21Si2_Ball_Valves_Specifications,选型与价格表：M21Si2- PN40 法兰连接 (M21Si2- PN40 flanged),1
M21Si2 PN40(BS),DN65,"9,314",3516020,球阀,"注： 库存栏中 Y 代表有现货, N 代表无现货。",Y,,,,,,,球阀/M21Si2_Ball_Valves_Specifications.md,M21Si2_Ball_Valves_Specifications,选型与价格表：M21Si2- PN40 法兰连接 (M21Si2- PN40 flanged),1
M21Si2 PN40(BS),DN80,"12,236",3516025,球阀,"注： 库存栏中 Y 代表有现货, N 代表无现货。",Y,,,,,,,球阀/M21Si2_Ball_Valves_Specifications.md,M21Si2_Ball_Valves_Specifications,选型与价格表：M21Si2- PN40 法兰连接 (M21Si2- PN40 flanged),1
M21Si2 PN40(BS),DN100,"18,936",3516030,球阀,"注： 库存栏中 Y 代表有现货, N 代表无现货。",Y,,,,,,,球阀/M21Si2_Ball_Valves_Specifications.md,M21Si2_Ball_Valves_Specifications,选型与价格表：M21Si2- PN40 法兰连接 (M21Si2- PN40 flanged),1
M21Si2 PN40(BS),DN150,"37,498",3516035,球阀,"注： 库存栏中 Y 代表有现货, N 代表无现货。",N,,,,,,,球阀/M21Si2_Ball_Valves_Specifications.md,M21Si2_Ball_Valves_Specifications,选型与价格表：M21Si2- PN40 法兰连接 (M21Si2- PN40 flanged),1
VB14,"1/2""","1,954",0190100,破真空器,注：亦可提供 NPT 连接 (Also available with NPT connections),Y,,,,,,,破真空器/VB14_VB21.md,VB14_VB21,VB14 - 螺纹 BSP (screwed BSP),1
VB21,"1/2""","3,824",0190195,破真空器,注：亦可提供 NPT 连接 (Also available with NPT connection),Y,,,,,,,破真空器/VB14_VB21.md,VB14_VB21,VB21 - 螺纹 BSP (screwed BSP),2
S/W,"1/2""","1,123",0222000,观视镜,,Y,,,,,,,观视镜/观视镜1.md,观视镜1,Sight glasses - screwed BSP,1
S/W,"3/4""","1,260",0223000,观视镜,,Y,,,,,,,观视镜/观视镜1.md,观视镜1,Sight glasses - screwed BSP,1
S/W,"1""","1,464",0224000,观视镜,,Y,,,,,,,观视镜/观视镜1.md,观视镜1,Sight glasses - screwed BSP,1
D/W,"1/2""","1,776",0222500,观视镜,,N,,,,,,,观视镜/观视镜1.md,观视镜1,Sight glasses - screwed BSP,1
D/W,"3/4""","2,036",0223500,观视镜,,N,,,,,,,观视镜/观视镜1.md,观视镜1,Sight glasses - screwed BSP,1
D/W,"1""","2,595",0224500,观视镜,,Y,,,,,,,观视镜/观视镜1.md,观视镜1,Sight glasses - screwed BSP,1
D/W,"1 1/4""","3,208",0225000,观视镜,,N,,,,,,,观视镜/观视镜1.md,观视镜1,Sight glasses - screwed BSP,1
D/W,"1 1/2""","3,293",0226000,观视镜,,N,,,,,,,观视镜/观视镜1.md,观视镜1,Sight glasses - screwed BSP,1
D/W,"2""","4,710",0227000,观视镜,,N,,,,,,,观视镜/观视镜1.md,观视镜1,Sight glasses - screwed BSP,1
Window and washers set for sight glass (1 window & 2 washers),,221,02200080,观视镜,,,,,,,,,观视镜/观视镜1.md,观视镜1,Spare Parts,2
Gasket set for sight glass,,193,02200081,观视镜,,,,,,,,,观视镜/观视镜1.md,观视镜1,Spare Parts,2
SG253,DN15,"3,235",1300093,观视镜,,Y,,,,,,,观视镜/观视镜1.md,观视镜1,SG253 sight glass - PN25 flanged,3
SG253,DN20,"3,518",1301093,观视镜,,Y,,,,,,,观视镜/观视镜1.md,观视镜1,SG253 sight glass - PN25 flanged,3
SG253,DN25,"4,528",1302093,观视镜,,Y,,,,,,,观视镜/观视镜1.md,观视镜1,SG253 sight glass - PN25 flanged,3
SG253,DN32,"5,158",1303093,观视镜,,N,,,,,,,观视镜/观视镜1.md,观视镜1,SG253 sight glass - PN25 flanged,3
SG253,DN40,"6,256",1304093,观视镜,,Y,,,,,,,观视镜/观视镜1.md,观视镜1,SG253 sight glass - PN25 flanged,3
SG253,DN50,"7,042",1305093,观视镜,,Y,,,,,,,观视镜/观视镜1.md,观视镜1,SG253 sight glass - PN25 flanged,3
Window and gasket set for SG253,DN15-DN20,794,1300080,观视镜,,,,,,,,,观视镜/观视镜1.md,观视镜1,Spare Parts,4
Window and gasket set for SG253,DN25-DN32,"1,187",1302080,观视镜,,,,,,,,,观视镜/观视镜1.md,观视镜1,Spare Parts,4
Window and gasket set for SG253,DN40-DN50,"1,465",1304080,观视镜,,,,,,,,,观视镜/观视镜1.md,观视镜1,Spare Parts,4
Gasket set for SG253,DN15-DN20,201,1300081,观视镜,,,,,,,,,观视镜/观视镜1.md,观视镜1,Spare Parts,4
Gasket set for SG253,DN25-DN32,238,1302081,观视镜,,,,,,,,,观视镜/观视镜1.md,观视镜1,Spare Parts,4
Gasket set for SG253,DN40-DN50,313,1304081,观视镜,,,,,,,,,观视镜/观视镜1.md,观视镜1,Spare Parts,4
PF51G-1NC BSP,"1/2""","1,615",3733090,角座阀,"注：仅提供带有 BSP, NPT 连接的型号 (Only available with BSP, NPT connection)",Y,,,,,,,角座阀/PF51G.md,PF51G,PF5_G valves 价格表,1
PF51G-1NO BSP,"1/2""","1,831",3733190,角座阀,"注：仅提供带有 BSP, NPT 连接的型号 (Only available with BSP, NPT connection)",N,,,,,,,角座阀/PF51G.md,PF51G,PF5_G valves 价格表,1
PF51G-1NC BSP,"3/4""","1,764",3733091,角座阀,"注：仅提供带有 BSP, NPT 连接的型号 (Only available with BSP, NPT connection)",N,,,,,,,角座阀/PF51G.md,PF51G,PF5_G valves 价格表,1
PF51G-2BD BSP,"1""","2,743",3733295,角座阀,"注：仅提供带有 BSP, NPT 连接的型号 (Only available with BSP, NPT connection)",N,,,,,,,角座阀/PF51G.md,PF51G,PF5_G valves 价格表,1
PF51G-2NC BSP,"1""","2,518",3733095,角座阀,"注：仅提供带有 BSP, NPT 连接的型号 (Only available with BSP, NPT connection)",Y,,,,,,,角座阀/PF51G.md,PF51G,PF5_G valves 价格表,1
PF51G-2NO BSP,"1""","2,743",3733195,角座阀,"注：仅提供带有 BSP, NPT 连接的型号 (Only available with BSP, NPT connection)",N,,,,,,,角座阀/PF51G.md,PF51G,PF5_G valves 价格表,1
PF51G-2BD BSP,"1 1/4""","3,283",3733296,角座阀,"注：仅提供带有 BSP, NPT 连接的型号 (Only available with BSP, NPT connection)",N,,,,,,,角座阀/PF51G.md,PF51G,PF5_G valves 价格表,1
PF51G-2NC BSP,"1 1/4""","2,999",3733096,角座阀,"注：仅提供带有 BSP, NPT 连接的型号 (Only available with BSP, NPT connection)",N,,,,,,,角座阀/PF51G.md,PF51G,PF5_G valves 价格表,1
PF51G-2NC BSP,"1 1/2""","3,404",3733097,角座阀,"注：仅提供带有 BSP, NPT 连接的型号 (Only available with BSP, NPT connection)",N,,,,,,,角座阀/PF51G.md,PF51G,PF5_G valves 价格表,1
PF51G-2NC BSP,"2""","4,115",3733098,角座阀,"注：仅提供带有 BSP, NPT 连接的型号 (Only available with BSP, NPT connection)",N,,,,,,,角座阀/PF51G.md,PF51G,PF5_G valves 价格表,1
SEAL KIT FOR PF51G-1NC/NO/BD,"1/2""",407,3733080,角座阀,,,,,,,,,角座阀/PF51G备件.md,PF51G备件,PF51G备件,1
SEAL KIT FOR PF51G-1NC/NO/BD,"3/4""",460,3733081,角座阀,,,,,,,,,角座阀/PF51G备件.md,PF51G备件,PF51G备件,1
SEAL KIT FOR PF51G-2NC/NO/BD(before 2022/6/22),"1/2""",528,3733083,角座阀,,,,,,,,,角座阀/PF51G备件.md,PF51G备件,PF51G备件,1
SEAL KIT FOR PF51G-2NC/NO/BD(before 2022/6/22),"3/4""",568,3733084,角座阀,,,,,,,,,角座阀/PF51G备件.md,PF51G备件,PF51G备件,1
SEAL KIT FOR PF51G-2NC/NO/BD(before 2022/6/22),"1""",663,3733085,角座阀,,,,,,,,,角座阀/PF51G备件.md,PF51G备件,PF51G备件,1
SEAL KIT FOR PF51G-3NC/NO/BD(before 2022/6/22),"1""",744,3733089,角座阀,,,,,,,,,角座阀/PF51G备件.md,PF51G备件,PF51G备件,1
SEAL KIT FOR PF51G-2NC/NO/BD(before 2022/6/22),"1 1/4""",744,3733086,角座阀,,,,,,,,,角座阀/PF51G备件.md,PF51G备件,PF51G备件,1
SEAL KIT FOR PF51G-3NC/NO/BD(before 2022/6/22),"1 1/4""",838,3733180,角座阀,,,,,,,,,角座阀/PF51G备件.md,PF51G备件,PF51G备件,1
SEAL KIT FOR PF51G-3NC/NO/BD(before 2022/6/22),"1 1/2""",957,3733181,角座阀,,,,,,,,,角座阀/PF51G备件.md,PF51G备件,PF51G备件,1
SEAL KIT FOR PF51G-2NC/NO/BD(before 2022/6/22),"1 1/2""",797,3733087,角座阀,,,,,,,,,角座阀/PF51G备件.md,PF51G备件,PF51G备件,1
SEAL KIT FOR PF51G-2NC/NO/BD(before 2022/6/22),"2""",985,3733088,角座阀,,,,,,,,,角座阀/PF51G备件.md,PF51G备件,PF51G备件,1
SEAL KIT FOR PF51G-3NC/NO/BD(before 2022/6/22),"2""","1,159",3733182,角座阀,,,,,,,,,角座阀/PF51G备件.md,PF51G备件,PF51G备件,1
SEAL KIT FOR PF51G-2NC/NO/BD(After 2022/6/22),"1/2""",528,3733380,角座阀,,,,,,,,,角座阀/PF51G备件.md,PF51G备件,PF51G备件,1
SEAL KIT FOR PF51G-2NC/NO/BD(After 2022/6/22),"3/4""",568,3733381,角座阀,,,,,,,,,角座阀/PF51G备件.md,PF51G备件,PF51G备件,1
SEAL KIT FOR PF51G-2NC/NO/BD(After 2022/6/22),"1""",663,3733382,角座阀,,,,,,,,,角座阀/PF51G备件.md,PF51G备件,PF51G备件,1
SEAL KIT FOR PF51G-3NC/NO/BD(After 2022/6/22),"1""",744,3733386,角座阀,,,,,,,,,角座阀/PF51G备件.md,PF51G备件,PF51G备件,1
SEAL KIT FOR PF51G-2NC/NO/BD(After 2022/6/22),"1 1/4""",744,3733383,角座阀,,,,,,,,,角座阀/PF51G备件.md,PF51G备件,PF51G备件,1
SEAL KIT FOR PF51G-3NC/NO/BD(After 2022/6/22),"1 1/4""",744,3733386,角座阀,,,,,,,,,角座阀/PF51G备件.md,PF51G备件,PF51G备件,1
SEAL KIT FOR PF51G-3NC/NO/BD(After 2022/6/22),"1 1/2""",957,3733388,角座阀,,,,,,,,,角座阀/PF51G备件.md,PF51G备件,PF51G备件,1
SEAL KIT FOR PF51G-2NC/NO/BD(After 2022/6/22),"1 1/2""",797,3733384,角座阀,,,,,,,,,角座阀/PF51G备件.md,PF51G备件,PF51G备件,1
SEAL KIT FOR PF51G-2NC/NO/BD(After 2022/6/22),"2""",985,3733385,角座阀,,,,,,,,,角座阀/PF51G备件.md,PF51G备件,PF51G备件,1
SEAL KIT FOR PF51G-3NC/NO/BD(After 2022/6/22),"2""",,3733389,角座阀,,,,,,,,,角座阀/PF51G备件.md,PF51G备件,PF51G备件,1
SEAL KIT FOR PF61G-1NC/NO/BD,"1/2""",460,3730080,角座阀,,,,,,,,,角座阀/PF61G 备件.md,PF61G 备件,备件价格表 (紫色部分),1
SEAL KIT FOR PF61G-1NC/NO/BD,"3/4""",514,3730081,角座阀,,,,,,,,,角座阀/PF61G 备件.md,PF61G 备件,备件价格表 (紫色部分),1
SEAL KIT FOR PF61G-2NC/NO/BD (阀门在 2022/6/22 之前生产),"1/2""",582,3730082,角座阀,,,,,,,,,角座阀/PF61G 备件.md,PF61G 备件,备件价格表 (紫色部分),1
SEAL KIT FOR PF61G-2NC/NO/BD (阀门在 2022/6/22 之前生产),"3/4""",607,3730083,角座阀,,,,,,,,,角座阀/PF61G 备件.md,PF61G 备件,备件价格表 (紫色部分),1
SEAL KIT FOR PF61G-2NC/NO/BD (阀门在 2022/6/22 之前生产),"1""",730,3730084,角座阀,,,,,,,,,角座阀/PF61G 备件.md,PF61G 备件,备件价格表 (紫色部分),1
SEAL KIT FOR PF61G-3NC/NO/BD (阀门在 2022/6/22 之前生产),"1""",797,3730088,角座阀,,,,,,,,,角座阀/PF61G 备件.md,PF61G 备件,备件价格表 (紫色部分),1
SEAL KIT FOR PF61G-2NC/NO/BD (阀门在 2022/6/22 之前生产),"11/4""",797,3730085,角座阀,,,,,,,,,角座阀/PF61G 备件.md,PF61G 备件,备件价格表 (紫色部分),1
SEAL KIT FOR PF61G-3NC/NO/BD (阀门在 2022/6/22 之前生产),"11/4""",944,3730089,角座阀,,,,,,,,,角座阀/PF61G 备件.md,PF61G 备件,备件价格表 (紫色部分),1
SEAL KIT FOR PF61G-2NC/NO/BD (阀门在 2022/6/22 之前生产),"11/2""",972,3730086,角座阀,,,,,,,,,角座阀/PF61G 备件.md,PF61G 备件,备件价格表 (紫色部分),1
SEAL KIT FOR PF61G-3NC/NO/BD (阀门在 2022/6/22 之前生产),"11/2""",1078,3730180,角座阀,,,,,,,,,角座阀/PF61G 备件.md,PF61G 备件,备件价格表 (紫色部分),1
SEAL KIT FOR PF61G-2NC/NO/BD (阀门在 2022/6/22 之前生产),"2""",1104,3730087,角座阀,,,,,,,,,角座阀/PF61G 备件.md,PF61G 备件,备件价格表 (紫色部分),1
SEAL KIT FOR PF61G-3NC/NO/BD (阀门在 2022/6/22 之前生产),"2""",1306,3730181,角座阀,,,,,,,,,角座阀/PF61G 备件.md,PF61G 备件,备件价格表 (紫色部分),1
SEAL KIT FOR PF61G-2NC/NO/BD (阀门在 2022/6/22 之后生产),"1/2""",582,3731280,角座阀,,,,,,,,,角座阀/PF61G 备件.md,PF61G 备件,备件价格表 (紫色部分),1
SEAL KIT FOR PF61G-2NC/NO/BD (阀门在 2022/6/22 之后生产),"3/4""",607,3731281,角座阀,,,,,,,,,角座阀/PF61G 备件.md,PF61G 备件,备件价格表 (紫色部分),1
SEAL KIT FOR PF61G-2NC/NO/BD (阀门在 2022/6/22 之后生产),"1""",730,3731282,角座阀,,,,,,,,,角座阀/PF61G 备件.md,PF61G 备件,备件价格表 (紫色部分),1
SEAL KIT FOR PF61G-3NC/NO/BD (阀门在 2022/6/22 之后生产),"1""",797,3731286,角座阀,,,,,,,,,角座阀/PF61G 备件.md,PF61G 备件,备件价格表 (紫色部分),1
SEAL KIT FOR PF61G-2NC/NO/BD (阀门在 2022/6/22 之后生产),"11/4""",797,3731283,角座阀,,,,,,,,,角座阀/PF61G 备件.md,PF61G 备件,备件价格表 (紫色部分),1
SEAL KIT FOR PF61G-3NC/NO/BD (阀门在 2022/6/22 之后生产),"11/4""",944,3731287,角座阀,,,,,,,,,角座阀/PF61G 备件.md,PF61G 备件,备件价格表 (紫色部分),1
SEAL KIT FOR PF61G-2NC/NO/BD (阀门在 2022/6/22 之后生产),"11/2""",972,3731284,角座阀,,,,,,,,,角座阀/PF61G 备件.md,PF61G 备件,备件价格表 (紫色部分),1
SEAL KIT FOR PF61G-3NC/NO/BD (阀门在 2022/6/22 之后生产),"11/2""",1078,3731288,角座阀,,,,,,,,,角座阀/PF61G 备件.md,PF61G 备件,备件价格表 (紫色部分),1
SEAL KIT FOR PF61G-2NC/NO/BD (阀门在 2022/6/22 之后生产),"2""",1104,3731285,角座阀,,,,,,,,,角座阀/PF61G 备件.md,PF61G 备件,备件价格表 (紫色部分),1
SEAL KIT FOR PF61G-3NC/NO/BD (阀门在 2022/6/22 之后生产),"2""",,3731289,角座阀,,,,,,,,,角座阀/PF61G 备件.md,PF61G 备件,备件价格表 (紫色部分),1
PF61G-1NC BSP,"1/2""","2,301",3730090,角座阀,"注：可提供 BSP, NPT, BW, 法兰 (flanged) 和 卫生级卡箍 (sanitary clamp) 连接方式。",Y,,,,,,,角座阀/PF61G.md,PF61G,PF6_G 阀门数据表 (PF6_G valves),1
PF61G-1NC BSP,"3/4""","2,582",3730091,角座阀,"注：可提供 BSP, NPT, BW, 法兰 (flanged) 和 卫生级卡箍 (sanitary clamp) 连接方式。",Y,,,,,,,角座阀/PF61G.md,PF61G,PF6_G 阀门数据表 (PF6_G valves),1
PF61G-2NC BSP,"1""","3,723",3730094,角座阀,"注：可提供 BSP, NPT, BW, 法兰 (flanged) 和 卫生级卡箍 (sanitary clamp) 连接方式。",Y,,,,,,,角座阀/PF61G.md,PF61G,PF6_G 阀门数据表 (PF6_G valves),1
PF61G-2NC BSP,"1 1/2""","5,081",3730096,角座阀,"注：可提供 BSP, NPT, BW, 法兰 (flanged) 和 卫生级卡箍 (sanitary clamp) 连接方式。",Y,,,,,,,角座阀/PF61G.md,PF61G,PF6_G 阀门数据表 (PF6_G valves),1
PF61G-2NC BSP,"2""","6,129",3730097,角座阀,"注：可提供 BSP, NPT, BW, 法兰 (flanged) 和 卫生级卡箍 (sanitary clamp) 连接方式。",Y,,,,,,,角座阀/PF61G.md,PF61G,PF6_G 阀门数据表 (PF6_G valves),1
DM11 230 Vac BSP,"1/8""",809,3730660,角座阀,"注：可提供 BSP, NPT, BW, 法兰 (flanged) 和 卫生级卡箍 (sanitary clamp) 连接方式。",Y,,,,,,,角座阀/PF61G.md,PF61G,PF6_G 阀门数据表 (PF6_G valves),1
DM21 230 Vac BSP,"1/4""",933,3730690,角座阀,"注：可提供 BSP, NPT, BW, 法兰 (flanged) 和 卫生级卡箍 (sanitary clamp) 连接方式。",Y,,,,,,,角座阀/PF61G.md,PF61G,PF6_G 阀门数据表 (PF6_G valves),1
DM23 24 Vac BSP,"1/4""",933,3730692,角座阀,"注：可提供 BSP, NPT, BW, 法兰 (flanged) 和 卫生级卡箍 (sanitary clamp) 连接方式。",N,,,,,,,角座阀/PF61G.md,PF61G,PF6_G 阀门数据表 (PF6_G valves),1
DM24 24 Vdc BSP,"1/4""",933,3730693,角座阀,"注：可提供 BSP, NPT, BW, 法兰 (flanged) 和 卫生级卡箍 (sanitary clamp) 连接方式。",Y,,,,,,,角座阀/PF61G.md,PF61G,PF6_G 阀门数据表 (PF6_G valves),1
PF62G-2NC BW DIN11850,DN15,"3,068",3734000001,角座阀,,N,,,,,,,角座阀/PF62G.md,PF62G,PF62G 阀门数据表 (PF62G valves),1
PF62G-2NC BW DIN11850,DN20,"3,300",3734000002,角座阀,,N,,,,,,,角座阀/PF62G.md,PF62G,PF62G 阀门数据表 (PF62G valves),1
PF62G-2NC BW DIN11850,DN25,"3,666",3734000003,角座阀,,Y,,,,,,,角座阀/PF62G.md,PF62G,PF62G 阀门数据表 (PF62G valves),1
PF62G-2NC BW DIN11850,DN32,"4,314",3734000004,角座阀,,N,,,,,,,角座阀/PF62G.md,PF62G,PF62G 阀门数据表 (PF62G valves),1
PF62G-2NC BW DIN11850,DN40,"4,984",3734000005,角座阀,,Y,,,,,,,角座阀/PF62G.md,PF62G,PF62G 阀门数据表 (PF62G valves),1
PF62G-2NC BW DIN11850,DN50,"6,024",3734000006,角座阀,,Y,,,,,,,角座阀/PF62G.md,PF62G,PF62G 阀门数据表 (PF62G valves),1
PF62G-4NC BW DIN11850,DN65,"17,538",3734000007,角座阀,,N,,,,,,,角座阀/PF62G.md,PF62G,PF62G 阀门数据表 (PF62G valves),1
PF62G-2NC With PN16 Flange,DN15,"6,793",3734000011,角座阀,,N,,,,,,,角座阀/PF62G.md,PF62G,PF62G 阀门数据表 (PF62G valves),1
PF62G-2NC With PN16 Flange,DN20,"7,646",3734000012,角座阀,,N,,,,,,,角座阀/PF62G.md,PF62G,PF62G 阀门数据表 (PF62G valves),1
PF62G-2NC With PN16 Flange,DN25,"8,074",3734000013,角座阀,,N,,,,,,,角座阀/PF62G.md,PF62G,PF62G 阀门数据表 (PF62G valves),1
PF62G-2NC With PN16 Flange,DN32,"10,492",3734000014,角座阀,,N,,,,,,,角座阀/PF62G.md,PF62G,PF62G 阀门数据表 (PF62G valves),1
PF62G-2NC With PN16 Flange,DN40,"11,468",3734000015,角座阀,,N,,,,,,,角座阀/PF62G.md,PF62G,PF62G 阀门数据表 (PF62G valves),1
PF62G-2NC With PN16 Flange,DN50,"12,960",3734000016,角座阀,,N,,,,,,,角座阀/PF62G.md,PF62G,PF62G 阀门数据表 (PF62G valves),1
PF62G-4NC With PN16 Flange,DN65,"30,944",3734000017,角座阀,,N,,,,,,,角座阀/PF62G.md,PF62G,PF62G 阀门数据表 (PF62G valves),1
PTFE,DN15-DN25,647,3749080,调节阀,,,,,,,,C,调节阀/2024-03-29 100008.md,2024-03-29 100008,Stem seal kit (閥桿密封包),1
PTFE,DN32-DN50,706,3749081,调节阀,,,,,,,,C,调节阀/2024-03-29 100008.md,2024-03-29 100008,Stem seal kit (閥桿密封包),1
PTFE,DN65-DN80,"1,223",3749082,调节阀,,,,,,,,C,调节阀/2024-03-29 100008.md,2024-03-29 100008,Stem seal kit (閥桿密封包),1
PTFE,DN100,"1,274",3749083,调节阀,,,,,,,,C,调节阀/2024-03-29 100008.md,2024-03-29 100008,Stem seal kit (閥桿密封包),1
PTFE,DN125-DN300,"2,501",3780982,调节阀,,,,,,,,C,调节阀/2024-03-29 100008.md,2024-03-29 100008,Stem seal kit (閥桿密封包),1
Graphite Ring,DN15-DN50,483,3749084,调节阀,,,,,,,,C2,调节阀/2024-03-29 100008.md,2024-03-29 100008,Stem seal kit (閥桿密封包),1
Graphite Ring,DN65-DN100,559,3749085,调节阀,,,,,,,,C2,调节阀/2024-03-29 100008.md,2024-03-29 100008,Stem seal kit (閥桿密封包),1
Graphite Ring,DN125-DN300,"1,353",3780983,调节阀,,,,,,,,C2,调节阀/2024-03-29 100008.md,2024-03-29 100008,Stem seal kit (閥桿密封包),1
Conversion kit PTFE to Graphite,DN15-DN25,"3,369",3749086,调节阀,,,,,,,,C1,调节阀/2024-03-29 100008.md,2024-03-29 100008,Stem seal kit (閥桿密封包),1
Conversion kit PTFE to Graphite,DN32-DN50,"3,443",3749087,调节阀,,,,,,,,C1,调节阀/2024-03-29 100008.md,2024-03-29 100008,Stem seal kit (閥桿密封包),1
Conversion kit PTFE to Graphite,DN65-DN80,"4,171",3749088,调节阀,,,,,,,,C1,调节阀/2024-03-29 100008.md,2024-03-29 100008,Stem seal kit (閥桿密封包),1
Conversion kit PTFE to Graphite,DN100,"4,233",3749089,调节阀,,,,,,,,C1,调节阀/2024-03-29 100008.md,2024-03-29 100008,Stem seal kit (閥桿密封包),1
Conversion kit PTFE to Graphite,DN125-DN300,"1,682",3780984,调节阀,,,,,,,,C1,调节阀/2024-03-29 100008.md,2024-03-29 100008,Stem seal kit (閥桿密封包),1
For standard valve PT/PP,DN15-DN25,230,3749051,调节阀,,,,,,,,"B,G",调节阀/2024-03-29 100008.md,2024-03-29 100008,Gasket set (墊片組),2
For standard valve PT/PP,DN32-DN50,245,3749052,调节阀,,,,,,,,"B,G",调节阀/2024-03-29 100008.md,2024-03-29 100008,Gasket set (墊片組),2
For standard valve PT/PP,DN65-DN80,329,3749053,调节阀,,,,,,,,"B,G",调节阀/2024-03-29 100008.md,2024-03-29 100008,Gasket set (墊片組),2
For standard valve PT/PK After H21,DN100,360,3749054,调节阀,,,,,,,,"B,G",调节阀/2024-03-29 100008.md,2024-03-29 100008,Gasket set (墊片組),2
For C seat valve PC,DN15-DN25,230,13800979,调节阀,,,,,,,,"B,G",调节阀/2024-03-29 100008.md,2024-03-29 100008,Gasket set (墊片組),2
For C seat valve PC,DN32-DN50,245,13800980,调节阀,,,,,,,,"B,G",调节阀/2024-03-29 100008.md,2024-03-29 100008,Gasket set (墊片組),2
For C seat valve PC,DN65-DN80,329,13800981,调节阀,,,,,,,,"B,G",调节阀/2024-03-29 100008.md,2024-03-29 100008,Gasket set (墊片組),2
For C seat valve PC After H21,DN100,360,13800982,调节阀,,,,,,,,"B,G",调节阀/2024-03-29 100008.md,2024-03-29 100008,Gasket set (墊片組),2
For standard balanced valve,DN125,"1,640",3780981,调节阀,,,,,,,,"A,B,G",调节阀/2024-03-29 100008.md,2024-03-29 100008,Gasket set (墊片組),2
For standard balanced valve,DN150,"1,696",3781981,调节阀,,,,,,,,"A,B,G",调节阀/2024-03-29 100008.md,2024-03-29 100008,Gasket set (墊片組),2
For standard balanced valve,DN200,"2,595",3782981,调节阀,,,,,,,,"A,B,G",调节阀/2024-03-29 100008.md,2024-03-29 100008,Gasket set (墊片組),2
For standard balanced valve,DN250,"2,705",3790880,调节阀,,,,,,,,"A,B,G",调节阀/2024-03-29 100008.md,2024-03-29 100008,Gasket set (墊片組),2
For standard balanced valve,DN300,"3,293",3791080,调节阀,,,,,,,,"A,B,G",调节阀/2024-03-29 100008.md,2024-03-29 100008,Gasket set (墊片組),2
All valve types,DN15-DN50,543,3749056,调节阀,,,,,,,,A,调节阀/2024-03-29 100008.md,2024-03-29 100008,Actuator clamp nut (執行機構夾緊螺母),3
"For cast iron, SG iron & steel valves",DN65-DN100,210,3749057,调节阀,,,,,,,,A,调节阀/2024-03-29 100008.md,2024-03-29 100008,Actuator clamp nut (執行機構夾緊螺母),3
431 material Equal percent for Trim 16 Kvs 4.0,DN15-DN25,954,3749157,调节阀,,,,,,,,"D,E",调节阀/2024-03-29 100008.md,2024-03-29 100008,Plug and seat (Metal) (金屬閥芯閥座),4
431 material Equal percent for Trim 18 Kvs 6.3,DN20-DN25,954,3749158,调节阀,,,,,,,,"D,E",调节阀/2024-03-29 100008.md,2024-03-29 100008,Plug and seat (Metal) (金屬閥芯閥座),4
431 material Equal percent for Trim 22 Kvs 10.0,DN25,954,3749159,调节阀,,,,,,,,"D,E",调节阀/2024-03-29 100008.md,2024-03-29 100008,Plug and seat (Metal) (金屬閥芯閥座),4
431 material Equal percent for Trim 25 Kvs 16.0,DN32-DN50,"1,696",3749167,调节阀,,,,,,,,"D,E",调节阀/2024-03-29 100008.md,2024-03-29 100008,Plug and seat (Metal) (金屬閥芯閥座),4
431 material Equal percent for Trim 38 Kvs 25,DN40-DN50,"1,705",3749168,调节阀,,,,,,,,"D,E",调节阀/2024-03-29 100008.md,2024-03-29 100008,Plug and seat (Metal) (金屬閥芯閥座),4
431 material Equal percent for Trim 45 Kvs 36,DN50,"1,816",3749169,调节阀,,,,,,,,"D,E",调节阀/2024-03-29 100008.md,2024-03-29 100008,Plug and seat (Metal) (金屬閥芯閥座),4
431 material Equal percent for Trim 60 Kvs 63,DN65-DN80,"3,714",3749176,调节阀,,,,,,,,"D,E",调节阀/2024-03-29 100008.md,2024-03-29 100008,Plug and seat (Metal) (金屬閥芯閥座),4
431 material Equal percent for Trim 75 Kvs 100,DN80,"3,714",3749177,调节阀,,,,,,,,"D,E",调节阀/2024-03-29 100008.md,2024-03-29 100008,Plug and seat (Metal) (金屬閥芯閥座),4
431 material Equal percent for Trim 95 Kvs 160,DN100,"4,826",3749191,调节阀,,,,,,,,"D,E",调节阀/2024-03-29 100008.md,2024-03-29 100008,Plug and seat (Metal) (金屬閥芯閥座),4
PLUG& C SEAT KIT 431 EQ% FOR Kvs4.0 PC,DN15-DN25,"1,311",13800992,调节阀,,,,,,,,"D,E",调节阀/2024-03-29 100008.md,2024-03-29 100008,Plug and seat (PEEK) (PEEK閥芯閥座),5
PLUG & C SEAT KIT 431 EQ% FOR Kvs6.3 PC,DN20-DN25,"1,311",13800991,调节阀,,,,,,,,"D,E",调节阀/2024-03-29 100008.md,2024-03-29 100008,Plug and seat (PEEK) (PEEK閥芯閥座),5
PLUG& C SEAT KIT 431 EQ% FOR Kvs10 PC,DN25,"1,311",13800990,调节阀,,,,,,,,"D,E",调节阀/2024-03-29 100008.md,2024-03-29 100008,Plug and seat (PEEK) (PEEK閥芯閥座),5
PLUG& C SEAT KIT 431 EQ% FOR Kvs16 PC,DN32-DN50,"2,233",13801928,调节阀,,,,,,,,"D,E",调节阀/2024-03-29 100008.md,2024-03-29 100008,Plug and seat (PEEK) (PEEK閥芯閥座),5
PLUG& C SEAT KIT 431 EQ% FOR Kvs25 PC,DN32-DN50,"2,370",13801927,调节阀,,,,,,,,"D,E",调节阀/2024-03-29 100008.md,2024-03-29 100008,Plug and seat (PEEK) (PEEK閥芯閥座),5
PLUG& C SEAT KIT 431 EQ% FOR Kvs25 PC,DN40-DN50,"2,390",13801926,调节阀,,,,,,,,"D,E",调节阀/2024-03-29 100008.md,2024-03-29 100008,Plug and seat (PEEK) (PEEK閥芯閥座),5
PLUG& C SEAT KIT 431 EQ% FOR Kvs36 PC,DN50,"4,516",13801962,调节阀,,,,,,,,"D,E",调节阀/2024-03-29 100008.md,2024-03-29 100008,Plug and seat (PEEK) (PEEK閥芯閥座),5
PLUG&SEAT KIT 431 EQ% FOR Kvs63 PC,DN65-DN80,"4,887",13801961,调节阀,,,,,,,,"D,E",调节阀/2024-03-29 100008.md,2024-03-29 100008,Plug and seat (PEEK) (PEEK閥芯閥座),5
PLUG& C SEAT KIT 431 EQ% FOR Kvs100 PC,DN80,"5,897",13801987,调节阀,,,,,,,,"D,E",调节阀/2024-03-29 100008.md,2024-03-29 100008,Plug and seat (PEEK) (PEEK閥芯閥座),5
PLUG& C SEAT KIT 431 EQ% FOR Kvs160 PC,DN100,"5,897",13801987,调节阀,,,,,,,,"D,E",调节阀/2024-03-29 100008.md,2024-03-29 100008,Plug and seat (PEEK) (PEEK閥芯閥座),5
Graphite Stem seal,DN50-DN100,"1,702",4140000205,调节阀,,,,,,,,,调节阀/2024-03-29 100025.md,2024-03-29 100025,Stem seal kit (阀杆密封包),1
Graphite Stem seal,DN150-DN200,"1,986",4140000206,调节阀,,,,,,,,,调节阀/2024-03-29 100025.md,2024-03-29 100025,Stem seal kit (阀杆密封包),1
Gasket for standard valve,DN100,"1,789",4140000212,调节阀,,,,,,,,,调节阀/2024-03-29 100025.md,2024-03-29 100025,Gasket set (垫片组),2
Gasket for standard valve,DN150,"4,835",4140000213,调节阀,,,,,,,,,调节阀/2024-03-29 100025.md,2024-03-29 100025,Gasket set (垫片组),2
Gasket for standard valve,DN200,"6,181",4140000214,调节阀,,,,,,,,,调节阀/2024-03-29 100025.md,2024-03-29 100025,Gasket set (垫片组),2
85 51 Plug O-ring,DN150,"1,595",4140000294,调节阀,,,,,,,,,调节阀/2024-03-29 100025.md,2024-03-29 100025,Plug seal ring (阀芯密封圈),3
85 51 Plug O-ring,DN200,"1,952",4140000295,调节阀,,,,,,,,,调节阀/2024-03-29 100025.md,2024-03-29 100025,Plug seal ring (阀芯密封圈),3
85 51 Plug O-ring for 2R,DN150,"1,595",4140000296,调节阀,,,,,,,,,调节阀/2024-03-29 100025.md,2024-03-29 100025,Plug seal ring (阀芯密封圈),3
85 51 Plug O-ring for 2R,DN200,"1,952",4140000297,调节阀,,,,,,,,,调节阀/2024-03-29 100025.md,2024-03-29 100025,Plug seal ring (阀芯密封圈),3
Cage&seat& stem&Plug For 85 51 P0390,"6""","36,623",4140000274,调节阀,,,,,,,,,调节阀/2024-03-29 100025.md,2024-03-29 100025,Plug and seat (阀芯阀座),4
Cage&seat& stem&Plug For 85 51 2R0186,"6""","51,939",4140000277,调节阀,,,,,,,,,调节阀/2024-03-29 100025.md,2024-03-29 100025,Plug and seat (阀芯阀座),4
Cage&seat& stem&Plug For 85 71 P0390,"6""","42,307",4140000275,调节阀,,,,,,,,,调节阀/2024-03-29 100025.md,2024-03-29 100025,Plug and seat (阀芯阀座),4
Cage&seat& stem&Plug For 85 71 1RV0240,"6""","45,695",4140000276,调节阀,,,,,,,,,调节阀/2024-03-29 100025.md,2024-03-29 100025,Plug and seat (阀芯阀座),4
Cage&seat& stem&Plug For 85 71 2R0186,"6""","59,804",4140000278,调节阀,,,,,,,,,调节阀/2024-03-29 100025.md,2024-03-29 100025,Plug and seat (阀芯阀座),4
Cage&seat& stem&Plug For 85 51 P0550,"8""","47,090",4140000279,调节阀,,,,,,,,,调节阀/2024-03-29 100025.md,2024-03-29 100025,Plug and seat (阀芯阀座),4
Cage&seat& stem&Plug For 85 51 2R0242,"8""","66,570",4140000282,调节阀,,,,,,,,,调节阀/2024-03-29 100025.md,2024-03-29 100025,Plug and seat (阀芯阀座),4
Cage&seat& stem&Plug For 85 71 P0550,"8""","52,996",4140000280,调节阀,,,,,,,,,调节阀/2024-03-29 100025.md,2024-03-29 100025,Plug and seat (阀芯阀座),4
Cage&seat& stem&Plug For 85 71 1R0490,"8""","57,234",4140000281,调节阀,,,,,,,,,调节阀/2024-03-29 100025.md,2024-03-29 100025,Plug and seat (阀芯阀座),4
Cage&seat& stem&Plug For 85 71 2R0242,"8""","74,931",4140000283,调节阀,,,,,,,,,调节阀/2024-03-29 100025.md,2024-03-29 100025,Plug and seat (阀芯阀座),4
Cage&seat& stem&Plug For 85 71 1R0190,"4""","31,418",4140000284,调节阀,,,,,,,,,调节阀/2024-03-29 100025.md,2024-03-29 100025,Plug and seat (阀芯阀座),4
Cage&seat& stem&Plug For 85 71 2R0110,"4""","41,111",4140000285,调节阀,,,,,,,,,调节阀/2024-03-29 100025.md,2024-03-29 100025,Plug and seat (阀芯阀座),4
Diaphragm for DC09,,"2,581",4140000217,调节阀,,,,,,,,,调节阀/2024-03-29 100025.md,2024-03-29 100025,Spare part for actuator (执行机构备件),5
Diaphragm for DC10,,"3,986",4140000218,调节阀,,,,,,,,,调节阀/2024-03-29 100025.md,2024-03-29 100025,Spare part for actuator (执行机构备件),5
Sealing Set for DC09,,967,4140000222,调节阀,,,,,,,,,调节阀/2024-03-29 100025.md,2024-03-29 100025,Spare part for actuator (执行机构备件),5
Sealing Set for DC10,,"1,007",4140000223,调节阀,,,,,,,,,调节阀/2024-03-29 100025.md,2024-03-29 100025,Spare part for actuator (执行机构备件),5
Sealing Set for PP005,,"1,427",4140000286,调节阀,,,,,,,,,调节阀/2024-03-29 100025.md,2024-03-29 100025,Spare part for actuator (执行机构备件),5
"EL4611 220VAc, 4-20mA I/O, Display",,"9,634",41K1011,调节阀,,Y,,,,,,,调节阀/AEL3和EL4600.md,AEL3和EL4600,EL4600 Electric actuators,1
"EL4613 24VAc, 4-20mA I/O, Display",,"9,634",41K1015,调节阀,,Y,,,,,,,调节阀/AEL3和EL4600.md,AEL3和EL4600,EL4600 Electric actuators,1
EL4911 Adaptor,,806,41K1118,调节阀,,Y,,,,,,,调节阀/AEL3和EL4600.md,AEL3和EL4600,EL4600 Electric actuators,1
AEL3E+Extension Kit (130~180 ℃),,"10,665",3583191 +3583196,调节阀,,Y,,,,,,,调节阀/AEL3和EL4600.md,AEL3和EL4600,AEL3 Electric actuators,2
AEL3 230V AC Power Module,,997,3583192,调节阀,,Y,,,,,,,调节阀/AEL3和EL4600.md,AEL3和EL4600,AEL3 Electric actuators,2
AEL3 Anxiliary Switch,,"1,100",3583194,调节阀,,Y,,,,,,,调节阀/AEL3和EL4600.md,AEL3和EL4600,AEL3 Electric actuators,2
AEL51211JXA 230 Vac,,"11,304",3581464,调节阀,,Y,,,,,,,调节阀/AEL5.md,AEL5,AEL5 Series Electric actuators,1
AEL52211JXA 230 Vac,,"14,111",3581061,调节阀,,Y,,,,,,,调节阀/AEL5.md,AEL5,AEL5 Series Electric actuators,1
AEL53211JXA 230 Vac,,"16,050",3581161,调节阀,,Y,,,,,,,调节阀/AEL5.md,AEL5,AEL5 Series Electric actuators,1
AEL54211JXA 230 Vac,,"19,265",3581263,调节阀,,Y,,,,,,,调节阀/AEL5.md,AEL5,AEL5 Series Electric actuators,1
AEL55311JXA 230 Vac,,"25,358",3581364,调节阀,,N,,,,,,,调节阀/AEL5.md,AEL5,AEL5 Series Electric actuators,1
AEL56411JXA 230 Vac,,"41,783",3581560,调节阀,,Y,,,,,,,调节阀/AEL5.md,AEL5,AEL5 Series Electric actuators,1
AEL5961 Positioner card,,"5,350",3580672,调节阀,,Y,,,,,,,调节阀/AEL5.md,AEL5,AEL5 Series Electric actuators,1
EL5945 Adaptor,,"6,678",3581598,调节阀,,N,,,,,,,调节阀/AEL5.md,AEL5,AEL5 Series Electric actuators,1
EL5946 Adaptor,,"6,678",3581599,调节阀,,N,,,,,,,调节阀/AEL5.md,AEL5,AEL5 Series Electric actuators,1
EL5955 Adaptor,,"8,052",3581593,调节阀,,Y,,,,,,,调节阀/AEL5.md,AEL5,AEL5 Series Electric actuators,1
EL5970 Flange,,251,3580080,调节阀,,Y,,,,,,,调节阀/AEL5.md,AEL5,AEL5 Series Electric actuators,1
EL5971 Flange,,238,3580081,调节阀,,Y,,,,,,,调节阀/AEL5.md,AEL5,AEL5 Series Electric actuators,1
EL5972 Flange,,"1,995",3581580,调节阀,,N,,,,,,,调节阀/AEL5.md,AEL5,AEL5 Series Electric actuators,1
EL5974 Flange,,"1,655",3581527,调节阀,,Y,,,,,,,调节阀/AEL5.md,AEL5,AEL5 Series Electric actuators,1
SPINDLE NUT (PLASTIC) FOR AEL51x,,"3,314",3581080,调节阀,,,,,,,,,调节阀/AEL5.md,AEL5,Spare Part,2
SPINDLE NUT (PLASTIC) FOR AEL52x/AEL62x,,"3,314",3581081,调节阀,,,,,,,,,调节阀/AEL5.md,AEL5,Spare Part,2
SPINDLE NUT (PLASTIC) FOR AEL53x/AEL63x,,"3,314",3581180,调节阀,,,,,,,,,调节阀/AEL5.md,AEL5,Spare Part,2
SPINDLE NUT (BRASS) FOR AEL54x/AEL64x,,"4,348",3581280,调节阀,,,,,,,,,调节阀/AEL5.md,AEL5,Spare Part,2
SPINDLE NUT (BRASS) FOR AEL55x/AEL65x,,"4,125",3581385,调节阀,,,,,,,,,调节阀/AEL5.md,AEL5,Spare Part,2
SPINDLE NUT (BRASS) FOR AEL56x/AEL66x,,"7,154",3581582,调节阀,,,,,,,,,调节阀/AEL5.md,AEL5,Spare Part,2
AEL71111PXA 1kN 0.2mm/s,,"17,200",3582753,调节阀,,Y,,,,,,,调节阀/AEL7.md,AEL7,AEL7 Series Electric actuators (230VAC 4-20mA),1
AEL72211PXA 2kN 0.4mm/s,,"20,195",3582757,调节阀,,Y,,,,,,,调节阀/AEL7.md,AEL7,AEL7 Series Electric actuators (230VAC 4-20mA),1
AEL73211PXA 4kN 0.4mm/s,,"23,516",3582760,调节阀,,Y,,,,,,,调节阀/AEL7.md,AEL7,AEL7 Series Electric actuators (230VAC 4-20mA),1
AEL74211PXA 6kN 0.6mm/s,,"28,593",3582763,调节阀,,Y,,,,,,,调节阀/AEL7.md,AEL7,AEL7 Series Electric actuators (230VAC 4-20mA),1
AEL75311PXA 8kN 0.7mm/s,,"30,779",3582766,调节阀,,N,,,,,,,调节阀/AEL7.md,AEL7,AEL7 Series Electric actuators (230VAC 4-20mA),1
AEL76311PXA 12kN 0.4mm/s,,"42,327",3582770,调节阀,,Y,,,,,,,调节阀/AEL7.md,AEL7,AEL7 Series Electric actuators (230VAC 4-20mA),1
AEL77311PXA 15kN 0.4mm/s,,"44,513",3582774,调节阀,,Y,,,,,,,调节阀/AEL7.md,AEL7,AEL7 Series Electric actuators (230VAC 4-20mA),1
AEL78421PXA 20kN 0.8mm/s,,"71,873",3582788,调节阀,,Y,,,,,,,调节阀/AEL7.md,AEL7,AEL7 Series Electric actuators (230VAC 4-20mA),1
AEL7Y6 Mounting Kit For HITER 85,"6""&8""","7,179",3582976,调节阀,,Y,,,,,,,调节阀/AEL7.md,AEL7,AEL7 Series Electric actuators (230VAC 4-20mA),1
AEL71111JXA VMD 1kN 0.4mm/s,,"11,851",3582974,调节阀,,Y,,,,,,,调节阀/AEL7.md,AEL7,AEL7 Series Electric actuators (230VAC VMD),2
AEL72211JXA VMD 230VAC +2WE 2kN 0.4mm/s,,"14,846",3582942,调节阀,,Y,,,,,,,调节阀/AEL7.md,AEL7,AEL7 Series Electric actuators (230VAC VMD),2
AEL73211JXA VMD 230VAC +2WE 4kN 0.4mm/s,,"18,167",3582975,调节阀,,Y,,,,,,,调节阀/AEL7.md,AEL7,AEL7 Series Electric actuators (230VAC VMD),2
AEL74211JXA VMD 6kN 0.6mm/s,,"23,244",3582947,调节阀,,Y,,,,,,,调节阀/AEL7.md,AEL7,AEL7 Series Electric actuators (230VAC VMD),2
AEL75311JXA VMD 8kN 0.7mm/s,,"25,430",3582952,调节阀,,N,,,,,,,调节阀/AEL7.md,AEL7,AEL7 Series Electric actuators (230VAC VMD),2
AEL76311JXA VMD 12kN 0.4mm/s,,"36,978",3582964,调节阀,,Y,,,,,,,调节阀/AEL7.md,AEL7,AEL7 Series Electric actuators (230VAC VMD),2
AEL77311JXA VMD 15kN 0.4mm/s,,"39,164",3582973,调节阀,,N,,,,,,,调节阀/AEL7.md,AEL7,AEL7 Series Electric actuators (230VAC VMD),2
AEL78421JXA VMD 20kN 0.8mm/s,,"66,524",3582968,调节阀,,Y,,,,,,,调节阀/AEL7.md,AEL7,AEL7 Series Electric actuators (230VAC VMD),2
EP6 Positioner For Side mounting + FR20A,DN15-DN100,"8,849",3440252+3440214+540000001,调节阀,"備註 (Notes):, Body and cover: Die cast aluminium with anti-corrosion..., Technical documentation sheet: TI-P703-01",Y,,,,,,,调节阀/EP6.md,EP6,EP6 定位器及配件價格表 (EP6 Positioner Price List),1
EP6 Positioner For Center mounting + FR20A,DN15-DN100,"8,849",3440252+3440206+540000001,调节阀,"備註 (Notes):, Body and cover: Die cast aluminium with anti-corrosion..., Technical documentation sheet: TI-P703-01",Y,,,,,,,调节阀/EP6.md,EP6,EP6 定位器及配件價格表 (EP6 Positioner Price List),1
EP6 Exd IIBT5 For Side Mounting + FR20A,DN15-DN100,"14,743",3440254+3440214+540000001,调节阀,"備註 (Notes):, Body and cover: Die cast aluminium with anti-corrosion..., Technical documentation sheet: TI-P703-01",Y,,,,,,,调节阀/EP6.md,EP6,EP6 定位器及配件價格表 (EP6 Positioner Price List),1
EP6 Exd IIBT5 For Center Mounting + FR20A,DN15-DN100,"14,743",3440254+3440206+540000001,调节阀,"備註 (Notes):, Body and cover: Die cast aluminium with anti-corrosion..., Technical documentation sheet: TI-P703-01",Y,,,,,,,调节阀/EP6.md,EP6,EP6 定位器及配件價格表 (EP6 Positioner Price List),1
Hiter 85 51 6 PN40 Cv390 DC010I-4N+ SP7 Pro + FR20A,,"151,638",14140001+3440501+3440597+3440001+3440002*2+540000001,调节阀,"備註 (Notes):, Also availabe with carbon stell and stainless steel body, Note:, 1) Maximum differential pressures for Class IV shut off, 2) List Price and Stock only for PTFE seal (DN15-DN100), Graphite seal (DN150-DN200)",Y,,,,,,,调节阀/Hirer.md,Hirer,Hiter PN25/PN40 (Metal Seat) 價格與庫存表,1
Hiter 85 71 6 PN40 Cv390 DC010I-4N+ SP7 Pro + FR20A,,"172,056",14140002+3440501+3440597+3440001+3440002*2+540000001,调节阀,"備註 (Notes):, Also availabe with carbon stell and stainless steel body, Note:, 1) Maximum differential pressures for Class IV shut off, 2) List Price and Stock only for PTFE seal (DN15-DN100), Graphite seal (DN150-DN200)",Y,,,,,,,调节阀/Hirer.md,Hirer,Hiter PN25/PN40 (Metal Seat) 價格與庫存表,1
Hiter 85 51 8 PN40 Cv550 DC010I-4N+ SP7 Pro + FR20A,,"189,802",14140003+3440501+3440597+3440001+3440002*2+540000001,调节阀,"備註 (Notes):, Also availabe with carbon stell and stainless steel body, Note:, 1) Maximum differential pressures for Class IV shut off, 2) List Price and Stock only for PTFE seal (DN15-DN100), Graphite seal (DN150-DN200)",Y,,,,,,,调节阀/Hirer.md,Hirer,Hiter PN25/PN40 (Metal Seat) 價格與庫存表,1
Hiter 85 71 8 PN40 Cv550 PP005I-RN+ SP7 Pro + FR20A,,"211,679",14140004+3440501+3440597+3440001+3440002*2+540000001,调节阀,"備註 (Notes):, Also availabe with carbon stell and stainless steel body, Note:, 1) Maximum differential pressures for Class IV shut off, 2) List Price and Stock only for PTFE seal (DN15-DN100), Graphite seal (DN150-DN200)",Y,,,,,,,调节阀/Hirer.md,Hirer,Hiter PN25/PN40 (Metal Seat) 價格與庫存表,1
Hiter 85 51 8 PN25 Cv550 DC010I-4N+ SP7 Pro + FR20A,,"189,802",14140005+3440501+3440597+3440001+3440002*2+540000001,调节阀,"備註 (Notes):, Also availabe with carbon stell and stainless steel body, Note:, 1) Maximum differential pressures for Class IV shut off, 2) List Price and Stock only for PTFE seal (DN15-DN100), Graphite seal (DN150-DN200)",Y,,,,,,,调节阀/Hirer.md,Hirer,Hiter PN25/PN40 (Metal Seat) 價格與庫存表,1
KE71 Kvs 4.0 BSP,"1/2""","3,086",3740052,调节阀,,N,,,,,,,调节阀/KE71_KE73_PN16.md,KE71_KE73_PN16,KE71 and KE73 PN16,1
KE71 Kvs 6.3 BSP,"3/4""","3,173",3741052,调节阀,,N,,,,,,,调节阀/KE71_KE73_PN16.md,KE71_KE73_PN16,KE71 and KE73 PN16,1
KE71 Kvs 10 BSP,"1""","4,033",3742052,调节阀,,N,,,,,,,调节阀/KE71_KE73_PN16.md,KE71_KE73_PN16,KE71 and KE73 PN16,1
KE71 Kvs 16 BSP,"1 1/4""","4,258",3743052,调节阀,,N,,,,,,,调节阀/KE71_KE73_PN16.md,KE71_KE73_PN16,KE71 and KE73 PN16,1
KE71 Kvs 25 BSP,"1 1/2""","4,553",3744052,调节阀,,N,,,,,,,调节阀/KE71_KE73_PN16.md,KE71_KE73_PN16,KE71 and KE73 PN16,1
KE71 Kvs 36 BSP,"2""","4,910",3745052,调节阀,,N,,,,,,,调节阀/KE71_KE73_PN16.md,KE71_KE73_PN16,KE71 and KE73 PN16,1
KE73 Kvs 4.0 PN16,DN15,"4,480",3740067,调节阀,,Y,,,,,,,调节阀/KE71_KE73_PN16.md,KE71_KE73_PN16,KE71 and KE73 PN16,1
KE73 Kvs 6.3 PN16,DN20,"4,777",3741067,调节阀,,Y,,,,,,,调节阀/KE71_KE73_PN16.md,KE71_KE73_PN16,KE71 and KE73 PN16,1
KE73 Kvs 10 PN16,DN25,"4,862",3742064,调节阀,,Y,,,,,,,调节阀/KE71_KE73_PN16.md,KE71_KE73_PN16,KE71 and KE73 PN16,1
KE73 Kvs 16 PN16,DN32,"5,848",3743064,调节阀,,Y,,,,,,,调节阀/KE71_KE73_PN16.md,KE71_KE73_PN16,KE71 and KE73 PN16,1
KE73 Kvs 25 PN16,DN40,"6,021",3744064,调节阀,,Y,,,,,,,调节阀/KE71_KE73_PN16.md,KE71_KE73_PN16,KE71 and KE73 PN16,1
KE73 Kvs 36 PN16,DN50,"6,624",3745064,调节阀,,Y,,,,,,,调节阀/KE71_KE73_PN16.md,KE71_KE73_PN16,KE71 and KE73 PN16,1
KE73 Kvs 63 PN16,DN65,"10,113",3746052,调节阀,,Y,,,,,,,调节阀/KE71_KE73_PN16.md,KE71_KE73_PN16,KE71 and KE73 PN16,1
KE73 Kvs 100 PN16,DN80,"12,174",3747065,调节阀,,Y,,,,,,,调节阀/KE71_KE73_PN16.md,KE71_KE73_PN16,KE71 and KE73 PN16,1
KE73 Kvs 160 PN16,DN100,"15,502",3748052,调节阀,,Y,,,,,,,调节阀/KE71_KE73_PN16.md,KE71_KE73_PN16,KE71 and KE73 PN16,1
KE73 PCSUSS.2 PN16 Kv4,DN15,"4,887",13800068,调节阀,,Y,,,,,,,调节阀/KE71_KE73_PN16.md,KE71_KE73_PN16,KE73 PN16 (PEEK軟閥座),2
KE73 PCSUSS.2 PN16 Kv6.3,DN20,"5,183",13800168,调节阀,,Y,,,,,,,调节阀/KE71_KE73_PN16.md,KE71_KE73_PN16,KE73 PN16 (PEEK軟閥座),2
KE73 PCSUSS.2 PN16 Kv10,DN25,"5,256",13800268,调节阀,,Y,,,,,,,调节阀/KE71_KE73_PN16.md,KE71_KE73_PN16,KE73 PN16 (PEEK軟閥座),2
KE73 PCSUSS.2 PN16 Kv16,DN32,"6,514",13800368,调节阀,,Y,,,,,,,调节阀/KE71_KE73_PN16.md,KE71_KE73_PN16,KE73 PN16 (PEEK軟閥座),2
KE73 PCSUSS.2 PN16 Kv25,DN40,"6,687",13800468,调节阀,,Y,,,,,,,调节阀/KE71_KE73_PN16.md,KE71_KE73_PN16,KE73 PN16 (PEEK軟閥座),2
KE73 PCSUSS.2 PN16 Kv36,DN50,"7,303",13800568,调节阀,,Y,,,,,,,调节阀/KE71_KE73_PN16.md,KE71_KE73_PN16,KE73 PN16 (PEEK軟閥座),2
KE73 PCSUSS.2 PN16 Kv63,DN65,"11,742",13800650,调节阀,,Y,,,,,,,调节阀/KE71_KE73_PN16.md,KE71_KE73_PN16,KE73 PN16 (PEEK軟閥座),2
KE73 PCSUSS.2 PN16 Kv100,DN80,"13,246",13800768,调节阀,,Y,,,,,,,调节阀/KE71_KE73_PN16.md,KE71_KE73_PN16,KE73 PN16 (PEEK軟閥座),2
KE73 PCSUSS.2 PN16 Kv160,DN100,"16,833",13800850,调节阀,,Y,,,,,,,调节阀/KE71_KE73_PN16.md,KE71_KE73_PN16,KE73 PN16 (PEEK軟閥座),2
KE73 PEEK PN25 + PN9126E +SP7 Pro+FR20A,DN15,"27,805",13800056+13579092+3440501+3440594+3 / 440001+3440002*2+540000001,调节阀,,N,,,,,29,,调节阀/KE73_PEEK气动PN25.md,KE73_PEEK气动PN25,KE73 PN25 (PEEK Seat) 數據表,1
KE73 PEEK PN25 + PN9126E +SP7 Pro+FR20A,DN20,"28,212",13800156+13579092+3440501+3440594+3 / 440001+3440002*2+540000001,调节阀,,N,,,,,22,,调节阀/KE73_PEEK气动PN25.md,KE73_PEEK气动PN25,KE73 PN25 (PEEK Seat) 數據表,1
KE73 PEEK PN25 + PN9123E + SP7 Pro+FR20A,DN20,"28,263",13800156+13579093+3440501+3440594+3 / 440001+3440002*2+540000001,调节阀,,N,,,,,61,,调节阀/KE73_PEEK气动PN25.md,KE73_PEEK气动PN25,KE73 PN25 (PEEK Seat) 數據表,1
KE73 PEEK PN25 + PN9123E +SP7 Pro+FR20A,DN25,"29,077",13800256+13579093+3440501+3440594+3 / 440001+3440002*2+540000001,调节阀,,N,,,,,39,,调节阀/KE73_PEEK气动PN25.md,KE73_PEEK气动PN25,KE73 PN25 (PEEK Seat) 數據表,1
KE73 PEEK PN25 + PN9123E +SP7 Pro+FR20A,DN32,"30,469",13800356+13579093+3440501+3440594+3 / 440001+3440002*2+540000001,调节阀,,N,,,,,30,,调节阀/KE73_PEEK气动PN25.md,KE73_PEEK气动PN25,KE73 PN25 (PEEK Seat) 數據表,1
KE73 PEEK PN25 + PN9226E + SP7 Pro+FR20A,DN40,"36,140",13800456+13579192+3440501+3440594+3 / 440001+3440002*2+540000001,调节阀,,N,,,,,23,,调节阀/KE73_PEEK气动PN25.md,KE73_PEEK气动PN25,KE73 PN25 (PEEK Seat) 數據表,1
KE73 PEEK PN25 + PN9226E +SP7 Pro+FR20A,DN50,"37,312",13800556+13579192+3440501+3440594+3 / 440001+3440002*2+540000001,调节阀,,N,,,,,16,,调节阀/KE73_PEEK气动PN25.md,KE73_PEEK气动PN25,KE73 PN25 (PEEK Seat) 數據表,1
KE73 PEEK PN25 + PN9233E +SP7 Pro+FR20A,DN65,"51,439",13800656+13441193+3440501+3440594+3 / 440001+3440002*2+540000001,调节阀,,N,,,,,20,,调节阀/KE73_PEEK气动PN25.md,KE73_PEEK气动PN25,KE73 PN25 (PEEK Seat) 數據表,1
KE73 PEEK PN25 + PN9337E +SP7 Pro+FR20A,DN80,"58,937",13800756+13579394+3440501+3440594+3 / 440001+3440002*2+540000001,调节阀,,N,,,,,34,,调节阀/KE73_PEEK气动PN25.md,KE73_PEEK气动PN25,KE73 PN25 (PEEK Seat) 數據表,1
KE73 PEEK PN25 + PN9337E +SP7 Pro+FR20A,DN100,"65,200",13800856+13579394+3440501+3440594+3 / 440001+3440002*2+540000001,调节阀,,N,,,,,21,,调节阀/KE73_PEEK气动PN25.md,KE73_PEEK气动PN25,KE73 PN25 (PEEK Seat) 數據表,1
KE73 PEEK PN16 + PN9126E + SP7 Pro+FR20A,DN15,"26,721",13800068+13579092+3440501+3440594+3440001+3440002*2+540000001,调节阀,,Y,,,,,,,调节阀/KE73_PN16_PEEK_气动.md,KE73_PN16_PEEK_气动,KE73 PN16(PEEK Seat) 價格與庫存表,1
KE73 PEEK PN16 + PN9126E + SP7 Pro+FR20A,DN20,"27,017",13800168+13579092+3440501+3440594+3440001+3440002*2+540000001,调节阀,,Y,,,,,,,调节阀/KE73_PN16_PEEK_气动.md,KE73_PN16_PEEK_气动,KE73 PN16(PEEK Seat) 價格與庫存表,1
KE73 PEEK PN16 + PN9126E + SP7 Pro+FR20A,DN25,"27,090",13800268+13579092+3440501+3440594+3440001+3440002*2+540000001,调节阀,,Y,,,,,,,调节阀/KE73_PN16_PEEK_气动.md,KE73_PN16_PEEK_气动,KE73 PN16(PEEK Seat) 價格與庫存表,1
KE73 PEEK PN16 + PN9123E + SP7 Pro+FR20A,DN25,"27,141",13800268+13579093+3440501+3440594+3440001+3440002*2+540000001,调节阀,,Y,,,,,,,调节阀/KE73_PN16_PEEK_气动.md,KE73_PN16_PEEK_气动,KE73 PN16(PEEK Seat) 價格與庫存表,1
KE73 PEEK PN16 + PN9123E + SP7 Pro+FR20A,DN32,"28,399",13800368+13579093+3440501+3440594+3440001+3440002*2+540000001,调节阀,,Y,,,,,,,调节阀/KE73_PN16_PEEK_气动.md,KE73_PN16_PEEK_气动,KE73 PN16(PEEK Seat) 價格與庫存表,1
KE73 PEEK PN16 + PN9123E + SP7 Pro+FR20A,DN40,"28,572",13800468+13579093+3440501+3440594+3440001+3440002*2+540000001,调节阀,,Y,,,,,,,调节阀/KE73_PN16_PEEK_气动.md,KE73_PN16_PEEK_气动,KE73 PN16(PEEK Seat) 價格與庫存表,1
KE73 PEEK PN16 + PN9226E + SP7 Pro+FR20A,DN50,"34,352",13800568+13579192+3440501+3440594+3440001+3440002*2+540000001,调节阀,,Y,,,,,,,调节阀/KE73_PN16_PEEK_气动.md,KE73_PN16_PEEK_气动,KE73 PN16(PEEK Seat) 價格與庫存表,1
KE73 PEEK PN16 + PN9233E + SP7 Pro+FR20A,DN65,"40,072",13800650+13441193+3440501+3440594+3440001+3440002*2+540000001,调节阀,,Y,,,,,,,调节阀/KE73_PN16_PEEK_气动.md,KE73_PN16_PEEK_气动,KE73 PN16(PEEK Seat) 價格與庫存表,1
KE73 PEEK PN16 + PN9233E + SP7 Pro+FR20A,DN80,"41,576",13800768+13441193+3440501+3440594+3440001+3440002*2+540000001,调节阀,,Y,,,,,,,调节阀/KE73_PN16_PEEK_气动.md,KE73_PN16_PEEK_气动,KE73 PN16(PEEK Seat) 價格與庫存表,1
KE73 PEEK PN16 + PN9233E + SP7 Pro+FR20A,DN100,"45,163",13800850+13441193+3440501+3440594+3440001+3440002*2+540000001,调节阀,,Y,,,,,,,调节阀/KE73_PN16_PEEK_气动.md,KE73_PN16_PEEK_气动,KE73 PN16(PEEK Seat) 價格與庫存表,1
KE73 PEEK PN16 + PN9337E + SP7 Pro+FR20A,DN100,"50,614",13800850+13579394+3440501+3440594+3440001+3440002*2+540000001,调节阀,,Y,,,,,,,调节阀/KE73_PN16_PEEK_气动.md,KE73_PN16_PEEK_气动,KE73 PN16(PEEK Seat) 價格與庫存表,1
KE73 Kvs 4.0 PN25,DN15,"5,564",3740056,调节阀,,Y,,,,,,,调节阀/KE73_PN25_KE43_PN40.md,KE73_PN25_KE43_PN40,KE73 (PN25),1
KE73 Kvs 6.3 PN25,DN20,"5,971",3741056,调节阀,,Y,,,,,,,调节阀/KE73_PN25_KE43_PN40.md,KE73_PN25_KE43_PN40,KE73 (PN25),1
KE73 Kvs 10 PN25,DN25,"6,809",3742056,调节阀,,Y,,,,,,,调节阀/KE73_PN25_KE43_PN40.md,KE73_PN25_KE43_PN40,KE73 (PN25),1
KE73 Kvs 16 PN25,DN32,"7,908",3743056,调节阀,,N,,,,,,,调节阀/KE73_PN25_KE43_PN40.md,KE73_PN25_KE43_PN40,KE73 (PN25),1
KE73 Kvs 25 PN25,DN40,"8,413",3744056,调节阀,,Y,,,,,,,调节阀/KE73_PN25_KE43_PN40.md,KE73_PN25_KE43_PN40,KE73 (PN25),1
KE73 Kvs 36 PN25,DN50,"9,584",3745056,调节阀,,Y,,,,,,,调节阀/KE73_PN25_KE43_PN40.md,KE73_PN25_KE43_PN40,KE73 (PN25),1
KE73 Kvs 63 PN25,DN65,"22,023",3746056,调节阀,,Y,,,,,,,调节阀/KE73_PN25_KE43_PN40.md,KE73_PN25_KE43_PN40,KE73 (PN25),1
KE73 Kvs 100 PN25,DN80,"24,082",3747056,调节阀,,Y,,,,,,,调节阀/KE73_PN25_KE43_PN40.md,KE73_PN25_KE43_PN40,KE73 (PN25),1
KE73 Kvs 160 PN25,DN100,"30,348",3748056,调节阀,,Y,,,,,,,调节阀/KE73_PN25_KE43_PN40.md,KE73_PN25_KE43_PN40,KE73 (PN25),1
KE73 PTSBSS.2 Kv245 PN25,DN125,"60,403",3780754,调节阀,,Y,,,,,,,调节阀/KE73_PN25_KE43_PN40.md,KE73_PN25_KE43_PN40,KE73 (PN25),1
KE43 Kvs 4.0 PN40,DN15,"7,192",13740156,调节阀,,N,,,,,,,调节阀/KE73_PN25_KE43_PN40.md,KE73_PN25_KE43_PN40,KE43 (PN40),2
KE43 Kvs 6.3 PN40,DN20,"7,758",13741156,调节阀,,N,,,,,,,调节阀/KE73_PN25_KE43_PN40.md,KE73_PN25_KE43_PN40,KE43 (PN40),2
KE43 Kvs 10 PN40,DN25,"8,623",13742156,调节阀,,N,,,,,,,调节阀/KE73_PN25_KE43_PN40.md,KE73_PN25_KE43_PN40,KE43 (PN40),2
KE43 Kvs 16 PN40,DN32,"10,226",13743156,调节阀,,N,,,,,,,调节阀/KE73_PN25_KE43_PN40.md,KE73_PN25_KE43_PN40,KE43 (PN40),2
KE43 Kvs 25 PN40,DN40,"11,150",13744156,调节阀,,N,,,,,,,调节阀/KE73_PN25_KE43_PN40.md,KE73_PN25_KE43_PN40,KE43 (PN40),2
KE43 Kvs 36 PN40,DN50,"12,125",13745156,调节阀,,N,,,,,,,调节阀/KE73_PN25_KE43_PN40.md,KE73_PN25_KE43_PN40,KE43 (PN40),2
KE43 Kvs 63 PN40,DN65,"24,133",13746156,调节阀,,N,,,,,,,调节阀/KE73_PN25_KE43_PN40.md,KE73_PN25_KE43_PN40,KE43 (PN40),2
KE43 Kvs 100 PN40,DN80,"28,731",13747156,调节阀,,N,,,,,,,调节阀/KE73_PN25_KE43_PN40.md,KE73_PN25_KE43_PN40,KE43 (PN40),2
KE43 Kvs 160 PN40,DN100,"36,967",13748156,调节阀,,N,,,,,,,调节阀/KE73_PN25_KE43_PN40.md,KE73_PN25_KE43_PN40,KE43 (PN40),2
KE43 PTSBSS.2 Kv245 PN40,DN125,"91,367",3780759,调节阀,,N,,,,,,,调节阀/KE73_PN25_KE43_PN40.md,KE73_PN25_KE43_PN40,KE43 (PN40),2
PN9120R,,"6,427",13579094,调节阀,,Y,,,,,,,调节阀/PN9000 系列執行器.md,PN9000 系列執行器,1. PN9000 系列執行器表格 (黃色區域),1
PN9123E,,"6,503",13579093,调节阀,,Y,,,,,,,调节阀/PN9000 系列執行器.md,PN9000 系列執行器,1. PN9000 系列執行器表格 (黃色區域),1
PN9126E,,"6,452",13579092,调节阀,,Y,,,,,,,调节阀/PN9000 系列執行器.md,PN9000 系列執行器,1. PN9000 系列執行器表格 (黃色區域),1
PN9223E,,"12,099",13579193,调节阀,,Y,,,,,,,调节阀/PN9000 系列執行器.md,PN9000 系列執行器,1. PN9000 系列執行器表格 (黃色區域),1
PN9226E,,"11,667",13579192,调节阀,,Y,,,,,,,调节阀/PN9000 系列執行器.md,PN9000 系列執行器,1. PN9000 系列執行器表格 (黃色區域),1
PN9233E,,"12,948",13441193,调节阀,,Y,,,,,,,调节阀/PN9000 系列執行器.md,PN9000 系列執行器,1. PN9000 系列執行器表格 (黃色區域),1
PN9236E,,"12,480",13441192,调节阀,,Y,,,,,,,调节阀/PN9000 系列執行器.md,PN9000 系列執行器,1. PN9000 系列執行器表格 (黃色區域),1
PN9336E,,"17,376",13579393,调节阀,,Y,,,,,,,调节阀/PN9000 系列執行器.md,PN9000 系列執行器,1. PN9000 系列執行器表格 (黃色區域),1
PN9337E,,"18,399",13579394,调节阀,,Y,,,,,,,调节阀/PN9000 系列執行器.md,PN9000 系列執行器,1. PN9000 系列執行器表格 (黃色區域),1
SP7+ Installation Kit + FR20A,DN15-DN100,"11,316",3440500+3440594+540000001,调节阀,,Y,,,,,,,调节阀/SP7定位器.md,SP7定位器,SP7 智能電氣閥門定位器 (SP7 Smart Electropneumatic positioner),1
SP7 Pro + Installation Kit + Pressure Gauge + FR20A,DN15-DN100,"15,382",3440501+3440594+3440001+3440002*2+540000001,调节阀,,Y,,,,,,,调节阀/SP7定位器.md,SP7定位器,SP7 智能電氣閥門定位器 (SP7 Smart Electropneumatic positioner),1
SP7 ExibIIC T4/T6 + Installation Kit + FR20A,DN15-DN100,"19,096",3440529+3440594+540000001,调节阀,,Y,,,,,,,调节阀/SP7定位器.md,SP7定位器,SP7 智能電氣閥門定位器 (SP7 Smart Electropneumatic positioner),1
SP7 ExdIIC T4/T6 + Installation Kit + FR20A,DN15-DN100,"20,590",3440549+3440594+540000001,调节阀,,Y,,,,,,,调节阀/SP7定位器.md,SP7定位器,SP7 智能電氣閥門定位器 (SP7 Smart Electropneumatic positioner),1
SP7 Pro Exib IICT4/T6 + Installation Kit + PressureGauge + FR20A,DN15-DN100,"22,385",3440722+3440001+3440002*2+3440594+540000001,调节阀,,Y,,,,,,,调节阀/SP7定位器.md,SP7定位器,SP7 智能電氣閥門定位器 (SP7 Smart Electropneumatic positioner),1
SP7 Pro Exd IICT4/T6 HART + Installation Kit + PressureGauge + FR20A,DN15-DN100,"23,694",3440582+3440001+3440002*2+3440594+540000001,调节阀,,Y,,,,,,,调节阀/SP7定位器.md,SP7定位器,SP7 智能電氣閥門定位器 (SP7 Smart Electropneumatic positioner),1
Diaphragm kit for PN9100 series actuators,,620,3579182,调节阀,,,,,,,,"4, 9",调节阀/执行器备件.md,执行器备件,備件清單 (Spare Part),1
Diaphragm kit for PN9200 series actuators,,967,3579282,调节阀,,,,,,,,"4, 9",调节阀/执行器备件.md,执行器备件,備件清單 (Spare Part),1
Diaphragm kit for PN9300 series actuators,,"1,533",3579382,调节阀,,,,,,,,"4, 9",调节阀/执行器备件.md,执行器备件,備件清單 (Spare Part),1
"Stem Seal Kit for PN9100, PN9200 & PN9300 Actuator",,336,3579180,调节阀,,,,,,,,"17, 18, 30",调节阀/执行器备件.md,执行器备件,備件清單 (Spare Part),1
Spring Kit for PN9120 Actuators (0.2-1.0 bar),,559,3579184,调节阀,,,,,,,,5,调节阀/执行器备件.md,执行器备件,備件清單 (Spare Part),1
Spring Kit for PN9123 Actuators (2.0 to 4.0 bar),,632,3579186,调节阀,,,,,,,,5,调节阀/执行器备件.md,执行器备件,備件清單 (Spare Part),1
Spring Kit for PN9126 Actuators (1.0 to 2.0 bar),,473,3579185,调节阀,,,,,,,,5,调节阀/执行器备件.md,执行器备件,備件清單 (Spare Part),1
Spring Kit for PN9220 Actuators (0.2 to 1.0 bar),,"1,421",3579284,调节阀,,,,,,,,5,调节阀/执行器备件.md,执行器备件,備件清單 (Spare Part),1
Spring Kit for PN9223 Actuators (2.0 to 4.0 bar),,"2,815",3579286,调节阀,,,,,,,,5,调节阀/执行器备件.md,执行器备件,備件清單 (Spare Part),1
Spring Kit for PN9226 Actuators (1.0 to 2.0 bar),,"2,716",3579285,调节阀,,,,,,,,5,调节阀/执行器备件.md,执行器备件,備件清單 (Spare Part),1
Spring Kit for PN9320 Actuators (0.2 to 1.0 bar),,"4,534",3579384,调节阀,,,,,,,,5,调节阀/执行器备件.md,执行器备件,備件清單 (Spare Part),1
Spring Kit for PN9330 Actuators (0.4-1.2 bar),,"5,755",3579385,调节阀,,,,,,,,5,调节阀/执行器备件.md,执行器备件,備件清單 (Spare Part),1
Spring Kit for PN9336 Actuators (1.0-2.0 bar),,"3,987",3579386,调节阀,,,,,,,,5,调节阀/执行器备件.md,执行器备件,備件清單 (Spare Part),1
Spring Kit for PN9337 Actuators (2.5-3.5 bar),,"10,435",3579387,调节阀,,,,,,,,5,调节阀/执行器备件.md,执行器备件,備件清單 (Spare Part),1
"Spare Linkage kit for PN9100, PN9200 and PN9320 Actuator",,768,3579188,调节阀,,,,,,,,"10,13,14,26,27",调节阀/执行器备件.md,执行器备件,備件清單 (Spare Part),1
"Spare Linkage Kit for PN9330, PN9336 and PN9337 Actuators",,917,3579388,调节阀,,,,,,,,"10,13,14,26,27",调节阀/执行器备件.md,执行器备件,備件清單 (Spare Part),1
"Travel Indicator Kit for PN9100, PN9200 & PN9320 Actuators",,238,3579183,调节阀,,,,,,,,"15, 19, 20",调节阀/执行器备件.md,执行器备件,備件清單 (Spare Part),1
"Travel Indicator Kit for PN9330, PN9336 & PN9337 Actuators",,238,3579383,调节阀,,,,,,,,"15, 19, 20",调节阀/执行器备件.md,执行器备件,備件清單 (Spare Part),1
KE71 BSP + PN9126E + SP7 Pro + FR20A,"1/2""","24,920",3740052+13579092+3440501+3440594+3440001+3440002*2+540000001,调节阀,,Y,,,,,,,调节阀/气动PN16.md,气动PN16,气动PN16,1
KE73 PN16 + PN9126E + SP7 Pro + FR20A,DN15,"26,314",3740067+13579092+3440501+3440594+3440001+3440002*2+540000001,调节阀,,Y,,,,,,,调节阀/气动PN16.md,气动PN16,气动PN16,1
KE73 PN16 + PN9126E + SP7 Pro + FR20A,DN20,"26,611",3741067+13579092+3440501+3440594+3440001+3440002*2+540000001,调节阀,,Y,,,,,,,调节阀/气动PN16.md,气动PN16,气动PN16,1
KE73 PN16 + PN9126E + SP7 Pro + FR20A,DN25,"26,696",3742064+13579092+3440501+3440594+3440001+3440002*2+540000001,调节阀,,Y,,,,,,,调节阀/气动PN16.md,气动PN16,气动PN16,1
KE73 PN16 + PN9123E + SP7 Pro + FR20A,DN25,"26,747",3742064+13579093+3440501+3440594+3440001+3440002*2+540000001,调节阀,,Y,,,,,,,调节阀/气动PN16.md,气动PN16,气动PN16,1
KE73 PN16 + PN9123E + SP7 Pro + FR20A,DN32,"27,733",3743064+13579093+3440501+3440594+3440001+3440002*2+540000001,调节阀,,Y,,,,,,,调节阀/气动PN16.md,气动PN16,气动PN16,1
KE73 PN16 + PN9123E + SP7 Pro + FR20A,DN40,"27,906",3744064+13579093+3440501+3440594+3440001+3440002*2+540000001,调节阀,,Y,,,,,,,调节阀/气动PN16.md,气动PN16,气动PN16,1
KE73 PN16 + PN9226E + SP7 Pro + FR20A,DN50,"33,673",3745064+13579192+3440501+3440594+3440001+3440002*2+540000001,调节阀,,Y,,,,,,,调节阀/气动PN16.md,气动PN16,气动PN16,1
KE73 PN16 + PN9233E + SP7 Pro + FR20A,DN65,"38,443",3746052+13441193+3440501+3440594+3440001+3440002*2+540000001,调节阀,,Y,,,,,,,调节阀/气动PN16.md,气动PN16,气动PN16,1
KE73 PN16 + PN9233E + SP7 Pro + FR20A,DN80,"40,504",3747065+13441193+3440501+3440594+3440001+3440002*2+540000001,调节阀,,Y,,,,,,,调节阀/气动PN16.md,气动PN16,气动PN16,1
KE73 PN16 + PN9233E + SP7 Pro + FR20A,DN100,"43,832",3748052+13441193+3440501+3440594+3440001+3440002*2+540000001,调节阀,,Y,,,,,,,调节阀/气动PN16.md,气动PN16,气动PN16,1
KE73 PN16 + PN9337E + SP7 Pro + FR20A,DN100,"49,283",3748052+13579394+3440501+3440594+3440001+3440002*2+540000001,调节阀,,Y,,,,,,,调节阀/气动PN16.md,气动PN16,气动PN16,1
KE73 PN25 + PN9126E + SP7 Pro + FR20A,DN15,"27,398",3740056+13579092+3440501+3440594+3440001+3440002*2+540000001,调节阀,,Y,,,,,,,调节阀/气动PN25.md,气动PN25,气动PN25,1
KE73 PN25 + PN9126E + SP7 Pro + FR20A,DN20,"27,805",3741056+13579092+3440501+3440594+3440001+3440002*2+540000001,调节阀,,Y,,,,,,,调节阀/气动PN25.md,气动PN25,气动PN25,1
KE73 PN25 + PN9123E + SP7 Pro + FR20A,DN20,"27,856",3741056+13579093+3440501+3440594+3440001+3440002*2+540000001,调节阀,,Y,,,,,,,调节阀/气动PN25.md,气动PN25,气动PN25,1
KE73 PN25 + PN9123E + SP7 Pro + FR20A,DN25,"28,694",3742056+13579093+3440501+3440594+3440001+3440002*2+540000001,调节阀,,Y,,,,,,,调节阀/气动PN25.md,气动PN25,气动PN25,1
KE73 PN25 + PN9123E + SP7 Pro + FR20A,DN32,"29,793",3743056+13579093+3440501+3440594+3440001+3440002*2+540000001,调节阀,,Y,,,,,,,调节阀/气动PN25.md,气动PN25,气动PN25,1
KE73 PN25 + PN9226E + SP7 Pro + FR20A,DN40,"35,462",3744056+13579192+3440501+3440594+3440001+3440002*2+540000001,调节阀,,Y,,,,,,,调节阀/气动PN25.md,气动PN25,气动PN25,1
KE73 PN25 + PN9226E + SP7 Pro + FR20A,DN50,"36,633",3745056+13579192+3440501+3440594+3440001+3440002*2+540000001,调节阀,,Y,,,,,,,调节阀/气动PN25.md,气动PN25,气动PN25,1
KE73 PN25 + PN9233E + SP7 Pro + FR20A,DN65,"50,353",3746056+13441193+3440501+3440594+3440001+3440002*2+540000001,调节阀,,Y,,,,,,,调节阀/气动PN25.md,气动PN25,气动PN25,1
KE73 PN25 + PN9337E + SP7 Pro + FR20A,DN80,"57,863",3747056+13579394+3440501+3440594+3440001+3440002*2+540000001,调节阀,,Y,,,,,,,调节阀/气动PN25.md,气动PN25,气动PN25,1
KE73 PN25 PTSBSS.2 + TN2277SE + SP7 Pro + FR20A,DN125,"134,086",3780754+3270050+3440501+3440594+3440001+3440002*2+540000001,调节阀,,Y,,,,,,,调节阀/气动PN25.md,气动PN25,气动PN25,1
Fig12 BSP 100M,"1""",430,1636845,过滤器,,Y,,,,,,,过滤器/2024-03-29 094852.md,2024-03-29 094852,Product Data (Screwed Strainers),1
Fig12 BSP,"1 1/4""",578,1630348,过滤器,,Y,,,,,,,过滤器/2024-03-29 094852.md,2024-03-29 094852,Product Data (Screwed Strainers),1
Fig12 BSP 100M,"1 1/4""",627,1636945,过滤器,,Y,,,,,,,过滤器/2024-03-29 094852.md,2024-03-29 094852,Product Data (Screwed Strainers),1
Fig12 BSP,"1 1/2""",651,1630448,过滤器,,Y,,,,,,,过滤器/2024-03-29 094852.md,2024-03-29 094852,Product Data (Screwed Strainers),1
Fig12 BSP 100M,"1 1/2""",712,1637045,过滤器,,Y,,,,,,,过滤器/2024-03-29 094852.md,2024-03-29 094852,Product Data (Screwed Strainers),1
Fig12 BSP,"2""",748,1630548,过滤器,,Y,,,,,,,过滤器/2024-03-29 094852.md,2024-03-29 094852,Product Data (Screwed Strainers),1
Fig12 BSP 100M,"2""",823,1637145,过滤器,,N,,,,,,,过滤器/2024-03-29 094852.md,2024-03-29 094852,Product Data (Screwed Strainers),1
Screen set 1/32 Perf (0.8mm) SS for FIG12/13/14/33/33.1/34/37,DN15,152,1630081,过滤器,,,,,,,,,过滤器/2024-03-29 094852.md,2024-03-29 094852,Spare Parts,2
Screen set 1/32 Perf (0.8mm) SS for FIG12/13/14/33/33.1/34/37,DN20,174,1630181,过滤器,,,,,,,,,过滤器/2024-03-29 094852.md,2024-03-29 094852,Spare Parts,2
Screen set 1/32 Perf (0.8mm) SS for FIG12/13/14/33/33.1/34/37,DN25,187,1630281,过滤器,,,,,,,,,过滤器/2024-03-29 094852.md,2024-03-29 094852,Spare Parts,2
Screen set 1/32 Perf (0.8mm) SS for FIG12/13/14/33/33.1/34/37,DN32,248,1630381,过滤器,,,,,,,,,过滤器/2024-03-29 094852.md,2024-03-29 094852,Spare Parts,2
Screen set 1/32 Perf (0.8mm) SS for FIG12/13/14/33/33.1/34/37,DN40,285,1630481,过滤器,,,,,,,,,过滤器/2024-03-29 094852.md,2024-03-29 094852,Spare Parts,2
Screen set 1/32 Perf (0.8mm) SS for FIG12/13/14/33/33.1/34/37,DN50,370,1630581,过滤器,,,,,,,,,过滤器/2024-03-29 094852.md,2024-03-29 094852,Spare Parts,2
Screen set 100 mesh SS for FIG12/13/14/33/33.1/34/37,DN15,138,1630082,过滤器,,,,,,,,,过滤器/2024-03-29 094852.md,2024-03-29 094852,Spare Parts,2
Screen set 100 mesh SS for FIG12/13/14/33/33.1/34/37,DN20,174,1630182,过滤器,,,,,,,,,过滤器/2024-03-29 094852.md,2024-03-29 094852,Spare Parts,2
Screen set 100 mesh SS for FIG12/13/14/33/33.1/34/37,DN25,321,1630282,过滤器,,,,,,,,,过滤器/2024-03-29 094852.md,2024-03-29 094852,Spare Parts,2
Screen set 100 mesh SS for FIG12/13/14/33/33.1/34/37,DN32,603,1630382,过滤器,,,,,,,,,过滤器/2024-03-29 094852.md,2024-03-29 094852,Spare Parts,2
Screen set 100 mesh SS for FIG12/13/14/33/33.1/34/37,DN40,614,1630482,过滤器,,,,,,,,,过滤器/2024-03-29 094852.md,2024-03-29 094852,Spare Parts,2
Screen set 100 mesh SS for FIG12/13/14/33/33.1/34/37,DN50,662,1630582,过滤器,,,,,,,,,过滤器/2024-03-29 094852.md,2024-03-29 094852,Spare Parts,2
Cap gasket set (Pkt of 3) for FIG12/13/14/16/33/33.1/34/37,DN15,187,0957210,过滤器,,,,,,,,,过滤器/2024-03-29 094852.md,2024-03-29 094852,Spare Parts,2
Cap gasket set (Pkt of 3) for FIG12/13/14/16/33/33.1/34/37,DN20,211,0957211,过滤器,,,,,,,,,过滤器/2024-03-29 094852.md,2024-03-29 094852,Spare Parts,2
Cap gasket set (Pkt of 3) for FIG12/13/14/16/33/33.1/34/37,DN25,223,0957212,过滤器,,,,,,,,,过滤器/2024-03-29 094852.md,2024-03-29 094852,Spare Parts,2
Cap gasket set (Pkt of 3) for FIG12/13/14/16/33/33.1/37,DN32,223,0957235,过滤器,,,,,,,,,过滤器/2024-03-29 094852.md,2024-03-29 094852,Spare Parts,2
Cap gasket set (Pkt of 3) for FIG12/13/14/16/33/33.1/37,DN40,235,0957236,过滤器,,,,,,,,,过滤器/2024-03-29 094852.md,2024-03-29 094852,Spare Parts,2
Cap gasket set (Pkt of 3) for FIG12/13/14/16/33/33.1/37,DN50,248,0957237,过滤器,,,,,,,,,过滤器/2024-03-29 094852.md,2024-03-29 094852,Spare Parts,2
Screen set 1/32 Perf (0.8mm) SS for FIG33/33.1/34/37,DN65,784,1657581,过滤器,,,,,,,,,过滤器/2024-03-29 095037.md,2024-03-29 095037,Spare Parts Price List,1
Screen set 1/32 Perf (0.8mm) SS for FIG33/33.1/34/37,DN80,823,1659081,过滤器,,,,,,,,,过滤器/2024-03-29 095037.md,2024-03-29 095037,Spare Parts Price List,1
Screen set 1/16 Perf (1.6mm) SS for FIG33/33.1/34/37,DN100,1066,1660581,过滤器,,,,,,,,,过滤器/2024-03-29 095037.md,2024-03-29 095037,Spare Parts Price List,1
Screen set 1/16 Perf (1.6mm) SS for FIG33/33.1/34/37,DN125,1348,1662081,过滤器,,,,,,,,,过滤器/2024-03-29 095037.md,2024-03-29 095037,Spare Parts Price List,1
Screen set 1/16 Perf (1.6mm) SS for FIG33/33.1/34/37,DN150,1433,1663581,过滤器,,,,,,,,,过滤器/2024-03-29 095037.md,2024-03-29 095037,Spare Parts Price List,1
Screen set 1/16 Perf (1.6mm) SS for FIG33/33.1/34/37,DN200,1823,1665081,过滤器,,,,,,,,,过滤器/2024-03-29 095037.md,2024-03-29 095037,Spare Parts Price List,1
Screen set 100 mesh SS for FIG33/33.1/34/37,DN65,736,1657582,过滤器,,,,,,,,,过滤器/2024-03-29 095037.md,2024-03-29 095037,Spare Parts Price List,1
Screen set 100 mesh SS for FIG33/33.1/34/37,DN80,784,1659082,过滤器,,,,,,,,,过滤器/2024-03-29 095037.md,2024-03-29 095037,Spare Parts Price List,1
Screen set 100 mesh SS for FIG33/33.1/34/37,DN100,1203,1660582,过滤器,,,,,,,,,过滤器/2024-03-29 095037.md,2024-03-29 095037,Spare Parts Price List,1
Screen set 100 mesh SS for FIG33/33.1/34/37,DN125,1652,1662082,过滤器,,,,,,,,,过滤器/2024-03-29 095037.md,2024-03-29 095037,Spare Parts Price List,1
Screen set 100 mesh SS for FIG33/33.1/34/37,DN150,2128,1663582,过滤器,,,,,,,,,过滤器/2024-03-29 095037.md,2024-03-29 095037,Spare Parts Price List,1
Screen set 100 mesh SS for FIG33/33.1/34/37,DN200,2592,1665082,过滤器,,,,,,,,,过滤器/2024-03-29 095037.md,2024-03-29 095037,Spare Parts Price List,1
Cap gasket set (Pkt of 3) for FIG33/33.1/34/37,DN65,309,0957216,过滤器,,,,,,,,,过滤器/2024-03-29 095037.md,2024-03-29 095037,Spare Parts Price List,1
Cap gasket set (Pkt of 3) for FIG33/33.1/34/37,DN80,405,0957217,过滤器,,,,,,,,,过滤器/2024-03-29 095037.md,2024-03-29 095037,Spare Parts Price List,1
Cap gasket set (Pkt of 3) for FIG33/33.1/34/37,DN100,432,0957218,过滤器,,,,,,,,,过滤器/2024-03-29 095037.md,2024-03-29 095037,Spare Parts Price List,1
Cap gasket set (Pkt of 3) for FIG33/33.1/34/37,DN125,627,0957219,过滤器,,,,,,,,,过滤器/2024-03-29 095037.md,2024-03-29 095037,Spare Parts Price List,1
Cap gasket set (Pkt of 3) for FIG33/33.1/34/37,DN150,651,0957220,过滤器,,,,,,,,,过滤器/2024-03-29 095037.md,2024-03-29 095037,Spare Parts Price List,1
Cap gasket set (Pkt of 3) for FIG33/33.1/34/37,DN200,,0957221,过滤器,,,,,,,,,过滤器/2024-03-29 095037.md,2024-03-29 095037,Spare Parts Price List,1
Fig12 BSP,"1/2""",268,1630048,过滤器,,Y,,,,,,,过滤器/FIG12.md,FIG12,Fig12 - screwed BSP Price List,1
Fig12 BSP 100M,"1/2""",285,1636645,过滤器,,Y,,,,,,,过滤器/FIG12.md,FIG12,Fig12 - screwed BSP Price List,1
Fig12 BSP,"3/4""",305,1630148,过滤器,,Y,,,,,,,过滤器/FIG12.md,FIG12,Fig12 - screwed BSP Price List,1
Fig12 BSP 100M,"3/4""",309,1636745,过滤器,,Y,,,,,,,过滤器/FIG12.md,FIG12,Fig12 - screwed BSP Price List,1
Fig12 BSP,"1""",427,1630248,过滤器,,Y,,,,,,,过滤器/FIG12.md,FIG12,Fig12 - screwed BSP Price List,1
Fig12 BSP 100M,"1""",430,1636845,过滤器,,Y,,,,,,,过滤器/FIG12.md,FIG12,Fig12 - screwed BSP Price List,1
Fig12 BSP,"1 1/4""",578,1630348,过滤器,,Y,,,,,,,过滤器/FIG12.md,FIG12,Fig12 - screwed BSP Price List,1
Fig12 BSP 100M,"1 1/4""",627,1636945,过滤器,,Y,,,,,,,过滤器/FIG12.md,FIG12,Fig12 - screwed BSP Price List,1
Fig12 BSP,"1 1/2""",651,1630448,过滤器,,Y,,,,,,,过滤器/FIG12.md,FIG12,Fig12 - screwed BSP Price List,1
Fig12 BSP 100M,"1 1/2""",712,1637045,过滤器,,Y,,,,,,,过滤器/FIG12.md,FIG12,Fig12 - screwed BSP Price List,1
Fig12 BSP,"2""",748,1630548,过滤器,,Y,,,,,,,过滤器/FIG12.md,FIG12,Fig12 - screwed BSP Price List,1
Fig12 BSP 100M,"2""",,1637145,过滤器,,N,,,,,,,过滤器/FIG12.md,FIG12,Fig12 - screwed BSP Price List,1
FIG33.1 PN16 0.8mm,DN15,651,1666592,过滤器,,Y,,,,,,,过滤器/FIG33.md,FIG33,Fig33.1 - PN16 法兰产品价格表,1
FIG33.1 PN16 100MESH,DN15,651,1666593,过滤器,,Y,,,,,,,过滤器/FIG33.md,FIG33,Fig33.1 - PN16 法兰产品价格表,1
FIG33.1 PN16 0.8mm,DN20,823,1666692,过滤器,,Y,,,,,,,过滤器/FIG33.md,FIG33,Fig33.1 - PN16 法兰产品价格表,1
FIG33.1 PN16 100MESH,DN20,823,1666693,过滤器,,Y,,,,,,,过滤器/FIG33.md,FIG33,Fig33.1 - PN16 法兰产品价格表,1
FIG33.1 PN16 0.8mm,DN25,943,1666792,过滤器,,Y,,,,,,,过滤器/FIG33.md,FIG33,Fig33.1 - PN16 法兰产品价格表,1
FIG33.1 PN16 100MESH,DN25,943,1666793,过滤器,,Y,,,,,,,过滤器/FIG33.md,FIG33,Fig33.1 - PN16 法兰产品价格表,1
FIG33.1 PN16 0.8mm,DN32,1859,1666892,过滤器,,Y,,,,,,,过滤器/FIG33.md,FIG33,Fig33.1 - PN16 法兰产品价格表,1
FIG33.1 PN16 100MESH,DN32,1859,1666893,过滤器,,Y,,,,,,,过滤器/FIG33.md,FIG33,Fig33.1 - PN16 法兰产品价格表,1
FIG33.1 PN16 0.8mm,DN40,1944,1666992,过滤器,,Y,,,,,,,过滤器/FIG33.md,FIG33,Fig33.1 - PN16 法兰产品价格表,1
FIG33.1 PN16 100MESH,DN40,1944,1666993,过滤器,,Y,,,,,,,过滤器/FIG33.md,FIG33,Fig33.1 - PN16 法兰产品价格表,1
FIG33.1 PN16 0.8mm,DN50,2128,1667092,过滤器,,Y,,,,,,,过滤器/FIG33.md,FIG33,Fig33.1 - PN16 法兰产品价格表,1
FIG33.1 PN16 100MESH,DN50,2128,1667093,过滤器,,Y,,,,,,,过滤器/FIG33.md,FIG33,Fig33.1 - PN16 法兰产品价格表,1
FIG33.1 PN16 0.8mm,DN65,2628,1667192,过滤器,,Y,,,,,,,过滤器/FIG33.md,FIG33,Fig33.1 - PN16 法兰产品价格表,1
FIG33.1 PN16 100MESH,DN65,2628,1667193,过滤器,,Y,,,,,,,过滤器/FIG33.md,FIG33,Fig33.1 - PN16 法兰产品价格表,1
FIG33.1 PN16 0.8mm,DN80,3055,1667292,过滤器,,Y,,,,,,,过滤器/FIG33.md,FIG33,Fig33.1 - PN16 法兰产品价格表,1
FIG33.1 PN16 100MESH,DN80,3055,1667293,过滤器,,Y,,,,,,,过滤器/FIG33.md,FIG33,Fig33.1 - PN16 法兰产品价格表,1
FIG33.1 PN16 1.6mm,DN100,4142,1667392,过滤器,,Y,,,,,,,过滤器/FIG33.md,FIG33,Fig33.1 - PN16 法兰产品价格表,1
FIG33.1 PN16 100MESH,DN100,4142,1667393,过滤器,,Y,,,,,,,过滤器/FIG33.md,FIG33,Fig33.1 - PN16 法兰产品价格表,1
FIG33.1 PN16 1.6mm,DN125,9905,1667492,过滤器,,N,,,,,,,过滤器/FIG33.md,FIG33,Fig33.1 - PN16 法兰产品价格表,1
FIG33.1 PN16 100MESH,DN125,9905,1667493,过滤器,,Y,,,,,,,过滤器/FIG33.md,FIG33,Fig33.1 - PN16 法兰产品价格表,1
FIG33.1 PN16 1.6mm,DN150,13531,1667592,过滤器,,N,,,,,,,过滤器/FIG33.md,FIG33,Fig33.1 - PN16 法兰产品价格表,1
FIG33.1 PN16 100MESH,DN150,13531,1667593,过滤器,,Y,,,,,,,过滤器/FIG33.md,FIG33,Fig33.1 - PN16 法兰产品价格表,1
FIG33.1 PN16 1.6mm,DN200,18370,1667692,过滤器,,N,,,,,,,过滤器/FIG33.md,FIG33,Fig33.1 - PN16 法兰产品价格表,1
FIG33.1 PN16 100MESH,DN200,,1667693,过滤器,,Y,,,,,,,过滤器/FIG33.md,FIG33,Fig33.1 - PN16 法兰产品价格表,1
BCS1 Blowdown Set (排污成套裝置),,"21,608",403K0093,锅炉控制与系统,備註：可提供所有其他鍋爐控制與系統 (All other boiler control and system is available).,N,,,,,,,锅炉控制与系统/锅炉控制 喷射器 控制阀 排污阀.md,锅炉控制 喷射器 控制阀 排污阀,1. 鍋爐控制產品部分 (Part of Boiler control products),1
BCR3150 Blowdown Controller (排污控制器),,"13,897",00393415,锅炉控制与系统,備註：可提供所有其他鍋爐控制與系統 (All other boiler control and system is available).,Y,,,,,,,锅炉控制与系统/锅炉控制 喷射器 控制阀 排污阀.md,锅炉控制 喷射器 控制阀 排污阀,1. 鍋爐控制產品部分 (Part of Boiler control products),1
BCR3250+BHD50+Data Cable (排污控制器+數據線),,"36,846",00393373,锅炉控制与系统,備註：可提供所有其他鍋爐控制與系統 (All other boiler control and system is available).,Y,,,,,,,锅炉控制与系统/锅炉控制 喷射器 控制阀 排污阀.md,锅炉控制 喷射器 控制阀 排污阀,1. 鍋爐控制產品部分 (Part of Boiler control products),1
LRG16-9 BSP (液位探頭),"1/2""","13,941",13771839,锅炉控制与系统,備註：可提供所有其他鍋爐控制與系統 (All other boiler control and system is available).,Y,,,,,,,锅炉控制与系统/锅炉控制 喷射器 控制阀 排污阀.md,锅炉控制 喷射器 控制阀 排污阀,1. 鍋爐控制產品部分 (Part of Boiler control products),1
Connecting Cable for LRG16-9 (LRG16-9 連接電纜),,"2,304",1502562,锅炉控制与系统,備註：可提供所有其他鍋爐控制與系統 (All other boiler control and system is available).,Y,,,,,,,锅炉控制与系统/锅炉控制 喷射器 控制阀 排污阀.md,锅炉控制 喷射器 控制阀 排污阀,1. 鍋爐控制產品部分 (Part of Boiler control products),1
KBV21 PN40 (排污閥),DN40,"9,881",4059392,锅炉控制与系统,備註：可提供所有其他鍋爐控制與系統 (All other boiler control and system is available).,Y,,,,,,,锅炉控制与系统/锅炉控制 喷射器 控制阀 排污阀.md,锅炉控制 喷射器 控制阀 排污阀,1. 鍋爐控制產品部分 (Part of Boiler control products),1
KBV21 PN40 (排污閥),DN50,"10,866",4059492,锅炉控制与系统,備註：可提供所有其他鍋爐控制與系統 (All other boiler control and system is available).,Y,,,,,,,锅炉控制与系统/锅炉控制 喷射器 控制阀 排污阀.md,锅炉控制 喷射器 控制阀 排污阀,1. 鍋爐控制產品部分 (Part of Boiler control products),1
Standard Key for KBV21 (KBV21 標準鑰匙/手柄),,"1,263",4059095,锅炉控制与系统,備註：可提供所有其他鍋爐控制與系統 (All other boiler control and system is available).,Y,,,,,,,锅炉控制与系统/锅炉控制 喷射器 控制阀 排污阀.md,锅炉控制 喷射器 控制阀 排污阀,1. 鍋爐控制產品部分 (Part of Boiler control products),1
SCS20 system BSP (系統),,"17,435",4037192,锅炉控制与系统,備註：可提供所有其他鍋爐控制與系統 (All other boiler control and system is available).,Y,,,,,,,锅炉控制与系统/锅炉控制 喷射器 控制阀 排污阀.md,锅炉控制 喷射器 控制阀 排污阀,1. 鍋爐控制產品部分 (Part of Boiler control products),1
IN15 Injector BSP (噴射器),,"4,669",4014300,锅炉控制与系统,備註：可提供所有其他鍋爐控制與系統 (All other boiler control and system is available).,Y,,,,,,,锅炉控制与系统/锅炉控制 喷射器 控制阀 排污阀.md,锅炉控制 喷射器 控制阀 排污阀,1. 鍋爐控制產品部分 (Part of Boiler control products),1
IN25 Injector BSP (噴射器),,"7,423",4014096,锅炉控制与系统,備註：可提供所有其他鍋爐控制與系統 (All other boiler control and system is available).,Y,,,,,,,锅炉控制与系统/锅炉控制 喷射器 控制阀 排污阀.md,锅炉控制 喷射器 控制阀 排污阀,1. 鍋爐控制產品部分 (Part of Boiler control products),1
IN40 Injector BSP (噴射器),,"11,080",4014196,锅炉控制与系统,備註：可提供所有其他鍋爐控制與系統 (All other boiler control and system is available).,Y,,,,,,,锅炉控制与系统/锅炉控制 喷射器 控制阀 排污阀.md,锅炉控制 喷射器 控制阀 排污阀,1. 鍋爐控制產品部分 (Part of Boiler control products),1
LP11-4 Probe Body (探頭軀體),,"13,541",00440901,锅炉控制与系统,備註：可提供所有其他鍋爐控制與系統 (All other boiler control and system is available).,N,,,,,,,锅炉控制与系统/锅炉控制 喷射器 控制阀 排污阀.md,锅炉控制 喷射器 控制阀 排污阀,1. 鍋爐控制產品部分 (Part of Boiler control products),1
LP11-4 Probe 4-Tips 1000MM (四針探頭),,"2,025",00440945,锅炉控制与系统,備註：可提供所有其他鍋爐控制與系統 (All other boiler control and system is available).,N,,,,,,,锅炉控制与系统/锅炉控制 喷射器 控制阀 排污阀.md,锅炉控制 喷射器 控制阀 排污阀,1. 鍋爐控制產品部分 (Part of Boiler control products),1
PA420 Preamplifier (前置放大器),,"11,797",00440871,锅炉控制与系统,備註：可提供所有其他鍋爐控制與系統 (All other boiler control and system is available).,Y,,,,,,,锅炉控制与系统/锅炉控制 喷射器 控制阀 排污阀.md,锅炉控制 喷射器 控制阀 排污阀,1. 鍋爐控制產品部分 (Part of Boiler control products),1
LCR2652 + BHD50 + Data Cable (控制器套件),,"35,613",00393374,锅炉控制与系统,備註：可提供所有其他鍋爐控制與系統 (All other boiler control and system is available).,N,,,,,,,锅炉控制与系统/锅炉控制 喷射器 控制阀 排污阀.md,锅炉控制 喷射器 控制阀 排污阀,1. 鍋爐控制產品部分 (Part of Boiler control products),1
LCS1350 Level Switch (液位開關),,"11,908",00393299,锅炉控制与系统,備註：可提供所有其他鍋爐控制與系統 (All other boiler control and system is available).,N,,,,,,,锅炉控制与系统/锅炉控制 喷射器 控制阀 排污阀.md,锅炉控制 喷射器 控制阀 排污阀,1. 鍋爐控制產品部分 (Part of Boiler control products),1
CP42 BSP 500MM (探頭),"3/8""","29,944",00440831,锅炉控制与系统,備註：可提供所有其他鍋爐控制與系統 (All other boiler control and system is available).,Y,,,,,,,锅炉控制与系统/锅炉控制 喷射器 控制阀 排污阀.md,锅炉控制 喷射器 控制阀 排污阀,1. 鍋爐控制產品部分 (Part of Boiler control products),1
BCV1 BSP 230V (控制閥),"1/2""","3,959",4034095,锅炉控制与系统,備註：可提供所有其他鍋爐控制與系統 (All other boiler control and system is available).,Y,,,,,,,锅炉控制与系统/锅炉控制 喷射器 控制阀 排污阀.md,锅炉控制 喷射器 控制阀 排污阀,1. 鍋爐控制產品部分 (Part of Boiler control products),1
VHT4 PN16&ANSI150 SST (閥門),DN100,"7,996",4056093,锅炉控制与系统,備註：可提供所有其他鍋爐控制與系統 (All other boiler control and system is available).,Y,,,,,,,锅炉控制与系统/锅炉控制 喷射器 控制阀 排污阀.md,锅炉控制 喷射器 控制阀 排污阀,1. 鍋爐控制產品部分 (Part of Boiler control products),1
VHT6 PN16&ANSI150 SST (閥門),DN150,"11,420",4056193,锅炉控制与系统,備註：可提供所有其他鍋爐控制與系統 (All other boiler control and system is available).,Y,,,,,,,锅炉控制与系统/锅炉控制 喷射器 控制阀 排污阀.md,锅炉控制 喷射器 控制阀 排污阀,1. 鍋爐控制產品部分 (Part of Boiler control products),1
BTS1050 Boiler Blowdown Timer (鍋爐排污定時器),,"15,874",00393416,锅炉控制与系统,備註：可提供所有其他鍋爐控制與系統 (All other boiler control and system is available).,Y,,,,,,,锅炉控制与系统/锅炉控制 喷射器 控制阀 排污阀.md,锅炉控制 喷射器 控制阀 排污阀,1. 鍋爐控制產品部分 (Part of Boiler control products),1
BCV43 PN40 24Vdc Kv0.5 (控制閥),DN25,"44,439",14036501,锅炉控制与系统,備註：可提供所有其他鍋爐控制與系統 (All other boiler control and system is available).,Y,,,,,,,锅炉控制与系统/锅炉控制 喷射器 控制阀 排污阀.md,锅炉控制 喷射器 控制阀 排污阀,1. 鍋爐控制產品部分 (Part of Boiler control products),1
BCV43 PN40 24Vdc Kv1.0 (控制閥),DN25,"44,439",14036581,锅炉控制与系统,備註：可提供所有其他鍋爐控制與系統 (All other boiler control and system is available).,Y,,,,,,,锅炉控制与系统/锅炉控制 喷射器 控制阀 排污阀.md,锅炉控制 喷射器 控制阀 排污阀,1. 鍋爐控制產品部分 (Part of Boiler control products),1
BCV43 PN40 24Vdc Kv1.6 (控制閥),DN40,"71,519",14036701,锅炉控制与系统,備註：可提供所有其他鍋爐控制與系統 (All other boiler control and system is available).,Y,,,,,,,锅炉控制与系统/锅炉控制 喷射器 控制阀 排污阀.md,锅炉控制 喷射器 控制阀 排污阀,1. 鍋爐控制產品部分 (Part of Boiler control products),1
BBV43 PN40 PN-M,DN40,"37,845",4057520,锅炉控制与系统,備註：可提供所有其他鍋爐控制與系統 (All other boiler control and system is available).,N,,,,,,,锅炉控制与系统/锅炉控制 喷射器 控制阀 排污阀.md,锅炉控制 喷射器 控制阀 排污阀,1. 鍋爐控制產品部分 (Part of Boiler control products),1
BBV43 PN40 PN-M,DN50,"38,383",4057620-0,锅炉控制与系统,備註：可提供所有其他鍋爐控制與系統 (All other boiler control and system is available).,N,,,,,,,锅炉控制与系统/锅炉控制 喷射器 控制阀 排污阀.md,锅炉控制 喷射器 控制阀 排污阀,1. 鍋爐控制產品部分 (Part of Boiler control products),1
Complete Seal Set for KBV21 (DN25 完整密封件套裝),DN25,"1,436",4059180,锅炉控制与系统,,,,,,,,,锅炉控制与系统/锅炉控制 喷射器 控制阀 排污阀.md,锅炉控制 喷射器 控制阀 排污阀,2. KBV21 備件部分 (Spare Part - KBV21),2
Complete Seal Set for KBV21 (DN32 完整密封件套裝),DN32,"2,027",4059280,锅炉控制与系统,,,,,,,,,锅炉控制与系统/锅炉控制 喷射器 控制阀 排污阀.md,锅炉控制 喷射器 控制阀 排污阀,2. KBV21 備件部分 (Spare Part - KBV21),2
Complete Seal Set for KBV21 (DN40 完整密封件套裝),DN40,"2,569",4059380,锅炉控制与系统,,,,,,,,,锅炉控制与系统/锅炉控制 喷射器 控制阀 排污阀.md,锅炉控制 喷射器 控制阀 排污阀,2. KBV21 備件部分 (Spare Part - KBV21),2
Complete Seal Set for KBV21 (DN50 完整密封件套裝),DN50,"3,277",4059480,锅炉控制与系统,,,,,,,,,锅炉控制与系统/锅炉控制 喷射器 控制阀 排污阀.md,锅炉控制 喷射器 控制阀 排污阀,2. KBV21 備件部分 (Spare Part - KBV21),2
Complete Seal Set for KBV21 (DN65 完整密封件套裝),DN65,"3,900",4059580,锅炉控制与系统,,,,,,,,,锅炉控制与系统/锅炉控制 喷射器 控制阀 排污阀.md,锅炉控制 喷射器 控制阀 排污阀,2. KBV21 備件部分 (Spare Part - KBV21),2
